# This file uses centimeters as units for non-parametric coordinates.

mtllib SeperatedFBX for unity.mtl
g default
v 3.630015 0.019213 -0.961202
v 3.606418 -0.014141 -0.982940
v 3.575145 -0.032678 -1.011580
v 3.558091 -0.035406 -1.027148
v 3.540957 -0.033577 -1.042760
v 3.509060 -0.016700 -1.071736
v 3.645378 0.062772 -0.953015
v 3.643702 0.040844 -0.960563
v 3.638655 0.020542 -0.970713
v 3.630432 0.002647 -0.983076
v 3.619348 -0.012152 -0.997175
v 3.605830 -0.023288 -1.012469
v 3.590398 -0.030333 -1.028370
v 3.573643 -0.033015 -1.044268
v 3.556210 -0.031231 -1.059551
v 3.538769 -0.025051 -1.073632
v 3.521991 -0.014712 -1.085971
v 3.506519 -0.000610 -1.096091
v 3.492949 0.016711 -1.103606
v 3.481802 0.036588 -1.108225
v 3.473506 0.058254 -1.109773
v 3.648280 0.064110 -0.956235
v 3.649393 0.043468 -0.966880
v 3.646918 0.024351 -0.979883
v 3.640949 0.007496 -0.994747
v 3.631715 -0.006451 -1.010898
v 3.619572 -0.016953 -1.027718
v 3.604985 -0.023607 -1.044558
v 3.588516 -0.026158 -1.060773
v 3.570798 -0.024506 -1.075739
v 3.552510 -0.018716 -1.088881
v 3.534357 -0.009010 -1.099694
v 3.517036 0.004238 -1.107762
v 3.501212 0.020521 -1.112776
v 3.487494 0.039211 -1.114542
v 3.476408 0.059592 -1.112993
v 3.650938 0.066268 -0.959212
v 3.654607 0.047700 -0.972718
v 3.654487 0.030495 -0.988359
v 3.650582 0.015315 -1.005534
v 3.643043 0.002744 -1.023583
v 3.632159 -0.006736 -1.041813
v 3.618347 -0.012761 -1.059522
v 3.602140 -0.015099 -1.076030
v 3.584160 -0.013660 -1.090703
v 3.565097 -0.008499 -1.102976
v 3.545685 0.000185 -1.112379
v 3.526670 0.012058 -1.118550
v 3.508781 0.026665 -1.121252
v 3.492707 0.043443 -1.120380
v 3.479065 0.061749 -1.115969
v 3.653250 0.069162 -0.961830
v 3.659142 0.053377 -0.977854
v 3.661071 0.038737 -0.995815
v 3.658962 0.025806 -1.015024
v 3.652896 0.015079 -1.034742
v 3.643107 0.006970 -1.054212
v 3.629970 0.001789 -1.072685
v 3.613991 -0.000264 -1.089451
v 3.595783 0.000890 -1.103866
v 3.576046 0.005207 -1.115376
v 3.555539 0.012520 -1.123538
v 3.535049 0.022548 -1.128040
v 3.515365 0.034907 -1.128708
v 3.497242 0.049121 -1.125516
v 3.481377 0.064644 -1.118587
v 3.655127 0.072682 -0.963990
v 3.662824 0.060281 -0.982090
v 3.666417 0.048761 -1.001966
v 3.665766 0.038564 -1.022852
v 3.660897 0.030081 -1.043947
v 3.651997 0.023639 -1.064439
v 3.639408 0.019485 -1.083542
v 3.623613 0.017779 -1.100521
v 3.605220 0.018586 -1.114723
v 3.584936 0.021876 -1.125603
v 3.563539 0.027521 -1.132743
v 3.541853 0.035306 -1.135868
v 3.520711 0.044931 -1.134858
v 3.500924 0.056025 -1.129752
v 3.483255 0.068163 -1.120747
v 3.643620 0.085485 -0.948359
v 3.656497 0.076692 -0.965608
v 3.665512 0.068148 -0.985264
v 3.670319 0.060181 -1.006573
v 3.670732 0.053099 -1.028716
v 3.666737 0.047172 -1.050843
v 3.658486 0.042630 -1.072101
v 3.646296 0.039645 -1.091676
v 3.630637 0.038334 -1.108814
v 3.612109 0.038747 -1.122857
v 3.591425 0.040867 -1.133265
v 3.569379 0.044613 -1.139639
v 3.546820 0.049841 -1.141732
v 3.524613 0.056351 -1.139466
v 3.503612 0.063892 -1.132926
v 3.484625 0.072174 -1.122365
v 3.657308 0.081038 -0.966622
v 3.667102 0.076674 -0.987253
v 3.672628 0.072559 -1.009461
v 3.673671 0.068852 -1.032392
v 3.670192 0.065697 -1.055165
v 3.662325 0.063213 -1.076904
v 3.650372 0.061497 -1.096775
v 3.634792 0.060614 -1.114013
v 3.616185 0.060598 -1.127956
v 3.595264 0.061450 -1.138068
v 3.572834 0.063137 -1.143961
v 3.549758 0.065595 -1.145408
v 3.526922 0.068729 -1.142354
v 3.505203 0.072417 -1.134915
v 3.485436 0.076520 -1.123379
v 3.657528 0.085554 -0.966993
v 3.667534 0.085531 -0.987982
v 3.673254 0.085418 -1.010519
v 3.674468 0.085220 -1.033738
v 3.671130 0.084942 -1.056748
v 3.663367 0.084598 -1.078663
v 3.651478 0.084198 -1.098642
v 3.635920 0.083760 -1.115916
v 3.617290 0.083300 -1.129822
v 3.596306 0.082835 -1.139827
v 3.573772 0.082383 -1.145544
v 3.550555 0.081962 -1.146754
v 3.527548 0.081588 -1.143411
v 3.505634 0.081275 -1.135644
v 3.485656 0.081036 -1.123750
v 3.657148 0.090065 -0.966707
v 3.666790 0.094381 -0.987421
v 3.672174 0.098266 -1.009705
v 3.673094 0.101571 -1.032703
v 3.669514 0.104169 -1.055530
v 3.661571 0.105962 -1.077310
v 3.649572 0.106878 -1.097205
v 3.633976 0.106884 -1.114452
v 3.615384 0.105980 -1.128386
v 3.594510 0.104199 -1.138474
v 3.572156 0.101610 -1.144326
v 3.549181 0.098313 -1.145718
v 3.526468 0.094435 -1.142598
v 3.504890 0.090125 -1.135083
v 3.485276 0.085547 -1.123465
v 3.656185 0.094399 -0.965775
v 3.664900 0.102881 -0.985593
v 3.669430 0.110607 -1.007052
v 3.669601 0.117278 -1.029325
v 3.665406 0.122639 -1.051559
v 3.657007 0.126484 -1.072897
v 3.644727 0.128665 -1.092521
v 3.629036 0.129098 -1.109675
v 3.610539 0.127766 -1.123702
v 3.589946 0.124721 -1.134061
v 3.568048 0.120080 -1.140355
v 3.545688 0.114021 -1.142341
v 3.523724 0.106776 -1.139944
v 3.503000 0.098625 -1.133256
v 3.484313 0.089881 -1.122533
v 3.654673 0.098388 -0.964233
v 3.661935 0.110707 -0.982569
v 3.665126 0.121967 -1.002660
v 3.664123 0.131738 -1.023736
v 3.658965 0.139642 -1.044986
v 3.649850 0.145376 -1.065594
v 3.637128 0.148721 -1.084768
v 3.621289 0.149547 -1.101771
v 3.602941 0.147822 -1.115949
v 3.582789 0.143613 -1.126758
v 3.561607 0.137083 -1.133782
v 3.540210 0.128480 -1.136752
v 3.519420 0.118137 -1.135553
v 3.500035 0.106451 -1.130231
v 3.482801 0.093870 -1.120991
v 3.652673 0.101880 -0.962140
v 3.658010 0.117556 -0.978463
v 3.659428 0.131911 -0.996699
v 3.656871 0.144394 -1.016150
v 3.650437 0.154524 -1.036065
v 3.640375 0.161913 -1.055682
v 3.627069 0.166275 -1.074245
v 3.611033 0.167445 -1.091042
v 3.592882 0.165377 -1.105426
v 3.573313 0.160150 -1.116846
v 3.553080 0.151965 -1.124861
v 3.532958 0.141136 -1.129165
v 3.513722 0.128081 -1.129592
v 3.496110 0.113300 -1.126125
v 3.480800 0.097362 -1.118898
v 3.650259 0.104740 -0.959577
v 3.653276 0.123167 -0.973434
v 3.652555 0.140056 -0.989399
v 3.648123 0.154760 -1.006857
v 3.640151 0.166714 -1.025139
v 3.628945 0.175457 -1.043541
v 3.614936 0.180654 -1.061357
v 3.598662 0.182106 -1.077901
v 3.580749 0.179755 -1.092537
v 3.561884 0.173694 -1.104705
v 3.542794 0.164154 -1.113935
v 3.524210 0.151503 -1.119873
v 3.506849 0.136226 -1.122291
v 3.491376 0.118910 -1.121096
v 3.478387 0.100222 -1.116334
v 3.647526 0.106859 -0.956641
v 3.647914 0.127322 -0.967675
v 3.644771 0.146089 -0.981038
v 3.638216 0.162439 -0.996217
v 3.628502 0.175742 -1.012627
v 3.616001 0.185489 -1.029638
v 3.601195 0.191304 -1.046597
v 3.584652 0.192964 -1.062852
v 3.567008 0.190406 -1.077778
v 3.548940 0.183726 -1.090802
v 3.531144 0.173183 -1.101423
v 3.514303 0.159181 -1.109232
v 3.499065 0.142259 -1.113931
v 3.486015 0.123066 -1.115337
v 3.475654 0.102340 -1.113398
v 3.644578 0.108154 -0.953446
v 3.642132 0.129863 -0.961408
v 3.636376 0.149778 -0.971940
v 3.627531 0.167134 -0.984636
v 3.615937 0.181263 -0.999010
v 3.602040 0.191624 -1.014508
v 3.586374 0.197817 -1.030535
v 3.569541 0.199604 -1.046475
v 3.552186 0.196918 -1.061716
v 3.534979 0.189861 -1.075671
v 3.518580 0.178704 -1.087806
v 3.503618 0.163876 -1.097652
v 3.490670 0.145948 -1.104832
v 3.480232 0.125607 -1.109070
v 3.472706 0.103636 -1.110203
v 3.641528 0.108577 -0.950114
v 3.636150 0.130692 -0.954873
v 3.627691 0.150981 -0.962452
v 3.616477 0.168665 -0.972561
v 3.602940 0.183064 -0.984811
v 3.587598 0.193625 -0.998731
v 3.571043 0.199941 -1.013786
v 3.553909 0.201770 -1.029399
v 3.536855 0.199042 -1.044967
v 3.520537 0.191862 -1.059895
v 3.505582 0.180505 -1.073607
v 3.492565 0.165408 -1.085577
v 3.481985 0.147151 -1.095345
v 3.474250 0.126436 -1.102535
v 3.469656 0.104058 -1.106872
v 3.638494 0.108110 -0.946774
v 3.630198 0.129777 -0.948321
v 3.619051 0.149653 -0.952941
v 3.605481 0.166974 -0.960456
v 3.590009 0.181076 -0.970576
v 3.573231 0.191415 -0.982914
v 3.555790 0.197595 -0.996996
v 3.538357 0.199379 -1.012279
v 3.521602 0.196697 -1.028177
v 3.506170 0.189652 -1.044078
v 3.492652 0.178516 -1.059372
v 3.481568 0.163717 -1.073471
v 3.473345 0.145822 -1.085833
v 3.468298 0.125521 -1.095984
v 3.466622 0.103592 -1.103532
v 3.635592 0.106772 -0.943554
v 3.624506 0.127153 -0.942005
v 3.610788 0.145843 -0.943771
v 3.594964 0.162126 -0.948785
v 3.577643 0.175375 -0.956853
v 3.559489 0.185080 -0.967666
v 3.541202 0.190870 -0.980807
v 3.523484 0.192522 -0.995773
v 3.507015 0.189972 -1.011989
v 3.492428 0.183318 -1.028829
v 3.480285 0.172815 -1.045649
v 3.471051 0.158868 -1.061800
v 3.465082 0.142013 -1.076664
v 3.462607 0.122897 -1.089667
v 3.463720 0.102254 -1.100312
v 3.632935 0.104615 -0.940578
v 3.619293 0.122921 -0.936167
v 3.603219 0.139699 -0.935295
v 3.585330 0.154306 -0.937997
v 3.566315 0.166180 -0.944168
v 3.546903 0.174864 -0.953571
v 3.527840 0.180024 -0.965844
v 3.509860 0.181463 -0.980517
v 3.493653 0.179126 -0.997025
v 3.479841 0.173101 -1.014734
v 3.468957 0.163620 -1.032964
v 3.461418 0.151049 -1.051013
v 3.457513 0.135869 -1.068188
v 3.457393 0.118665 -1.083829
v 3.461062 0.100097 -1.097335
v 3.630623 0.101721 -0.937960
v 3.614758 0.117243 -0.931031
v 3.596635 0.131457 -0.927839
v 3.576951 0.143816 -0.928507
v 3.556461 0.153844 -0.933009
v 3.535954 0.161157 -0.941171
v 3.516217 0.165474 -0.952681
v 3.498009 0.166628 -0.967096
v 3.482030 0.164575 -0.983862
v 3.468893 0.159394 -1.002335
v 3.459104 0.151285 -1.021804
v 3.453038 0.140558 -1.041523
v 3.450929 0.127627 -1.060732
v 3.452858 0.112987 -1.078693
v 3.458750 0.097202 -1.094717
v 3.468380 0.080879 -1.108188
v 3.628745 0.098201 -0.935800
v 3.611076 0.110339 -0.926795
v 3.591289 0.121433 -0.921689
v 3.570147 0.131058 -0.920679
v 3.548461 0.138843 -0.923804
v 3.527064 0.144488 -0.930944
v 3.506780 0.147778 -0.941824
v 3.488387 0.148585 -0.956026
v 3.472593 0.146879 -0.973005
v 3.460003 0.142726 -0.992108
v 3.451103 0.136283 -1.012600
v 3.446234 0.127801 -1.033695
v 3.445583 0.117603 -1.054581
v 3.449176 0.106083 -1.074457
v 3.456873 0.093683 -1.092557
v 3.627375 0.094191 -0.934182
v 3.608388 0.102473 -0.923621
v 3.587387 0.110013 -0.917081
v 3.565180 0.116523 -0.914815
v 3.542621 0.121751 -0.916908
v 3.520575 0.125497 -0.923282
v 3.499891 0.127617 -0.933690
v 3.481363 0.128030 -0.947733
v 3.465704 0.126719 -0.964871
v 3.453514 0.123735 -0.984445
v 3.445263 0.119192 -1.005704
v 3.441267 0.113265 -1.027830
v 3.441681 0.106183 -1.049974
v 3.446488 0.098217 -1.071283
v 3.455503 0.089672 -1.090939
v 3.626564 0.089844 -0.933168
v 3.606797 0.093947 -0.921631
v 3.585078 0.097636 -0.914193
v 3.562242 0.100769 -0.911139
v 3.539165 0.103227 -0.912586
v 3.516736 0.104914 -0.918479
v 3.495815 0.105766 -0.928591
v 3.477208 0.105751 -0.942534
v 3.461628 0.104868 -0.959772
v 3.449675 0.103151 -0.979643
v 3.441808 0.100667 -1.001382
v 3.438329 0.097512 -1.024155
v 3.439372 0.093805 -1.047086
v 3.444898 0.089691 -1.069294
v 3.454692 0.085326 -1.089925
v 3.626344 0.085328 -0.932797
v 3.606366 0.085089 -0.920903
v 3.584452 0.084776 -0.913136
v 3.561445 0.084402 -0.909793
v 3.538228 0.083981 -0.911003
v 3.515694 0.083530 -0.916720
v 3.494709 0.083065 -0.926724
v 3.476080 0.082604 -0.940631
v 3.460522 0.082166 -0.957905
v 3.448633 0.081767 -0.977884
v 3.440870 0.081422 -0.999799
v 3.437532 0.081145 -1.022809
v 3.438746 0.080946 -1.046028
v 3.444466 0.080833 -1.068565
v 3.454472 0.080810 -1.089554
v 3.626724 0.080817 -0.933082
v 3.607110 0.076240 -0.921463
v 3.585532 0.071929 -0.913949
v 3.562819 0.068051 -0.910829
v 3.539844 0.064754 -0.912221
v 3.517490 0.062166 -0.918073
v 3.496616 0.060385 -0.928161
v 3.478024 0.059480 -0.942095
v 3.462428 0.059486 -0.959342
v 3.450429 0.060403 -0.979237
v 3.442486 0.062195 -1.001017
v 3.438906 0.064793 -1.023844
v 3.439826 0.068099 -1.046842
v 3.445210 0.071984 -1.069126
v 3.454852 0.076299 -1.089840
v 3.627687 0.076484 -0.934014
v 3.609000 0.067739 -0.923291
v 3.588276 0.059588 -0.916603
v 3.566312 0.052344 -0.914206
v 3.543952 0.046284 -0.916192
v 3.522054 0.041643 -0.922486
v 3.501461 0.038598 -0.932845
v 3.482964 0.037266 -0.946872
v 3.467273 0.037699 -0.964026
v 3.454993 0.039880 -0.983650
v 3.446594 0.043725 -1.004988
v 3.442399 0.049086 -1.027222
v 3.442570 0.055758 -1.049495
v 3.447100 0.063483 -1.070953
v 3.455815 0.071965 -1.090771
v 3.629199 0.072494 -0.935556
v 3.611965 0.059914 -0.926316
v 3.592580 0.048227 -0.920994
v 3.571790 0.037884 -0.919795
v 3.550393 0.029282 -0.922765
v 3.529211 0.022751 -0.929789
v 3.509059 0.018542 -0.940598
v 3.490711 0.016818 -0.954776
v 3.474872 0.017643 -0.971779
v 3.462150 0.020988 -0.990953
v 3.453035 0.026722 -1.011561
v 3.447877 0.034627 -1.032811
v 3.446874 0.044397 -1.053887
v 3.450065 0.055657 -1.073978
v 3.457327 0.067976 -1.092314
v 3.631200 0.069002 -0.937649
v 3.615890 0.053064 -0.930422
v 3.598278 0.038283 -0.926955
v 3.579042 0.025228 -0.927382
v 3.558920 0.014400 -0.931686
v 3.538687 0.006215 -0.939701
v 3.519118 0.000987 -0.951121
v 3.500967 -0.001081 -0.965505
v 3.484931 0.000089 -0.982302
v 3.471626 0.004452 -1.000865
v 3.461563 0.011840 -1.020482
v 3.455129 0.021970 -1.040398
v 3.452572 0.034453 -1.059848
v 3.453990 0.048808 -1.078084
v 3.459328 0.064484 -1.094407
v 3.633613 0.066142 -0.940213
v 3.620624 0.047454 -0.935451
v 3.605151 0.030138 -0.934256
v 3.587790 0.014861 -0.936674
v 3.569206 0.002210 -0.942612
v 3.550116 -0.007330 -0.951842
v 3.531251 -0.013391 -0.964010
v 3.513338 -0.015741 -0.978646
v 3.497064 -0.014290 -0.995190
v 3.483055 -0.009093 -1.013006
v 3.471849 -0.000349 -1.031408
v 3.463877 0.011604 -1.049690
v 3.459445 0.026308 -1.067148
v 3.458724 0.043198 -1.083113
v 3.461741 0.061624 -1.096970
v 3.636346 0.064024 -0.943149
v 3.625985 0.043298 -0.941210
v 3.612935 0.024106 -0.942616
v 3.597697 0.007183 -0.947315
v 3.580856 -0.006819 -0.955124
v 3.563060 -0.017362 -0.965745
v 3.544992 -0.024041 -0.978769
v 3.527348 -0.026600 -0.993695
v 3.510805 -0.024940 -1.009950
v 3.495999 -0.019125 -1.026909
v 3.483498 -0.009378 -1.043920
v 3.473784 0.003926 -1.060330
v 3.467229 0.020275 -1.075509
v 3.464086 0.039042 -1.088872
v 3.464474 0.059506 -1.099906
v 3.639294 0.062728 -0.946344
v 3.631768 0.040757 -0.947477
v 3.621330 0.020417 -0.951715
v 3.608382 0.002488 -0.958895
v 3.593421 -0.012340 -0.968741
v 3.577021 -0.023496 -0.980875
v 3.559813 -0.030554 -0.994831
v 3.542460 -0.033240 -1.010072
v 3.525626 -0.031452 -1.026012
v 3.509960 -0.025259 -1.042039
v 3.496063 -0.014899 -1.057537
v 3.484469 -0.000770 -1.071911
v 3.475624 0.016586 -1.084607
v 3.469868 0.036501 -1.095139
v 3.467422 0.058210 -1.103101
v 3.642344 0.062306 -0.949675
v 3.637750 0.039928 -0.954012
v 3.619435 0.000956 -0.970970
v 3.591463 -0.025497 -0.996652
v 3.524402 -0.027260 -1.057816
v 3.495522 -0.002301 -1.083986
v 3.484309 0.015383 -1.094095
v 3.475850 0.035672 -1.101674
v 3.470472 0.057788 -1.106433
v -3.498830 0.017517 -1.108788
v -3.516855 -0.015274 -1.081553
v -3.540847 -0.033076 -1.046208
v -3.553960 -0.035406 -1.027148
v -3.567154 -0.033179 -1.008132
v -3.591771 -0.015567 -0.973123
v -3.493238 0.060660 -1.126334
v -3.500260 0.038739 -1.123041
v -3.509427 0.018527 -1.116106
v -3.520385 0.000799 -1.105796
v -3.532714 -0.013762 -1.092507
v -3.545940 -0.024598 -1.076749
v -3.559554 -0.031293 -1.059128
v -3.573034 -0.033588 -1.040322
v -3.585861 -0.031395 -1.021052
v -3.597543 -0.024800 -1.002060
v -3.607630 -0.014055 -0.984076
v -3.615735 0.000427 -0.967790
v -3.621547 0.018089 -0.953828
v -3.624841 0.038253 -0.942727
v -3.625492 0.060143 -0.934914
v -3.496831 0.061890 -1.128814
v -3.507310 0.041152 -1.127905
v -3.519661 0.022030 -1.123168
v -3.533411 0.005258 -1.114784
v -3.548031 -0.008519 -1.103075
v -3.562959 -0.018773 -1.088492
v -3.577621 -0.025108 -1.071594
v -3.591455 -0.027282 -1.053032
v -3.603929 -0.025211 -1.033519
v -3.614562 -0.018974 -1.013803
v -3.622947 -0.008812 -0.994644
v -3.628761 0.004886 -0.976777
v -3.631781 0.021593 -0.960890
v -3.631891 0.040666 -0.947591
v -3.629086 0.061373 -0.937393
v -3.500160 0.063948 -1.131108
v -3.513839 0.045190 -1.132405
v -3.529139 0.027892 -1.129701
v -3.545475 0.012719 -1.123098
v -3.562216 0.000253 -1.112852
v -3.578721 -0.009025 -1.099356
v -3.594354 -0.014760 -1.083127
v -3.608516 -0.016731 -1.064791
v -3.620661 -0.014863 -1.045051
v -3.630324 -0.009227 -1.024667
v -3.637132 -0.000039 -1.004421
v -3.640825 0.012346 -0.985092
v -3.641259 0.027454 -0.967422
v -3.638419 0.044704 -0.952091
v -3.632414 0.063432 -0.939688
v -3.503095 0.066756 -1.133128
v -3.519596 0.050697 -1.136368
v -3.537498 0.035887 -1.135454
v -3.556113 0.022894 -1.130421
v -3.574725 0.012218 -1.121463
v -3.592620 0.004270 -1.108923
v -3.609110 -0.000647 -1.093284
v -3.623560 -0.002341 -1.075147
v -3.635417 -0.000749 -1.055208
v -3.644223 0.004068 -1.034234
v -3.649641 0.011926 -1.013032
v -3.651463 0.022522 -0.992415
v -3.649617 0.035449 -0.973176
v -3.644177 0.050211 -0.956054
v -3.635349 0.066239 -0.941708
v -3.505524 0.070204 -1.134797
v -3.524360 0.057462 -1.139642
v -3.544415 0.045708 -1.140206
v -3.564916 0.035394 -1.136470
v -3.585077 0.026916 -1.128575
v -3.604123 0.020601 -1.116826
v -3.621321 0.016691 -1.101674
v -3.636011 0.015336 -1.083701
v -3.647628 0.016588 -1.063598
v -3.655726 0.020399 -1.042138
v -3.659993 0.026624 -1.020144
v -3.660266 0.035021 -0.998463
v -3.656534 0.045270 -0.977928
v -3.648941 0.056975 -0.959328
v -3.637778 0.069688 -0.943377
v -3.488629 0.083445 -1.125859
v -3.507353 0.074161 -1.136050
v -3.527949 0.065224 -1.142100
v -3.549624 0.056977 -1.143776
v -3.571547 0.049737 -1.141012
v -3.592874 0.043782 -1.133917
v -3.612786 0.039341 -1.122761
v -3.630518 0.036585 -1.107975
v -3.645388 0.035620 -1.090125
v -3.656825 0.036482 -1.069899
v -3.664389 0.039140 -1.048073
v -3.667790 0.043489 -1.025486
v -3.666897 0.049364 -1.003006
v -3.661744 0.056539 -0.981497
v -3.652530 0.064738 -0.961786
v -3.639608 0.073645 -0.944630
v -3.508513 0.078475 -1.136840
v -3.530224 0.073686 -1.143649
v -3.552927 0.069262 -1.146024
v -3.575750 0.065372 -1.143874
v -3.597816 0.062167 -1.137282
v -3.618278 0.059770 -1.126500
v -3.636348 0.058272 -1.111944
v -3.651332 0.057732 -1.094172
v -3.662655 0.058170 -1.073868
v -3.669881 0.059568 -1.051812
v -3.672733 0.061875 -1.028851
v -3.671100 0.065000 -1.005868
v -3.665047 0.068824 -0.983746
v -3.654804 0.073200 -0.963335
v -3.640767 0.077959 -0.945420
v -3.508958 0.082980 -1.137135
v -3.531097 0.082522 -1.144229
v -3.554195 0.082090 -1.146866
v -3.577364 0.081699 -1.144945
v -3.599715 0.081366 -1.138541
v -3.620387 0.081102 -1.127900
v -3.638587 0.080919 -1.113430
v -3.653615 0.080822 -1.095687
v -3.664894 0.080816 -1.075354
v -3.671990 0.080901 -1.053211
v -3.674631 0.081073 -1.030111
v -3.672714 0.081327 -1.006939
v -3.666315 0.081652 -0.984587
v -3.655678 0.082036 -0.963915
v -3.641212 0.082463 -0.945715
v -3.508672 0.087502 -1.136925
v -3.530536 0.091393 -1.143817
v -3.553380 0.094968 -1.146268
v -3.576327 0.098091 -1.144185
v -3.598495 0.100640 -1.137647
v -3.619032 0.102519 -1.126906
v -3.637148 0.103654 -1.112375
v -3.652148 0.104003 -1.094611
v -3.663455 0.103551 -1.074299
v -3.670635 0.102317 -1.052217
v -3.673411 0.100348 -1.029216
v -3.671677 0.097718 -1.006178
v -3.665500 0.094531 -0.983990
v -3.655117 0.090907 -0.963503
v -3.640926 0.086986 -0.945505
v -3.507665 0.091868 -1.136218
v -3.528561 0.099958 -1.142430
v -3.550514 0.107402 -1.144254
v -3.572679 0.113916 -1.141621
v -3.594205 0.119249 -1.134633
v -3.614265 0.123196 -1.123557
v -3.632088 0.125605 -1.108819
v -3.646989 0.126383 -1.090986
v -3.658395 0.125502 -1.070743
v -3.665868 0.122994 -1.048868
v -3.669121 0.118956 -1.026202
v -3.668029 0.113544 -1.003615
v -3.662633 0.106965 -0.981976
v -3.653142 0.099471 -0.962116
v -3.639920 0.091352 -0.944798
v -3.505977 0.095911 -1.135041
v -3.525249 0.107887 -1.140120
v -3.545706 0.118914 -1.140901
v -3.566559 0.128568 -1.137354
v -3.587009 0.136477 -1.129615
v -3.606270 0.142339 -1.117981
v -3.623600 0.145927 -1.102900
v -3.638335 0.147104 -1.084951
v -3.649907 0.145824 -1.064824
v -3.657873 0.142137 -1.043293
v -3.661925 0.136185 -1.021184
v -3.661909 0.128195 -0.999347
v -3.657825 0.118476 -0.978623
v -3.649830 0.107401 -0.959806
v -3.638232 0.095394 -0.943621
v -3.503672 0.099474 -1.133439
v -3.520728 0.114876 -1.136977
v -3.539141 0.129061 -1.136338
v -3.558204 0.141482 -1.131546
v -3.577184 0.151663 -1.122786
v -3.595353 0.159212 -1.110393
v -3.612011 0.163840 -1.094844
v -3.626518 0.165368 -1.076738
v -3.638318 0.163737 -1.056769
v -3.646956 0.159011 -1.035704
v -3.652100 0.151371 -1.014355
v -3.653554 0.141110 -0.993540
v -3.651261 0.128623 -0.974060
v -3.645308 0.114390 -0.956663
v -3.635926 0.098958 -0.942018
v -3.500838 0.102421 -1.131473
v -3.515169 0.120657 -1.133121
v -3.531071 0.137453 -1.130740
v -3.547934 0.152163 -1.124421
v -3.565108 0.164223 -1.114408
v -3.581934 0.173168 -1.101084
v -3.597765 0.178655 -1.084962
v -3.611994 0.180473 -1.066662
v -3.624072 0.178552 -1.046886
v -3.633537 0.172967 -1.026396
v -3.640024 0.163930 -1.005977
v -3.643284 0.151791 -0.986415
v -3.643191 0.137015 -0.968462
v -3.639750 0.120171 -0.952807
v -3.633093 0.101904 -0.940053
v -3.497585 0.104638 -1.129219
v -3.508788 0.125007 -1.128701
v -3.521808 0.143768 -1.124323
v -3.536143 0.160201 -1.116254
v -3.551244 0.173674 -1.104804
v -3.566529 0.183670 -1.090412
v -3.581412 0.189803 -1.073633
v -3.595320 0.191840 -1.055111
v -3.607719 0.189701 -1.035557
v -3.618132 0.183468 -1.015724
v -3.626160 0.173382 -0.996373
v -3.631494 0.159829 -0.978247
v -3.633928 0.143330 -0.962044
v -3.633369 0.124520 -0.948387
v -3.629840 0.104122 -0.937799
v -3.494038 0.106041 -1.126765
v -3.501830 0.127759 -1.123886
v -3.511706 0.147763 -1.117332
v -3.523286 0.165286 -1.107357
v -3.536125 0.179653 -1.094342
v -3.549730 0.190313 -1.078788
v -3.563578 0.196856 -1.061293
v -3.577137 0.199031 -1.042529
v -3.589885 0.196754 -1.023217
v -3.601333 0.190112 -1.004099
v -3.611041 0.179361 -0.985911
v -3.618636 0.164914 -0.969350
v -3.623826 0.147325 -0.955054
v -3.626411 0.127272 -0.943572
v -3.626292 0.105525 -0.935344
v -3.490333 0.106576 -1.124203
v -3.494562 0.128807 -1.118861
v -3.501154 0.149285 -1.110038
v -3.509856 0.167223 -1.098072
v -3.520333 0.181931 -1.083424
v -3.532182 0.192844 -1.066657
v -3.544949 0.199543 -1.048415
v -3.558143 0.201770 -1.029399
v -3.571256 0.199440 -1.010339
v -3.583786 0.192642 -0.991969
v -3.595249 0.181638 -0.974993
v -3.605206 0.166850 -0.960066
v -3.613274 0.148847 -0.947759
v -3.619143 0.128321 -0.938547
v -3.622587 0.106059 -0.932783
v -3.486611 0.106221 -1.121633
v -3.487262 0.128111 -1.113820
v -3.490557 0.148275 -1.102719
v -3.496368 0.165937 -1.088757
v -3.504473 0.180419 -1.072471
v -3.514560 0.191164 -1.054487
v -3.526242 0.197760 -1.035495
v -3.539069 0.199952 -1.016225
v -3.552549 0.197657 -0.997419
v -3.566164 0.190963 -0.979798
v -3.579389 0.180126 -0.964040
v -3.591718 0.165565 -0.950751
v -3.602677 0.147837 -0.940441
v -3.611843 0.127625 -0.933506
v -3.618866 0.105705 -0.930213
v -3.483018 0.104991 -1.119153
v -3.480213 0.125698 -1.108956
v -3.480323 0.144772 -1.095657
v -3.483342 0.161478 -1.079770
v -3.489157 0.175176 -1.061903
v -3.497541 0.185338 -1.042744
v -3.508175 0.191575 -1.023028
v -3.520648 0.193646 -1.003515
v -3.534482 0.191472 -0.984953
v -3.549145 0.185137 -0.968055
v -3.564073 0.174884 -0.953472
v -3.578693 0.161106 -0.941763
v -3.592443 0.144334 -0.933379
v -3.604794 0.125212 -0.928642
v -3.615272 0.104474 -0.927733
v -3.479689 0.102932 -1.116859
v -3.473684 0.121661 -1.104456
v -3.470844 0.138910 -1.089124
v -3.471279 0.154018 -1.071455
v -3.474971 0.166403 -1.052126
v -3.481780 0.175591 -1.031880
v -3.491442 0.181227 -1.011495
v -3.503587 0.183096 -0.991756
v -3.517749 0.181125 -0.973420
v -3.533383 0.175389 -0.957191
v -3.549887 0.166111 -0.943695
v -3.566629 0.153646 -0.933448
v -3.582964 0.138472 -0.926846
v -3.598265 0.121174 -0.924142
v -3.611944 0.102416 -0.925439
v -3.476754 0.100125 -1.114839
v -3.467927 0.116154 -1.100493
v -3.462486 0.130915 -1.083371
v -3.460641 0.143842 -1.064132
v -3.462462 0.154438 -1.043515
v -3.467880 0.162296 -1.022313
v -3.476687 0.167113 -1.001339
v -3.488543 0.168705 -0.981400
v -3.502994 0.167011 -0.963263
v -3.519483 0.162095 -0.947624
v -3.537378 0.154146 -0.935084
v -3.555991 0.143470 -0.926126
v -3.574606 0.130477 -0.921093
v -3.592508 0.115667 -0.920179
v -3.609009 0.099609 -0.923419
v -3.623474 0.082919 -0.930688
v -3.474325 0.096676 -1.113170
v -3.463162 0.109389 -1.097219
v -3.455569 0.121094 -1.078619
v -3.451837 0.131343 -1.058084
v -3.452110 0.139741 -1.036403
v -3.456378 0.145965 -1.014409
v -3.464476 0.149776 -0.992949
v -3.476093 0.151028 -0.972846
v -3.490783 0.149673 -0.954873
v -3.507981 0.145763 -0.939721
v -3.527026 0.139448 -0.927972
v -3.547187 0.130971 -0.920077
v -3.567689 0.120657 -0.916340
v -3.587743 0.108903 -0.916905
v -3.606580 0.096160 -0.921750
v -3.472496 0.092719 -1.111917
v -3.459574 0.101627 -1.094761
v -3.450359 0.109825 -1.075050
v -3.445206 0.117000 -1.053541
v -3.444313 0.122875 -1.031061
v -3.447714 0.127225 -1.008474
v -3.455278 0.129882 -0.986648
v -3.466716 0.130744 -0.966422
v -3.481586 0.129779 -0.948572
v -3.499317 0.127023 -0.933786
v -3.519229 0.122582 -0.922630
v -3.540556 0.116628 -0.915534
v -3.562479 0.109387 -0.912771
v -3.584155 0.101140 -0.914447
v -3.604750 0.092203 -0.920497
v -3.471336 0.088405 -1.111127
v -3.457299 0.093165 -1.093212
v -3.447057 0.097540 -1.072801
v -3.441003 0.101364 -1.050679
v -3.439371 0.104489 -1.027696
v -3.442223 0.106796 -1.004735
v -3.449449 0.108195 -0.982679
v -3.460771 0.108632 -0.962375
v -3.475755 0.108092 -0.944603
v -3.493826 0.106594 -0.930046
v -3.514287 0.104197 -0.919265
v -3.536353 0.100992 -0.912673
v -3.559177 0.097103 -0.910523
v -3.581880 0.092678 -0.912898
v -3.603591 0.087889 -0.919707
v -3.470891 0.083901 -1.110832
v -3.456425 0.084328 -1.092632
v -3.445789 0.084712 -1.071959
v -3.439389 0.085037 -1.049608
v -3.437473 0.085291 -1.026436
v -3.440114 0.085463 -1.003335
v -3.447210 0.085548 -0.981193
v -3.458489 0.085542 -0.960860
v -3.473517 0.085446 -0.943117
v -3.491717 0.085262 -0.928647
v -3.512389 0.084998 -0.918005
v -3.534739 0.084665 -0.911602
v -3.557909 0.084274 -0.909681
v -3.581006 0.083842 -0.912318
v -3.603145 0.083384 -0.919412
v -3.471177 0.079378 -1.111042
v -3.456987 0.075458 -1.093044
v -3.446604 0.071834 -1.072557
v -3.440426 0.068646 -1.050369
v -3.438692 0.066017 -1.027331
v -3.441469 0.064047 -1.004329
v -3.448648 0.062813 -0.982248
v -3.459955 0.062361 -0.961936
v -3.474955 0.062710 -0.944172
v -3.493072 0.063846 -0.929641
v -3.513608 0.065724 -0.918900
v -3.535776 0.068274 -0.912362
v -3.558723 0.071396 -0.910279
v -3.581568 0.074971 -0.912730
v -3.603431 0.078862 -0.919621
v -3.472184 0.075012 -1.111749
v -3.458961 0.066893 -1.094431
v -3.449470 0.059400 -1.074571
v -3.444075 0.052820 -1.052932
v -3.442982 0.047408 -1.030345
v -3.446235 0.043370 -1.007679
v -3.453709 0.040862 -0.985804
v -3.465115 0.039981 -0.965561
v -3.480016 0.040760 -0.947728
v -3.497838 0.043169 -0.932990
v -3.517899 0.047115 -0.921914
v -3.539425 0.052448 -0.914926
v -3.561590 0.058962 -0.912293
v -3.583542 0.066407 -0.914117
v -3.604438 0.074496 -0.920329
v -3.473872 0.070970 -1.112926
v -3.462273 0.058964 -1.096741
v -3.454278 0.047888 -1.077924
v -3.450194 0.038169 -1.057199
v -3.450178 0.030179 -1.035363
v -3.454231 0.024227 -1.013254
v -3.462197 0.020540 -0.991723
v -3.473769 0.019261 -0.971596
v -3.488504 0.020437 -0.953647
v -3.505834 0.024026 -0.938566
v -3.525094 0.029887 -0.926932
v -3.545544 0.037797 -0.919193
v -3.566398 0.047450 -0.915646
v -3.586854 0.058477 -0.916427
v -3.606126 0.070453 -0.921506
v -3.476177 0.067407 -1.114529
v -3.466795 0.051974 -1.099884
v -3.460843 0.037741 -1.082487
v -3.458549 0.025254 -1.063007
v -3.460003 0.014994 -1.042192
v -3.465148 0.007353 -1.020843
v -3.473786 0.002627 -0.999778
v -3.485585 0.000997 -0.979809
v -3.500093 0.002524 -0.961702
v -3.516751 0.007152 -0.946154
v -3.534919 0.014701 -0.933761
v -3.553900 0.024882 -0.925001
v -3.572963 0.037303 -0.920209
v -3.591376 0.051488 -0.919570
v -3.608432 0.066890 -0.923108
v -3.479011 0.064460 -1.116494
v -3.472353 0.046194 -1.103740
v -3.468912 0.029349 -1.088085
v -3.468820 0.014573 -1.070132
v -3.472080 0.002434 -1.050570
v -3.478566 -0.006602 -1.030151
v -3.488031 -0.012188 -1.009660
v -3.500110 -0.014109 -0.989885
v -3.514338 -0.012291 -0.971585
v -3.530169 -0.006804 -0.955463
v -3.546996 0.002141 -0.942139
v -3.564170 0.014201 -0.932125
v -3.581032 0.028911 -0.925807
v -3.596934 0.045707 -0.923426
v -3.611265 0.063943 -0.925074
v -3.482264 0.062242 -1.118748
v -3.478734 0.041844 -1.108160
v -3.478176 0.023034 -1.094502
v -3.480610 0.006536 -1.078300
v -3.485944 -0.007017 -1.060174
v -3.493971 -0.017104 -1.040823
v -3.504385 -0.023337 -1.020990
v -3.516784 -0.025476 -1.001436
v -3.530692 -0.023439 -0.982914
v -3.545574 -0.017305 -0.966135
v -3.560860 -0.007310 -0.951743
v -3.575960 0.006163 -0.940293
v -3.590296 0.022596 -0.932224
v -3.603315 0.041357 -0.927846
v -3.614518 0.061726 -0.927328
v -3.485811 0.060839 -1.121203
v -3.485693 0.039092 -1.112975
v -3.488278 0.019039 -1.101493
v -3.493468 0.001451 -1.087197
v -3.501062 -0.012997 -1.070636
v -3.510770 -0.023748 -1.052448
v -3.522218 -0.030389 -1.033330
v -3.534967 -0.032667 -1.014018
v -3.548526 -0.030492 -0.995254
v -3.562373 -0.023949 -0.977759
v -3.575979 -0.013289 -0.962205
v -3.588818 0.001078 -0.949190
v -3.600398 0.018601 -0.939215
v -3.610273 0.038605 -0.932661
v -3.618066 0.060323 -0.929782
v -3.489516 0.060305 -1.123764
v -3.492961 0.038044 -1.118000
v -3.506898 -0.000486 -1.096481
v -3.528318 -0.026278 -1.064578
v -3.579921 -0.026480 -0.989890
v -3.602248 -0.000858 -0.958475
v -3.610950 0.017079 -0.946509
v -3.617542 0.037557 -0.937686
v -3.621771 0.059789 -0.932344
vt 0.015625 0.000000
vt 0.046875 0.000000
vt 0.078125 0.000000
vt 0.109375 0.000000
vt 0.140625 0.000000
vt 0.171875 0.000000
vt 0.203125 0.000000
vt 0.234375 0.000000
vt 0.265625 0.000000
vt 0.296875 0.000000
vt 0.328125 0.000000
vt 0.359375 0.000000
vt 0.390625 0.000000
vt 0.421875 0.000000
vt 0.453125 0.000000
vt 0.484375 0.000000
vt 0.515625 0.000000
vt 0.546875 0.000000
vt 0.578125 0.000000
vt 0.609375 0.000000
vt 0.640625 0.000000
vt 0.671875 0.000000
vt 0.703125 0.000000
vt 0.734375 0.000000
vt 0.765625 0.000000
vt 0.796875 0.000000
vt 0.828125 0.000000
vt 0.859375 0.000000
vt 0.890625 0.000000
vt 0.921875 0.000000
vt 0.953125 0.000000
vt 0.984375 0.000000
vt 0.750000 0.062500
vt 0.781250 0.062500
vt 0.812500 0.062500
vt 0.000000 0.062500
vt 0.031250 0.062500
vt 0.062500 0.062500
vt 0.093750 0.062500
vt 0.125000 0.062500
vt 0.156250 0.062500
vt 0.187500 0.062500
vt 0.218750 0.062500
vt 0.250000 0.062500
vt 0.281250 0.062500
vt 0.312500 0.062500
vt 0.343750 0.062500
vt 0.375000 0.062500
vt 0.406250 0.062500
vt 0.437500 0.062500
vt 0.468750 0.062500
vt 0.500000 0.062500
vt 0.531250 0.062500
vt 0.562500 0.062500
vt 0.593750 0.062500
vt 0.625000 0.062500
vt 0.656250 0.062500
vt 0.687500 0.062500
vt 0.718750 0.062500
vt 0.843750 0.062500
vt 0.875000 0.062500
vt 0.906250 0.062500
vt 0.937500 0.062500
vt 0.968750 0.062500
vt 1.000000 0.062500
vt 0.000000 0.125000
vt 0.031250 0.125000
vt 0.062500 0.125000
vt 0.093750 0.125000
vt 0.125000 0.125000
vt 0.156250 0.125000
vt 0.187500 0.125000
vt 0.218750 0.125000
vt 0.250000 0.125000
vt 0.281250 0.125000
vt 0.312500 0.125000
vt 0.343750 0.125000
vt 0.375000 0.125000
vt 0.406250 0.125000
vt 0.437500 0.125000
vt 0.468750 0.125000
vt 0.500000 0.125000
vt 0.531250 0.125000
vt 0.562500 0.125000
vt 0.593750 0.125000
vt 0.625000 0.125000
vt 0.750000 0.125000
vt 0.781250 0.125000
vt 0.812500 0.125000
vt 0.843750 0.125000
vt 0.875000 0.125000
vt 0.906250 0.125000
vt 0.937500 0.125000
vt 0.968750 0.125000
vt 1.000000 0.125000
vt 0.656250 0.125000
vt 0.687500 0.125000
vt 0.718750 0.125000
vt 0.750000 0.187500
vt 0.781250 0.187500
vt 0.812500 0.187500
vt 0.843750 0.187500
vt 0.000000 0.187500
vt 0.031250 0.187500
vt 0.062500 0.187500
vt 0.093750 0.187500
vt 0.125000 0.187500
vt 0.156250 0.187500
vt 0.875000 0.187500
vt 0.906250 0.187500
vt 0.937500 0.187500
vt 0.968750 0.187500
vt 1.000000 0.187500
vt 0.187500 0.187500
vt 0.218750 0.187500
vt 0.250000 0.187500
vt 0.281250 0.187500
vt 0.312500 0.187500
vt 0.343750 0.187500
vt 0.375000 0.187500
vt 0.406250 0.187500
vt 0.437500 0.187500
vt 0.468750 0.187500
vt 0.500000 0.187500
vt 0.531250 0.187500
vt 0.562500 0.187500
vt 0.593750 0.187500
vt 0.625000 0.187500
vt 0.656250 0.187500
vt 0.687500 0.187500
vt 0.718750 0.187500
vt 0.000000 0.250000
vt 0.093750 0.250000
vt 0.750000 0.250000
vt 0.812500 0.250000
vt 0.843750 0.250000
vt 0.875000 0.250000
vt 0.906250 0.250000
vt 0.937500 0.250000
vt 0.968750 0.250000
vt 1.000000 0.250000
vt 0.031250 0.250000
vt 0.062500 0.250000
vt 0.125000 0.250000
vt 0.156250 0.250000
vt 0.187500 0.250000
vt 0.218750 0.250000
vt 0.250000 0.250000
vt 0.281250 0.250000
vt 0.312500 0.250000
vt 0.343750 0.250000
vt 0.375000 0.250000
vt 0.406250 0.250000
vt 0.437500 0.250000
vt 0.468750 0.250000
vt 0.500000 0.250000
vt 0.531250 0.250000
vt 0.562500 0.250000
vt 0.593750 0.250000
vt 0.625000 0.250000
vt 0.656250 0.250000
vt 0.687500 0.250000
vt 0.718750 0.250000
vt 0.781250 0.250000
vt 0.062500 0.312500
vt 0.781250 0.312500
vt 0.812500 0.312500
vt 0.843750 0.312500
vt 0.875000 0.312500
vt 0.906250 0.312500
vt 0.937500 0.312500
vt 0.968750 0.312500
vt 0.000000 0.312500
vt 0.031250 0.312500
vt 0.093750 0.312500
vt 0.125000 0.312500
vt 0.156250 0.312500
vt 0.187500 0.312500
vt 0.218750 0.312500
vt 0.250000 0.312500
vt 0.281250 0.312500
vt 0.312500 0.312500
vt 0.343750 0.312500
vt 0.375000 0.312500
vt 0.406250 0.312500
vt 0.437500 0.312500
vt 0.468750 0.312500
vt 0.500000 0.312500
vt 0.531250 0.312500
vt 0.562500 0.312500
vt 0.593750 0.312500
vt 0.625000 0.312500
vt 0.656250 0.312500
vt 0.687500 0.312500
vt 0.718750 0.312500
vt 1.000000 0.312500
vt 0.750000 0.312500
vt 0.000000 0.375000
vt 0.031250 0.375000
vt 0.062500 0.375000
vt 0.093750 0.375000
vt 0.125000 0.375000
vt 0.156250 0.375000
vt 0.187500 0.375000
vt 0.750000 0.375000
vt 0.781250 0.375000
vt 0.812500 0.375000
vt 0.843750 0.375000
vt 0.875000 0.375000
vt 0.906250 0.375000
vt 0.937500 0.375000
vt 0.968750 0.375000
vt 1.000000 0.375000
vt 0.218750 0.375000
vt 0.250000 0.375000
vt 0.281250 0.375000
vt 0.312500 0.375000
vt 0.343750 0.375000
vt 0.375000 0.375000
vt 0.406250 0.375000
vt 0.437500 0.375000
vt 0.468750 0.375000
vt 0.500000 0.375000
vt 0.531250 0.375000
vt 0.562500 0.375000
vt 0.593750 0.375000
vt 0.625000 0.375000
vt 0.656250 0.375000
vt 0.687500 0.375000
vt 0.718750 0.375000
vt 0.000000 0.437500
vt 0.031250 0.437500
vt 0.062500 0.437500
vt 0.093750 0.437500
vt 0.125000 0.437500
vt 0.156250 0.437500
vt 0.187500 0.437500
vt 0.218750 0.437500
vt 0.250000 0.437500
vt 0.281250 0.437500
vt 0.312500 0.437500
vt 0.343750 0.437500
vt 0.375000 0.437500
vt 0.406250 0.437500
vt 0.437500 0.437500
vt 0.468750 0.437500
vt 0.500000 0.437500
vt 0.531250 0.437500
vt 0.562500 0.437500
vt 0.593750 0.437500
vt 0.625000 0.437500
vt 0.656250 0.437500
vt 0.687500 0.437500
vt 0.718750 0.437500
vt 0.750000 0.437500
vt 0.781250 0.437500
vt 0.812500 0.437500
vt 0.843750 0.437500
vt 0.875000 0.437500
vt 0.906250 0.437500
vt 0.937500 0.437500
vt 0.968750 0.437500
vt 1.000000 0.437500
vt 0.000000 0.500000
vt 0.031250 0.500000
vt 0.062500 0.500000
vt 0.093750 0.500000
vt 0.125000 0.500000
vt 0.156250 0.500000
vt 0.187500 0.500000
vt 0.218750 0.500000
vt 0.250000 0.500000
vt 0.281250 0.500000
vt 0.312500 0.500000
vt 0.343750 0.500000
vt 0.375000 0.500000
vt 0.406250 0.500000
vt 0.437500 0.500000
vt 0.468750 0.500000
vt 0.500000 0.500000
vt 0.531250 0.500000
vt 0.562500 0.500000
vt 0.593750 0.500000
vt 0.625000 0.500000
vt 0.656250 0.500000
vt 0.687500 0.500000
vt 0.718750 0.500000
vt 0.750000 0.500000
vt 0.781250 0.500000
vt 0.812500 0.500000
vt 0.843750 0.500000
vt 0.875000 0.500000
vt 0.906250 0.500000
vt 0.937500 0.500000
vt 0.968750 0.500000
vt 1.000000 0.500000
vt 0.000000 0.562500
vt 0.031250 0.562500
vt 0.062500 0.562500
vt 0.093750 0.562500
vt 0.125000 0.562500
vt 0.156250 0.562500
vt 0.187500 0.562500
vt 0.218750 0.562500
vt 0.250000 0.562500
vt 0.281250 0.562500
vt 0.312500 0.562500
vt 0.343750 0.562500
vt 0.375000 0.562500
vt 0.406250 0.562500
vt 0.437500 0.562500
vt 0.468750 0.562500
vt 0.500000 0.562500
vt 0.531250 0.562500
vt 0.562500 0.562500
vt 0.593750 0.562500
vt 0.625000 0.562500
vt 0.656250 0.562500
vt 0.687500 0.562500
vt 0.718750 0.562500
vt 0.750000 0.562500
vt 0.968750 0.562500
vt 1.000000 0.562500
vt 0.781250 0.562500
vt 0.812500 0.562500
vt 0.843750 0.562500
vt 0.875000 0.562500
vt 0.906250 0.562500
vt 0.937500 0.562500
vt 0.687500 0.625000
vt 0.031250 0.625000
vt 0.125000 0.625000
vt 0.156250 0.625000
vt 0.187500 0.625000
vt 0.218750 0.625000
vt 0.250000 0.625000
vt 0.281250 0.625000
vt 0.312500 0.625000
vt 0.343750 0.625000
vt 0.375000 0.625000
vt 0.406250 0.625000
vt 0.437500 0.625000
vt 0.468750 0.625000
vt 0.500000 0.625000
vt 0.531250 0.625000
vt 0.562500 0.625000
vt 0.593750 0.625000
vt 0.625000 0.625000
vt 0.656250 0.625000
vt 0.718750 0.625000
vt 0.000000 0.625000
vt 0.062500 0.625000
vt 0.093750 0.625000
vt 0.750000 0.625000
vt 0.781250 0.625000
vt 0.812500 0.625000
vt 0.843750 0.625000
vt 0.875000 0.625000
vt 0.906250 0.625000
vt 0.937500 0.625000
vt 0.968750 0.625000
vt 1.000000 0.625000
vt 0.562500 0.687500
vt 0.593750 0.687500
vt 0.656250 0.687500
vt 0.687500 0.687500
vt 0.718750 0.687500
vt 0.750000 0.687500
vt 0.000000 0.687500
vt 0.031250 0.687500
vt 0.093750 0.687500
vt 0.125000 0.687500
vt 0.156250 0.687500
vt 0.187500 0.687500
vt 0.218750 0.687500
vt 0.250000 0.687500
vt 0.281250 0.687500
vt 0.312500 0.687500
vt 0.343750 0.687500
vt 0.375000 0.687500
vt 0.406250 0.687500
vt 0.437500 0.687500
vt 0.468750 0.687500
vt 0.500000 0.687500
vt 0.531250 0.687500
vt 0.625000 0.687500
vt 1.000000 0.687500
vt 0.062500 0.687500
vt 0.781250 0.687500
vt 0.812500 0.687500
vt 0.843750 0.687500
vt 0.875000 0.687500
vt 0.906250 0.687500
vt 0.937500 0.687500
vt 0.968750 0.687500
vt 0.625000 0.750000
vt 0.000000 0.750000
vt 0.031250 0.750000
vt 0.062500 0.750000
vt 0.093750 0.750000
vt 0.125000 0.750000
vt 0.156250 0.750000
vt 0.187500 0.750000
vt 0.218750 0.750000
vt 0.250000 0.750000
vt 0.281250 0.750000
vt 0.312500 0.750000
vt 0.343750 0.750000
vt 0.375000 0.750000
vt 0.406250 0.750000
vt 0.437500 0.750000
vt 0.468750 0.750000
vt 0.500000 0.750000
vt 0.531250 0.750000
vt 0.562500 0.750000
vt 0.593750 0.750000
vt 0.656250 0.750000
vt 0.687500 0.750000
vt 0.718750 0.750000
vt 0.750000 0.750000
vt 0.781250 0.750000
vt 0.812500 0.750000
vt 0.843750 0.750000
vt 0.875000 0.750000
vt 0.906250 0.750000
vt 0.937500 0.750000
vt 0.968750 0.750000
vt 1.000000 0.750000
vt 0.468750 0.812500
vt 0.500000 0.812500
vt 0.531250 0.812500
vt 0.562500 0.812500
vt 0.593750 0.812500
vt 0.625000 0.812500
vt 0.656250 0.812500
vt 0.687500 0.812500
vt 0.718750 0.812500
vt 0.750000 0.812500
vt 0.187500 0.812500
vt 0.218750 0.812500
vt 0.250000 0.812500
vt 0.281250 0.812500
vt 0.312500 0.812500
vt 0.343750 0.812500
vt 0.375000 0.812500
vt 0.406250 0.812500
vt 0.437500 0.812500
vt 0.000000 0.812500
vt 0.031250 0.812500
vt 0.062500 0.812500
vt 0.093750 0.812500
vt 0.125000 0.812500
vt 0.156250 0.812500
vt 0.875000 0.812500
vt 0.906250 0.812500
vt 0.937500 0.812500
vt 0.968750 0.812500
vt 1.000000 0.812500
vt 0.781250 0.812500
vt 0.812500 0.812500
vt 0.843750 0.812500
vt 0.062500 0.875000
vt 0.093750 0.875000
vt 0.125000 0.875000
vt 0.156250 0.875000
vt 0.187500 0.875000
vt 0.218750 0.875000
vt 0.250000 0.875000
vt 0.281250 0.875000
vt 0.312500 0.875000
vt 0.343750 0.875000
vt 0.375000 0.875000
vt 0.406250 0.875000
vt 0.437500 0.875000
vt 0.468750 0.875000
vt 0.500000 0.875000
vt 0.531250 0.875000
vt 0.562500 0.875000
vt 0.593750 0.875000
vt 0.625000 0.875000
vt 0.656250 0.875000
vt 0.687500 0.875000
vt 0.718750 0.875000
vt 0.000000 0.875000
vt 0.031250 0.875000
vt 0.750000 0.875000
vt 0.781250 0.875000
vt 0.812500 0.875000
vt 0.843750 0.875000
vt 0.875000 0.875000
vt 0.906250 0.875000
vt 0.937500 0.875000
vt 0.968750 0.875000
vt 1.000000 0.875000
vt 0.000000 0.937500
vt 0.031250 0.937500
vt 0.062500 0.937500
vt 0.093750 0.937500
vt 0.125000 0.937500
vt 0.156250 0.937500
vt 0.187500 0.937500
vt 0.218750 0.937500
vt 0.250000 0.937500
vt 0.281250 0.937500
vt 0.312500 0.937500
vt 0.343750 0.937500
vt 0.375000 0.937500
vt 0.406250 0.937500
vt 0.437500 0.937500
vt 0.468750 0.937500
vt 0.500000 0.937500
vt 0.531250 0.937500
vt 0.562500 0.937500
vt 0.593750 0.937500
vt 0.625000 0.937500
vt 0.656250 0.937500
vt 0.687500 0.937500
vt 0.718750 0.937500
vt 0.843750 0.937500
vt 0.875000 0.937500
vt 0.906250 0.937500
vt 0.937500 0.937500
vt 0.968750 0.937500
vt 1.000000 0.937500
vt 0.750000 0.937500
vt 0.781250 0.937500
vt 0.812500 0.937500
vt 0.015625 1.000000
vt 0.046875 1.000000
vt 0.078125 1.000000
vt 0.109375 1.000000
vt 0.140625 1.000000
vt 0.171875 1.000000
vt 0.203125 1.000000
vt 0.234375 1.000000
vt 0.265625 1.000000
vt 0.296875 1.000000
vt 0.328125 1.000000
vt 0.359375 1.000000
vt 0.390625 1.000000
vt 0.421875 1.000000
vt 0.453125 1.000000
vt 0.484375 1.000000
vt 0.515625 1.000000
vt 0.546875 1.000000
vt 0.578125 1.000000
vt 0.609375 1.000000
vt 0.640625 1.000000
vt 0.671875 1.000000
vt 0.703125 1.000000
vt 0.734375 1.000000
vt 0.765625 1.000000
vt 0.796875 1.000000
vt 0.828125 1.000000
vt 0.859375 1.000000
vt 0.890625 1.000000
vt 0.921875 1.000000
vt 0.953125 1.000000
vt 0.984375 1.000000
vt 0.750000 0.187500
vt 0.750000 0.250000
vt 0.718750 0.250000
vt 0.718750 0.187500
vt 0.750000 0.625000
vt 0.750000 0.687500
vt 0.718750 0.687500
vt 0.718750 0.625000
vt 0.750000 0.125000
vt 0.718750 0.125000
vt 0.750000 0.562500
vt 0.718750 0.562500
vt 0.750000 0.062500
vt 0.718750 0.062500
vt 0.750000 0.500000
vt 0.718750 0.500000
vt 0.750000 0.937500
vt 0.734375 1.000000
vt 0.718750 0.937500
vt 0.734375 0.000000
vt 0.750000 0.437500
vt 0.718750 0.437500
vt 0.750000 0.875000
vt 0.718750 0.875000
vt 0.750000 0.375000
vt 0.718750 0.375000
vt 0.750000 0.812500
vt 0.718750 0.812500
vt 0.750000 0.312500
vt 0.718750 0.312500
vt 0.750000 0.750000
vt 0.718750 0.750000
vt 0.687500 0.812500
vt 0.687500 0.750000
vt 0.687500 0.312500
vt 0.687500 0.250000
vt 0.687500 0.687500
vt 0.687500 0.187500
vt 0.687500 0.625000
vt 0.687500 0.125000
vt 0.687500 0.562500
vt 0.687500 0.062500
vt 0.687500 0.500000
vt 0.703125 1.000000
vt 0.687500 0.937500
vt 0.703125 0.000000
vt 0.687500 0.437500
vt 0.687500 0.875000
vt 0.687500 0.375000
vt 0.656250 0.562500
vt 0.656250 0.500000
vt 0.671875 1.000000
vt 0.656250 0.937500
vt 0.671875 0.000000
vt 0.656250 0.062500
vt 0.656250 0.437500
vt 0.656250 0.875000
vt 0.656250 0.375000
vt 0.656250 0.812500
vt 0.656250 0.312500
vt 0.656250 0.750000
vt 0.656250 0.250000
vt 0.656250 0.687500
vt 0.656250 0.187500
vt 0.656250 0.625000
vt 0.656250 0.125000
vt 0.625000 0.312500
vt 0.625000 0.250000
vt 0.625000 0.750000
vt 0.625000 0.687500
vt 0.625000 0.187500
vt 0.625000 0.625000
vt 0.625000 0.125000
vt 0.625000 0.562500
vt 0.625000 0.062500
vt 0.625000 0.500000
vt 0.640625 1.000000
vt 0.625000 0.937500
vt 0.640625 0.000000
vt 0.625000 0.437500
vt 0.625000 0.875000
vt 0.625000 0.375000
vt 0.625000 0.812500
vt 0.609375 0.000000
vt 0.593750 0.062500
vt 0.593750 0.500000
vt 0.593750 0.437500
vt 0.593750 0.937500
vt 0.593750 0.875000
vt 0.593750 0.375000
vt 0.593750 0.812500
vt 0.593750 0.312500
vt 0.593750 0.750000
vt 0.593750 0.250000
vt 0.593750 0.687500
vt 0.593750 0.187500
vt 0.593750 0.625000
vt 0.593750 0.125000
vt 0.593750 0.562500
vt 0.609375 1.000000
vt 0.562500 0.250000
vt 0.562500 0.187500
vt 0.562500 0.687500
vt 0.562500 0.625000
vt 0.562500 0.125000
vt 0.562500 0.562500
vt 0.562500 0.062500
vt 0.562500 0.500000
vt 0.578125 1.000000
vt 0.562500 0.937500
vt 0.578125 0.000000
vt 0.562500 0.437500
vt 0.562500 0.875000
vt 0.562500 0.375000
vt 0.562500 0.812500
vt 0.562500 0.312500
vt 0.562500 0.750000
vt 0.531250 0.937500
vt 0.531250 0.875000
vt 0.531250 0.437500
vt 0.531250 0.375000
vt 0.531250 0.812500
vt 0.531250 0.312500
vt 0.531250 0.750000
vt 0.531250 0.250000
vt 0.531250 0.687500
vt 0.531250 0.187500
vt 0.531250 0.625000
vt 0.531250 0.125000
vt 0.531250 0.562500
vt 0.531250 0.062500
vt 0.531250 0.500000
vt 0.546875 1.000000
vt 0.546875 0.000000
vt 0.500000 0.687500
vt 0.500000 0.625000
vt 0.500000 0.187500
vt 0.500000 0.125000
vt 0.500000 0.562500
vt 0.500000 0.062500
vt 0.500000 0.500000
vt 0.515625 1.000000
vt 0.500000 0.937500
vt 0.515625 0.000000
vt 0.500000 0.437500
vt 0.500000 0.875000
vt 0.500000 0.375000
vt 0.500000 0.812500
vt 0.500000 0.312500
vt 0.500000 0.750000
vt 0.500000 0.250000
vt 0.468750 0.437500
vt 0.468750 0.375000
vt 0.468750 0.875000
vt 0.468750 0.812500
vt 0.468750 0.312500
vt 0.468750 0.750000
vt 0.468750 0.250000
vt 0.468750 0.687500
vt 0.468750 0.187500
vt 0.468750 0.625000
vt 0.468750 0.125000
vt 0.468750 0.562500
vt 0.468750 0.062500
vt 0.468750 0.500000
vt 0.484375 1.000000
vt 0.468750 0.937500
vt 0.484375 0.000000
vt 0.437500 0.187500
vt 0.437500 0.125000
vt 0.437500 0.625000
vt 0.437500 0.562500
vt 0.437500 0.062500
vt 0.437500 0.500000
vt 0.453125 1.000000
vt 0.437500 0.937500
vt 0.453125 0.000000
vt 0.437500 0.437500
vt 0.437500 0.875000
vt 0.437500 0.375000
vt 0.437500 0.812500
vt 0.437500 0.312500
vt 0.437500 0.750000
vt 0.437500 0.250000
vt 0.437500 0.687500
vt 0.406250 0.875000
vt 0.406250 0.812500
vt 0.406250 0.375000
vt 0.406250 0.312500
vt 0.406250 0.750000
vt 0.406250 0.250000
vt 0.406250 0.687500
vt 0.406250 0.187500
vt 0.406250 0.625000
vt 0.406250 0.125000
vt 0.406250 0.562500
vt 0.406250 0.062500
vt 0.406250 0.500000
vt 0.421875 1.000000
vt 0.406250 0.937500
vt 0.421875 0.000000
vt 0.406250 0.437500
vt 0.375000 0.625000
vt 0.375000 0.562500
vt 0.375000 0.125000
vt 0.375000 0.062500
vt 0.375000 0.500000
vt 0.390625 1.000000
vt 0.375000 0.937500
vt 0.390625 0.000000
vt 0.375000 0.437500
vt 0.375000 0.875000
vt 0.375000 0.375000
vt 0.375000 0.812500
vt 0.375000 0.312500
vt 0.375000 0.750000
vt 0.375000 0.250000
vt 0.375000 0.687500
vt 0.375000 0.187500
vt 0.343750 0.375000
vt 0.343750 0.312500
vt 0.343750 0.812500
vt 0.343750 0.750000
vt 0.343750 0.250000
vt 0.343750 0.687500
vt 0.343750 0.187500
vt 0.343750 0.625000
vt 0.343750 0.125000
vt 0.343750 0.562500
vt 0.343750 0.062500
vt 0.343750 0.500000
vt 0.359375 1.000000
vt 0.343750 0.937500
vt 0.359375 0.000000
vt 0.343750 0.437500
vt 0.343750 0.875000
vt 0.312500 0.125000
vt 0.312500 0.062500
vt 0.312500 0.562500
vt 0.312500 0.500000
vt 0.328125 1.000000
vt 0.312500 0.937500
vt 0.328125 0.000000
vt 0.312500 0.437500
vt 0.312500 0.875000
vt 0.312500 0.375000
vt 0.312500 0.812500
vt 0.312500 0.312500
vt 0.312500 0.750000
vt 0.312500 0.250000
vt 0.312500 0.687500
vt 0.312500 0.187500
vt 0.312500 0.625000
vt 0.281250 0.312500
vt 0.281250 0.250000
vt 0.281250 0.750000
vt 0.281250 0.687500
vt 0.281250 0.187500
vt 0.281250 0.625000
vt 0.281250 0.125000
vt 0.281250 0.562500
vt 0.281250 0.062500
vt 0.281250 0.500000
vt 0.296875 1.000000
vt 0.281250 0.937500
vt 0.296875 0.000000
vt 0.281250 0.437500
vt 0.281250 0.875000
vt 0.281250 0.375000
vt 0.281250 0.812500
vt 0.265625 1.000000
vt 0.250000 0.937500
vt 0.265625 0.000000
vt 0.250000 0.062500
vt 0.250000 0.500000
vt 0.250000 0.437500
vt 0.250000 0.875000
vt 0.250000 0.375000
vt 0.250000 0.812500
vt 0.250000 0.312500
vt 0.250000 0.750000
vt 0.250000 0.250000
vt 0.250000 0.687500
vt 0.250000 0.187500
vt 0.250000 0.625000
vt 0.250000 0.125000
vt 0.250000 0.562500
vt 0.218750 0.750000
vt 0.218750 0.687500
vt 0.218750 0.250000
vt 0.218750 0.187500
vt 0.218750 0.625000
vt 0.218750 0.125000
vt 0.218750 0.562500
vt 0.218750 0.062500
vt 0.218750 0.500000
vt 0.234375 1.000000
vt 0.218750 0.937500
vt 0.234375 0.000000
vt 0.218750 0.437500
vt 0.218750 0.875000
vt 0.218750 0.375000
vt 0.218750 0.812500
vt 0.218750 0.312500
vt 0.187500 0.500000
vt 0.187500 0.437500
vt 0.187500 0.937500
vt 0.187500 0.875000
vt 0.187500 0.375000
vt 0.187500 0.812500
vt 0.187500 0.312500
vt 0.187500 0.750000
vt 0.187500 0.250000
vt 0.187500 0.687500
vt 0.187500 0.187500
vt 0.187500 0.625000
vt 0.187500 0.125000
vt 0.187500 0.562500
vt 0.187500 0.062500
vt 0.203125 1.000000
vt 0.203125 0.000000
vt 0.156250 0.250000
vt 0.156250 0.187500
vt 0.156250 0.687500
vt 0.156250 0.625000
vt 0.156250 0.125000
vt 0.156250 0.562500
vt 0.156250 0.062500
vt 0.156250 0.500000
vt 0.171875 1.000000
vt 0.156250 0.937500
vt 0.171875 0.000000
vt 0.156250 0.437500
vt 0.156250 0.875000
vt 0.156250 0.375000
vt 0.156250 0.812500
vt 0.156250 0.312500
vt 0.156250 0.750000
vt 0.125000 0.937500
vt 0.125000 0.875000
vt 0.125000 0.437500
vt 0.125000 0.375000
vt 0.125000 0.812500
vt 0.125000 0.312500
vt 0.125000 0.750000
vt 0.125000 0.250000
vt 0.125000 0.687500
vt 0.125000 0.187500
vt 0.125000 0.625000
vt 0.125000 0.125000
vt 0.125000 0.562500
vt 0.125000 0.062500
vt 0.125000 0.500000
vt 0.140625 1.000000
vt 0.140625 0.000000
vt 0.093750 0.687500
vt 0.093750 0.625000
vt 0.093750 0.187500
vt 0.093750 0.125000
vt 0.093750 0.562500
vt 0.093750 0.062500
vt 0.093750 0.500000
vt 0.109375 1.000000
vt 0.093750 0.937500
vt 0.109375 0.000000
vt 0.093750 0.437500
vt 0.093750 0.875000
vt 0.093750 0.375000
vt 0.093750 0.812500
vt 0.093750 0.312500
vt 0.093750 0.750000
vt 0.093750 0.250000
vt 0.062500 0.437500
vt 0.062500 0.375000
vt 0.062500 0.875000
vt 0.062500 0.812500
vt 0.062500 0.312500
vt 0.062500 0.750000
vt 0.062500 0.250000
vt 0.062500 0.687500
vt 0.062500 0.187500
vt 0.062500 0.625000
vt 0.062500 0.125000
vt 0.062500 0.562500
vt 0.062500 0.062500
vt 0.062500 0.500000
vt 0.078125 1.000000
vt 0.062500 0.937500
vt 0.078125 0.000000
vt 0.031250 0.187500
vt 0.031250 0.125000
vt 0.031250 0.625000
vt 0.031250 0.562500
vt 0.031250 0.062500
vt 0.031250 0.500000
vt 0.046875 1.000000
vt 0.031250 0.937500
vt 0.046875 0.000000
vt 0.031250 0.437500
vt 0.031250 0.875000
vt 0.031250 0.375000
vt 0.031250 0.812500
vt 0.031250 0.312500
vt 0.031250 0.750000
vt 0.031250 0.250000
vt 0.031250 0.687500
vt 0.000000 0.375000
vt 0.000000 0.312500
vt 0.000000 0.812500
vt 0.000000 0.750000
vt 0.000000 0.250000
vt 0.000000 0.687500
vt 0.000000 0.187500
vt 0.000000 0.625000
vt 0.000000 0.125000
vt 0.000000 0.562500
vt 0.000000 0.062500
vt 0.000000 0.500000
vt 0.015625 1.000000
vt 0.000000 0.937500
vt 0.015625 0.000000
vt 0.000000 0.437500
vt 0.000000 0.875000
vt 1.000000 0.062500
vt 1.000000 0.125000
vt 0.968750 0.125000
vt 0.968750 0.062500
vt 1.000000 0.500000
vt 1.000000 0.562500
vt 0.968750 0.562500
vt 0.968750 0.500000
vt 1.000000 0.937500
vt 0.984375 1.000000
vt 0.968750 0.937500
vt 0.984375 0.000000
vt 1.000000 0.437500
vt 0.968750 0.437500
vt 1.000000 0.875000
vt 0.968750 0.875000
vt 1.000000 0.375000
vt 0.968750 0.375000
vt 1.000000 0.812500
vt 0.968750 0.812500
vt 1.000000 0.312500
vt 0.968750 0.312500
vt 1.000000 0.750000
vt 0.968750 0.750000
vt 1.000000 0.250000
vt 0.968750 0.250000
vt 1.000000 0.687500
vt 0.968750 0.687500
vt 1.000000 0.187500
vt 0.968750 0.187500
vt 1.000000 0.625000
vt 0.968750 0.625000
vt 0.937500 0.812500
vt 0.937500 0.750000
vt 0.937500 0.312500
vt 0.937500 0.250000
vt 0.937500 0.687500
vt 0.937500 0.187500
vt 0.937500 0.625000
vt 0.937500 0.125000
vt 0.937500 0.562500
vt 0.937500 0.062500
vt 0.937500 0.500000
vt 0.953125 1.000000
vt 0.937500 0.937500
vt 0.953125 0.000000
vt 0.937500 0.437500
vt 0.937500 0.875000
vt 0.937500 0.375000
vt 0.906250 0.562500
vt 0.906250 0.500000
vt 0.921875 1.000000
vt 0.906250 0.937500
vt 0.921875 0.000000
vt 0.906250 0.062500
vt 0.906250 0.437500
vt 0.906250 0.875000
vt 0.906250 0.375000
vt 0.906250 0.812500
vt 0.906250 0.312500
vt 0.906250 0.750000
vt 0.906250 0.250000
vt 0.906250 0.687500
vt 0.906250 0.187500
vt 0.906250 0.625000
vt 0.906250 0.125000
vt 0.875000 0.312500
vt 0.875000 0.250000
vt 0.875000 0.750000
vt 0.875000 0.687500
vt 0.875000 0.187500
vt 0.875000 0.625000
vt 0.875000 0.125000
vt 0.875000 0.562500
vt 0.875000 0.062500
vt 0.875000 0.500000
vt 0.890625 1.000000
vt 0.875000 0.937500
vt 0.890625 0.000000
vt 0.875000 0.437500
vt 0.875000 0.875000
vt 0.875000 0.375000
vt 0.875000 0.812500
vt 0.859375 1.000000
vt 0.843750 0.937500
vt 0.859375 0.000000
vt 0.843750 0.062500
vt 0.843750 0.500000
vt 0.843750 0.437500
vt 0.843750 0.875000
vt 0.843750 0.375000
vt 0.843750 0.812500
vt 0.843750 0.312500
vt 0.843750 0.750000
vt 0.843750 0.250000
vt 0.843750 0.687500
vt 0.843750 0.187500
vt 0.843750 0.625000
vt 0.843750 0.125000
vt 0.843750 0.562500
vt 0.812500 0.750000
vt 0.812500 0.687500
vt 0.812500 0.250000
vt 0.812500 0.187500
vt 0.812500 0.625000
vt 0.812500 0.125000
vt 0.812500 0.562500
vt 0.812500 0.062500
vt 0.812500 0.500000
vt 0.828125 1.000000
vt 0.812500 0.937500
vt 0.828125 0.000000
vt 0.812500 0.437500
vt 0.812500 0.875000
vt 0.812500 0.375000
vt 0.812500 0.812500
vt 0.812500 0.312500
vt 0.781250 0.500000
vt 0.781250 0.437500
vt 0.781250 0.937500
vt 0.781250 0.875000
vt 0.781250 0.375000
vt 0.781250 0.812500
vt 0.781250 0.312500
vt 0.781250 0.750000
vt 0.781250 0.250000
vt 0.781250 0.687500
vt 0.781250 0.187500
vt 0.781250 0.625000
vt 0.781250 0.125000
vt 0.781250 0.562500
vt 0.781250 0.062500
vt 0.796875 1.000000
vt 0.796875 0.000000
vt 0.765625 1.000000
vt 0.765625 0.000000
vn -0.602259 -0.575752 -0.552986
vn -0.528866 -0.564467 -0.633781
vn -0.414467 -0.709352 -0.570120
vn -0.507575 -0.723669 -0.467621
vn 0.297412 -0.917189 0.265159
vn 0.418660 -0.898545 0.131683
vn 0.532285 -0.805636 0.260046
vn 0.423023 -0.822437 0.380327
vn -0.674035 -0.405706 -0.617317
vn -0.623178 -0.397886 -0.673302
vn 0.160555 -0.977052 0.139967
vn 0.289179 -0.957274 -0.001629
vn -0.720094 -0.219949 -0.658093
vn -0.693745 -0.215898 -0.687100
vn 0.017631 -0.999800 0.009487
vn 0.148744 -0.979638 -0.134850
vn 0.727180 -0.181903 0.661907
vn 0.753530 -0.177851 0.632899
vn 0.738708 0.019420 0.673745
vn -0.738708 -0.019420 -0.673745
vn -0.125963 -0.984585 -0.121354
vn 0.002661 -0.964806 -0.262950
vn 0.687712 -0.369907 0.624676
vn 0.738569 -0.362087 0.568690
vn -0.264803 -0.931969 -0.247614
vn -0.143555 -0.913325 -0.381090
vn 0.621997 -0.543569 0.563607
vn 0.695391 -0.532283 0.482811
vn -0.393638 -0.843906 -0.364516
vn -0.284377 -0.827104 -0.484797
vn 0.532617 -0.696325 0.481094
vn 0.625725 -0.682007 0.378596
vn 0.714774 -0.640955 0.279778
vn 0.765584 -0.499923 0.404917
vn -0.325418 -0.668300 -0.668938
vn -0.179880 -0.778930 -0.600759
vn 0.636782 -0.757461 0.144085
vn -0.458672 -0.532107 -0.711676
vn 0.534622 -0.845086 0.002999
vn -0.574539 -0.375462 -0.727278
vn 0.412194 -0.900563 -0.138140
vn -0.668545 -0.204280 -0.715065
vn 0.274140 -0.921830 -0.274003
vn 0.778730 -0.166233 0.604935
vn 0.125677 -0.908095 -0.399461
vn 0.787208 -0.339664 0.514715
vn -0.027593 -0.859865 -0.509775
vn 0.389001 -0.828596 -0.402626
vn 0.524874 -0.809099 -0.264322
vn 0.801814 -0.147496 0.579085
vn -0.645461 -0.185543 -0.740914
vn 0.238357 -0.816631 -0.525642
vn 0.831761 -0.303500 0.464824
vn 0.078626 -0.773646 -0.628721
vn 0.829880 -0.447733 0.332918
vn -0.084162 -0.701235 -0.707945
vn 0.796341 -0.574746 0.188437
vn -0.243851 -0.602091 -0.760278
vn 0.732500 -0.679766 0.036898
vn -0.394376 -0.479917 -0.783675
vn 0.640842 -0.758866 -0.115947
vn -0.529986 -0.339298 -0.777169
vn -0.172900 -0.513270 -0.840631
vn -0.000902 -0.597004 -0.802238
vn 0.815760 -0.575535 -0.057394
vn 0.867292 -0.485925 0.108085
vn -0.338448 -0.409903 -0.847014
vn 0.733237 -0.643200 -0.220585
vn -0.491232 -0.290783 -0.821058
vn 0.622889 -0.686397 -0.375324
vn -0.625382 -0.160407 -0.763654
vn 0.488912 -0.703519 -0.515776
vn 0.821892 -0.122360 0.556346
vn 0.336372 -0.693929 -0.636644
vn 0.870515 -0.254985 0.420935
vn 0.171021 -0.657980 -0.733358
vn 0.885808 -0.377719 0.269579
vn -0.609080 -0.129838 -0.782409
vn 0.415955 -0.544705 -0.728202
vn 0.570036 -0.551407 -0.609106
vn 0.901981 -0.195983 0.384734
vn 0.838195 -0.091791 0.537591
vn 0.246041 -0.517312 -0.819666
vn 0.931218 -0.292571 0.217336
vn 0.066701 -0.470243 -0.880013
vn 0.924901 -0.377904 0.041808
vn -0.115291 -0.405249 -0.906907
vn 0.883363 -0.448774 -0.135169
vn -0.293038 -0.324755 -0.899257
vn 0.808256 -0.502532 -0.306893
vn -0.459766 -0.231781 -0.857259
vn 0.702472 -0.537173 -0.466882
vn -0.259890 -0.227745 -0.938397
vn -0.073239 -0.282180 -0.956562
vn 0.863018 -0.342268 -0.371554
vn 0.932711 -0.304355 -0.193438
vn -0.436796 -0.164560 -0.884381
vn 0.760565 -0.367161 -0.535476
vn -0.597179 -0.095010 -0.796461
vn 0.629252 -0.378105 -0.679027
vn 0.850096 -0.056963 0.523538
vn 0.474048 -0.374693 -0.796796
vn 0.924951 -0.128762 0.357612
vn 0.300803 -0.357048 -0.884327
vn 0.964366 -0.195561 0.178195
vn 0.116049 -0.325824 -0.938281
vn 0.966953 -0.254835 -0.007847
vn 0.938540 -0.055904 0.340612
vn 0.857137 -0.019215 0.514730
vn 0.333202 -0.183347 -0.924857
vn 0.508418 -0.190426 -0.839791
vn 0.983978 -0.090417 0.153662
vn 0.145245 -0.169296 -0.974804
vn 0.991833 -0.121447 -0.038970
vn -0.048359 -0.148792 -0.987685
vn 0.961907 -0.147827 -0.229961
vn -0.240278 -0.122601 -0.962931
vn 0.895417 -0.168567 -0.412084
vn -0.423207 -0.091703 -0.901380
vn 0.794935 -0.182894 -0.578471
vn -0.590138 -0.057262 -0.805269
vn 0.664287 -0.190272 -0.722855
vn 0.904209 0.011896 -0.426925
vn 0.969830 0.014795 -0.243334
vn -0.419519 -0.016009 -0.907605
vn -0.234956 -0.013364 -0.971914
vn 0.804261 0.008546 -0.594215
vn -0.588228 -0.018044 -0.808494
vn 0.673794 0.004873 -0.738903
vn 0.859047 0.020003 0.511505
vn 0.517744 0.001014 -0.855535
vn 0.942228 0.019789 0.334388
vn 0.341994 -0.002884 -0.939698
vn 0.989300 0.018820 0.144679
vn 0.153168 -0.006674 -0.988178
vn 0.998584 0.017133 -0.050367
vn -0.041608 -0.010212 -0.999082
vn 0.326840 0.177406 -0.928280
vn 0.501669 0.192271 -0.843422
vn 0.980127 0.127952 0.151591
vn 0.935872 0.095410 0.339177
vn 0.139512 0.155792 -0.977888
vn 0.986947 0.155580 -0.041598
vn -0.053245 0.128235 -0.990314
vn 0.956174 0.177261 -0.233045
vn -0.244129 0.095768 -0.965002
vn 0.889055 0.192186 -0.415506
vn -0.425875 0.059612 -0.902816
vn 0.788185 0.199803 -0.582102
vn -0.591521 0.021136 -0.806013
vn 0.657408 0.199831 -0.726555
vn 0.855754 0.059183 0.513987
vn -0.442031 0.132254 -0.887197
vn -0.267444 0.200601 -0.942461
vn 0.747325 0.383526 -0.542598
vn 0.850538 0.365374 -0.378268
vn -0.599891 0.058772 -0.797920
vn 0.615757 0.387109 -0.686287
vn 0.847384 0.096819 0.522079
vn 0.460809 0.375993 -0.803918
vn 0.919716 0.168053 0.354796
vn 0.288323 0.350594 -0.891041
vn 0.956812 0.232785 0.174132
vn 0.104803 0.311858 -0.944331
vn 0.957370 0.288574 -0.013002
vn -0.082822 0.261228 -0.961717
vn 0.921465 0.333327 -0.199487
vn 0.920251 0.329291 0.211436
vn 0.894382 0.234925 0.380646
vn 0.050375 0.455527 -0.888796
vn 0.227923 0.510026 -0.829412
vn 0.910988 0.411003 0.034323
vn -0.129204 0.383658 -0.914392
vn 0.867037 0.476996 -0.143952
vn -0.304005 0.297107 -0.905157
vn 0.790138 0.524806 -0.316639
vn -0.467365 0.199126 -0.861347
vn 0.683252 0.552655 -0.477221
vn -0.613017 0.093419 -0.784527
vn 0.550444 0.559511 -0.619645
vn 0.834258 0.131466 0.535472
vn 0.396735 0.545122 -0.738541
vn 0.598426 0.700690 -0.388484
vn 0.710177 0.664353 -0.232990
vn -0.630393 0.123745 -0.766349
vn -0.500904 0.257658 -0.826261
vn 0.463977 0.710411 -0.529190
vn 0.816881 0.161792 0.553650
vn 0.311910 0.693158 -0.649804
vn 0.860843 0.293456 0.415731
vn 0.147962 0.649573 -0.745763
vn 0.871849 0.413760 0.262070
vn -0.021681 0.581278 -0.813416
vn 0.849584 0.518163 0.098559
vn -0.190608 0.490818 -0.850157
vn 0.794981 0.602747 -0.068573
vn -0.352407 0.381577 -0.854523
vn -0.108596 0.684278 -0.721090
vn 0.051511 0.763873 -0.643307
vn 0.775518 0.605936 0.177236
vn 0.813467 0.482948 0.324088
vn -0.264673 0.578591 -0.771479
vn 0.708066 0.705747 0.023754
vn -0.410789 0.450764 -0.792505
vn 0.613727 0.778653 -0.130534
vn -0.541359 0.305600 -0.783287
vn 0.496109 0.821943 -0.279796
vn -0.651354 0.148585 -0.744084
vn 0.359679 0.834010 -0.418399
vn 0.795921 0.186631 0.575915
vn 0.209593 0.814411 -0.541116
vn 0.820388 0.341399 0.458706
vn -0.675093 0.166983 -0.718587
vn -0.587176 0.341111 -0.734076
vn 0.241560 0.925559 -0.291529
vn 0.380232 0.911754 -0.155335
vn 0.772182 0.205030 0.601413
vn 0.093716 0.904222 -0.416654
vn 0.774571 0.376909 0.507917
vn -0.057721 0.848535 -0.525982
vn 0.747347 0.534195 0.395107
vn -0.207030 0.760569 -0.615364
vn 0.691637 0.670949 0.267331
vn -0.348554 0.643604 -0.681384
vn 0.609632 0.782038 0.129479
vn -0.476909 0.502011 -0.721486
vn 0.504494 0.863314 -0.013209
vn -0.439028 0.683357 -0.583333
vn -0.313199 0.807220 -0.500302
vn 0.503463 0.828689 0.244541
vn 0.601164 0.710702 0.365383
vn -0.548226 0.533347 -0.644197
vn 0.386676 0.915083 0.114476
vn -0.636593 0.362825 -0.680520
vn 0.255248 0.966671 -0.019883
vn -0.700695 0.178233 -0.690840
vn 0.114157 0.981539 -0.153456
vn 0.746580 0.216280 0.629160
vn -0.031268 0.959139 -0.281202
vn 0.725154 0.398623 0.561473
vn -0.175539 0.900303 -0.398297
vn 0.676030 0.565531 0.472396
vn 0.720094 0.219949 0.658093
vn -0.727181 0.181903 -0.661906
vn -0.160555 0.977053 -0.139965
vn -0.017632 0.999800 -0.009485
vn 0.674034 0.405706 0.617317
vn -0.297413 0.917190 -0.265158
vn 0.602258 0.575752 0.552987
vn -0.423025 0.822437 -0.380326
vn 0.507574 0.723670 0.467622
vn -0.532617 0.696325 -0.481094
vn 0.393637 0.843906 0.364517
vn -0.621998 0.543569 -0.563606
vn 0.264802 0.931969 0.247615
vn -0.687713 0.369908 -0.624676
vn 0.125961 0.984585 0.121355
vn 0.284377 0.827104 0.484797
vn 0.414467 0.709352 0.570120
vn -0.695391 0.532283 -0.482811
vn -0.625725 0.682007 -0.378596
vn 0.143554 0.913325 0.381091
vn -0.738569 0.362087 -0.568690
vn -0.002662 0.964806 0.262949
vn -0.753531 0.177851 -0.632899
vn -0.148744 0.979638 0.134850
vn 0.693744 0.215897 0.687101
vn -0.289178 0.957274 0.001630
vn 0.623178 0.397886 0.673303
vn -0.418661 0.898545 -0.131682
vn 0.528865 0.564467 0.633782
vn -0.532285 0.805636 -0.260046
vn -0.412193 0.900563 0.138141
vn -0.274140 0.921830 0.274003
vn 0.574539 0.375463 0.727278
vn 0.668545 0.204280 0.715065
vn -0.534622 0.845086 -0.002998
vn 0.458672 0.532107 0.711676
vn -0.636782 0.757462 -0.144085
vn 0.325418 0.668300 0.668938
vn -0.714773 0.640955 -0.279778
vn 0.179879 0.778930 0.600759
vn -0.765584 0.499923 -0.404917
vn 0.027593 0.859866 0.509774
vn -0.787208 0.339664 -0.514715
vn -0.125678 0.908095 0.399460
vn -0.778730 0.166233 -0.604935
vn -0.829880 0.447733 -0.332918
vn -0.796341 0.574746 -0.188437
vn -0.078627 0.773646 0.628721
vn 0.084162 0.701235 0.707945
vn -0.831761 0.303500 -0.464824
vn -0.238358 0.816631 0.525642
vn -0.801814 0.147496 -0.579085
vn -0.389001 0.828596 0.402626
vn 0.645461 0.185543 0.740914
vn -0.524874 0.809099 0.264323
vn 0.529986 0.339299 0.777169
vn -0.640842 0.758866 0.115948
vn 0.394376 0.479917 0.783675
vn -0.732500 0.679766 -0.036898
vn 0.243851 0.602091 0.760278
vn 0.491232 0.290783 0.821058
vn 0.625383 0.160407 0.763653
vn -0.733237 0.643200 0.220585
vn -0.622888 0.686397 0.375325
vn 0.338448 0.409903 0.847014
vn -0.815760 0.575535 0.057394
vn 0.172900 0.513270 0.840631
vn -0.867292 0.485924 -0.108085
vn 0.000901 0.597004 0.802238
vn -0.885808 0.377719 -0.269579
vn -0.171021 0.657980 0.733358
vn -0.870515 0.254985 -0.420934
vn -0.336373 0.693929 0.636644
vn -0.821893 0.122360 -0.556346
vn -0.488913 0.703519 0.515776
vn -0.246041 0.517312 0.819666
vn -0.066701 0.470243 0.880013
vn -0.901982 0.195983 -0.384733
vn -0.931218 0.292571 -0.217336
vn -0.415956 0.544705 0.728201
vn -0.838195 0.091791 -0.537590
vn -0.570036 0.551407 0.609106
vn 0.609080 0.129838 0.782409
vn -0.702471 0.537173 0.466883
vn 0.459766 0.231781 0.857259
vn -0.808256 0.502532 0.306893
vn 0.293038 0.324755 0.899257
vn -0.883363 0.448774 0.135169
vn 0.115291 0.405249 0.906908
vn -0.924901 0.377904 -0.041808
vn -0.863018 0.342268 0.371554
vn -0.760564 0.367161 0.535477
vn 0.259890 0.227745 0.938397
vn 0.436796 0.164560 0.884381
vn -0.932711 0.304355 0.193438
vn 0.073239 0.282180 0.956562
vn -0.966953 0.254835 0.007846
vn -0.116049 0.325824 0.938281
vn -0.964366 0.195561 -0.178195
vn -0.300803 0.357048 0.884327
vn -0.924951 0.128762 -0.357612
vn -0.474049 0.374693 0.796796
vn -0.850096 0.056963 -0.523538
vn -0.629252 0.378104 0.679027
vn 0.597179 0.095010 0.796461
vn -0.938541 0.055904 -0.340612
vn -0.983978 0.090417 -0.153662
vn -0.508419 0.190426 0.839791
vn -0.333202 0.183347 0.924857
vn -0.857137 0.019215 -0.514730
vn -0.664288 0.190272 0.722855
vn 0.590138 0.057262 0.805269
vn -0.794934 0.182894 0.578472
vn 0.423206 0.091703 0.901381
vn -0.895417 0.168567 0.412084
vn 0.240278 0.122601 0.962931
vn -0.961907 0.147827 0.229961
vn 0.048359 0.148792 0.987685
vn -0.991833 0.121447 0.038970
vn -0.145245 0.169295 0.974804
vn -0.969830 -0.014795 0.243334
vn -0.904209 -0.011896 0.426925
vn 0.041608 0.010212 0.999082
vn 0.234956 0.013364 0.971914
vn -0.998584 -0.017133 0.050366
vn -0.153168 0.006674 0.988178
vn -0.989300 -0.018820 -0.144679
vn -0.341994 0.002884 0.939698
vn -0.942228 -0.019789 -0.334387
vn -0.517745 -0.001014 0.855534
vn -0.859047 -0.020003 -0.511505
vn -0.673794 -0.004873 0.738903
vn 0.588228 0.018044 0.808494
vn -0.804260 -0.008546 0.594216
vn 0.419519 0.016009 0.907606
vn -0.855754 -0.059183 -0.513987
vn -0.935872 -0.095410 -0.339176
vn -0.657408 -0.199831 0.726555
vn -0.501669 -0.192271 0.843421
vn 0.591521 -0.021136 0.806013
vn -0.788185 -0.199803 0.582103
vn 0.425875 -0.059612 0.902816
vn -0.889055 -0.192186 0.415507
vn 0.244129 -0.095768 0.965002
vn -0.956174 -0.177261 0.233045
vn 0.053245 -0.128235 0.990313
vn -0.986947 -0.155580 0.041598
vn -0.139512 -0.155792 0.977888
vn -0.980127 -0.127952 -0.151591
vn -0.326840 -0.177406 0.928279
vn 0.082822 -0.261229 0.961717
vn 0.267444 -0.200601 0.942461
vn -0.957369 -0.288574 0.013002
vn -0.921465 -0.333327 0.199488
vn -0.104803 -0.311858 0.944331
vn -0.956812 -0.232785 -0.174132
vn -0.288323 -0.350595 0.891041
vn -0.919716 -0.168053 -0.354796
vn -0.460810 -0.375994 0.803917
vn -0.847384 -0.096819 -0.522079
vn -0.615757 -0.387109 0.686287
vn 0.599891 -0.058772 0.797920
vn -0.747325 -0.383526 0.542599
vn 0.442030 -0.132254 0.887197
vn -0.850538 -0.365374 0.378268
vn -0.550443 -0.559511 0.619645
vn -0.396736 -0.545123 0.738540
vn 0.613018 -0.093419 0.784527
vn -0.834258 -0.131466 -0.535472
vn -0.683251 -0.552655 0.477222
vn 0.467365 -0.199126 0.861347
vn -0.790139 -0.524805 0.316639
vn 0.304005 -0.297107 0.905157
vn -0.867037 -0.476996 0.143952
vn 0.129204 -0.383658 0.914392
vn -0.910988 -0.411003 -0.034323
vn -0.050375 -0.455527 0.888795
vn -0.920251 -0.329291 -0.211436
vn -0.227923 -0.510026 0.829412
vn -0.894382 -0.234925 -0.380646
vn -0.849584 -0.518163 -0.098559
vn -0.794980 -0.602747 0.068573
vn 0.021681 -0.581278 0.813416
vn 0.190608 -0.490818 0.850157
vn -0.871849 -0.413760 -0.262070
vn -0.147962 -0.649573 0.745763
vn -0.860843 -0.293457 -0.415731
vn -0.311911 -0.693158 0.649803
vn -0.816881 -0.161792 -0.553650
vn -0.463977 -0.710411 0.529190
vn 0.630394 -0.123745 0.766349
vn -0.598426 -0.700690 0.388485
vn 0.500904 -0.257658 0.826261
vn -0.710177 -0.664353 0.232990
vn 0.352407 -0.381577 0.854523
vn 0.651354 -0.148585 0.744084
vn -0.795921 -0.186631 -0.575915
vn -0.496109 -0.821943 0.279797
vn -0.359679 -0.834010 0.418399
vn 0.541359 -0.305601 0.783287
vn -0.613727 -0.778653 0.130534
vn 0.410790 -0.450764 0.792505
vn -0.708066 -0.705747 -0.023754
vn 0.264673 -0.578591 0.771479
vn -0.775518 -0.605936 -0.177236
vn 0.108596 -0.684278 0.721090
vn -0.813467 -0.482948 -0.324088
vn -0.051511 -0.763873 0.643307
vn -0.820388 -0.341399 -0.458705
vn -0.209594 -0.814411 0.541115
vn 0.207030 -0.760570 0.615364
vn 0.348554 -0.643604 0.681384
vn -0.747346 -0.534195 -0.395107
vn -0.691637 -0.670949 -0.267331
vn 0.057721 -0.848535 0.525982
vn -0.774571 -0.376909 -0.507917
vn -0.093717 -0.904222 0.416653
vn -0.772182 -0.205029 -0.601413
vn -0.241560 -0.925559 0.291529
vn 0.675093 -0.166983 0.718586
vn -0.380231 -0.911754 0.155335
vn 0.587176 -0.341111 0.734076
vn -0.504494 -0.863314 0.013209
vn 0.476910 -0.502011 0.721486
vn -0.609632 -0.782038 -0.129479
vn -0.255249 -0.966671 0.019884
vn -0.114159 -0.981539 0.153457
vn 0.636593 -0.362825 0.680520
vn 0.700695 -0.178233 0.690839
vn -0.386677 -0.915083 -0.114475
vn 0.548225 -0.533347 0.644197
vn -0.503463 -0.828689 -0.244540
vn 0.439027 -0.683357 0.583333
vn -0.601164 -0.710702 -0.365383
vn 0.313199 -0.807220 0.500303
vn -0.676030 -0.565531 -0.472396
vn 0.175538 -0.900303 0.398297
vn -0.725153 -0.398623 -0.561473
vn 0.031267 -0.959139 0.281203
vn -0.746580 -0.216280 -0.629160
vn -0.461158 -0.561499 0.687060
vn -0.551174 -0.552919 0.624890
vn -0.501886 -0.700674 0.507116
vn -0.387689 -0.711559 0.585987
vn 0.232617 -0.923735 -0.304308
vn 0.083906 -0.909559 -0.407015
vn 0.194894 -0.819170 -0.539422
vn 0.328902 -0.831945 -0.446868
vn -0.517088 -0.389852 0.761994
vn -0.579464 -0.383907 0.718914
vn 0.127536 -0.980388 -0.150247
vn -0.030221 -0.965350 -0.259202
vn -0.553291 -0.203100 0.807849
vn -0.585609 -0.200019 0.785529
vn 0.017634 -0.999800 0.009487
vn -0.143177 -0.984471 -0.101578
vn 0.560379 -0.198752 -0.804036
vn 0.528060 -0.195672 -0.826356
vn 0.568432 0.002219 -0.822728
vn -0.568432 -0.002219 0.822728
vn -0.092938 -0.981249 0.168859
vn -0.250695 -0.966211 0.059904
vn 0.530768 -0.385761 -0.754635
vn 0.468392 -0.379815 -0.797715
vn -0.200004 -0.925424 0.321853
vn -0.348715 -0.911248 0.219145
vn 0.480900 -0.557822 -0.676440
vn 0.390882 -0.549241 -0.738611
vn -0.299514 -0.834398 0.462678
vn -0.433523 -0.821624 0.370125
vn 0.412733 -0.708435 -0.572514
vn 0.298535 -0.697549 -0.651385
vn 0.188246 -0.659797 -0.727483
vn 0.303946 -0.519482 -0.798596
vn -0.612175 -0.662922 0.431018
vn -0.562946 -0.777322 0.280825
vn 0.065471 -0.774869 -0.628723
vn -0.638111 -0.523160 0.564905
vn -0.059716 -0.860397 -0.506113
vn -0.639705 -0.363286 0.677349
vn -0.182580 -0.913198 -0.364327
vn -0.616819 -0.189336 0.763994
vn -0.298483 -0.931309 -0.208737
vn 0.496850 -0.184988 -0.847891
vn -0.403053 -0.914059 -0.045222
vn 0.408151 -0.359195 -0.839281
vn -0.492337 -0.862086 0.120047
vn -0.442319 -0.842358 -0.307875
vn -0.323685 -0.825935 -0.461583
vn 0.467943 -0.167112 -0.867815
vn -0.645726 -0.171459 0.744069
vn -0.544158 -0.826796 -0.142478
vn 0.352359 -0.324692 -0.877735
vn -0.625352 -0.779827 0.028368
vn 0.223431 -0.469690 -0.854090
vn -0.682810 -0.703196 0.198210
vn 0.086102 -0.596629 -0.797885
vn -0.714319 -0.599754 0.360616
vn -0.054393 -0.700742 -0.711338
vn -0.718627 -0.473368 0.509410
vn -0.192731 -0.778138 -0.597793
vn -0.695497 -0.328783 0.638894
vn -0.804391 -0.513598 0.298616
vn -0.788508 -0.602093 0.125454
vn -0.160092 -0.599639 -0.784094
vn -0.003970 -0.510473 -0.859885
vn -0.789627 -0.405455 0.460538
vn -0.310026 -0.665943 -0.678530
vn -0.744695 -0.281724 0.605029
vn -0.448115 -0.706916 -0.547232
vn -0.671216 -0.147078 0.726524
vn -0.569157 -0.721035 -0.395182
vn 0.442454 -0.142730 -0.885361
vn -0.668588 -0.707777 -0.228127
vn 0.303161 -0.277633 -0.911600
vn -0.742647 -0.667632 -0.052370
vn 0.152430 -0.401777 -0.902962
vn -0.692310 -0.117127 0.712031
vn -0.771561 -0.561574 -0.298878
vn -0.674123 -0.572003 -0.467302
vn 0.262447 -0.219826 -0.939574
vn 0.421360 -0.112779 -0.899854
vn -0.839715 -0.529813 -0.119064
vn 0.093673 -0.318353 -0.943333
vn -0.875980 -0.477899 0.065353
vn -0.078510 -0.404640 -0.911100
vn -0.878931 -0.407765 0.247401
vn -0.247564 -0.475446 -0.844194
vn -0.848384 -0.322031 0.420167
vn -0.407094 -0.528124 -0.745224
vn -0.785410 -0.223917 0.577055
vn -0.551088 -0.560714 -0.617982
vn -0.892639 -0.226302 0.389849
vn -0.935075 -0.286321 0.208939
vn -0.480205 -0.369977 -0.795311
vn -0.313447 -0.332934 -0.889329
vn -0.816076 -0.157583 0.556047
vn -0.628646 -0.392947 -0.671116
vn -0.708199 -0.082759 0.701146
vn -0.753182 -0.400990 -0.521463
vn 0.405471 -0.078411 -0.910739
vn -0.849119 -0.393808 -0.352011
vn 0.231781 -0.153492 -0.960582
vn -0.912827 -0.371666 -0.169151
vn 0.049418 -0.222624 -0.973651
vn -0.941863 -0.335387 0.020218
vn -0.134654 -0.283197 -0.949562
vn 0.212342 -0.081182 -0.973818
vn 0.395399 -0.040947 -0.917596
vn -0.959171 -0.199269 -0.200706
vn -0.898283 -0.210924 -0.385486
vn 0.021365 -0.118270 -0.992752
vn -0.983626 -0.180034 -0.008217
vn -0.170242 -0.150810 -0.973794
vn -0.970663 -0.153935 0.184707
vn -0.355210 -0.177580 -0.917764
vn -0.920692 -0.121948 0.370749
vn -0.526550 -0.197580 -0.826866
vn -0.835514 -0.085273 0.542812
vn -0.677810 -0.210063 -0.704590
vn -0.718270 -0.045295 0.694289
vn -0.803297 -0.214567 -0.555586
vn -0.544347 -0.017557 -0.838676
vn -0.371247 -0.015355 -0.928407
vn -0.842979 -0.009764 0.537858
vn -0.931465 -0.012977 0.363599
vn -0.696689 -0.019090 -0.717119
vn -0.722138 -0.006173 0.691722
vn -0.822542 -0.019898 -0.568357
vn 0.391531 -0.001825 -0.920163
vn -0.917162 -0.019950 -0.398014
vn 0.204877 -0.005673 -0.978771
vn -0.976968 -0.019246 -0.212516
vn 0.010592 -0.009299 -0.999901
vn -0.999664 -0.017808 -0.018860
vn -0.183909 -0.012568 -0.982863
vn -0.984330 -0.015693 0.175638
vn -0.965533 0.161484 -0.204128
vn -0.905032 0.171773 -0.389116
vn 0.017514 0.100099 -0.994823
vn 0.209673 0.070133 -0.975253
vn -0.989359 0.145054 -0.011301
vn -0.175128 0.126217 -0.976422
vn -0.975549 0.123092 0.182079
vn -0.360943 0.147507 -0.920848
vn -0.924543 0.096421 0.368677
vn -0.532912 0.163173 -0.830289
vn -0.838183 0.066042 0.541376
vn -0.684559 0.172633 -0.708221
vn -0.719653 0.033103 0.693545
vn -0.810177 0.175536 -0.559286
vn 0.394017 0.037451 -0.918340
vn -0.821310 0.139231 0.553231
vn -0.900193 0.202043 0.385785
vn -0.641885 0.357739 -0.678237
vn -0.492685 0.337665 -0.802025
vn -0.710911 0.071023 0.699687
vn -0.766677 0.364224 -0.528723
vn 0.402759 0.075371 -0.912198
vn -0.862358 0.356878 -0.359133
vn 0.226546 0.143322 -0.963398
vn -0.925306 0.335976 -0.175864
vn 0.041864 0.205721 -0.977715
vn -0.953109 0.302295 0.014169
vn -0.144237 0.260212 -0.954718
vn -0.944658 0.257087 0.203783
vn -0.324693 0.304748 -0.895379
vn 0.082706 0.303508 -0.949232
vn 0.254847 0.211082 -0.943662
vn -0.892307 0.447871 0.056570
vn -0.857833 0.497525 -0.128810
vn -0.092423 0.384267 -0.918584
vn -0.892844 0.381142 0.239916
vn -0.263890 0.450325 -0.852977
vn -0.859351 0.299831 0.414268
vn -0.425212 0.499214 -0.754971
vn -0.793009 0.206991 0.572967
vn -0.570308 0.529114 -0.628321
vn -0.696247 0.106130 0.709913
vn -0.693714 0.538914 -0.477841
vn 0.417422 0.110478 -0.901972
vn -0.790780 0.528253 -0.309217
vn -0.472577 0.680171 -0.560391
vn -0.333085 0.641609 -0.690935
vn -0.676227 0.137075 0.723828
vn -0.754367 0.266718 0.599826
vn -0.594092 0.692895 -0.408596
vn 0.437442 0.141422 -0.888056
vn -0.693050 0.679310 -0.241287
vn 0.293488 0.270809 -0.916803
vn -0.765706 0.639920 -0.064775
vn 0.138472 0.389703 -0.910471
vn -0.809288 0.576189 0.114275
vn -0.021678 0.493615 -0.869411
vn -0.822099 0.490490 0.289090
vn -0.180872 0.578643 -0.795272
vn -0.803585 0.386025 0.453029
vn -0.707244 0.682317 0.185065
vn -0.652467 0.757692 0.013781
vn 0.065280 0.584053 -0.809086
vn 0.207017 0.460992 -0.862920
vn -0.735141 0.580928 0.349415
vn -0.078827 0.684771 -0.724483
vn -0.735040 0.457314 0.500580
vn -0.219846 0.759381 -0.612379
vn -0.706870 0.316116 0.632776
vn -0.352450 0.805107 -0.477056
vn -0.651619 0.162668 0.740900
vn -0.471640 0.820248 -0.323649
vn 0.462051 0.167016 -0.870985
vn -0.572922 0.804246 -0.157952
vn 0.340986 0.320207 -0.883853
vn -0.623366 0.181927 0.760472
vn -0.652342 0.353288 0.670550
vn -0.331063 0.916080 -0.226264
vn -0.214541 0.899119 -0.381520
vn 0.490303 0.186275 -0.851413
vn -0.435014 0.898258 -0.062416
vn 0.395514 0.357379 -0.846079
vn -0.522466 0.846314 0.103839
vn 0.285709 0.514635 -0.808406
vn -0.590096 0.762178 0.266219
vn 0.165110 0.652107 -0.739929
vn -0.635311 0.648982 0.418571
vn 0.038321 0.764631 -0.643328
vn -0.656349 0.510957 0.555094
vn -0.089845 0.848003 -0.522321
vn -0.526447 0.692036 0.493903
vn -0.462345 0.812701 0.354620
vn 0.166071 0.815154 -0.554927
vn 0.273974 0.695161 -0.664598
vn -0.570536 0.544895 0.614474
vn 0.051921 0.904069 -0.424222
vn -0.592880 0.376804 0.711697
vn -0.064152 0.958595 -0.277454
vn -0.592560 0.194111 0.781789
vn -0.177763 0.976707 -0.120184
vn 0.521110 0.198459 -0.830096
vn -0.284624 0.957734 0.041650
vn 0.454976 0.380895 -0.804932
vn -0.380699 0.902380 0.201938
vn 0.371522 0.548573 -0.749026
vn 0.553291 0.203100 -0.807849
vn -0.560378 0.198752 0.804036
vn -0.127533 0.980388 0.150247
vn -0.017632 0.999800 -0.009485
vn 0.517089 0.389852 -0.761994
vn -0.232616 0.923735 0.304308
vn 0.461159 0.561499 -0.687060
vn -0.328901 0.831945 0.446869
vn 0.387689 0.711560 -0.585986
vn -0.412732 0.708435 0.572515
vn 0.299515 0.834398 -0.462678
vn -0.480899 0.557822 0.676440
vn 0.200005 0.925424 -0.321852
vn -0.530767 0.385761 0.754635
vn 0.092939 0.981249 -0.168857
vn 0.433523 0.821624 -0.370125
vn 0.501886 0.700674 -0.507116
vn -0.390882 0.549241 0.738611
vn -0.298535 0.697549 0.651385
vn 0.348715 0.911248 -0.219144
vn -0.468392 0.379815 0.797715
vn 0.250695 0.966211 -0.059902
vn -0.528060 0.195671 0.826357
vn 0.143177 0.984471 0.101578
vn 0.585610 0.200019 -0.785528
vn 0.030223 0.965350 0.259201
vn 0.579464 0.383906 -0.718914
vn -0.083906 0.909559 0.407016
vn 0.551175 0.552919 -0.624889
vn -0.194893 0.819170 0.539422
vn 0.182581 0.913198 0.364326
vn 0.298483 0.931309 0.208738
vn 0.639705 0.363286 -0.677348
vn 0.616820 0.189336 -0.763993
vn 0.059716 0.860397 0.506113
vn 0.638112 0.523160 -0.564904
vn -0.065470 0.774869 0.628723
vn 0.612175 0.662922 -0.431018
vn -0.188246 0.659797 0.727483
vn 0.562946 0.777322 -0.280824
vn -0.303946 0.519482 0.798596
vn 0.492337 0.862086 -0.120047
vn -0.408151 0.359195 0.839281
vn 0.403053 0.914059 0.045223
vn -0.496850 0.184988 0.847891
vn -0.223431 0.469690 0.854090
vn -0.086102 0.596629 0.797885
vn 0.625352 0.779827 -0.028368
vn 0.682810 0.703196 -0.198209
vn -0.352359 0.324692 0.877735
vn 0.544158 0.826796 0.142479
vn -0.467943 0.167112 0.867815
vn 0.442319 0.842358 0.307876
vn 0.645726 0.171459 -0.744070
vn 0.323686 0.825935 0.461582
vn 0.695497 0.328783 -0.638894
vn 0.192731 0.778138 0.597792
vn 0.718627 0.473368 -0.509410
vn 0.054394 0.700742 0.711338
vn 0.714319 0.599754 -0.360616
vn 0.744695 0.281724 -0.605030
vn 0.671216 0.147078 -0.726524
vn 0.310026 0.665943 0.678530
vn 0.448116 0.706916 0.547231
vn 0.789627 0.405455 -0.460538
vn 0.160092 0.599639 0.784094
vn 0.804391 0.513598 -0.298616
vn 0.003970 0.510473 0.859885
vn 0.788509 0.602093 -0.125453
vn -0.152430 0.401777 0.902962
vn 0.742647 0.667632 0.052370
vn -0.303160 0.277633 0.911600
vn 0.668588 0.707777 0.228128
vn -0.442453 0.142730 0.885361
vn 0.569157 0.721035 0.395182
vn 0.839715 0.529813 0.119064
vn 0.875980 0.477899 -0.065353
vn -0.262446 0.219826 0.939574
vn -0.093673 0.318353 0.943333
vn 0.771561 0.561575 0.298879
vn -0.421359 0.112779 0.899854
vn 0.674123 0.572003 0.467302
vn 0.692310 0.117127 -0.712031
vn 0.551089 0.560714 0.617982
vn 0.785410 0.223917 -0.577056
vn 0.407094 0.528124 0.745224
vn 0.848384 0.322031 -0.420167
vn 0.247564 0.475446 0.844194
vn 0.878932 0.407765 -0.247401
vn 0.078510 0.404640 0.911100
vn 0.480206 0.369977 0.795311
vn 0.628647 0.392947 0.671115
vn 0.892639 0.226302 -0.389849
vn 0.816076 0.157583 -0.556047
vn 0.313447 0.332934 0.889329
vn 0.935075 0.286321 -0.208939
vn 0.134654 0.283197 0.949562
vn 0.941863 0.335387 -0.020218
vn -0.049418 0.222624 0.973651
vn 0.912827 0.371666 0.169151
vn -0.231780 0.153492 0.960582
vn 0.849119 0.393808 0.352012
vn -0.405470 0.078411 0.910739
vn 0.753182 0.400990 0.521464
vn 0.708199 0.082759 -0.701146
vn -0.212341 0.081182 0.973818
vn -0.021365 0.118270 0.992752
vn 0.898282 0.210924 0.385487
vn 0.959171 0.199268 0.200706
vn -0.395399 0.040947 0.917596
vn 0.803297 0.214567 0.555586
vn 0.718270 0.045295 -0.694289
vn 0.677811 0.210063 0.704589
vn 0.835515 0.085273 -0.542811
vn 0.526550 0.197579 0.826866
vn 0.920692 0.121948 -0.370749
vn 0.355210 0.177580 0.917764
vn 0.970663 0.153935 -0.184707
vn 0.170242 0.150810 0.973794
vn 0.983626 0.180034 0.008217
vn 0.371247 0.015355 0.928407
vn 0.544347 0.017556 0.838677
vn 0.984330 0.015693 -0.175638
vn 0.931465 0.012977 -0.363600
vn 0.183909 0.012568 0.982863
vn 0.999664 0.017808 0.018860
vn -0.010592 0.009299 0.999901
vn 0.976968 0.019245 0.212516
vn -0.204876 0.005673 0.978771
vn 0.917162 0.019951 0.398015
vn -0.391532 0.001825 0.920163
vn 0.822542 0.019898 0.568357
vn 0.722138 0.006173 -0.691722
vn 0.696690 0.019090 0.717118
vn 0.842979 0.009764 -0.537857
vn -0.394017 -0.037451 0.918340
vn -0.209673 -0.070133 0.975253
vn 0.810176 -0.175536 0.559286
vn 0.905031 -0.171773 0.389117
vn 0.719653 -0.033103 -0.693545
vn 0.684560 -0.172634 0.708220
vn 0.838183 -0.066042 -0.541376
vn 0.532912 -0.163174 0.830288
vn 0.924543 -0.096421 -0.368677
vn 0.360943 -0.147507 0.920848
vn 0.975549 -0.123092 -0.182079
vn 0.175128 -0.126217 0.976422
vn 0.989359 -0.145054 0.011301
vn -0.017514 -0.100099 0.994823
vn 0.965533 -0.161485 0.204128
vn 0.944658 -0.257087 -0.203783
vn 0.900193 -0.202043 -0.385785
vn 0.144237 -0.260212 0.954717
vn 0.324693 -0.304748 0.895379
vn 0.953109 -0.302295 -0.014168
vn -0.041864 -0.205721 0.977715
vn 0.925306 -0.335977 0.175864
vn -0.226546 -0.143322 0.963398
vn 0.862357 -0.356879 0.359134
vn -0.402758 -0.075371 0.912198
vn 0.766677 -0.364224 0.528723
vn 0.710911 -0.071023 -0.699687
vn 0.641886 -0.357740 0.678237
vn 0.821310 -0.139231 -0.553231
vn 0.492685 -0.337665 0.802025
vn 0.693714 -0.538915 0.477841
vn 0.790780 -0.528253 0.309218
vn 0.696247 -0.106130 -0.709913
vn -0.417422 -0.110478 0.901972
vn 0.570308 -0.529114 0.628321
vn 0.793009 -0.206991 -0.572967
vn 0.425212 -0.499214 0.754971
vn 0.859351 -0.299831 -0.414268
vn 0.263890 -0.450325 0.852977
vn 0.892844 -0.381142 -0.239917
vn 0.092423 -0.384267 0.918584
vn 0.892307 -0.447871 -0.056570
vn -0.082707 -0.303508 0.949232
vn 0.857833 -0.497525 0.128811
vn -0.254847 -0.211082 0.943662
vn 0.021678 -0.493615 0.869410
vn 0.180872 -0.578643 0.795272
vn 0.809288 -0.576190 -0.114275
vn 0.822099 -0.490490 -0.289090
vn -0.138472 -0.389703 0.910471
vn 0.765706 -0.639920 0.064775
vn -0.293488 -0.270809 0.916803
vn 0.693050 -0.679310 0.241288
vn -0.437442 -0.141422 0.888057
vn 0.594092 -0.692895 0.408596
vn 0.676227 -0.137075 -0.723828
vn 0.472578 -0.680171 0.560390
vn 0.754367 -0.266718 -0.599826
vn 0.333085 -0.641609 0.690935
vn 0.803585 -0.386025 -0.453029
vn 0.651619 -0.162668 -0.740900
vn -0.462050 -0.167016 0.870985
vn 0.352450 -0.805107 0.477056
vn 0.471640 -0.820248 0.323649
vn 0.706870 -0.316116 -0.632776
vn 0.219846 -0.759381 0.612379
vn 0.735040 -0.457314 -0.500581
vn 0.078828 -0.684771 0.724482
vn 0.735141 -0.580928 -0.349414
vn -0.065280 -0.584053 0.809086
vn 0.707244 -0.682318 -0.185065
vn -0.207018 -0.460991 0.862920
vn 0.652467 -0.757692 -0.013781
vn -0.340986 -0.320207 0.883853
vn 0.572922 -0.804246 0.157953
vn 0.590095 -0.762178 -0.266219
vn 0.635311 -0.648982 -0.418571
vn -0.285709 -0.514635 0.808406
vn -0.165110 -0.652107 0.739929
vn 0.522466 -0.846314 -0.103839
vn -0.395514 -0.357379 0.846079
vn 0.435013 -0.898258 0.062417
vn -0.490303 -0.186275 0.851413
vn 0.331062 -0.916080 0.226264
vn 0.623366 -0.181927 -0.760472
vn 0.214542 -0.899119 0.381519
vn 0.652342 -0.353288 -0.670550
vn 0.089845 -0.848003 0.522321
vn 0.656348 -0.510957 -0.555094
vn -0.038321 -0.764631 0.643328
vn 0.064153 -0.958594 0.277455
vn 0.177765 -0.976706 0.120185
vn 0.592880 -0.376804 -0.711697
vn 0.592559 -0.194111 -0.781789
vn -0.051921 -0.904068 0.424222
vn 0.570536 -0.544895 -0.614474
vn -0.166071 -0.815154 0.554928
vn 0.526448 -0.692036 -0.493902
vn -0.273974 -0.695160 0.664598
vn 0.462345 -0.812701 -0.354619
vn -0.371522 -0.548573 0.749026
vn 0.380700 -0.902379 -0.201938
vn -0.454976 -0.380895 0.804932
vn 0.284626 -0.957734 -0.041649
vn -0.521110 -0.198459 0.830096
s 1
g Sphere4
usemtl initialShadingGroup
f 480/99/1 19/131/2 18/163/3 479/134/4
f 477/354/5 12/350/6 11/367/7 2/368/8
f 481/87/9 20/98/10 19/131/2 480/99/1
f 3/321/11 13/320/12 12/350/6 477/354/5
f 482/33/13 21/59/14 20/98/10 481/87/9
f 4/288/15 14/287/16 13/320/12 3/321/11
f 474/525/17 7/518/18 82/551/19
f 308/24/20 21/59/14 482/33/13
f 5/255/21 15/254/22 14/287/16 4/288/15
f 475/486/23 8/483/24 7/518/18 474/525/17
f 478/205/25 16/230/26 15/254/22 5/255/21
f 1/438/27 9/437/28 8/483/24 475/486/23
f 6/197/29 17/195/30 16/230/26 478/205/25
f 476/420/31 10/419/32 9/437/28 1/438/27
f 479/134/4 18/163/3 17/195/30 6/197/29
f 2/368/8 11/367/7 10/419/32 476/420/31
f 10/419/32 25/418/33 24/436/34 9/437/28
f 18/163/3 33/162/35 32/194/36 17/195/30
f 11/367/7 26/366/37 25/418/33 10/419/32
f 19/131/2 34/130/38 33/162/35 18/163/3
f 12/350/6 27/330/39 26/366/37 11/367/7
f 20/98/10 35/97/40 34/130/38 19/131/2
f 13/320/12 28/319/41 27/330/39 12/350/6
f 21/59/14 36/58/42 35/97/40 20/98/10
f 14/287/16 29/286/43 28/319/41 13/320/12
f 7/518/18 22/517/44 82/550/19
f 308/23/20 36/58/42 21/59/14
f 15/254/22 30/253/45 29/286/43 14/287/16
f 8/483/24 23/482/46 22/517/44 7/518/18
f 16/230/26 31/229/47 30/253/45 15/254/22
f 9/437/28 24/436/34 23/482/46 8/483/24
f 17/195/30 32/194/36 31/229/47 16/230/26
f 29/286/43 44/285/48 43/318/49 28/319/41
f 22/517/44 37/516/50 82/549/19
f 308/22/20 51/57/51 36/58/42
f 30/253/45 45/252/52 44/285/48 29/286/43
f 23/482/46 38/481/53 37/516/50 22/517/44
f 31/229/47 46/228/54 45/252/52 30/253/45
f 24/436/34 39/435/55 38/481/53 23/482/46
f 32/194/36 47/193/56 46/228/54 31/229/47
f 25/418/33 40/417/57 39/435/55 24/436/34
f 33/162/35 48/161/58 47/193/56 32/194/36
f 26/366/37 41/365/59 40/417/57 25/418/33
f 34/130/38 49/129/60 48/161/58 33/162/35
f 27/330/39 42/349/61 41/365/59 26/366/37
f 35/97/40 50/96/62 49/129/60 34/130/38
f 28/319/41 43/318/49 42/349/61 27/330/39
f 36/58/42 51/57/51 50/96/62 35/97/40
f 48/161/58 63/160/63 62/192/64 47/193/56
f 41/365/59 56/386/65 55/396/66 40/417/57
f 49/129/60 64/128/67 63/160/63 48/161/58
f 42/349/61 57/348/68 56/386/65 41/365/59
f 50/96/62 65/86/69 64/128/67 49/129/60
f 43/318/49 58/317/70 57/348/68 42/349/61
f 51/57/51 66/56/71 65/86/69 50/96/62
f 44/285/48 59/284/72 58/317/70 43/318/49
f 37/516/50 52/515/73 82/548/19
f 308/21/20 66/56/71 51/57/51
f 45/252/52 60/251/74 59/284/72 44/285/48
f 38/481/53 53/480/75 52/515/73 37/516/50
f 46/228/54 61/227/76 60/251/74 45/252/52
f 39/435/55 54/434/77 53/480/75 38/481/53
f 47/193/56 62/192/64 61/227/76 46/228/54
f 40/417/57 55/396/66 54/434/77 39/435/55
f 308/20/20 81/55/78 66/56/71
f 60/251/74 75/250/79 74/283/80 59/284/72
f 53/480/75 68/479/81 67/514/82 52/515/73
f 61/227/76 76/226/83 75/250/79 60/251/74
f 54/434/77 69/433/84 68/479/81 53/480/75
f 62/192/64 77/191/85 76/226/83 61/227/76
f 55/396/66 70/416/86 69/433/84 54/434/77
f 63/160/63 78/159/87 77/191/85 62/192/64
f 56/386/65 71/364/88 70/416/86 55/396/66
f 64/128/67 79/127/89 78/159/87 63/160/63
f 57/348/68 72/347/90 71/364/88 56/386/65
f 65/86/69 80/85/91 79/127/89 64/128/67
f 58/317/70 73/316/92 72/347/90 57/348/68
f 66/56/71 81/55/78 80/85/91 65/86/69
f 59/284/72 74/283/80 73/316/92 58/317/70
f 52/515/73 67/514/82 82/547/19
f 79/127/89 95/126/93 94/158/94 78/159/87
f 72/347/90 88/346/95 87/363/96 71/364/88
f 80/85/91 96/84/97 95/126/93 79/127/89
f 73/316/92 89/315/98 88/346/95 72/347/90
f 81/55/78 97/54/99 96/84/97 80/85/91
f 74/283/80 90/282/100 89/315/98 73/316/92
f 67/514/82 83/513/101 82/546/19
f 308/19/20 97/54/99 81/55/78
f 75/250/79 91/249/102 90/282/100 74/283/80
f 68/479/81 84/478/103 83/513/101 67/514/82
f 76/226/83 92/225/104 91/249/102 75/250/79
f 69/433/84 85/432/105 84/478/103 68/479/81
f 77/191/85 93/190/106 92/225/104 76/226/83
f 70/416/86 86/415/107 85/432/105 69/433/84
f 78/159/87 94/158/94 93/190/106 77/191/85
f 71/364/88 87/363/96 86/415/107 70/416/86
f 84/478/103 99/477/108 98/512/109 83/513/101
f 92/225/104 107/224/110 106/248/111 91/249/102
f 85/432/105 100/431/112 99/477/108 84/478/103
f 93/190/106 108/189/113 107/224/110 92/225/104
f 86/415/107 101/414/114 100/431/112 85/432/105
f 94/158/94 109/157/115 108/189/113 93/190/106
f 87/363/96 102/385/116 101/414/114 86/415/107
f 95/126/93 110/125/117 109/157/115 94/158/94
f 88/346/95 103/345/118 102/385/116 87/363/96
f 96/84/97 111/83/119 110/125/117 95/126/93
f 89/315/98 104/314/120 103/345/118 88/346/95
f 97/54/99 112/53/121 111/83/119 96/84/97
f 90/282/100 105/281/122 104/314/120 89/315/98
f 83/513/101 98/512/109 82/545/19
f 308/18/20 112/53/121 97/54/99
f 91/249/102 106/248/111 105/281/122 90/282/100
f 103/345/118 118/344/123 117/384/124 102/385/116
f 111/83/119 126/82/125 125/124/126 110/125/117
f 104/314/120 119/313/127 118/344/123 103/345/118
f 112/53/121 127/52/128 126/82/125 111/83/119
f 105/281/122 120/280/129 119/313/127 104/314/120
f 98/512/109 113/511/130 82/544/19
f 308/17/20 127/52/128 112/53/121
f 106/248/111 121/247/131 120/280/129 105/281/122
f 99/477/108 114/476/132 113/511/130 98/512/109
f 107/224/110 122/223/133 121/247/131 106/248/111
f 100/431/112 115/430/134 114/476/132 99/477/108
f 108/189/113 123/188/135 122/223/133 107/224/110
f 101/414/114 116/413/136 115/430/134 100/431/112
f 109/157/115 124/156/137 123/188/135 108/189/113
f 102/385/116 117/384/124 116/413/136 101/414/114
f 110/125/117 125/124/126 124/156/137 109/157/115
f 122/223/133 137/222/138 136/246/139 121/247/131
f 115/430/134 130/429/140 129/475/141 114/476/132
f 123/188/135 138/187/142 137/222/138 122/223/133
f 116/413/136 131/412/143 130/429/140 115/430/134
f 124/156/137 139/155/144 138/187/142 123/188/135
f 117/384/124 132/383/145 131/412/143 116/413/136
f 125/124/126 140/123/146 139/155/144 124/156/137
f 118/344/123 133/343/147 132/383/145 117/384/124
f 126/82/125 141/81/148 140/123/146 125/124/126
f 119/313/127 134/312/149 133/343/147 118/344/123
f 127/52/128 142/51/150 141/81/148 126/82/125
f 120/280/129 135/279/151 134/312/149 119/313/127
f 113/511/130 128/510/152 82/543/19
f 308/16/20 142/51/150 127/52/128
f 121/247/131 136/246/139 135/279/151 120/280/129
f 114/476/132 129/475/141 128/510/152 113/511/130
f 141/81/148 156/80/153 155/122/154 140/123/146
f 134/312/149 149/311/155 148/342/156 133/343/147
f 142/51/150 157/50/157 156/80/153 141/81/148
f 135/279/151 150/278/158 149/311/155 134/312/149
f 128/510/152 143/509/159 82/542/19
f 308/15/20 157/50/157 142/51/150
f 136/246/139 151/245/160 150/278/158 135/279/151
f 129/475/141 144/474/161 143/509/159 128/510/152
f 137/222/138 152/221/162 151/245/160 136/246/139
f 130/429/140 145/447/163 144/474/161 129/475/141
f 138/187/142 153/186/164 152/221/162 137/222/138
f 131/412/143 146/411/165 145/447/163 130/429/140
f 139/155/144 154/154/166 153/186/164 138/187/142
f 132/383/145 147/382/167 146/411/165 131/412/143
f 140/123/146 155/122/154 154/154/166 139/155/144
f 133/343/147 148/342/156 147/382/167 132/383/145
f 145/447/163 160/446/168 159/473/169 144/474/161
f 153/186/164 168/185/170 167/220/171 152/221/162
f 146/411/165 161/410/172 160/446/168 145/447/163
f 154/154/166 169/153/173 168/185/170 153/186/164
f 147/382/167 162/381/174 161/410/172 146/411/165
f 155/122/154 170/121/175 169/153/173 154/154/166
f 148/342/156 163/341/176 162/381/174 147/382/167
f 156/80/153 171/79/177 170/121/175 155/122/154
f 149/311/155 164/310/178 163/341/176 148/342/156
f 157/50/157 172/49/179 171/79/177 156/80/153
f 150/278/158 165/277/180 164/310/178 149/311/155
f 143/509/159 158/508/181 82/541/19
f 308/14/20 172/49/179 157/50/157
f 151/245/160 166/244/182 165/277/180 150/278/158
f 144/474/161 159/473/169 158/508/181 143/509/159
f 152/221/162 167/220/171 166/244/182 151/245/160
f 164/310/178 179/309/183 178/340/184 163/341/176
f 172/49/179 187/48/185 186/78/186 171/79/177
f 165/277/180 180/276/187 179/309/183 164/310/178
f 158/508/181 173/507/188 82/540/19
f 308/13/20 187/48/185 172/49/179
f 166/244/182 181/243/189 180/276/187 165/277/180
f 159/473/169 174/472/190 173/507/188 158/508/181
f 167/220/171 182/219/191 181/243/189 166/244/182
f 160/446/168 175/445/192 174/472/190 159/473/169
f 168/185/170 183/184/193 182/219/191 167/220/171
f 161/410/172 176/409/194 175/445/192 160/446/168
f 169/153/173 184/152/195 183/184/193 168/185/170
f 162/381/174 177/380/196 176/409/194 161/410/172
f 170/121/175 185/120/197 184/152/195 169/153/173
f 163/341/176 178/340/184 177/380/196 162/381/174
f 171/79/177 186/78/186 185/120/197 170/121/175
f 183/184/193 198/183/198 197/218/199 182/219/191
f 176/409/194 191/408/200 190/444/201 175/445/192
f 184/152/195 199/151/202 198/183/198 183/184/193
f 177/380/196 192/379/203 191/408/200 176/409/194
f 185/120/197 200/119/204 199/151/202 184/152/195
f 178/340/184 193/339/205 192/379/203 177/380/196
f 186/78/186 201/77/206 200/119/204 185/120/197
f 179/309/183 194/308/207 193/339/205 178/340/184
f 187/48/185 202/47/208 201/77/206 186/78/186
f 180/276/187 195/275/209 194/308/207 179/309/183
f 173/507/188 188/506/210 82/539/19
f 308/12/20 202/47/208 187/48/185
f 181/243/189 196/242/211 195/275/209 180/276/187
f 174/472/190 189/471/212 188/506/210 173/507/188
f 182/219/191 197/218/199 196/242/211 181/243/189
f 175/445/192 190/444/201 189/471/212 174/472/190
f 202/47/208 217/46/213 216/76/214 201/77/206
f 195/275/209 210/274/215 209/307/216 194/308/207
f 188/506/210 203/505/217 82/538/19
f 308/11/20 217/46/213 202/47/208
f 196/242/211 211/241/218 210/274/215 195/275/209
f 189/471/212 204/470/219 203/505/217 188/506/210
f 197/218/199 212/217/220 211/241/218 196/242/211
f 190/444/201 205/443/221 204/470/219 189/471/212
f 198/183/198 213/182/222 212/217/220 197/218/199
f 191/408/200 206/407/223 205/443/221 190/444/201
f 199/151/202 214/150/224 213/182/222 198/183/198
f 192/379/203 207/378/225 206/407/223 191/408/200
f 200/119/204 215/118/226 214/150/224 199/151/202
f 193/339/205 208/338/227 207/378/225 192/379/203
f 201/77/206 216/76/214 215/118/226 200/119/204
f 194/308/207 209/307/216 208/338/227 193/339/205
f 214/150/224 229/149/228 228/181/229 213/182/222
f 207/378/225 222/377/230 221/406/231 206/407/223
f 215/118/226 230/117/232 229/149/228 214/150/224
f 208/338/227 223/337/233 222/377/230 207/378/225
f 216/76/214 231/75/234 230/117/232 215/118/226
f 209/307/216 224/306/235 223/337/233 208/338/227
f 217/46/213 232/45/236 231/75/234 216/76/214
f 210/274/215 225/273/237 224/306/235 209/307/216
f 203/505/217 218/504/238 82/537/19
f 308/10/20 232/45/236 217/46/213
f 211/241/218 226/240/239 225/273/237 210/274/215
f 204/470/219 219/469/240 218/504/238 203/505/217
f 212/217/220 227/216/241 226/240/239 211/241/218
f 205/443/221 220/442/242 219/469/240 204/470/219
f 213/182/222 228/181/229 227/216/241 212/217/220
f 206/407/223 221/406/231 220/442/242 205/443/221
f 218/504/238 233/503/243 82/536/19
f 308/9/20 247/44/244 232/45/236
f 226/240/239 241/239/245 240/272/246 225/273/237
f 219/469/240 234/468/247 233/503/243 218/504/238
f 227/216/241 242/215/248 241/239/245 226/240/239
f 220/442/242 235/441/249 234/468/247 219/469/240
f 228/181/229 243/180/250 242/215/248 227/216/241
f 221/406/231 236/405/251 235/441/249 220/442/242
f 229/149/228 244/148/252 243/180/250 228/181/229
f 222/377/230 237/376/253 236/405/251 221/406/231
f 230/117/232 245/116/254 244/148/252 229/149/228
f 223/337/233 238/336/255 237/376/253 222/377/230
f 231/75/234 246/74/256 245/116/254 230/117/232
f 224/306/235 239/305/257 238/336/255 223/337/233
f 232/45/236 247/44/244 246/74/256 231/75/234
f 225/273/237 240/272/246 239/305/257 224/306/235
f 237/376/253 252/375/258 251/404/259 236/405/251
f 245/116/254 260/115/260 259/147/261 244/148/252
f 238/336/255 253/335/262 252/375/258 237/376/253
f 246/74/256 261/73/263 260/115/260 245/116/254
f 239/305/257 254/304/264 253/335/262 238/336/255
f 247/44/244 262/43/265 261/73/263 246/74/256
f 240/272/246 255/271/266 254/304/264 239/305/257
f 233/503/243 248/502/267 82/535/19
f 308/8/20 262/43/265 247/44/244
f 241/239/245 256/238/268 255/271/266 240/272/246
f 234/468/247 249/467/269 248/502/267 233/503/243
f 242/215/248 257/214/270 256/238/268 241/239/245
f 235/441/249 250/440/271 249/467/269 234/468/247
f 243/180/250 258/179/272 257/214/270 242/215/248
f 236/405/251 251/404/259 250/440/271 235/441/249
f 244/148/252 259/147/261 258/179/272 243/180/250
f 256/238/268 271/237/273 270/270/274 255/271/266
f 249/467/269 264/466/275 263/501/276 248/502/267
f 257/214/270 272/204/277 271/237/273 256/238/268
f 250/440/271 265/439/278 264/466/275 249/467/269
f 258/179/272 273/178/279 272/204/277 257/214/270
f 251/404/259 266/403/280 265/439/278 250/440/271
f 259/147/261 274/146/281 273/178/279 258/179/272
f 252/375/258 267/374/282 266/403/280 251/404/259
f 260/115/260 275/114/283 274/146/281 259/147/261
f 253/335/262 268/334/284 267/374/282 252/375/258
f 261/73/263 276/72/285 275/114/283 260/115/260
f 254/304/264 269/303/286 268/334/284 253/335/262
f 262/43/265 277/42/287 276/72/285 261/73/263
f 255/271/266 270/270/274 269/303/286 254/304/264
f 248/502/267 263/501/276 82/534/19
f 308/7/20 277/42/287 262/43/265
f 275/114/283 290/108/288 289/145/289 274/146/281
f 268/334/284 283/333/290 282/373/291 267/374/282
f 276/72/285 291/71/292 290/108/288 275/114/283
f 269/303/286 284/302/293 283/333/290 268/334/284
f 277/42/287 292/41/294 291/71/292 276/72/285
f 270/270/274 285/269/295 284/302/293 269/303/286
f 263/501/276 278/500/296 82/533/19
f 308/6/20 292/41/294 277/42/287
f 271/237/273 286/236/297 285/269/295 270/270/274
f 264/466/275 279/465/298 278/500/296 263/501/276
f 272/204/277 287/203/299 286/236/297 271/237/273
f 265/439/278 280/453/300 279/465/298 264/466/275
f 273/178/279 288/177/301 287/203/299 272/204/277
f 266/403/280 281/402/302 280/453/300 265/439/278
f 274/146/281 289/145/289 288/177/301 273/178/279
f 267/374/282 282/373/291 281/402/302 266/403/280
f 279/465/298 294/464/303 293/499/304 278/500/296
f 287/203/299 302/202/305 301/235/306 286/236/297
f 280/453/300 295/452/307 294/464/303 279/465/298
f 288/177/301 303/176/308 302/202/305 287/203/299
f 281/402/302 296/401/309 295/452/307 280/453/300
f 289/145/289 304/144/310 303/176/308 288/177/301
f 282/373/291 297/372/311 296/401/309 281/402/302
f 290/108/288 305/107/312 304/144/310 289/145/289
f 283/333/290 298/332/313 297/372/311 282/373/291
f 291/71/292 306/70/314 305/107/312 290/108/288
f 284/302/293 299/301/315 298/332/313 283/333/290
f 292/41/294 307/40/316 306/70/314 291/71/292
f 285/269/295 300/268/317 299/301/315 284/302/293
f 278/500/296 293/499/304 82/532/19
f 308/5/20 307/40/316 292/41/294
f 286/236/297 301/235/306 300/268/317 285/269/295
f 298/332/313 314/353/318 313/371/319 297/372/311
f 306/70/314 322/69/320 321/106/321 305/107/312
f 299/301/315 315/300/322 314/353/318 298/332/313
f 307/40/316 323/39/323 322/69/320 306/70/314
f 300/268/317 316/267/324 315/300/322 299/301/315
f 293/499/304 309/498/325 82/531/19
f 308/4/20 323/39/323 307/40/316
f 301/235/306 317/234/326 316/267/324 300/268/317
f 294/464/303 310/463/327 309/498/325 293/499/304
f 302/202/305 318/201/328 317/234/326 301/235/306
f 295/452/307 311/451/329 310/463/327 294/464/303
f 303/176/308 319/175/330 318/201/328 302/202/305
f 296/401/309 312/400/331 311/451/329 295/452/307
f 304/144/310 320/133/332 319/175/330 303/176/308
f 297/372/311 313/371/319 312/400/331 296/401/309
f 305/107/312 321/106/321 320/133/332 304/144/310
f 318/201/328 333/200/333 332/233/334 317/234/326
f 311/451/329 326/450/335 325/462/336 310/463/327
f 319/175/330 334/165/337 333/200/333 318/201/328
f 312/400/331 327/399/338 326/450/335 311/451/329
f 320/133/332 335/143/339 334/165/337 319/175/330
f 313/371/319 328/388/340 327/399/338 312/400/331
f 321/106/321 336/105/341 335/143/339 320/133/332
f 314/353/318 329/352/342 328/388/340 313/371/319
f 322/69/320 337/68/343 336/105/341 321/106/321
f 315/300/322 330/299/344 329/352/342 314/353/318
f 323/39/323 338/38/345 337/68/343 322/69/320
f 316/267/324 331/266/346 330/299/344 315/300/322
f 309/498/325 324/497/347 82/530/19
f 308/3/20 338/38/345 323/39/323
f 317/234/326 332/233/334 331/266/346 316/267/324
f 310/463/327 325/462/336 324/497/347 309/498/325
f 337/68/343 352/67/348 351/104/349 336/105/341
f 330/299/344 345/298/350 344/331/351 329/352/342
f 338/38/345 353/37/352 352/67/348 337/68/343
f 331/266/346 346/265/353 345/298/350 330/299/344
f 324/497/347 339/496/354 82/529/19
f 308/2/20 353/37/352 338/38/345
f 332/233/334 347/232/355 346/265/353 331/266/346
f 325/462/336 340/485/356 339/496/354 324/497/347
f 333/200/333 348/199/357 347/232/355 332/233/334
f 326/450/335 341/449/358 340/485/356 325/462/336
f 334/165/337 349/174/359 348/199/357 333/200/333
f 327/399/338 342/398/360 341/449/358 326/450/335
f 335/143/339 350/142/361 349/174/359 334/165/337
f 328/388/340 343/370/362 342/398/360 327/399/338
f 336/105/341 351/104/349 350/142/361 335/143/339
f 329/352/342 344/331/351 343/370/362 328/388/340
f 349/174/359 364/173/363 363/198/364 348/199/357
f 342/398/360 357/397/365 356/448/366 341/449/358
f 350/142/361 365/132/367 364/173/363 349/174/359
f 343/370/362 358/369/368 357/397/365 342/398/360
f 351/104/349 366/103/369 365/132/367 350/142/361
f 344/331/351 359/351/370 358/369/368 343/370/362
f 352/67/348 367/66/371 366/103/369 351/104/349
f 345/298/350 360/297/372 359/351/370 344/331/351
f 353/37/352 368/36/373 367/66/371 352/67/348
f 346/265/353 361/264/374 360/297/372 345/298/350
f 339/496/354 354/495/375 82/528/19
f 308/1/20 368/36/373 353/37/352
f 347/232/355 362/231/376 361/264/374 346/265/353
f 340/485/356 355/484/377 354/495/375 339/496/354
f 348/199/357 363/198/364 362/231/376 347/232/355
f 341/449/358 356/448/366 355/484/377 340/485/356
f 368/65/373 383/64/378 382/94/379 367/95/371
f 361/296/374 376/295/380 375/322/381 360/323/372
f 354/524/375 369/523/382 82/559/19
f 308/32/20 383/64/378 368/65/373
f 362/263/376 377/262/383 376/295/380 361/296/374
f 355/494/377 370/493/384 369/523/382 354/524/375
f 363/213/364 378/212/385 377/262/383 362/263/376
f 356/458/366 371/457/386 370/493/384 355/494/377
f 364/196/363 379/172/387 378/212/385 363/213/364
f 357/428/365 372/427/388 371/457/386 356/458/366
f 365/141/367 380/140/389 379/172/387 364/196/363
f 358/387/368 373/395/390 372/427/388 357/428/365
f 366/113/369 381/112/391 380/140/389 365/141/367
f 359/362/370 374/361/392 373/395/390 358/387/368
f 367/95/371 382/94/379 381/112/391 366/113/369
f 360/323/372 375/322/381 374/361/392 359/362/370
f 372/427/388 387/426/393 386/456/394 371/457/386
f 380/140/389 395/139/395 394/171/396 379/172/387
f 373/395/390 388/394/397 387/426/393 372/427/388
f 381/112/391 396/111/398 395/139/395 380/140/389
f 374/361/392 389/360/399 388/394/397 373/395/390
f 382/94/379 397/93/400 396/111/398 381/112/391
f 375/322/381 390/329/401 389/360/399 374/361/392
f 383/64/378 398/63/402 397/93/400 382/94/379
f 376/295/380 391/294/403 390/329/401 375/322/381
f 369/523/382 384/522/404 82/558/19
f 308/31/20 398/63/402 383/64/378
f 377/262/383 392/261/405 391/294/403 376/295/380
f 370/493/384 385/492/406 384/522/404 369/523/382
f 378/212/385 393/211/407 392/261/405 377/262/383
f 371/457/386 386/456/394 385/492/406 370/493/384
f 379/172/387 394/171/396 393/211/407 378/212/385
f 391/294/403 406/293/408 405/328/409 390/329/401
f 384/522/404 399/521/410 82/557/19
f 308/30/20 413/62/411 398/63/402
f 392/261/405 407/260/412 406/293/408 391/294/403
f 385/492/406 400/491/413 399/521/410 384/522/404
f 393/211/407 408/210/414 407/260/412 392/261/405
f 386/456/394 401/455/415 400/491/413 385/492/406
f 394/171/396 409/170/416 408/210/414 393/211/407
f 387/426/393 402/425/417 401/455/415 386/456/394
f 395/139/395 410/138/418 409/170/416 394/171/396
f 388/394/397 403/393/419 402/425/417 387/426/393
f 396/111/398 411/110/420 410/138/418 395/139/395
f 389/360/399 404/359/421 403/393/419 388/394/397
f 397/93/400 412/92/422 411/110/420 396/111/398
f 390/329/401 405/328/409 404/359/421 389/360/399
f 398/63/402 413/62/411 412/92/422 397/93/400
f 410/138/418 425/137/423 424/169/424 409/170/416
f 403/393/419 418/392/425 417/424/426 402/425/417
f 411/110/420 426/109/427 425/137/423 410/138/418
f 404/359/421 419/358/428 418/392/425 403/393/419
f 412/92/422 427/91/429 426/109/427 411/110/420
f 405/328/409 420/327/430 419/358/428 404/359/421
f 413/62/411 428/61/431 427/91/429 412/92/422
f 406/293/408 421/292/432 420/327/430 405/328/409
f 399/521/410 414/520/433 82/556/19
f 308/29/20 428/61/431 413/62/411
f 407/260/412 422/259/434 421/292/432 406/293/408
f 400/491/413 415/490/435 414/520/433 399/521/410
f 408/210/414 423/209/436 422/259/434 407/260/412
f 401/455/415 416/454/437 415/490/435 400/491/413
f 409/170/416 424/169/424 423/209/436 408/210/414
f 402/425/417 417/424/426 416/454/437 401/455/415
f 414/520/433 429/519/438 82/555/19
f 308/28/20 443/60/439 428/61/431
f 422/259/434 437/258/440 436/291/441 421/292/432
f 415/490/435 430/489/442 429/519/438 414/520/433
f 423/209/436 438/208/443 437/258/440 422/259/434
f 416/454/437 431/461/444 430/489/442 415/490/435
f 424/169/424 439/168/445 438/208/443 423/209/436
f 417/424/426 432/423/446 431/461/444 416/454/437
f 425/137/423 440/136/447 439/168/445 424/169/424
f 418/392/425 433/391/448 432/423/446 417/424/426
f 426/109/427 441/102/449 440/136/447 425/137/423
f 419/358/428 434/357/450 433/391/448 418/392/425
f 427/91/429 442/90/451 441/102/449 426/109/427
f 420/327/430 435/326/452 434/357/450 419/358/428
f 428/61/431 443/60/439 442/90/451 427/91/429
f 421/292/432 436/291/441 435/326/452 420/327/430
f 433/391/448 448/390/453 447/422/454 432/423/446
f 441/102/449 456/101/455 455/135/456 440/136/447
f 434/357/450 449/356/457 448/390/453 433/391/448
f 442/90/451 457/89/458 456/101/455 441/102/449
f 435/326/452 450/325/459 449/356/457 434/357/450
f 443/60/439 458/35/460 457/89/458 442/90/451
f 436/291/441 451/290/461 450/325/459 435/326/452
f 429/519/438 444/527/462 82/554/19
f 308/27/20 458/35/460 443/60/439
f 437/258/440 452/257/463 451/290/461 436/291/441
f 430/489/442 445/488/464 444/527/462 429/519/438
f 438/208/443 453/207/465 452/257/463 437/258/440
f 431/461/444 446/460/466 445/488/464 430/489/442
f 439/168/445 454/167/467 453/207/465 438/208/443
f 432/423/446 447/422/454 446/460/466 431/461/444
f 440/136/447 455/135/456 454/167/467 439/168/445
f 452/257/463 467/256/468 466/289/469 451/290/461
f 445/488/464 460/487/470 459/526/471 444/527/462
f 453/207/465 468/206/472 467/256/468 452/257/463
f 446/460/466 461/459/473 460/487/470 445/488/464
f 454/167/467 469/166/474 468/206/472 453/207/465
f 447/422/454 462/421/475 461/459/473 446/460/466
f 455/135/456 470/164/476 469/166/474 454/167/467
f 448/390/453 463/389/477 462/421/475 447/422/454
f 456/101/455 471/100/478 470/164/476 455/135/456
f 449/356/457 464/355/479 463/389/477 448/390/453
f 457/89/458 472/88/480 471/100/478 456/101/455
f 450/325/459 465/324/481 464/355/479 449/356/457
f 458/35/460 473/34/482 472/88/480 457/89/458
f 451/290/461 466/289/469 465/324/481 450/325/459
f 444/527/462 459/526/471 82/553/19
f 308/26/20 473/34/482 458/35/460
f 471/100/478 480/99/1 479/134/4 470/164/476
f 464/355/479 477/354/5 2/368/8 463/389/477
f 472/88/480 481/87/9 480/99/1 471/100/478
f 465/324/481 3/321/11 477/354/5 464/355/479
f 473/34/482 482/33/13 481/87/9 472/88/480
f 466/289/469 4/288/15 3/321/11 465/324/481
f 459/526/471 474/525/17 82/552/19
f 308/25/20 482/33/13 473/34/482
f 467/256/468 5/255/21 4/288/15 466/289/469
f 460/487/470 475/486/23 474/525/17 459/526/471
f 468/206/472 478/205/25 5/255/21 467/256/468
f 461/459/473 1/438/27 475/486/23 460/487/470
f 469/166/474 6/197/29 478/205/25 468/206/472
f 462/421/475 476/420/31 1/438/27 461/459/473
f 470/164/476 479/134/4 6/197/29 469/166/474
f 463/389/477 2/368/8 476/420/31 462/421/475
s 4
f 962/560/483 501/563/484 500/562/485 961/561/486
f 959/564/487 494/567/488 493/566/489 484/565/490
f 963/568/491 502/569/492 501/563/484 962/560/483
f 485/570/493 495/571/494 494/567/488 959/564/487
f 964/572/495 503/573/496 502/569/492 963/568/491
f 486/574/497 496/575/498 495/571/494 485/570/493
f 956/576/499 489/578/500 564/577/501
f 790/579/502 503/573/496 964/572/495
f 487/580/503 497/581/504 496/575/498 486/574/497
f 957/582/505 490/583/506 489/578/500 956/576/499
f 960/584/507 498/585/508 497/581/504 487/580/503
f 483/586/509 491/587/510 490/583/506 957/582/505
f 488/588/511 499/589/512 498/585/508 960/584/507
f 958/590/513 492/591/514 491/587/510 483/586/509
f 961/561/486 500/562/485 499/589/512 488/588/511
f 484/565/490 493/566/489 492/591/514 958/590/513
f 492/591/514 507/593/515 506/592/516 491/587/510
f 500/562/485 515/595/517 514/594/518 499/589/512
f 493/566/489 508/596/519 507/593/515 492/591/514
f 501/563/484 516/597/520 515/595/517 500/562/485
f 494/567/488 509/598/521 508/596/519 493/566/489
f 502/569/492 517/599/522 516/597/520 501/563/484
f 495/571/494 510/600/523 509/598/521 494/567/488
f 503/573/496 518/601/524 517/599/522 502/569/492
f 496/575/498 511/602/525 510/600/523 495/571/494
f 489/578/500 504/604/526 564/603/501
f 790/605/502 518/601/524 503/573/496
f 497/581/504 512/606/527 511/602/525 496/575/498
f 490/583/506 505/607/528 504/604/526 489/578/500
f 498/585/508 513/608/529 512/606/527 497/581/504
f 491/587/510 506/592/516 505/607/528 490/583/506
f 499/589/512 514/594/518 513/608/529 498/585/508
f 511/602/525 526/610/530 525/609/531 510/600/523
f 504/604/526 519/612/532 564/611/501
f 790/613/502 533/614/533 518/601/524
f 512/606/527 527/615/534 526/610/530 511/602/525
f 505/607/528 520/616/535 519/612/532 504/604/526
f 513/608/529 528/617/536 527/615/534 512/606/527
f 506/592/516 521/618/537 520/616/535 505/607/528
f 514/594/518 529/619/538 528/617/536 513/608/529
f 507/593/515 522/620/539 521/618/537 506/592/516
f 515/595/517 530/621/540 529/619/538 514/594/518
f 508/596/519 523/622/541 522/620/539 507/593/515
f 516/597/520 531/623/542 530/621/540 515/595/517
f 509/598/521 524/624/543 523/622/541 508/596/519
f 517/599/522 532/625/544 531/623/542 516/597/520
f 510/600/523 525/609/531 524/624/543 509/598/521
f 518/601/524 533/614/533 532/625/544 517/599/522
f 530/621/540 545/627/545 544/626/546 529/619/538
f 523/622/541 538/629/547 537/628/548 522/620/539
f 531/623/542 546/630/549 545/627/545 530/621/540
f 524/624/543 539/631/550 538/629/547 523/622/541
f 532/625/544 547/632/551 546/630/549 531/623/542
f 525/609/531 540/633/552 539/631/550 524/624/543
f 533/614/533 548/634/553 547/632/551 532/625/544
f 526/610/530 541/635/554 540/633/552 525/609/531
f 519/612/532 534/637/555 564/636/501
f 790/638/502 548/634/553 533/614/533
f 527/615/534 542/639/556 541/635/554 526/610/530
f 520/616/535 535/640/557 534/637/555 519/612/532
f 528/617/536 543/641/558 542/639/556 527/615/534
f 521/618/537 536/642/559 535/640/557 520/616/535
f 529/619/538 544/626/546 543/641/558 528/617/536
f 522/620/539 537/628/548 536/642/559 521/618/537
f 790/643/502 563/644/560 548/634/553
f 542/639/556 557/646/561 556/645/562 541/635/554
f 535/640/557 550/648/563 549/647/564 534/637/555
f 543/641/558 558/649/565 557/646/561 542/639/556
f 536/642/559 551/650/566 550/648/563 535/640/557
f 544/626/546 559/651/567 558/649/565 543/641/558
f 537/628/548 552/652/568 551/650/566 536/642/559
f 545/627/545 560/653/569 559/651/567 544/626/546
f 538/629/547 553/654/570 552/652/568 537/628/548
f 546/630/549 561/655/571 560/653/569 545/627/545
f 539/631/550 554/656/572 553/654/570 538/629/547
f 547/632/551 562/657/573 561/655/571 546/630/549
f 540/633/552 555/658/574 554/656/572 539/631/550
f 548/634/553 563/644/560 562/657/573 547/632/551
f 541/635/554 556/645/562 555/658/574 540/633/552
f 534/637/555 549/647/564 564/659/501
f 561/655/571 577/661/575 576/660/576 560/653/569
f 554/656/572 570/663/577 569/662/578 553/654/570
f 562/657/573 578/664/579 577/661/575 561/655/571
f 555/658/574 571/665/580 570/663/577 554/656/572
f 563/644/560 579/666/581 578/664/579 562/657/573
f 556/645/562 572/667/582 571/665/580 555/658/574
f 549/647/564 565/669/583 564/668/501
f 790/670/502 579/666/581 563/644/560
f 557/646/561 573/671/584 572/667/582 556/645/562
f 550/648/563 566/672/585 565/669/583 549/647/564
f 558/649/565 574/673/586 573/671/584 557/646/561
f 551/650/566 567/674/587 566/672/585 550/648/563
f 559/651/567 575/675/588 574/673/586 558/649/565
f 552/652/568 568/676/589 567/674/587 551/650/566
f 560/653/569 576/660/576 575/675/588 559/651/567
f 553/654/570 569/662/578 568/676/589 552/652/568
f 566/672/585 581/678/590 580/677/591 565/669/583
f 574/673/586 589/680/592 588/679/593 573/671/584
f 567/674/587 582/681/594 581/678/590 566/672/585
f 575/675/588 590/682/595 589/680/592 574/673/586
f 568/676/589 583/683/596 582/681/594 567/674/587
f 576/660/576 591/684/597 590/682/595 575/675/588
f 569/662/578 584/685/598 583/683/596 568/676/589
f 577/661/575 592/686/599 591/684/597 576/660/576
f 570/663/577 585/687/600 584/685/598 569/662/578
f 578/664/579 593/688/601 592/686/599 577/661/575
f 571/665/580 586/689/602 585/687/600 570/663/577
f 579/666/581 594/690/603 593/688/601 578/664/579
f 572/667/582 587/691/604 586/689/602 571/665/580
f 565/669/583 580/677/591 564/692/501
f 790/693/502 594/690/603 579/666/581
f 573/671/584 588/679/593 587/691/604 572/667/582
f 585/687/600 600/695/605 599/694/606 584/685/598
f 593/688/601 608/697/607 607/696/608 592/686/599
f 586/689/602 601/698/609 600/695/605 585/687/600
f 594/690/603 609/699/610 608/697/607 593/688/601
f 587/691/604 602/700/611 601/698/609 586/689/602
f 580/677/591 595/702/612 564/701/501
f 790/703/502 609/699/610 594/690/603
f 588/679/593 603/704/613 602/700/611 587/691/604
f 581/678/590 596/705/614 595/702/612 580/677/591
f 589/680/592 604/706/615 603/704/613 588/679/593
f 582/681/594 597/707/616 596/705/614 581/678/590
f 590/682/595 605/708/617 604/706/615 589/680/592
f 583/683/596 598/709/618 597/707/616 582/681/594
f 591/684/597 606/710/619 605/708/617 590/682/595
f 584/685/598 599/694/606 598/709/618 583/683/596
f 592/686/599 607/696/608 606/710/619 591/684/597
f 604/706/615 619/712/620 618/711/621 603/704/613
f 597/707/616 612/714/622 611/713/623 596/705/614
f 605/708/617 620/715/624 619/712/620 604/706/615
f 598/709/618 613/716/625 612/714/622 597/707/616
f 606/710/619 621/717/626 620/715/624 605/708/617
f 599/694/606 614/718/627 613/716/625 598/709/618
f 607/696/608 622/719/628 621/717/626 606/710/619
f 600/695/605 615/720/629 614/718/627 599/694/606
f 608/697/607 623/721/630 622/719/628 607/696/608
f 601/698/609 616/722/631 615/720/629 600/695/605
f 609/699/610 624/723/632 623/721/630 608/697/607
f 602/700/611 617/724/633 616/722/631 601/698/609
f 595/702/612 610/726/634 564/725/501
f 790/727/502 624/723/632 609/699/610
f 603/704/613 618/711/621 617/724/633 602/700/611
f 596/705/614 611/713/623 610/726/634 595/702/612
f 623/721/630 638/729/635 637/728/636 622/719/628
f 616/722/631 631/731/637 630/730/638 615/720/629
f 624/723/632 639/732/639 638/729/635 623/721/630
f 617/724/633 632/733/640 631/731/637 616/722/631
f 610/726/634 625/735/641 564/734/501
f 790/736/502 639/732/639 624/723/632
f 618/711/621 633/737/642 632/733/640 617/724/633
f 611/713/623 626/738/643 625/735/641 610/726/634
f 619/712/620 634/739/644 633/737/642 618/711/621
f 612/714/622 627/740/645 626/738/643 611/713/623
f 620/715/624 635/741/646 634/739/644 619/712/620
f 613/716/625 628/742/647 627/740/645 612/714/622
f 621/717/626 636/743/648 635/741/646 620/715/624
f 614/718/627 629/744/649 628/742/647 613/716/625
f 622/719/628 637/728/636 636/743/648 621/717/626
f 615/720/629 630/730/638 629/744/649 614/718/627
f 627/740/645 642/746/650 641/745/651 626/738/643
f 635/741/646 650/748/652 649/747/653 634/739/644
f 628/742/647 643/749/654 642/746/650 627/740/645
f 636/743/648 651/750/655 650/748/652 635/741/646
f 629/744/649 644/751/656 643/749/654 628/742/647
f 637/728/636 652/752/657 651/750/655 636/743/648
f 630/730/638 645/753/658 644/751/656 629/744/649
f 638/729/635 653/754/659 652/752/657 637/728/636
f 631/731/637 646/755/660 645/753/658 630/730/638
f 639/732/639 654/756/661 653/754/659 638/729/635
f 632/733/640 647/757/662 646/755/660 631/731/637
f 625/735/641 640/759/663 564/758/501
f 790/760/502 654/756/661 639/732/639
f 633/737/642 648/761/664 647/757/662 632/733/640
f 626/738/643 641/745/651 640/759/663 625/735/641
f 634/739/644 649/747/653 648/761/664 633/737/642
f 646/755/660 661/763/665 660/762/666 645/753/658
f 654/756/661 669/765/667 668/764/668 653/754/659
f 647/757/662 662/766/669 661/763/665 646/755/660
f 640/759/663 655/768/670 564/767/501
f 790/769/502 669/765/667 654/756/661
f 648/761/664 663/770/671 662/766/669 647/757/662
f 641/745/651 656/771/672 655/768/670 640/759/663
f 649/747/653 664/772/673 663/770/671 648/761/664
f 642/746/650 657/773/674 656/771/672 641/745/651
f 650/748/652 665/774/675 664/772/673 649/747/653
f 643/749/654 658/775/676 657/773/674 642/746/650
f 651/750/655 666/776/677 665/774/675 650/748/652
f 644/751/656 659/777/678 658/775/676 643/749/654
f 652/752/657 667/778/679 666/776/677 651/750/655
f 645/753/658 660/762/666 659/777/678 644/751/656
f 653/754/659 668/764/668 667/778/679 652/752/657
f 665/774/675 680/780/680 679/779/681 664/772/673
f 658/775/676 673/782/682 672/781/683 657/773/674
f 666/776/677 681/783/684 680/780/680 665/774/675
f 659/777/678 674/784/685 673/782/682 658/775/676
f 667/778/679 682/785/686 681/783/684 666/776/677
f 660/762/666 675/786/687 674/784/685 659/777/678
f 668/764/668 683/787/688 682/785/686 667/778/679
f 661/763/665 676/788/689 675/786/687 660/762/666
f 669/765/667 684/789/690 683/787/688 668/764/668
f 662/766/669 677/790/691 676/788/689 661/763/665
f 655/768/670 670/792/692 564/791/501
f 790/793/502 684/789/690 669/765/667
f 663/770/671 678/794/693 677/790/691 662/766/669
f 656/771/672 671/795/694 670/792/692 655/768/670
f 664/772/673 679/779/681 678/794/693 663/770/671
f 657/773/674 672/781/683 671/795/694 656/771/672
f 684/789/690 699/797/695 698/796/696 683/787/688
f 677/790/691 692/799/697 691/798/698 676/788/689
f 670/792/692 685/801/699 564/800/501
f 790/802/502 699/797/695 684/789/690
f 678/794/693 693/803/700 692/799/697 677/790/691
f 671/795/694 686/804/701 685/801/699 670/792/692
f 679/779/681 694/805/702 693/803/700 678/794/693
f 672/781/683 687/806/703 686/804/701 671/795/694
f 680/780/680 695/807/704 694/805/702 679/779/681
f 673/782/682 688/808/705 687/806/703 672/781/683
f 681/783/684 696/809/706 695/807/704 680/780/680
f 674/784/685 689/810/707 688/808/705 673/782/682
f 682/785/686 697/811/708 696/809/706 681/783/684
f 675/786/687 690/812/709 689/810/707 674/784/685
f 683/787/688 698/796/696 697/811/708 682/785/686
f 676/788/689 691/798/698 690/812/709 675/786/687
f 696/809/706 711/814/710 710/813/711 695/807/704
f 689/810/707 704/816/712 703/815/713 688/808/705
f 697/811/708 712/817/714 711/814/710 696/809/706
f 690/812/709 705/818/715 704/816/712 689/810/707
f 698/796/696 713/819/716 712/817/714 697/811/708
f 691/798/698 706/820/717 705/818/715 690/812/709
f 699/797/695 714/821/718 713/819/716 698/796/696
f 692/799/697 707/822/719 706/820/717 691/798/698
f 685/801/699 700/824/720 564/823/501
f 790/825/502 714/821/718 699/797/695
f 693/803/700 708/826/721 707/822/719 692/799/697
f 686/804/701 701/827/722 700/824/720 685/801/699
f 694/805/702 709/828/723 708/826/721 693/803/700
f 687/806/703 702/829/724 701/827/722 686/804/701
f 695/807/704 710/813/711 709/828/723 694/805/702
f 688/808/705 703/815/713 702/829/724 687/806/703
f 700/824/720 715/831/725 564/830/501
f 790/832/502 729/833/726 714/821/718
f 708/826/721 723/835/727 722/834/728 707/822/719
f 701/827/722 716/836/729 715/831/725 700/824/720
f 709/828/723 724/837/730 723/835/727 708/826/721
f 702/829/724 717/838/731 716/836/729 701/827/722
f 710/813/711 725/839/732 724/837/730 709/828/723
f 703/815/713 718/840/733 717/838/731 702/829/724
f 711/814/710 726/841/734 725/839/732 710/813/711
f 704/816/712 719/842/735 718/840/733 703/815/713
f 712/817/714 727/843/736 726/841/734 711/814/710
f 705/818/715 720/844/737 719/842/735 704/816/712
f 713/819/716 728/845/738 727/843/736 712/817/714
f 706/820/717 721/846/739 720/844/737 705/818/715
f 714/821/718 729/833/726 728/845/738 713/819/716
f 707/822/719 722/834/728 721/846/739 706/820/717
f 719/842/735 734/848/740 733/847/741 718/840/733
f 727/843/736 742/850/742 741/849/743 726/841/734
f 720/844/737 735/851/744 734/848/740 719/842/735
f 728/845/738 743/852/745 742/850/742 727/843/736
f 721/846/739 736/853/746 735/851/744 720/844/737
f 729/833/726 744/854/747 743/852/745 728/845/738
f 722/834/728 737/855/748 736/853/746 721/846/739
f 715/831/725 730/857/749 564/856/501
f 790/858/502 744/854/747 729/833/726
f 723/835/727 738/859/750 737/855/748 722/834/728
f 716/836/729 731/860/751 730/857/749 715/831/725
f 724/837/730 739/861/752 738/859/750 723/835/727
f 717/838/731 732/862/753 731/860/751 716/836/729
f 725/839/732 740/863/754 739/861/752 724/837/730
f 718/840/733 733/847/741 732/862/753 717/838/731
f 726/841/734 741/849/743 740/863/754 725/839/732
f 738/859/750 753/865/755 752/864/756 737/855/748
f 731/860/751 746/867/757 745/866/758 730/857/749
f 739/861/752 754/868/759 753/865/755 738/859/750
f 732/862/753 747/869/760 746/867/757 731/860/751
f 740/863/754 755/870/761 754/868/759 739/861/752
f 733/847/741 748/871/762 747/869/760 732/862/753
f 741/849/743 756/872/763 755/870/761 740/863/754
f 734/848/740 749/873/764 748/871/762 733/847/741
f 742/850/742 757/874/765 756/872/763 741/849/743
f 735/851/744 750/875/766 749/873/764 734/848/740
f 743/852/745 758/876/767 757/874/765 742/850/742
f 736/853/746 751/877/768 750/875/766 735/851/744
f 744/854/747 759/878/769 758/876/767 743/852/745
f 737/855/748 752/864/756 751/877/768 736/853/746
f 730/857/749 745/866/758 564/879/501
f 790/880/502 759/878/769 744/854/747
f 757/874/765 772/882/770 771/881/771 756/872/763
f 750/875/766 765/884/772 764/883/773 749/873/764
f 758/876/767 773/885/774 772/882/770 757/874/765
f 751/877/768 766/886/775 765/884/772 750/875/766
f 759/878/769 774/887/776 773/885/774 758/876/767
f 752/864/756 767/888/777 766/886/775 751/877/768
f 745/866/758 760/890/778 564/889/501
f 790/891/502 774/887/776 759/878/769
f 753/865/755 768/892/779 767/888/777 752/864/756
f 746/867/757 761/893/780 760/890/778 745/866/758
f 754/868/759 769/894/781 768/892/779 753/865/755
f 747/869/760 762/895/782 761/893/780 746/867/757
f 755/870/761 770/896/783 769/894/781 754/868/759
f 748/871/762 763/897/784 762/895/782 747/869/760
f 756/872/763 771/881/771 770/896/783 755/870/761
f 749/873/764 764/883/773 763/897/784 748/871/762
f 761/893/780 776/899/785 775/898/786 760/890/778
f 769/894/781 784/901/787 783/900/788 768/892/779
f 762/895/782 777/902/789 776/899/785 761/893/780
f 770/896/783 785/903/790 784/901/787 769/894/781
f 763/897/784 778/904/791 777/902/789 762/895/782
f 771/881/771 786/905/792 785/903/790 770/896/783
f 764/883/773 779/906/793 778/904/791 763/897/784
f 772/882/770 787/907/794 786/905/792 771/881/771
f 765/884/772 780/908/795 779/906/793 764/883/773
f 773/885/774 788/909/796 787/907/794 772/882/770
f 766/886/775 781/910/797 780/908/795 765/884/772
f 774/887/776 789/911/798 788/909/796 773/885/774
f 767/888/777 782/912/799 781/910/797 766/886/775
f 760/890/778 775/898/786 564/913/501
f 790/914/502 789/911/798 774/887/776
f 768/892/779 783/900/788 782/912/799 767/888/777
f 780/908/795 796/916/800 795/915/801 779/906/793
f 788/909/796 804/918/802 803/917/803 787/907/794
f 781/910/797 797/919/804 796/916/800 780/908/795
f 789/911/798 805/920/805 804/918/802 788/909/796
f 782/912/799 798/921/806 797/919/804 781/910/797
f 775/898/786 791/923/807 564/922/501
f 790/924/502 805/920/805 789/911/798
f 783/900/788 799/925/808 798/921/806 782/912/799
f 776/899/785 792/926/809 791/923/807 775/898/786
f 784/901/787 800/927/810 799/925/808 783/900/788
f 777/902/789 793/928/811 792/926/809 776/899/785
f 785/903/790 801/929/812 800/927/810 784/901/787
f 778/904/791 794/930/813 793/928/811 777/902/789
f 786/905/792 802/931/814 801/929/812 785/903/790
f 779/906/793 795/915/801 794/930/813 778/904/791
f 787/907/794 803/917/803 802/931/814 786/905/792
f 800/927/810 815/933/815 814/932/816 799/925/808
f 793/928/811 808/935/817 807/934/818 792/926/809
f 801/929/812 816/936/819 815/933/815 800/927/810
f 794/930/813 809/937/820 808/935/817 793/928/811
f 802/931/814 817/938/821 816/936/819 801/929/812
f 795/915/801 810/939/822 809/937/820 794/930/813
f 803/917/803 818/940/823 817/938/821 802/931/814
f 796/916/800 811/941/824 810/939/822 795/915/801
f 804/918/802 819/942/825 818/940/823 803/917/803
f 797/919/804 812/943/826 811/941/824 796/916/800
f 805/920/805 820/944/827 819/942/825 804/918/802
f 798/921/806 813/945/828 812/943/826 797/919/804
f 791/923/807 806/947/829 564/946/501
f 790/948/502 820/944/827 805/920/805
f 799/925/808 814/932/816 813/945/828 798/921/806
f 792/926/809 807/934/818 806/947/829 791/923/807
f 819/942/825 834/950/830 833/949/831 818/940/823
f 812/943/826 827/952/832 826/951/833 811/941/824
f 820/944/827 835/953/834 834/950/830 819/942/825
f 813/945/828 828/954/835 827/952/832 812/943/826
f 806/947/829 821/956/836 564/955/501
f 790/957/502 835/953/834 820/944/827
f 814/932/816 829/958/837 828/954/835 813/945/828
f 807/934/818 822/959/838 821/956/836 806/947/829
f 815/933/815 830/960/839 829/958/837 814/932/816
f 808/935/817 823/961/840 822/959/838 807/934/818
f 816/936/819 831/962/841 830/960/839 815/933/815
f 809/937/820 824/963/842 823/961/840 808/935/817
f 817/938/821 832/964/843 831/962/841 816/936/819
f 810/939/822 825/965/844 824/963/842 809/937/820
f 818/940/823 833/949/831 832/964/843 817/938/821
f 811/941/824 826/951/833 825/965/844 810/939/822
f 831/962/841 846/967/845 845/966/846 830/960/839
f 824/963/842 839/969/847 838/968/848 823/961/840
f 832/964/843 847/970/849 846/967/845 831/962/841
f 825/965/844 840/971/850 839/969/847 824/963/842
f 833/949/831 848/972/851 847/970/849 832/964/843
f 826/951/833 841/973/852 840/971/850 825/965/844
f 834/950/830 849/974/853 848/972/851 833/949/831
f 827/952/832 842/975/854 841/973/852 826/951/833
f 835/953/834 850/976/855 849/974/853 834/950/830
f 828/954/835 843/977/856 842/975/854 827/952/832
f 821/956/836 836/979/857 564/978/501
f 790/980/502 850/976/855 835/953/834
f 829/958/837 844/981/858 843/977/856 828/954/835
f 822/959/838 837/982/859 836/979/857 821/956/836
f 830/960/839 845/966/846 844/981/858 829/958/837
f 823/961/840 838/968/848 837/982/859 822/959/838
f 850/983/855 865/986/860 864/985/861 849/984/853
f 843/987/856 858/990/862 857/989/863 842/988/854
f 836/991/857 851/993/864 564/992/501
f 790/994/502 865/986/860 850/983/855
f 844/995/858 859/996/865 858/990/862 843/987/856
f 837/997/859 852/998/866 851/993/864 836/991/857
f 845/999/846 860/1000/867 859/996/865 844/995/858
f 838/1001/848 853/1002/868 852/998/866 837/997/859
f 846/1003/845 861/1004/869 860/1000/867 845/999/846
f 839/1005/847 854/1006/870 853/1002/868 838/1001/848
f 847/1007/849 862/1008/871 861/1004/869 846/1003/845
f 840/1009/850 855/1010/872 854/1006/870 839/1005/847
f 848/1011/851 863/1012/873 862/1008/871 847/1007/849
f 841/1013/852 856/1014/874 855/1010/872 840/1009/850
f 849/984/853 864/985/861 863/1012/873 848/1011/851
f 842/988/854 857/989/863 856/1014/874 841/1013/852
f 854/1006/870 869/1016/875 868/1015/876 853/1002/868
f 862/1008/871 877/1018/877 876/1017/878 861/1004/869
f 855/1010/872 870/1019/879 869/1016/875 854/1006/870
f 863/1012/873 878/1020/880 877/1018/877 862/1008/871
f 856/1014/874 871/1021/881 870/1019/879 855/1010/872
f 864/985/861 879/1022/882 878/1020/880 863/1012/873
f 857/989/863 872/1023/883 871/1021/881 856/1014/874
f 865/986/860 880/1024/884 879/1022/882 864/985/861
f 858/990/862 873/1025/885 872/1023/883 857/989/863
f 851/993/864 866/1027/886 564/1026/501
f 790/1028/502 880/1024/884 865/986/860
f 859/996/865 874/1029/887 873/1025/885 858/990/862
f 852/998/866 867/1030/888 866/1027/886 851/993/864
f 860/1000/867 875/1031/889 874/1029/887 859/996/865
f 853/1002/868 868/1015/876 867/1030/888 852/998/866
f 861/1004/869 876/1017/878 875/1031/889 860/1000/867
f 873/1025/885 888/1033/890 887/1032/891 872/1023/883
f 866/1027/886 881/1035/892 564/1034/501
f 790/1036/502 895/1037/893 880/1024/884
f 874/1029/887 889/1038/894 888/1033/890 873/1025/885
f 867/1030/888 882/1039/895 881/1035/892 866/1027/886
f 875/1031/889 890/1040/896 889/1038/894 874/1029/887
f 868/1015/876 883/1041/897 882/1039/895 867/1030/888
f 876/1017/878 891/1042/898 890/1040/896 875/1031/889
f 869/1016/875 884/1043/899 883/1041/897 868/1015/876
f 877/1018/877 892/1044/900 891/1042/898 876/1017/878
f 870/1019/879 885/1045/901 884/1043/899 869/1016/875
f 878/1020/880 893/1046/902 892/1044/900 877/1018/877
f 871/1021/881 886/1047/903 885/1045/901 870/1019/879
f 879/1022/882 894/1048/904 893/1046/902 878/1020/880
f 872/1023/883 887/1032/891 886/1047/903 871/1021/881
f 880/1024/884 895/1037/893 894/1048/904 879/1022/882
f 892/1044/900 907/1050/905 906/1049/906 891/1042/898
f 885/1045/901 900/1052/907 899/1051/908 884/1043/899
f 893/1046/902 908/1053/909 907/1050/905 892/1044/900
f 886/1047/903 901/1054/910 900/1052/907 885/1045/901
f 894/1048/904 909/1055/911 908/1053/909 893/1046/902
f 887/1032/891 902/1056/912 901/1054/910 886/1047/903
f 895/1037/893 910/1057/913 909/1055/911 894/1048/904
f 888/1033/890 903/1058/914 902/1056/912 887/1032/891
f 881/1035/892 896/1060/915 564/1059/501
f 790/1061/502 910/1057/913 895/1037/893
f 889/1038/894 904/1062/916 903/1058/914 888/1033/890
f 882/1039/895 897/1063/917 896/1060/915 881/1035/892
f 890/1040/896 905/1064/918 904/1062/916 889/1038/894
f 883/1041/897 898/1065/919 897/1063/917 882/1039/895
f 891/1042/898 906/1049/906 905/1064/918 890/1040/896
f 884/1043/899 899/1051/908 898/1065/919 883/1041/897
f 896/1060/915 911/1067/920 564/1066/501
f 790/1068/502 925/1069/921 910/1057/913
f 904/1062/916 919/1071/922 918/1070/923 903/1058/914
f 897/1063/917 912/1072/924 911/1067/920 896/1060/915
f 905/1064/918 920/1073/925 919/1071/922 904/1062/916
f 898/1065/919 913/1074/926 912/1072/924 897/1063/917
f 906/1049/906 921/1075/927 920/1073/925 905/1064/918
f 899/1051/908 914/1076/928 913/1074/926 898/1065/919
f 907/1050/905 922/1077/929 921/1075/927 906/1049/906
f 900/1052/907 915/1078/930 914/1076/928 899/1051/908
f 908/1053/909 923/1079/931 922/1077/929 907/1050/905
f 901/1054/910 916/1080/932 915/1078/930 900/1052/907
f 909/1055/911 924/1081/933 923/1079/931 908/1053/909
f 902/1056/912 917/1082/934 916/1080/932 901/1054/910
f 910/1057/913 925/1069/921 924/1081/933 909/1055/911
f 903/1058/914 918/1070/923 917/1082/934 902/1056/912
f 915/1078/930 930/1084/935 929/1083/936 914/1076/928
f 923/1079/931 938/1086/937 937/1085/938 922/1077/929
f 916/1080/932 931/1087/939 930/1084/935 915/1078/930
f 924/1081/933 939/1088/940 938/1086/937 923/1079/931
f 917/1082/934 932/1089/941 931/1087/939 916/1080/932
f 925/1069/921 940/1090/942 939/1088/940 924/1081/933
f 918/1070/923 933/1091/943 932/1089/941 917/1082/934
f 911/1067/920 926/1093/944 564/1092/501
f 790/1094/502 940/1090/942 925/1069/921
f 919/1071/922 934/1095/945 933/1091/943 918/1070/923
f 912/1072/924 927/1096/946 926/1093/944 911/1067/920
f 920/1073/925 935/1097/947 934/1095/945 919/1071/922
f 913/1074/926 928/1098/948 927/1096/946 912/1072/924
f 921/1075/927 936/1099/949 935/1097/947 920/1073/925
f 914/1076/928 929/1083/936 928/1098/948 913/1074/926
f 922/1077/929 937/1085/938 936/1099/949 921/1075/927
f 934/1095/945 949/1101/950 948/1100/951 933/1091/943
f 927/1096/946 942/1103/952 941/1102/953 926/1093/944
f 935/1097/947 950/1104/954 949/1101/950 934/1095/945
f 928/1098/948 943/1105/955 942/1103/952 927/1096/946
f 936/1099/949 951/1106/956 950/1104/954 935/1097/947
f 929/1083/936 944/1107/957 943/1105/955 928/1098/948
f 937/1085/938 952/1108/958 951/1106/956 936/1099/949
f 930/1084/935 945/1109/959 944/1107/957 929/1083/936
f 938/1086/937 953/1110/960 952/1108/958 937/1085/938
f 931/1087/939 946/1111/961 945/1109/959 930/1084/935
f 939/1088/940 954/1112/962 953/1110/960 938/1086/937
f 932/1089/941 947/1113/963 946/1111/961 931/1087/939
f 940/1090/942 955/1114/964 954/1112/962 939/1088/940
f 933/1091/943 948/1100/951 947/1113/963 932/1089/941
f 926/1093/944 941/1102/953 564/1115/501
f 790/1116/502 955/1114/964 940/1090/942
f 953/1110/960 962/560/483 961/561/486 952/1108/958
f 946/1111/961 959/564/487 484/565/490 945/1109/959
f 954/1112/962 963/568/491 962/560/483 953/1110/960
f 947/1113/963 485/570/493 959/564/487 946/1111/961
f 955/1114/964 964/572/495 963/568/491 954/1112/962
f 948/1100/951 486/574/497 485/570/493 947/1113/963
f 941/1102/953 956/576/499 564/1117/501
f 790/1118/502 964/572/495 955/1114/964
f 949/1101/950 487/580/503 486/574/497 948/1100/951
f 942/1103/952 957/582/505 956/576/499 941/1102/953
f 950/1104/954 960/584/507 487/580/503 949/1101/950
f 943/1105/955 483/586/509 957/582/505 942/1103/952
f 951/1106/956 488/588/511 960/584/507 950/1104/954
f 944/1107/957 958/590/513 483/586/509 943/1105/955
f 952/1108/958 961/561/486 488/588/511 951/1106/956
f 945/1109/959 484/565/490 958/590/513 944/1107/957
g default
v -0.177672 0.026886 0.520210
v -0.262717 0.052963 0.411992
v -0.308743 0.067621 0.270471
v -0.314666 0.069892 0.193843
v -0.308743 0.068630 0.117191
v -0.262717 0.055835 -0.024511
v -0.061900 0.004747 0.578724
v -0.115249 0.033090 0.556555
v -0.164416 0.059314 0.520423
v -0.207512 0.082410 0.471718
v -0.242880 0.101495 0.412311
v -0.269160 0.115830 0.344486
v -0.285343 0.124868 0.270847
v -0.290808 0.128260 0.194227
v -0.285343 0.125877 0.117568
v -0.269160 0.117808 0.043817
v -0.242879 0.104367 -0.024192
v -0.207512 0.086066 -0.083844
v -0.164416 0.063612 -0.132849
v -0.115249 0.037866 -0.169323
v -0.061899 0.009818 -0.191863
v -0.055113 0.015008 0.578792
v -0.101937 0.053216 0.556687
v -0.145089 0.088533 0.520616
v -0.182915 0.119598 0.471963
v -0.213955 0.145223 0.412599
v -0.237021 0.164419 0.344805
v -0.251225 0.176449 0.271187
v -0.256021 0.180852 0.194573
v -0.251225 0.177457 0.117907
v -0.237021 0.166397 0.044137
v -0.213955 0.148095 -0.023904
v -0.182914 0.123253 -0.083600
v -0.145089 0.092831 -0.132657
v -0.101936 0.057992 -0.169190
v -0.055113 0.020078 -0.191796
v -0.046455 0.023747 0.578850
v -0.084954 0.070359 0.556800
v -0.120434 0.113420 0.520779
v -0.151533 0.151274 0.472171
v -0.177055 0.182469 0.412844
v -0.196020 0.205804 0.345078
v -0.207698 0.220384 0.271476
v -0.211642 0.225648 0.194867
v -0.207698 0.221393 0.118196
v -0.196020 0.207782 0.044409
v -0.177055 0.185341 -0.023659
v -0.151533 0.154930 -0.083391
v -0.120434 0.117718 -0.132493
v -0.084953 0.075135 -0.169078
v -0.046454 0.028817 -0.191738
v -0.036259 0.030628 0.578895
v -0.064953 0.083857 0.556889
v -0.091397 0.133018 0.520908
v -0.114575 0.176218 0.472336
v -0.133598 0.211800 0.413037
v -0.147733 0.238398 0.345292
v -0.156436 0.254984 0.271703
v -0.159376 0.260925 0.195100
v -0.156436 0.255993 0.118424
v -0.147732 0.240376 0.044624
v -0.133598 0.214672 -0.023466
v -0.114575 0.179874 -0.083227
v -0.091397 0.137316 -0.132364
v -0.064953 0.088633 -0.168989
v -0.036258 0.035699 -0.191693
v -0.024915 0.035390 0.578926
v -0.042701 0.093196 0.556951
v -0.059093 0.146575 0.520998
v -0.073461 0.193473 0.472449
v -0.085252 0.232091 0.413171
v -0.094014 0.260942 0.345440
v -0.099409 0.278917 0.271861
v -0.101232 0.285327 0.195260
v -0.099409 0.279926 0.118582
v -0.094014 0.262920 0.044772
v -0.085252 0.234964 -0.023332
v -0.073461 0.197129 -0.083114
v -0.059093 0.150873 -0.132275
v -0.042701 0.097973 -0.168927
v -0.024915 0.040461 -0.191662
v -0.006418 -0.024624 0.586080
v -0.012861 0.037845 0.578942
v -0.019057 0.098014 0.556982
v -0.024766 0.153569 0.521044
v -0.029771 0.202378 0.472508
v -0.033878 0.242560 0.413240
v -0.036930 0.272575 0.345517
v -0.038810 0.291265 0.271942
v -0.039445 0.297918 0.195343
v -0.038810 0.292274 0.118663
v -0.036930 0.274553 0.044848
v -0.033878 0.245432 -0.023263
v -0.029771 0.206034 -0.083055
v -0.024766 0.157868 -0.132229
v -0.019056 0.102790 -0.168896
v -0.012861 0.042916 -0.191646
v -0.000559 0.037904 0.578943
v 0.005074 0.098126 0.556983
v 0.010266 0.153734 0.521045
v 0.014817 0.202586 0.472509
v 0.018552 0.242805 0.413241
v 0.021327 0.272845 0.345519
v 0.023036 0.291555 0.271944
v 0.023613 0.298213 0.195345
v 0.023036 0.292564 0.118665
v 0.021327 0.274823 0.044850
v 0.018552 0.245677 -0.023262
v 0.014817 0.206242 -0.083054
v 0.010266 0.158032 -0.132228
v 0.005074 0.102903 -0.168895
v -0.000559 0.042974 -0.191645
v 0.011517 0.035559 0.578927
v 0.028763 0.093530 0.556953
v 0.044657 0.147061 0.521001
v 0.058588 0.194092 0.472453
v 0.070021 0.232816 0.413176
v 0.078517 0.261748 0.345446
v 0.083749 0.279774 0.271867
v 0.085515 0.286201 0.195266
v 0.083749 0.280783 0.118587
v 0.078517 0.263726 0.044777
v 0.070021 0.235688 -0.023327
v 0.058589 0.197747 -0.083110
v 0.044657 0.151359 -0.132272
v 0.028763 0.098306 -0.168925
v 0.011517 0.040630 -0.191661
v 0.022905 0.030906 0.578897
v 0.051100 0.084400 0.556893
v 0.077086 0.133805 0.520914
v 0.099863 0.177222 0.472342
v 0.118555 0.212980 0.413045
v 0.132443 0.239706 0.345301
v 0.140997 0.256375 0.271713
v 0.143886 0.262343 0.195109
v 0.140997 0.257384 0.118433
v 0.132443 0.241684 0.044632
v 0.118555 0.215852 -0.023458
v 0.099863 0.180878 -0.083221
v 0.077086 0.138104 -0.132359
v 0.051100 0.089176 -0.168985
v 0.022905 0.035976 -0.191691
v 0.033165 0.024118 0.578852
v 0.071227 0.071088 0.556805
v 0.106305 0.114479 0.520786
v 0.137052 0.152625 0.472181
v 0.162285 0.184057 0.412855
v 0.181035 0.207569 0.345089
v 0.192580 0.222255 0.271488
v 0.196479 0.227556 0.194880
v 0.192580 0.223264 0.118209
v 0.181035 0.209548 0.044421
v 0.162285 0.186929 -0.023648
v 0.137052 0.156281 -0.083382
v 0.106305 0.118777 -0.132486
v 0.071227 0.075864 -0.169073
v 0.033165 0.029189 -0.191736
v 0.041905 0.015462 0.578795
v 0.088370 0.054106 0.556693
v 0.131193 0.089824 0.520624
v 0.168728 0.121243 0.471974
v 0.199532 0.147158 0.412612
v 0.222421 0.166569 0.344819
v 0.236516 0.178731 0.271202
v 0.241275 0.183178 0.194588
v 0.236516 0.179740 0.117922
v 0.222421 0.168547 0.044151
v 0.199532 0.150030 -0.023891
v 0.168728 0.124898 -0.083589
v 0.131193 0.094123 -0.132648
v 0.088370 0.058882 -0.169184
v 0.041905 0.020532 -0.191793
v 0.048787 0.005264 0.578728
v 0.101870 0.034104 0.556562
v 0.150792 0.060787 0.520433
v 0.193672 0.084287 0.471731
v 0.228863 0.103700 0.412326
v 0.255013 0.118283 0.344502
v 0.271116 0.127472 0.270865
v 0.276553 0.130914 0.194244
v 0.271116 0.128480 0.117585
v 0.255014 0.120261 0.043833
v 0.228864 0.106572 -0.024177
v 0.193673 0.087942 -0.083832
v 0.150793 0.065086 -0.132840
v 0.101870 0.038880 -0.169316
v 0.048787 0.010335 -0.191860
v 0.053548 -0.006078 0.578653
v 0.111209 0.011855 0.556415
v 0.164350 0.028485 0.520221
v 0.210928 0.043174 0.471460
v 0.249154 0.055357 0.412008
v 0.277559 0.064564 0.344148
v 0.295050 0.070445 0.270489
v 0.300956 0.072772 0.193862
v 0.295050 0.071453 0.117210
v 0.277559 0.066543 0.043480
v 0.249155 0.058229 -0.024495
v 0.210929 0.046830 -0.084103
v 0.164350 0.032783 -0.133052
v 0.111210 0.016632 -0.169462
v 0.053548 -0.001007 -0.191935
v 0.056004 -0.018132 0.578574
v 0.116028 -0.011789 0.556260
v 0.171345 -0.005841 0.519995
v 0.219831 -0.000517 0.471173
v 0.259624 0.003983 0.411670
v 0.289191 0.007482 0.343773
v 0.307399 0.009845 0.270091
v 0.313547 0.010984 0.193455
v 0.307399 0.010854 0.116811
v 0.289191 0.009460 0.043104
v 0.259624 0.006856 -0.024833
v 0.219832 0.003139 -0.084390
v 0.171346 -0.001542 -0.133278
v 0.116028 -0.007013 -0.169618
v 0.056004 -0.013061 -0.192014
v 0.056061 -0.030433 0.578493
v 0.116140 -0.035920 0.556101
v 0.171509 -0.040875 0.519764
v 0.220040 -0.045103 0.470879
v 0.259869 -0.048444 0.411325
v 0.289464 -0.050774 0.343389
v 0.307689 -0.051997 0.269684
v 0.313843 -0.052071 0.193040
v 0.307689 -0.050988 0.116404
v 0.289464 -0.048796 0.042721
v 0.259869 -0.045572 -0.025178
v 0.220040 -0.041447 -0.084683
v 0.171509 -0.036576 -0.133508
v 0.116141 -0.031144 -0.169777
v 0.056062 -0.025363 -0.192095
v 0.053718 -0.042510 0.578414
v 0.111543 -0.059608 0.555945
v 0.164835 -0.075263 0.519538
v 0.211547 -0.088873 0.470591
v 0.249881 -0.099914 0.410986
v 0.278366 -0.107962 0.343013
v 0.295908 -0.112709 0.269284
v 0.301830 -0.113971 0.192633
v 0.295908 -0.111700 0.116005
v 0.278366 -0.105984 0.042345
v 0.249881 -0.097042 -0.025517
v 0.211547 -0.085217 -0.084971
v 0.164836 -0.070965 -0.133735
v 0.111544 -0.054832 -0.169933
v 0.053719 -0.037439 -0.192174
v 0.049063 -0.053898 0.578339
v 0.102413 -0.081946 0.555798
v 0.151580 -0.107692 0.519325
v 0.194676 -0.130146 0.470320
v 0.230044 -0.148446 0.410667
v 0.256324 -0.161888 0.342658
v 0.272507 -0.169957 0.268907
v 0.277972 -0.172340 0.192249
v 0.272507 -0.168948 0.115628
v 0.256324 -0.159910 0.041990
v 0.230044 -0.145574 -0.025836
v 0.194676 -0.126490 -0.085243
v 0.151580 -0.103394 -0.133948
v 0.102413 -0.077170 -0.170080
v 0.049063 -0.048827 -0.192249
v 0.042277 -0.064158 0.578271
v 0.089100 -0.102072 0.555666
v 0.132254 -0.136910 0.519132
v 0.170077 -0.167335 0.470075
v 0.201119 -0.192176 0.410379
v 0.224184 -0.210478 0.342339
v 0.238388 -0.221540 0.268568
v 0.243184 -0.224932 0.191903
v 0.238388 -0.220531 0.115289
v 0.224184 -0.208500 0.041670
v 0.201119 -0.189304 -0.026124
v 0.170078 -0.163680 -0.085488
v 0.132254 -0.132611 -0.134140
v 0.089101 -0.097296 -0.170212
v 0.042277 -0.059088 -0.192317
v 0.033618 -0.072897 0.578214
v 0.072118 -0.119214 0.555553
v 0.107598 -0.161798 0.518969
v 0.138696 -0.199010 0.469867
v 0.164219 -0.229421 0.410134
v 0.183183 -0.251865 0.342066
v 0.194862 -0.265473 0.268279
v 0.198805 -0.269728 0.191608
v 0.194862 -0.264464 0.115000
v 0.183183 -0.249886 0.041398
v 0.164219 -0.226549 -0.026369
v 0.138697 -0.195354 -0.085696
v 0.107598 -0.157500 -0.134304
v 0.072118 -0.114438 -0.170325
v 0.033619 -0.067827 -0.192374
v 0.023423 -0.079779 0.578168
v 0.052116 -0.132715 0.555464
v 0.078561 -0.181396 0.518840
v 0.101739 -0.223954 0.469703
v 0.120761 -0.258754 0.409941
v 0.134896 -0.284454 0.341852
v 0.143600 -0.300073 0.268051
v 0.146539 -0.305005 0.191376
v 0.143600 -0.299064 0.114772
v 0.134897 -0.282476 0.041183
v 0.120761 -0.255882 -0.026562
v 0.101740 -0.220298 -0.085860
v 0.078561 -0.177098 -0.134433
v 0.052116 -0.127939 -0.170414
v 0.023423 -0.074708 -0.192419
v -0.006418 -0.019454 -0.199605
v 0.012079 -0.084539 0.578137
v 0.029865 -0.142054 0.555403
v 0.046257 -0.194953 0.518750
v 0.060625 -0.241211 0.469589
v 0.072416 -0.279044 0.409807
v 0.081178 -0.307000 0.341703
v 0.086573 -0.324006 0.267894
v 0.088395 -0.329409 0.191215
v 0.086573 -0.322997 0.114614
v 0.081178 -0.305022 0.041035
v 0.072416 -0.276172 -0.026695
v 0.060625 -0.237556 -0.085974
v 0.046258 -0.190655 -0.134522
v 0.029865 -0.137278 -0.170475
v 0.012080 -0.079469 -0.192451
v 0.000025 -0.086996 0.578121
v 0.006220 -0.146872 0.555371
v 0.011929 -0.201950 0.518704
v 0.016935 -0.250112 0.469530
v 0.021042 -0.289512 0.409739
v 0.024094 -0.318633 0.341627
v 0.025973 -0.336356 0.267813
v 0.026607 -0.342000 0.191132
v 0.025973 -0.335347 0.114533
v 0.024094 -0.316655 0.040958
v 0.021042 -0.286640 -0.026764
v 0.016935 -0.246457 -0.086032
v 0.011930 -0.197652 -0.134568
v 0.006220 -0.142095 -0.170507
v 0.000025 -0.081925 -0.192467
v -0.012277 -0.087054 0.578120
v -0.017911 -0.146985 0.555370
v -0.023102 -0.202112 0.518703
v -0.027653 -0.250322 0.469529
v -0.031388 -0.289757 0.409737
v -0.034164 -0.318906 0.341625
v -0.035873 -0.336645 0.267811
v -0.036449 -0.342294 0.191130
v -0.035873 -0.335637 0.114531
v -0.034164 -0.316927 0.040957
v -0.031388 -0.286885 -0.026766
v -0.027653 -0.246666 -0.086034
v -0.023102 -0.197814 -0.134569
v -0.017910 -0.142209 -0.170508
v -0.012277 -0.081984 -0.192467
v -0.024354 -0.084710 0.578136
v -0.041600 -0.142386 0.555400
v -0.057494 -0.195439 0.518747
v -0.071425 -0.241827 0.469585
v -0.082859 -0.279770 0.409803
v -0.091354 -0.307808 0.341698
v -0.096586 -0.324864 0.267888
v -0.098352 -0.330281 0.191209
v -0.096586 -0.323855 0.114609
v -0.091354 -0.305830 0.041030
v -0.082859 -0.276898 -0.026700
v -0.071425 -0.238171 -0.085978
v -0.057494 -0.191141 -0.134526
v -0.041599 -0.137610 -0.170477
v -0.024354 -0.079639 -0.192452
v -0.035741 -0.080056 0.578166
v -0.063937 -0.133258 0.555460
v -0.089922 -0.182184 0.518834
v -0.112699 -0.224958 0.469696
v -0.131391 -0.259932 0.409933
v -0.145280 -0.285766 0.341843
v -0.153834 -0.301465 0.268042
v -0.156722 -0.306424 0.191366
v -0.153834 -0.300456 0.114763
v -0.145280 -0.283788 0.041175
v -0.131391 -0.257060 -0.026570
v -0.112698 -0.221303 -0.085867
v -0.089922 -0.177885 -0.134438
v -0.063937 -0.128482 -0.170417
v -0.035741 -0.074986 -0.192421
v -0.046001 -0.073269 0.578211
v -0.084064 -0.119945 0.555548
v -0.119141 -0.162857 0.518962
v -0.149888 -0.200359 0.469858
v -0.175121 -0.231009 0.410124
v -0.193871 -0.253628 0.342054
v -0.205417 -0.267346 0.268267
v -0.209316 -0.271638 0.191595
v -0.205417 -0.266338 0.114987
v -0.193870 -0.251649 0.041386
v -0.175121 -0.228137 -0.026379
v -0.149888 -0.196704 -0.085705
v -0.119141 -0.158559 -0.134311
v -0.084063 -0.115169 -0.170330
v -0.046001 -0.068198 -0.192377
v -0.054741 -0.064611 0.578268
v -0.101206 -0.102963 0.555660
v -0.144029 -0.138203 0.519124
v -0.181564 -0.168981 0.470064
v -0.212368 -0.194110 0.410366
v -0.235257 -0.212627 0.342324
v -0.249352 -0.223820 0.268553
v -0.254112 -0.227260 0.191887
v -0.249352 -0.222811 0.115274
v -0.235257 -0.210649 0.041656
v -0.212368 -0.191238 -0.026137
v -0.181564 -0.165325 -0.085499
v -0.144029 -0.133904 -0.134149
v -0.101206 -0.098187 -0.170218
v -0.054740 -0.059541 -0.192320
v -0.061623 -0.054415 0.578335
v -0.114707 -0.082962 0.555791
v -0.163628 -0.109166 0.519315
v -0.206509 -0.132022 0.470307
v -0.241700 -0.150652 0.410652
v -0.267849 -0.164340 0.342642
v -0.283952 -0.172560 0.268890
v -0.289389 -0.174994 0.192231
v -0.283952 -0.171551 0.115611
v -0.267849 -0.162362 0.041974
v -0.241700 -0.147780 -0.025851
v -0.206508 -0.128367 -0.085255
v -0.163628 -0.104868 -0.133958
v -0.114706 -0.078186 -0.170086
v -0.061623 -0.049345 -0.192253
v -0.066384 -0.043073 0.578410
v -0.124045 -0.060711 0.555938
v -0.177186 -0.076864 0.519527
v -0.223765 -0.090909 0.470578
v -0.261991 -0.102309 0.410970
v -0.290396 -0.110625 0.342995
v -0.307886 -0.115533 0.269265
v -0.313792 -0.116852 0.192614
v -0.307886 -0.114525 0.115986
v -0.290395 -0.108647 0.042327
v -0.261990 -0.099437 -0.025533
v -0.223765 -0.087254 -0.084985
v -0.177186 -0.072566 -0.133745
v -0.124045 -0.055934 -0.169940
v -0.066384 -0.038002 -0.192178
v -0.068840 -0.031019 0.578489
v -0.128864 -0.037067 0.556093
v -0.184181 -0.042537 0.519753
v -0.232668 -0.047221 0.470865
v -0.272460 -0.050937 0.411308
v -0.302028 -0.053541 0.343371
v -0.320236 -0.054936 0.269664
v -0.326383 -0.055065 0.193020
v -0.320236 -0.053927 0.116385
v -0.302028 -0.051563 0.042703
v -0.272460 -0.048065 -0.025195
v -0.232668 -0.043566 -0.084697
v -0.184181 -0.038238 -0.133520
v -0.128863 -0.032291 -0.169784
v -0.068840 -0.025948 -0.192099
v -0.068897 -0.018717 0.578570
v -0.128977 -0.012936 0.556252
v -0.184346 -0.007506 0.519984
v -0.232876 -0.002633 0.471159
v -0.272705 0.001494 0.411653
v -0.302300 0.004716 0.343754
v -0.320525 0.006908 0.270071
v -0.326678 0.007990 0.193435
v -0.320525 0.007917 0.116792
v -0.302300 0.006694 0.043086
v -0.272705 0.004366 -0.024850
v -0.232876 0.001023 -0.084404
v -0.184345 -0.003208 -0.133289
v -0.128976 -0.008160 -0.169626
v -0.068897 -0.013647 -0.192018
v -0.066554 -0.006640 0.578650
v -0.124380 0.010753 0.556408
v -0.224383 0.041138 0.471447
v -0.291202 0.061905 0.344131
v -0.291202 0.063883 0.043462
v -0.224382 0.044794 -0.084116
v -0.177671 0.031184 -0.133063
v -0.124379 0.015529 -0.169470
v -0.066554 -0.001569 -0.191938
vt 0.015625 0.000000
vt 0.046875 0.000000
vt 0.078125 0.000000
vt 0.109375 0.000000
vt 0.140625 0.000000
vt 0.171875 0.000000
vt 0.203125 0.000000
vt 0.234375 0.000000
vt 0.265625 0.000000
vt 0.296875 0.000000
vt 0.328125 0.000000
vt 0.359375 0.000000
vt 0.390625 0.000000
vt 0.421875 0.000000
vt 0.453125 0.000000
vt 0.484375 0.000000
vt 0.515625 0.000000
vt 0.546875 0.000000
vt 0.578125 0.000000
vt 0.609375 0.000000
vt 0.640625 0.000000
vt 0.671875 0.000000
vt 0.703125 0.000000
vt 0.734375 0.000000
vt 0.765625 0.000000
vt 0.796875 0.000000
vt 0.828125 0.000000
vt 0.859375 0.000000
vt 0.890625 0.000000
vt 0.921875 0.000000
vt 0.953125 0.000000
vt 0.984375 0.000000
vt 0.750000 0.062500
vt 0.781250 0.062500
vt 0.812500 0.062500
vt 0.000000 0.062500
vt 0.031250 0.062500
vt 0.062500 0.062500
vt 0.093750 0.062500
vt 0.125000 0.062500
vt 0.156250 0.062500
vt 0.187500 0.062500
vt 0.218750 0.062500
vt 0.250000 0.062500
vt 0.281250 0.062500
vt 0.312500 0.062500
vt 0.343750 0.062500
vt 0.375000 0.062500
vt 0.406250 0.062500
vt 0.437500 0.062500
vt 0.468750 0.062500
vt 0.500000 0.062500
vt 0.531250 0.062500
vt 0.562500 0.062500
vt 0.593750 0.062500
vt 0.625000 0.062500
vt 0.656250 0.062500
vt 0.687500 0.062500
vt 0.718750 0.062500
vt 0.843750 0.062500
vt 0.875000 0.062500
vt 0.906250 0.062500
vt 0.937500 0.062500
vt 0.968750 0.062500
vt 1.000000 0.062500
vt 0.000000 0.125000
vt 0.031250 0.125000
vt 0.062500 0.125000
vt 0.093750 0.125000
vt 0.125000 0.125000
vt 0.156250 0.125000
vt 0.187500 0.125000
vt 0.218750 0.125000
vt 0.250000 0.125000
vt 0.281250 0.125000
vt 0.312500 0.125000
vt 0.343750 0.125000
vt 0.375000 0.125000
vt 0.406250 0.125000
vt 0.437500 0.125000
vt 0.468750 0.125000
vt 0.500000 0.125000
vt 0.531250 0.125000
vt 0.562500 0.125000
vt 0.593750 0.125000
vt 0.625000 0.125000
vt 0.750000 0.125000
vt 0.781250 0.125000
vt 0.812500 0.125000
vt 0.843750 0.125000
vt 0.875000 0.125000
vt 0.906250 0.125000
vt 0.937500 0.125000
vt 0.968750 0.125000
vt 1.000000 0.125000
vt 0.656250 0.125000
vt 0.687500 0.125000
vt 0.718750 0.125000
vt 0.750000 0.187500
vt 0.781250 0.187500
vt 0.812500 0.187500
vt 0.843750 0.187500
vt 0.000000 0.187500
vt 0.031250 0.187500
vt 0.062500 0.187500
vt 0.093750 0.187500
vt 0.125000 0.187500
vt 0.156250 0.187500
vt 0.875000 0.187500
vt 0.906250 0.187500
vt 0.937500 0.187500
vt 0.968750 0.187500
vt 1.000000 0.187500
vt 0.187500 0.187500
vt 0.218750 0.187500
vt 0.250000 0.187500
vt 0.281250 0.187500
vt 0.312500 0.187500
vt 0.343750 0.187500
vt 0.375000 0.187500
vt 0.406250 0.187500
vt 0.437500 0.187500
vt 0.468750 0.187500
vt 0.500000 0.187500
vt 0.531250 0.187500
vt 0.562500 0.187500
vt 0.593750 0.187500
vt 0.625000 0.187500
vt 0.656250 0.187500
vt 0.687500 0.187500
vt 0.718750 0.187500
vt 0.000000 0.250000
vt 0.093750 0.250000
vt 0.750000 0.250000
vt 0.812500 0.250000
vt 0.843750 0.250000
vt 0.875000 0.250000
vt 0.906250 0.250000
vt 0.937500 0.250000
vt 0.968750 0.250000
vt 1.000000 0.250000
vt 0.031250 0.250000
vt 0.062500 0.250000
vt 0.125000 0.250000
vt 0.156250 0.250000
vt 0.187500 0.250000
vt 0.218750 0.250000
vt 0.250000 0.250000
vt 0.281250 0.250000
vt 0.312500 0.250000
vt 0.343750 0.250000
vt 0.375000 0.250000
vt 0.406250 0.250000
vt 0.437500 0.250000
vt 0.468750 0.250000
vt 0.500000 0.250000
vt 0.531250 0.250000
vt 0.562500 0.250000
vt 0.593750 0.250000
vt 0.625000 0.250000
vt 0.656250 0.250000
vt 0.687500 0.250000
vt 0.718750 0.250000
vt 0.781250 0.250000
vt 0.062500 0.312500
vt 0.781250 0.312500
vt 0.812500 0.312500
vt 0.843750 0.312500
vt 0.875000 0.312500
vt 0.906250 0.312500
vt 0.937500 0.312500
vt 0.968750 0.312500
vt 0.000000 0.312500
vt 0.031250 0.312500
vt 0.093750 0.312500
vt 0.125000 0.312500
vt 0.156250 0.312500
vt 0.187500 0.312500
vt 0.218750 0.312500
vt 0.250000 0.312500
vt 0.281250 0.312500
vt 0.312500 0.312500
vt 0.343750 0.312500
vt 0.375000 0.312500
vt 0.406250 0.312500
vt 0.437500 0.312500
vt 0.468750 0.312500
vt 0.500000 0.312500
vt 0.531250 0.312500
vt 0.562500 0.312500
vt 0.593750 0.312500
vt 0.625000 0.312500
vt 0.656250 0.312500
vt 0.687500 0.312500
vt 0.718750 0.312500
vt 1.000000 0.312500
vt 0.750000 0.312500
vt 0.000000 0.375000
vt 0.031250 0.375000
vt 0.062500 0.375000
vt 0.093750 0.375000
vt 0.125000 0.375000
vt 0.156250 0.375000
vt 0.187500 0.375000
vt 0.750000 0.375000
vt 0.781250 0.375000
vt 0.812500 0.375000
vt 0.843750 0.375000
vt 0.875000 0.375000
vt 0.906250 0.375000
vt 0.937500 0.375000
vt 0.968750 0.375000
vt 1.000000 0.375000
vt 0.218750 0.375000
vt 0.250000 0.375000
vt 0.281250 0.375000
vt 0.312500 0.375000
vt 0.343750 0.375000
vt 0.375000 0.375000
vt 0.406250 0.375000
vt 0.437500 0.375000
vt 0.468750 0.375000
vt 0.500000 0.375000
vt 0.531250 0.375000
vt 0.562500 0.375000
vt 0.593750 0.375000
vt 0.625000 0.375000
vt 0.656250 0.375000
vt 0.687500 0.375000
vt 0.718750 0.375000
vt 0.000000 0.437500
vt 0.031250 0.437500
vt 0.062500 0.437500
vt 0.093750 0.437500
vt 0.125000 0.437500
vt 0.156250 0.437500
vt 0.187500 0.437500
vt 0.218750 0.437500
vt 0.250000 0.437500
vt 0.281250 0.437500
vt 0.312500 0.437500
vt 0.343750 0.437500
vt 0.375000 0.437500
vt 0.406250 0.437500
vt 0.437500 0.437500
vt 0.468750 0.437500
vt 0.500000 0.437500
vt 0.531250 0.437500
vt 0.562500 0.437500
vt 0.593750 0.437500
vt 0.625000 0.437500
vt 0.656250 0.437500
vt 0.687500 0.437500
vt 0.718750 0.437500
vt 0.750000 0.437500
vt 0.781250 0.437500
vt 0.812500 0.437500
vt 0.843750 0.437500
vt 0.875000 0.437500
vt 0.906250 0.437500
vt 0.937500 0.437500
vt 0.968750 0.437500
vt 1.000000 0.437500
vt 0.000000 0.500000
vt 0.031250 0.500000
vt 0.062500 0.500000
vt 0.093750 0.500000
vt 0.125000 0.500000
vt 0.156250 0.500000
vt 0.187500 0.500000
vt 0.218750 0.500000
vt 0.250000 0.500000
vt 0.281250 0.500000
vt 0.312500 0.500000
vt 0.343750 0.500000
vt 0.375000 0.500000
vt 0.406250 0.500000
vt 0.437500 0.500000
vt 0.468750 0.500000
vt 0.500000 0.500000
vt 0.531250 0.500000
vt 0.562500 0.500000
vt 0.593750 0.500000
vt 0.625000 0.500000
vt 0.656250 0.500000
vt 0.687500 0.500000
vt 0.718750 0.500000
vt 0.750000 0.500000
vt 0.781250 0.500000
vt 0.812500 0.500000
vt 0.843750 0.500000
vt 0.875000 0.500000
vt 0.906250 0.500000
vt 0.937500 0.500000
vt 0.968750 0.500000
vt 1.000000 0.500000
vt 0.000000 0.562500
vt 0.031250 0.562500
vt 0.062500 0.562500
vt 0.093750 0.562500
vt 0.125000 0.562500
vt 0.156250 0.562500
vt 0.187500 0.562500
vt 0.218750 0.562500
vt 0.250000 0.562500
vt 0.281250 0.562500
vt 0.312500 0.562500
vt 0.343750 0.562500
vt 0.375000 0.562500
vt 0.406250 0.562500
vt 0.437500 0.562500
vt 0.468750 0.562500
vt 0.500000 0.562500
vt 0.531250 0.562500
vt 0.562500 0.562500
vt 0.593750 0.562500
vt 0.625000 0.562500
vt 0.656250 0.562500
vt 0.687500 0.562500
vt 0.718750 0.562500
vt 0.750000 0.562500
vt 0.968750 0.562500
vt 1.000000 0.562500
vt 0.781250 0.562500
vt 0.812500 0.562500
vt 0.843750 0.562500
vt 0.875000 0.562500
vt 0.906250 0.562500
vt 0.937500 0.562500
vt 0.687500 0.625000
vt 0.031250 0.625000
vt 0.125000 0.625000
vt 0.156250 0.625000
vt 0.187500 0.625000
vt 0.218750 0.625000
vt 0.250000 0.625000
vt 0.281250 0.625000
vt 0.312500 0.625000
vt 0.343750 0.625000
vt 0.375000 0.625000
vt 0.406250 0.625000
vt 0.437500 0.625000
vt 0.468750 0.625000
vt 0.500000 0.625000
vt 0.531250 0.625000
vt 0.562500 0.625000
vt 0.593750 0.625000
vt 0.625000 0.625000
vt 0.656250 0.625000
vt 0.718750 0.625000
vt 0.000000 0.625000
vt 0.062500 0.625000
vt 0.093750 0.625000
vt 0.750000 0.625000
vt 0.781250 0.625000
vt 0.812500 0.625000
vt 0.843750 0.625000
vt 0.875000 0.625000
vt 0.906250 0.625000
vt 0.937500 0.625000
vt 0.968750 0.625000
vt 1.000000 0.625000
vt 0.562500 0.687500
vt 0.593750 0.687500
vt 0.656250 0.687500
vt 0.687500 0.687500
vt 0.718750 0.687500
vt 0.750000 0.687500
vt 0.000000 0.687500
vt 0.031250 0.687500
vt 0.093750 0.687500
vt 0.125000 0.687500
vt 0.156250 0.687500
vt 0.187500 0.687500
vt 0.218750 0.687500
vt 0.250000 0.687500
vt 0.281250 0.687500
vt 0.312500 0.687500
vt 0.343750 0.687500
vt 0.375000 0.687500
vt 0.406250 0.687500
vt 0.437500 0.687500
vt 0.468750 0.687500
vt 0.500000 0.687500
vt 0.531250 0.687500
vt 0.625000 0.687500
vt 1.000000 0.687500
vt 0.062500 0.687500
vt 0.781250 0.687500
vt 0.812500 0.687500
vt 0.843750 0.687500
vt 0.875000 0.687500
vt 0.906250 0.687500
vt 0.937500 0.687500
vt 0.968750 0.687500
vt 0.625000 0.750000
vt 0.000000 0.750000
vt 0.031250 0.750000
vt 0.062500 0.750000
vt 0.093750 0.750000
vt 0.125000 0.750000
vt 0.156250 0.750000
vt 0.187500 0.750000
vt 0.218750 0.750000
vt 0.250000 0.750000
vt 0.281250 0.750000
vt 0.312500 0.750000
vt 0.343750 0.750000
vt 0.375000 0.750000
vt 0.406250 0.750000
vt 0.437500 0.750000
vt 0.468750 0.750000
vt 0.500000 0.750000
vt 0.531250 0.750000
vt 0.562500 0.750000
vt 0.593750 0.750000
vt 0.656250 0.750000
vt 0.687500 0.750000
vt 0.718750 0.750000
vt 0.750000 0.750000
vt 0.781250 0.750000
vt 0.812500 0.750000
vt 0.843750 0.750000
vt 0.875000 0.750000
vt 0.906250 0.750000
vt 0.937500 0.750000
vt 0.968750 0.750000
vt 1.000000 0.750000
vt 0.468750 0.812500
vt 0.500000 0.812500
vt 0.531250 0.812500
vt 0.562500 0.812500
vt 0.593750 0.812500
vt 0.625000 0.812500
vt 0.656250 0.812500
vt 0.687500 0.812500
vt 0.718750 0.812500
vt 0.750000 0.812500
vt 0.187500 0.812500
vt 0.218750 0.812500
vt 0.250000 0.812500
vt 0.281250 0.812500
vt 0.312500 0.812500
vt 0.343750 0.812500
vt 0.375000 0.812500
vt 0.406250 0.812500
vt 0.437500 0.812500
vt 0.000000 0.812500
vt 0.031250 0.812500
vt 0.062500 0.812500
vt 0.093750 0.812500
vt 0.125000 0.812500
vt 0.156250 0.812500
vt 0.875000 0.812500
vt 0.906250 0.812500
vt 0.937500 0.812500
vt 0.968750 0.812500
vt 1.000000 0.812500
vt 0.781250 0.812500
vt 0.812500 0.812500
vt 0.843750 0.812500
vt 0.062500 0.875000
vt 0.093750 0.875000
vt 0.125000 0.875000
vt 0.156250 0.875000
vt 0.187500 0.875000
vt 0.218750 0.875000
vt 0.250000 0.875000
vt 0.281250 0.875000
vt 0.312500 0.875000
vt 0.343750 0.875000
vt 0.375000 0.875000
vt 0.406250 0.875000
vt 0.437500 0.875000
vt 0.468750 0.875000
vt 0.500000 0.875000
vt 0.531250 0.875000
vt 0.562500 0.875000
vt 0.593750 0.875000
vt 0.625000 0.875000
vt 0.656250 0.875000
vt 0.687500 0.875000
vt 0.718750 0.875000
vt 0.000000 0.875000
vt 0.031250 0.875000
vt 0.750000 0.875000
vt 0.781250 0.875000
vt 0.812500 0.875000
vt 0.843750 0.875000
vt 0.875000 0.875000
vt 0.906250 0.875000
vt 0.937500 0.875000
vt 0.968750 0.875000
vt 1.000000 0.875000
vt 0.000000 0.937500
vt 0.031250 0.937500
vt 0.062500 0.937500
vt 0.093750 0.937500
vt 0.125000 0.937500
vt 0.156250 0.937500
vt 0.187500 0.937500
vt 0.218750 0.937500
vt 0.250000 0.937500
vt 0.281250 0.937500
vt 0.312500 0.937500
vt 0.343750 0.937500
vt 0.375000 0.937500
vt 0.406250 0.937500
vt 0.437500 0.937500
vt 0.468750 0.937500
vt 0.500000 0.937500
vt 0.531250 0.937500
vt 0.562500 0.937500
vt 0.593750 0.937500
vt 0.625000 0.937500
vt 0.656250 0.937500
vt 0.687500 0.937500
vt 0.718750 0.937500
vt 0.843750 0.937500
vt 0.875000 0.937500
vt 0.906250 0.937500
vt 0.937500 0.937500
vt 0.968750 0.937500
vt 1.000000 0.937500
vt 0.750000 0.937500
vt 0.781250 0.937500
vt 0.812500 0.937500
vt 0.015625 1.000000
vt 0.046875 1.000000
vt 0.078125 1.000000
vt 0.109375 1.000000
vt 0.140625 1.000000
vt 0.171875 1.000000
vt 0.203125 1.000000
vt 0.234375 1.000000
vt 0.265625 1.000000
vt 0.296875 1.000000
vt 0.328125 1.000000
vt 0.359375 1.000000
vt 0.390625 1.000000
vt 0.421875 1.000000
vt 0.453125 1.000000
vt 0.484375 1.000000
vt 0.515625 1.000000
vt 0.546875 1.000000
vt 0.578125 1.000000
vt 0.609375 1.000000
vt 0.640625 1.000000
vt 0.671875 1.000000
vt 0.703125 1.000000
vt 0.734375 1.000000
vt 0.765625 1.000000
vt 0.796875 1.000000
vt 0.828125 1.000000
vt 0.859375 1.000000
vt 0.890625 1.000000
vt 0.921875 1.000000
vt 0.953125 1.000000
vt 0.984375 1.000000
vn -0.609848 0.186955 -0.770152
vn -0.743999 0.226036 -0.628787
vn -0.686414 0.366916 -0.627860
vn -0.562646 0.302433 -0.769392
vn -0.908126 0.268736 0.321073
vn -0.842103 0.248006 0.478911
vn -0.776924 0.407464 0.479961
vn -0.837838 0.440696 0.322204
vn -0.438054 0.136496 -0.888526
vn -0.404149 0.219444 -0.887980
vn -0.945976 0.281074 0.161637
vn -0.872758 0.460201 0.162816
vn -0.232902 0.075843 -0.969538
vn -0.214875 0.119945 -0.969248
vn -0.958288 0.285797 0.001880
vn -0.884117 0.467256 0.003074
vn -0.232902 0.063077 0.970452
vn -0.000000 -0.006580 0.999978
vn -0.214876 0.107180 0.970742
vn 0.000000 0.006580 -0.999978
vn -0.945976 0.283177 -0.157924
vn -0.872758 0.462304 -0.156746
vn -0.438054 0.124792 0.890245
vn -0.404149 0.207740 0.890791
vn -0.908126 0.272938 -0.317509
vn -0.837837 0.444898 -0.316377
vn -0.609848 0.176804 0.772545
vn -0.562646 0.292283 0.773305
vn -0.842102 0.254287 -0.475606
vn -0.776924 0.413745 -0.474558
vn -0.743999 0.217742 0.631707
vn -0.686414 0.358623 0.632634
vn -0.493822 0.396334 0.773990
vn -0.602450 0.485562 0.633469
vn -0.681888 0.557422 -0.473612
vn -0.602450 0.493856 -0.627025
vn -0.681889 0.551142 0.480906
vn -0.493821 0.406485 -0.768707
vn -0.735351 0.595638 0.323223
vn -0.354712 0.294184 -0.887488
vn -0.766000 0.621601 0.163878
vn -0.188591 0.159681 -0.968987
vn -0.775970 0.630757 0.004150
vn -0.188592 0.146916 0.971004
vn -0.766000 0.623704 -0.155684
vn -0.354712 0.282480 0.891282
vn -0.735351 0.599840 -0.315358
vn -0.629805 0.759073 0.164782
vn -0.638002 0.770018 0.005067
vn -0.155060 0.180762 0.971227
vn -0.155059 0.193528 -0.968764
vn -0.629805 0.761176 -0.154779
vn -0.291644 0.346139 0.891701
vn -0.604606 0.731812 -0.314489
vn -0.406020 0.484958 0.774573
vn -0.560649 0.679799 -0.472807
vn -0.495335 0.593682 0.634180
vn -0.495335 0.601976 -0.626313
vn -0.560649 0.673518 0.481712
vn -0.406020 0.495109 -0.768124
vn -0.604606 0.727610 0.324092
vn -0.291644 0.357844 -0.887069
vn -0.417864 0.776172 -0.472173
vn -0.369184 0.687122 -0.625753
vn -0.369184 0.678828 0.634741
vn -0.417864 0.769891 0.482346
vn -0.302616 0.564902 -0.767665
vn -0.450626 0.831539 0.324776
vn -0.217369 0.407976 -0.886739
vn -0.469408 0.867334 0.165494
vn -0.115569 0.220182 -0.968588
vn -0.475517 0.879688 0.005788
vn -0.115570 0.207416 0.971402
vn -0.469408 0.869437 -0.154066
vn -0.217369 0.396272 0.892031
vn -0.450626 0.835741 -0.313805
vn -0.302616 0.554751 0.775032
vn -0.071638 0.238619 -0.968467
vn -0.294758 0.955551 0.006287
vn -0.290971 0.944326 -0.153574
vn -0.071638 0.225853 0.971524
vn -0.134740 0.430950 0.892259
vn -0.279329 0.907633 -0.313332
vn -0.187582 0.603031 0.775350
vn -0.259020 0.842838 -0.471734
vn -0.228845 0.737727 0.635128
vn -0.228845 0.746021 -0.625365
vn -0.259021 0.836557 0.482784
vn -0.187582 0.613182 -0.767347
vn -0.279329 0.903432 0.325249
vn -0.134740 0.442655 -0.886511
vn -0.290971 0.942223 0.165987
vn -0.079712 0.776411 -0.625165
vn -0.065339 0.638092 -0.767183
vn -0.090223 0.870954 0.483011
vn -0.097297 0.940525 0.325493
vn -0.046933 0.460548 -0.886393
vn -0.101352 0.980863 0.166241
vn -0.024953 0.248133 -0.968405
vn -0.102671 0.994694 0.006545
vn -0.024953 0.235367 0.971586
vn -0.101352 0.982965 -0.153319
vn -0.046933 0.448843 0.892377
vn -0.097297 0.944727 -0.313088
vn -0.065340 0.627941 0.775514
vn -0.090223 0.877234 -0.471508
vn -0.079713 0.768117 0.635328
vn 0.022690 0.235590 0.971588
vn 0.042677 0.449262 0.892380
vn 0.092161 0.983871 -0.153313
vn 0.088474 0.945596 -0.313082
vn 0.059414 0.628524 0.775517
vn 0.082041 0.878040 -0.471503
vn 0.072484 0.768829 0.635333
vn 0.072484 0.777123 -0.625161
vn 0.082041 0.871760 0.483016
vn 0.059414 0.638675 -0.767179
vn 0.088474 0.941394 0.325499
vn 0.042677 0.460967 -0.886391
vn 0.092161 0.981768 0.166247
vn 0.022690 0.248355 -0.968403
vn 0.093361 0.995611 0.006551
vn 0.251153 0.838943 0.482800
vn 0.270844 0.906005 0.325266
vn 0.181885 0.614910 -0.767336
vn 0.130648 0.443896 -0.886503
vn 0.282133 0.944904 0.166005
vn 0.069462 0.239279 -0.968463
vn 0.285805 0.958267 0.006305
vn 0.069462 0.226514 0.971528
vn 0.282133 0.947007 -0.153556
vn 0.130647 0.432192 0.892268
vn 0.270845 0.910207 -0.313315
vn 0.181884 0.604759 0.775361
vn 0.251153 0.845224 -0.471718
vn 0.221895 0.739836 0.635142
vn 0.221895 0.748130 -0.625351
vn 0.461263 0.873790 -0.154037
vn 0.442807 0.839920 -0.313778
vn 0.213597 0.398288 0.892044
vn 0.297365 0.557558 0.775050
vn 0.410613 0.780047 -0.472147
vn 0.362778 0.682252 0.634763
vn 0.362778 0.690546 -0.625730
vn 0.410613 0.773766 0.482372
vn 0.297365 0.567709 -0.767646
vn 0.442807 0.835718 0.324804
vn 0.213597 0.409992 -0.886726
vn 0.461263 0.871687 0.165523
vn 0.113564 0.221253 -0.968582
vn 0.467266 0.884097 0.005817
vn 0.113564 0.208488 0.971409
vn 0.401418 0.498886 -0.768099
vn 0.288339 0.360557 -0.887051
vn 0.597752 0.733234 0.324129
vn 0.622666 0.764932 0.164820
vn 0.153302 0.194970 -0.968754
vn 0.630771 0.775953 0.005106
vn 0.153302 0.182204 0.971236
vn 0.622666 0.767035 -0.154740
vn 0.288338 0.348852 0.891719
vn 0.597752 0.737436 -0.314452
vn 0.401418 0.488735 0.774598
vn 0.554294 0.685014 -0.472773
vn 0.489720 0.598290 0.634211
vn 0.489720 0.606584 -0.626283
vn 0.554294 0.678733 0.481746
vn 0.351999 0.285786 0.891304
vn 0.490044 0.400936 0.774020
vn 0.729727 0.606694 -0.315312
vn 0.676673 0.563777 -0.473570
vn 0.597842 0.491177 0.633506
vn 0.597842 0.499471 -0.626988
vn 0.676673 0.557496 0.480948
vn 0.490045 0.411087 -0.768677
vn 0.729727 0.602492 0.323269
vn 0.351999 0.297490 -0.887466
vn 0.760141 0.628740 0.163924
vn 0.187149 0.161439 -0.968975
vn 0.770034 0.637988 0.004198
vn 0.187149 0.148673 0.971016
vn 0.760141 0.630843 -0.155636
vn 0.833658 0.448515 0.322256
vn 0.868404 0.468346 0.162869
vn 0.402133 0.223217 -0.887955
vn 0.213804 0.121950 -0.969235
vn 0.879707 0.475506 0.003129
vn 0.213803 0.109185 0.970756
vn 0.868404 0.470449 -0.156691
vn 0.402132 0.211512 0.890815
vn 0.833658 0.452717 -0.316325
vn 0.559839 0.297534 0.773339
vn 0.773048 0.420995 -0.474510
vn 0.682990 0.365029 0.632676
vn 0.682990 0.373323 -0.627818
vn 0.773048 0.414714 0.480009
vn 0.559839 0.307685 -0.769357
vn 0.905552 0.281424 -0.317452
vn 0.839715 0.262155 -0.475555
vn 0.608119 0.182502 0.772583
vn 0.741891 0.224693 0.631753
vn 0.741891 0.232987 -0.628741
vn 0.839715 0.255874 0.478964
vn 0.608119 0.192653 -0.770114
vn 0.905552 0.277222 0.321129
vn 0.436812 0.140589 -0.888499
vn 0.943295 0.289913 0.161695
vn 0.232242 0.078019 -0.969524
vn 0.955572 0.294751 0.001940
vn 0.232242 0.065254 0.970467
vn 0.943295 0.292016 -0.157865
vn 0.436812 0.128885 0.890272
vn 0.454706 0.052784 -0.889076
vn 0.241755 0.031334 -0.969831
vn 0.981935 0.100298 0.160447
vn 0.994715 0.102669 0.000676
vn 0.241755 0.018569 0.970160
vn 0.981935 0.102401 -0.159113
vn 0.454705 0.041080 0.889694
vn 0.942647 0.099396 -0.318650
vn 0.633030 0.060262 0.771778
vn 0.874113 0.093362 -0.476665
vn 0.772281 0.075564 0.630771
vn 0.772281 0.083858 -0.629722
vn 0.874113 0.087081 0.477853
vn 0.633030 0.070413 -0.770918
vn 0.942647 0.095194 0.319931
vn 0.874919 -0.078899 -0.477799
vn 0.772993 -0.068335 -0.630724
vn 0.772993 -0.076629 0.629770
vn 0.874919 -0.085180 0.476720
vn 0.633613 -0.054337 -0.771739
vn 0.943516 -0.090573 0.318708
vn 0.455125 -0.036824 -0.889666
vn 0.982840 -0.093211 0.159173
vn 0.241979 -0.016306 -0.970145
vn 0.995632 -0.093359 -0.000614
vn 0.241978 -0.029072 0.969846
vn 0.982840 -0.091108 -0.160386
vn 0.455124 -0.048528 0.889104
vn 0.943516 -0.086371 -0.319872
vn 0.633613 -0.064488 0.770958
vn 0.232902 -0.075843 0.969538
vn 0.232902 -0.063078 -0.970452
vn 0.958288 -0.285799 -0.001880
vn 0.945976 -0.281076 -0.161636
vn 0.438053 -0.136497 0.888526
vn 0.908126 -0.268738 -0.321072
vn 0.609847 -0.186956 0.770152
vn 0.842102 -0.248008 -0.478912
vn 0.743999 -0.226037 0.628787
vn 0.743999 -0.217743 -0.631707
vn 0.842102 -0.254288 0.475607
vn 0.609848 -0.176805 -0.772545
vn 0.908126 -0.272940 0.317508
vn 0.438054 -0.124792 -0.890245
vn 0.945976 -0.283179 0.157923
vn 0.686414 -0.366917 0.627860
vn 0.776924 -0.413745 0.474557
vn 0.686414 -0.358623 -0.632634
vn 0.562646 -0.292283 -0.773305
vn 0.837837 -0.444898 0.316377
vn 0.404149 -0.207741 -0.890791
vn 0.872758 -0.462304 0.156745
vn 0.214875 -0.107180 -0.970742
vn 0.884117 -0.467256 -0.003074
vn 0.214875 -0.119946 0.969248
vn 0.872758 -0.460202 -0.162815
vn 0.404148 -0.219445 0.887980
vn 0.837837 -0.440696 -0.322204
vn 0.562646 -0.302434 0.769392
vn 0.776924 -0.407464 -0.479961
vn 0.775969 -0.630757 -0.004150
vn 0.766000 -0.621602 -0.163877
vn 0.188591 -0.159681 0.968987
vn 0.354712 -0.294185 0.887488
vn 0.735351 -0.595639 -0.323223
vn 0.493821 -0.406485 0.768707
vn 0.681889 -0.551142 -0.480906
vn 0.602450 -0.493856 0.627025
vn 0.602450 -0.485562 -0.633469
vn 0.681888 -0.557422 0.473612
vn 0.493822 -0.396334 -0.773990
vn 0.735351 -0.599840 0.315357
vn 0.354712 -0.282481 -0.891282
vn 0.766000 -0.623704 0.155683
vn 0.188592 -0.146916 -0.971004
vn 0.495335 -0.593682 -0.634181
vn 0.406020 -0.484958 -0.774573
vn 0.560649 -0.679799 0.472807
vn 0.604606 -0.731812 0.314489
vn 0.291644 -0.346140 -0.891701
vn 0.629805 -0.761176 0.154778
vn 0.155060 -0.180763 -0.971227
vn 0.638002 -0.770018 -0.005067
vn 0.155060 -0.193528 0.968764
vn 0.629805 -0.759073 -0.164781
vn 0.291644 -0.357844 0.887069
vn 0.604606 -0.727610 -0.324092
vn 0.406020 -0.495109 0.768124
vn 0.560649 -0.673518 -0.481711
vn 0.495335 -0.601976 0.626313
vn 0.115569 -0.220181 0.968589
vn 0.217369 -0.407976 0.886739
vn 0.469407 -0.867334 -0.165493
vn 0.450626 -0.831539 -0.324776
vn 0.302615 -0.564902 0.767665
vn 0.417864 -0.769891 -0.482346
vn 0.369184 -0.687122 0.625753
vn 0.369184 -0.678828 -0.634741
vn 0.417864 -0.776172 0.472173
vn 0.302616 -0.554751 -0.775032
vn 0.450626 -0.835741 0.313805
vn 0.217369 -0.396272 -0.892031
vn 0.469407 -0.869437 0.154066
vn 0.115569 -0.207417 -0.971402
vn 0.475517 -0.879688 -0.005788
vn 0.259020 -0.842838 0.471734
vn 0.279329 -0.907634 0.313332
vn 0.187582 -0.603031 -0.775350
vn 0.134740 -0.430951 -0.892259
vn 0.290971 -0.944326 0.153573
vn 0.071638 -0.225854 -0.971523
vn 0.294758 -0.955551 -0.006287
vn 0.071638 -0.238618 0.968467
vn 0.290971 -0.942223 -0.165986
vn 0.134740 -0.442655 0.886511
vn 0.279329 -0.903432 -0.325249
vn 0.187582 -0.613182 0.767347
vn 0.259021 -0.836557 -0.482784
vn 0.228845 -0.746021 0.625365
vn 0.228845 -0.737727 -0.635128
vn 0.101352 -0.980863 -0.166240
vn 0.097297 -0.940525 -0.325493
vn 0.046933 -0.460548 0.886393
vn 0.065339 -0.638092 0.767183
vn 0.090223 -0.870954 -0.483011
vn 0.079712 -0.776411 0.625165
vn 0.079713 -0.768117 -0.635328
vn 0.090223 -0.877234 0.471508
vn 0.065339 -0.627941 -0.775514
vn 0.097297 -0.944727 0.313088
vn 0.046933 -0.448844 -0.892377
vn 0.101352 -0.982965 0.153318
vn 0.024953 -0.235368 -0.971586
vn 0.102671 -0.994694 -0.006545
vn 0.024953 -0.248132 0.968405
vn -0.059414 -0.628524 -0.775517
vn -0.042677 -0.449263 -0.892380
vn -0.088474 -0.945596 0.313082
vn -0.092162 -0.983871 0.153312
vn -0.022690 -0.235590 -0.971588
vn -0.093361 -0.995611 -0.006551
vn -0.022691 -0.248355 0.968403
vn -0.092161 -0.981768 -0.166246
vn -0.042677 -0.460967 0.886390
vn -0.088474 -0.941394 -0.325499
vn -0.059414 -0.638675 0.767179
vn -0.082041 -0.871760 -0.483016
vn -0.072484 -0.777123 0.625161
vn -0.072484 -0.768829 -0.635333
vn -0.082042 -0.878040 0.471502
vn -0.270845 -0.906005 -0.325266
vn -0.251153 -0.838943 -0.482800
vn -0.181885 -0.614910 0.767336
vn -0.221895 -0.748130 0.625351
vn -0.221894 -0.739836 -0.635142
vn -0.251154 -0.845224 0.471718
vn -0.181884 -0.604759 -0.775361
vn -0.270845 -0.910207 0.313315
vn -0.130647 -0.432192 -0.892267
vn -0.282133 -0.947007 0.153555
vn -0.069462 -0.226514 -0.971528
vn -0.285805 -0.958267 -0.006305
vn -0.069462 -0.239279 0.968463
vn -0.282133 -0.944904 -0.166004
vn -0.130648 -0.443897 0.886503
vn -0.213597 -0.398288 -0.892044
vn -0.113564 -0.208488 -0.971409
vn -0.461263 -0.873790 0.154037
vn -0.467267 -0.884097 -0.005817
vn -0.113564 -0.221253 0.968581
vn -0.461263 -0.871687 -0.165522
vn -0.213598 -0.409992 0.886726
vn -0.442807 -0.835718 -0.324803
vn -0.297365 -0.567709 0.767646
vn -0.410614 -0.773766 -0.482371
vn -0.362778 -0.690546 0.625730
vn -0.362778 -0.682252 -0.634763
vn -0.410614 -0.780047 0.472147
vn -0.297365 -0.557558 -0.775050
vn -0.442807 -0.839920 0.313777
vn -0.401418 -0.498886 0.768099
vn -0.489720 -0.606584 0.626283
vn -0.554294 -0.678734 -0.481746
vn -0.489720 -0.598290 -0.634211
vn -0.554294 -0.685014 0.472772
vn -0.401418 -0.488735 -0.774598
vn -0.597753 -0.737436 0.314452
vn -0.288339 -0.348853 -0.891719
vn -0.622667 -0.767035 0.154739
vn -0.153302 -0.182205 -0.971236
vn -0.630771 -0.775952 -0.005106
vn -0.153303 -0.194970 0.968754
vn -0.622667 -0.764932 -0.164820
vn -0.288339 -0.360557 0.887051
vn -0.597752 -0.733234 -0.324129
vn -0.760141 -0.630843 0.155635
vn -0.770035 -0.637988 -0.004198
vn -0.187149 -0.161438 0.968975
vn -0.187149 -0.148673 -0.971016
vn -0.760141 -0.628740 -0.163923
vn -0.351999 -0.297490 0.887466
vn -0.729727 -0.602492 -0.323269
vn -0.490045 -0.411087 0.768677
vn -0.676673 -0.557496 -0.480948
vn -0.597842 -0.499471 0.626988
vn -0.597842 -0.491177 -0.633506
vn -0.676673 -0.563777 0.473570
vn -0.490044 -0.400936 -0.774020
vn -0.729727 -0.606694 0.315312
vn -0.351999 -0.285786 -0.891304
vn -0.773048 -0.414714 -0.480009
vn -0.682990 -0.365029 -0.632676
vn -0.682990 -0.373323 0.627818
vn -0.773048 -0.420995 0.474510
vn -0.559839 -0.297534 -0.773340
vn -0.833658 -0.452717 0.316325
vn -0.402133 -0.211512 -0.890815
vn -0.868404 -0.470449 0.156691
vn -0.213804 -0.109185 -0.970756
vn -0.879707 -0.475506 -0.003129
vn -0.213804 -0.121949 0.969235
vn -0.868404 -0.468346 -0.162868
vn -0.402133 -0.223217 0.887955
vn -0.833658 -0.448515 -0.322256
vn -0.559839 -0.307685 0.769357
vn -0.232242 -0.078019 0.969524
vn -0.232242 -0.065254 -0.970467
vn -0.955572 -0.294751 -0.001940
vn -0.943295 -0.289913 -0.161694
vn -0.436813 -0.140590 0.888498
vn -0.905552 -0.277222 -0.321129
vn -0.608119 -0.192653 0.770114
vn -0.839716 -0.255874 -0.478963
vn -0.741891 -0.232987 0.628741
vn -0.741891 -0.224693 -0.631753
vn -0.839716 -0.262155 0.475555
vn -0.608119 -0.182502 -0.772583
vn -0.905552 -0.281423 0.317452
vn -0.436812 -0.128885 -0.890272
vn -0.943295 -0.292016 0.157865
vn -0.772281 -0.083858 0.629722
vn -0.874113 -0.093362 0.476665
vn -0.772281 -0.075564 -0.630771
vn -0.633030 -0.060262 -0.771779
vn -0.942647 -0.099396 0.318650
vn -0.454705 -0.041080 -0.889694
vn -0.981936 -0.102401 0.159112
vn -0.241755 -0.018569 -0.970160
vn -0.994715 -0.102669 -0.000676
vn -0.241755 -0.031334 0.969831
vn -0.981935 -0.100298 -0.160446
vn -0.454706 -0.052784 0.889076
vn -0.942647 -0.095194 -0.319931
vn -0.633030 -0.070413 0.770918
vn -0.874113 -0.087081 -0.477853
vn -0.995633 0.093357 0.000614
vn -0.982841 0.093209 -0.159173
vn -0.241978 0.016307 0.970145
vn -0.455125 0.036824 0.889666
vn -0.943516 0.090572 -0.318708
vn -0.633614 0.054336 0.771739
vn -0.874919 0.085179 -0.476719
vn -0.772993 0.068334 0.630724
vn -0.772993 0.076629 -0.629770
vn -0.874919 0.078899 0.477799
vn -0.633613 0.064488 -0.770958
vn -0.943516 0.086370 0.319872
vn -0.455125 0.048528 -0.889104
vn -0.982841 0.091106 0.160386
vn -0.241978 0.029072 -0.969846
s 1
g Sphere2
usemtl initialShadingGroup
f 1444/1217/965 1443/1252/966 982/1281/967 983/1249/968
f 1441/1472/969 966/1486/970 975/1485/971 976/1468/972
f 1445/1205/973 1444/1217/965 983/1249/968 984/1216/974
f 967/1439/975 1441/1472/969 976/1468/972 977/1438/976
f 1446/1151/977 1445/1205/973 984/1216/974 985/1177/978
f 968/1406/979 967/1439/975 977/1438/976 978/1405/980
f 1438/1643/981 1046/1669/982 971/1636/983
f 1272/1142/984 1446/1151/977 985/1177/978
f 969/1373/985 968/1406/979 978/1405/980 979/1372/986
f 1439/1604/987 1438/1643/981 971/1636/983 972/1601/988
f 1442/1323/989 969/1373/985 979/1372/986 980/1348/990
f 965/1556/991 1439/1604/987 972/1601/988 973/1555/992
f 970/1315/993 1442/1323/989 980/1348/990 981/1313/994
f 1440/1538/995 965/1556/991 973/1555/992 974/1537/996
f 1443/1252/966 970/1315/993 981/1313/994 982/1281/967
f 966/1486/970 1440/1538/995 974/1537/996 975/1485/971
f 974/1537/996 973/1555/992 988/1554/997 989/1536/998
f 982/1281/967 981/1313/994 996/1312/999 997/1280/1000
f 975/1485/971 974/1537/996 989/1536/998 990/1484/1001
f 983/1249/968 982/1281/967 997/1280/1000 998/1248/1002
f 976/1468/972 975/1485/971 990/1484/1001 991/1448/1003
f 984/1216/974 983/1249/968 998/1248/1002 999/1215/1004
f 977/1438/976 976/1468/972 991/1448/1003 992/1437/1005
f 985/1177/978 984/1216/974 999/1215/1004 1000/1176/1006
f 978/1405/980 977/1438/976 992/1437/1005 993/1404/1007
f 971/1636/983 1046/1668/982 986/1635/1008
f 1272/1141/984 985/1177/978 1000/1176/1006
f 979/1372/986 978/1405/980 993/1404/1007 994/1371/1009
f 972/1601/988 971/1636/983 986/1635/1008 987/1600/1010
f 980/1348/990 979/1372/986 994/1371/1009 995/1347/1011
f 973/1555/992 972/1601/988 987/1600/1010 988/1554/997
f 981/1313/994 980/1348/990 995/1347/1011 996/1312/999
f 993/1404/1007 992/1437/1005 1007/1436/1012 1008/1403/1013
f 986/1635/1008 1046/1667/982 1001/1634/1014
f 1272/1140/984 1000/1176/1006 1015/1175/1015
f 994/1371/1009 993/1404/1007 1008/1403/1013 1009/1370/1016
f 987/1600/1010 986/1635/1008 1001/1634/1014 1002/1599/1017
f 995/1347/1011 994/1371/1009 1009/1370/1016 1010/1346/1018
f 988/1554/997 987/1600/1010 1002/1599/1017 1003/1553/1019
f 996/1312/999 995/1347/1011 1010/1346/1018 1011/1311/1020
f 989/1536/998 988/1554/997 1003/1553/1019 1004/1535/1021
f 997/1280/1000 996/1312/999 1011/1311/1020 1012/1279/1022
f 990/1484/1001 989/1536/998 1004/1535/1021 1005/1483/1023
f 998/1248/1002 997/1280/1000 1012/1279/1022 1013/1247/1024
f 991/1448/1003 990/1484/1001 1005/1483/1023 1006/1467/1025
f 999/1215/1004 998/1248/1002 1013/1247/1024 1014/1214/1026
f 992/1437/1005 991/1448/1003 1006/1467/1025 1007/1436/1012
f 1000/1176/1006 999/1215/1004 1014/1214/1026 1015/1175/1015
f 1012/1279/1022 1011/1311/1020 1026/1310/1027 1027/1278/1028
f 1005/1483/1023 1004/1535/1021 1019/1514/1029 1020/1504/1030
f 1013/1247/1024 1012/1279/1022 1027/1278/1028 1028/1246/1031
f 1006/1467/1025 1005/1483/1023 1020/1504/1030 1021/1466/1032
f 1014/1214/1026 1013/1247/1024 1028/1246/1031 1029/1204/1033
f 1007/1436/1012 1006/1467/1025 1021/1466/1032 1022/1435/1034
f 1015/1175/1015 1014/1214/1026 1029/1204/1033 1030/1174/1035
f 1008/1403/1013 1007/1436/1012 1022/1435/1034 1023/1402/1036
f 1001/1634/1014 1046/1666/982 1016/1633/1037
f 1272/1139/984 1015/1175/1015 1030/1174/1035
f 1009/1370/1016 1008/1403/1013 1023/1402/1036 1024/1369/1038
f 1002/1599/1017 1001/1634/1014 1016/1633/1037 1017/1598/1039
f 1010/1346/1018 1009/1370/1016 1024/1369/1038 1025/1345/1040
f 1003/1553/1019 1002/1599/1017 1017/1598/1039 1018/1552/1041
f 1011/1311/1020 1010/1346/1018 1025/1345/1040 1026/1310/1027
f 1004/1535/1021 1003/1553/1019 1018/1552/1041 1019/1514/1029
f 1272/1138/984 1030/1174/1035 1045/1173/1042
f 1024/1369/1038 1023/1402/1036 1038/1401/1043 1039/1368/1044
f 1017/1598/1039 1016/1633/1037 1031/1632/1045 1032/1597/1046
f 1025/1345/1040 1024/1369/1038 1039/1368/1044 1040/1344/1047
f 1018/1552/1041 1017/1598/1039 1032/1597/1046 1033/1551/1048
f 1026/1310/1027 1025/1345/1040 1040/1344/1047 1041/1309/1049
f 1019/1514/1029 1018/1552/1041 1033/1551/1048 1034/1534/1050
f 1027/1278/1028 1026/1310/1027 1041/1309/1049 1042/1277/1051
f 1020/1504/1030 1019/1514/1029 1034/1534/1050 1035/1482/1052
f 1028/1246/1031 1027/1278/1028 1042/1277/1051 1043/1245/1053
f 1021/1466/1032 1020/1504/1030 1035/1482/1052 1036/1465/1054
f 1029/1204/1033 1028/1246/1031 1043/1245/1053 1044/1203/1055
f 1022/1435/1034 1021/1466/1032 1036/1465/1054 1037/1434/1056
f 1030/1174/1035 1029/1204/1033 1044/1203/1055 1045/1173/1042
f 1023/1402/1036 1022/1435/1034 1037/1434/1056 1038/1401/1043
f 1016/1633/1037 1046/1665/982 1031/1632/1045
f 1043/1245/1053 1042/1277/1051 1058/1276/1057 1059/1244/1058
f 1036/1465/1054 1035/1482/1052 1051/1481/1059 1052/1464/1060
f 1044/1203/1055 1043/1245/1053 1059/1244/1058 1060/1202/1061
f 1037/1434/1056 1036/1465/1054 1052/1464/1060 1053/1433/1062
f 1045/1173/1042 1044/1203/1055 1060/1202/1061 1061/1172/1063
f 1038/1401/1043 1037/1434/1056 1053/1433/1062 1054/1400/1064
f 1031/1632/1045 1046/1664/982 1047/1631/1065
f 1272/1137/984 1045/1173/1042 1061/1172/1063
f 1039/1368/1044 1038/1401/1043 1054/1400/1064 1055/1367/1066
f 1032/1597/1046 1031/1632/1045 1047/1631/1065 1048/1596/1067
f 1040/1344/1047 1039/1368/1044 1055/1367/1066 1056/1343/1068
f 1033/1551/1048 1032/1597/1046 1048/1596/1067 1049/1550/1069
f 1041/1309/1049 1040/1344/1047 1056/1343/1068 1057/1308/1070
f 1034/1534/1050 1033/1551/1048 1049/1550/1069 1050/1533/1071
f 1042/1277/1051 1041/1309/1049 1057/1308/1070 1058/1276/1057
f 1035/1482/1052 1034/1534/1050 1050/1533/1071 1051/1481/1059
f 1048/1596/1067 1047/1631/1065 1062/1630/1072 1063/1595/1073
f 1056/1343/1068 1055/1367/1066 1070/1366/1074 1071/1342/1075
f 1049/1550/1069 1048/1596/1067 1063/1595/1073 1064/1549/1076
f 1057/1308/1070 1056/1343/1068 1071/1342/1075 1072/1307/1077
f 1050/1533/1071 1049/1550/1069 1064/1549/1076 1065/1532/1078
f 1058/1276/1057 1057/1308/1070 1072/1307/1077 1073/1275/1079
f 1051/1481/1059 1050/1533/1071 1065/1532/1078 1066/1503/1080
f 1059/1244/1058 1058/1276/1057 1073/1275/1079 1074/1243/1081
f 1052/1464/1060 1051/1481/1059 1066/1503/1080 1067/1463/1082
f 1060/1202/1061 1059/1244/1058 1074/1243/1081 1075/1201/1083
f 1053/1433/1062 1052/1464/1060 1067/1463/1082 1068/1432/1084
f 1061/1172/1063 1060/1202/1061 1075/1201/1083 1076/1171/1085
f 1054/1400/1064 1053/1433/1062 1068/1432/1084 1069/1399/1086
f 1047/1631/1065 1046/1663/982 1062/1630/1072
f 1272/1136/984 1061/1172/1063 1076/1171/1085
f 1055/1367/1066 1054/1400/1064 1069/1399/1086 1070/1366/1074
f 1067/1463/1082 1066/1503/1080 1081/1502/1087 1082/1462/1088
f 1075/1201/1083 1074/1243/1081 1089/1242/1089 1090/1200/1090
f 1068/1432/1084 1067/1463/1082 1082/1462/1088 1083/1431/1091
f 1076/1171/1085 1075/1201/1083 1090/1200/1090 1091/1170/1092
f 1069/1399/1086 1068/1432/1084 1083/1431/1091 1084/1398/1093
f 1062/1630/1072 1046/1662/982 1077/1629/1094
f 1272/1135/984 1076/1171/1085 1091/1170/1092
f 1070/1366/1074 1069/1399/1086 1084/1398/1093 1085/1365/1095
f 1063/1595/1073 1062/1630/1072 1077/1629/1094 1078/1594/1096
f 1071/1342/1075 1070/1366/1074 1085/1365/1095 1086/1341/1097
f 1064/1549/1076 1063/1595/1073 1078/1594/1096 1079/1548/1098
f 1072/1307/1077 1071/1342/1075 1086/1341/1097 1087/1306/1099
f 1065/1532/1078 1064/1549/1076 1079/1548/1098 1080/1531/1100
f 1073/1275/1079 1072/1307/1077 1087/1306/1099 1088/1274/1101
f 1066/1503/1080 1065/1532/1078 1080/1531/1100 1081/1502/1087
f 1074/1243/1081 1073/1275/1079 1088/1274/1101 1089/1242/1089
f 1086/1341/1097 1085/1365/1095 1100/1364/1102 1101/1340/1103
f 1079/1548/1098 1078/1594/1096 1093/1593/1104 1094/1547/1105
f 1087/1306/1099 1086/1341/1097 1101/1340/1103 1102/1305/1106
f 1080/1531/1100 1079/1548/1098 1094/1547/1105 1095/1530/1107
f 1088/1274/1101 1087/1306/1099 1102/1305/1106 1103/1273/1108
f 1081/1502/1087 1080/1531/1100 1095/1530/1107 1096/1501/1109
f 1089/1242/1089 1088/1274/1101 1103/1273/1108 1104/1241/1110
f 1082/1462/1088 1081/1502/1087 1096/1501/1109 1097/1461/1111
f 1090/1200/1090 1089/1242/1089 1104/1241/1110 1105/1199/1112
f 1083/1431/1091 1082/1462/1088 1097/1461/1111 1098/1430/1113
f 1091/1170/1092 1090/1200/1090 1105/1199/1112 1106/1169/1114
f 1084/1398/1093 1083/1431/1091 1098/1430/1113 1099/1397/1115
f 1077/1629/1094 1046/1661/982 1092/1628/1116
f 1272/1134/984 1091/1170/1092 1106/1169/1114
f 1085/1365/1095 1084/1398/1093 1099/1397/1115 1100/1364/1102
f 1078/1594/1096 1077/1629/1094 1092/1628/1116 1093/1593/1104
f 1105/1199/1112 1104/1241/1110 1119/1240/1117 1120/1198/1118
f 1098/1430/1113 1097/1461/1111 1112/1460/1119 1113/1429/1120
f 1106/1169/1114 1105/1199/1112 1120/1198/1118 1121/1168/1121
f 1099/1397/1115 1098/1430/1113 1113/1429/1120 1114/1396/1122
f 1092/1628/1116 1046/1660/982 1107/1627/1123
f 1272/1133/984 1106/1169/1114 1121/1168/1121
f 1100/1364/1102 1099/1397/1115 1114/1396/1122 1115/1363/1124
f 1093/1593/1104 1092/1628/1116 1107/1627/1123 1108/1592/1125
f 1101/1340/1103 1100/1364/1102 1115/1363/1124 1116/1339/1126
f 1094/1547/1105 1093/1593/1104 1108/1592/1125 1109/1565/1127
f 1102/1305/1106 1101/1340/1103 1116/1339/1126 1117/1304/1128
f 1095/1530/1107 1094/1547/1105 1109/1565/1127 1110/1529/1129
f 1103/1273/1108 1102/1305/1106 1117/1304/1128 1118/1272/1130
f 1096/1501/1109 1095/1530/1107 1110/1529/1129 1111/1500/1131
f 1104/1241/1110 1103/1273/1108 1118/1272/1130 1119/1240/1117
f 1097/1461/1111 1096/1501/1109 1111/1500/1131 1112/1460/1119
f 1109/1565/1127 1108/1592/1125 1123/1591/1132 1124/1564/1133
f 1117/1304/1128 1116/1339/1126 1131/1338/1134 1132/1303/1135
f 1110/1529/1129 1109/1565/1127 1124/1564/1133 1125/1528/1136
f 1118/1272/1130 1117/1304/1128 1132/1303/1135 1133/1271/1137
f 1111/1500/1131 1110/1529/1129 1125/1528/1136 1126/1499/1138
f 1119/1240/1117 1118/1272/1130 1133/1271/1137 1134/1239/1139
f 1112/1460/1119 1111/1500/1131 1126/1499/1138 1127/1459/1140
f 1120/1198/1118 1119/1240/1117 1134/1239/1139 1135/1197/1141
f 1113/1429/1120 1112/1460/1119 1127/1459/1140 1128/1428/1142
f 1121/1168/1121 1120/1198/1118 1135/1197/1141 1136/1167/1143
f 1114/1396/1122 1113/1429/1120 1128/1428/1142 1129/1395/1144
f 1107/1627/1123 1046/1659/982 1122/1626/1145
f 1272/1132/984 1121/1168/1121 1136/1167/1143
f 1115/1363/1124 1114/1396/1122 1129/1395/1144 1130/1362/1146
f 1108/1592/1125 1107/1627/1123 1122/1626/1145 1123/1591/1132
f 1116/1339/1126 1115/1363/1124 1130/1362/1146 1131/1338/1134
f 1128/1428/1142 1127/1459/1140 1142/1458/1147 1143/1427/1148
f 1136/1167/1143 1135/1197/1141 1150/1196/1149 1151/1166/1150
f 1129/1395/1144 1128/1428/1142 1143/1427/1148 1144/1394/1151
f 1122/1626/1145 1046/1658/982 1137/1625/1152
f 1272/1131/984 1136/1167/1143 1151/1166/1150
f 1130/1362/1146 1129/1395/1144 1144/1394/1151 1145/1361/1153
f 1123/1591/1132 1122/1626/1145 1137/1625/1152 1138/1590/1154
f 1131/1338/1134 1130/1362/1146 1145/1361/1153 1146/1337/1155
f 1124/1564/1133 1123/1591/1132 1138/1590/1154 1139/1563/1156
f 1132/1303/1135 1131/1338/1134 1146/1337/1155 1147/1302/1157
f 1125/1528/1136 1124/1564/1133 1139/1563/1156 1140/1527/1158
f 1133/1271/1137 1132/1303/1135 1147/1302/1157 1148/1270/1159
f 1126/1499/1138 1125/1528/1136 1140/1527/1158 1141/1498/1160
f 1134/1239/1139 1133/1271/1137 1148/1270/1159 1149/1238/1161
f 1127/1459/1140 1126/1499/1138 1141/1498/1160 1142/1458/1147
f 1135/1197/1141 1134/1239/1139 1149/1238/1161 1150/1196/1149
f 1147/1302/1157 1146/1337/1155 1161/1336/1162 1162/1301/1163
f 1140/1527/1158 1139/1563/1156 1154/1562/1164 1155/1526/1165
f 1148/1270/1159 1147/1302/1157 1162/1301/1163 1163/1269/1166
f 1141/1498/1160 1140/1527/1158 1155/1526/1165 1156/1497/1167
f 1149/1238/1161 1148/1270/1159 1163/1269/1166 1164/1237/1168
f 1142/1458/1147 1141/1498/1160 1156/1497/1167 1157/1457/1169
f 1150/1196/1149 1149/1238/1161 1164/1237/1168 1165/1195/1170
f 1143/1427/1148 1142/1458/1147 1157/1457/1169 1158/1426/1171
f 1151/1166/1150 1150/1196/1149 1165/1195/1170 1166/1165/1172
f 1144/1394/1151 1143/1427/1148 1158/1426/1171 1159/1393/1173
f 1137/1625/1152 1046/1657/982 1152/1624/1174
f 1272/1130/984 1151/1166/1150 1166/1165/1172
f 1145/1361/1153 1144/1394/1151 1159/1393/1173 1160/1360/1175
f 1138/1590/1154 1137/1625/1152 1152/1624/1174 1153/1589/1176
f 1146/1337/1155 1145/1361/1153 1160/1360/1175 1161/1336/1162
f 1139/1563/1156 1138/1590/1154 1153/1589/1176 1154/1562/1164
f 1166/1165/1172 1165/1195/1170 1180/1194/1177 1181/1164/1178
f 1159/1393/1173 1158/1426/1171 1173/1425/1179 1174/1392/1180
f 1152/1624/1174 1046/1656/982 1167/1623/1181
f 1272/1129/984 1166/1165/1172 1181/1164/1178
f 1160/1360/1175 1159/1393/1173 1174/1392/1180 1175/1359/1182
f 1153/1589/1176 1152/1624/1174 1167/1623/1181 1168/1588/1183
f 1161/1336/1162 1160/1360/1175 1175/1359/1182 1176/1335/1184
f 1154/1562/1164 1153/1589/1176 1168/1588/1183 1169/1561/1185
f 1162/1301/1163 1161/1336/1162 1176/1335/1184 1177/1300/1186
f 1155/1526/1165 1154/1562/1164 1169/1561/1185 1170/1525/1187
f 1163/1269/1166 1162/1301/1163 1177/1300/1186 1178/1268/1188
f 1156/1497/1167 1155/1526/1165 1170/1525/1187 1171/1496/1189
f 1164/1237/1168 1163/1269/1166 1178/1268/1188 1179/1236/1190
f 1157/1457/1169 1156/1497/1167 1171/1496/1189 1172/1456/1191
f 1165/1195/1170 1164/1237/1168 1179/1236/1190 1180/1194/1177
f 1158/1426/1171 1157/1457/1169 1172/1456/1191 1173/1425/1179
f 1178/1268/1188 1177/1300/1186 1192/1299/1192 1193/1267/1193
f 1171/1496/1189 1170/1525/1187 1185/1524/1194 1186/1495/1195
f 1179/1236/1190 1178/1268/1188 1193/1267/1193 1194/1235/1196
f 1172/1456/1191 1171/1496/1189 1186/1495/1195 1187/1455/1197
f 1180/1194/1177 1179/1236/1190 1194/1235/1196 1195/1193/1198
f 1173/1425/1179 1172/1456/1191 1187/1455/1197 1188/1424/1199
f 1181/1164/1178 1180/1194/1177 1195/1193/1198 1196/1163/1200
f 1174/1392/1180 1173/1425/1179 1188/1424/1199 1189/1391/1201
f 1167/1623/1181 1046/1655/982 1182/1622/1202
f 1272/1128/984 1181/1164/1178 1196/1163/1200
f 1175/1359/1182 1174/1392/1180 1189/1391/1201 1190/1358/1203
f 1168/1588/1183 1167/1623/1181 1182/1622/1202 1183/1587/1204
f 1176/1335/1184 1175/1359/1182 1190/1358/1203 1191/1334/1205
f 1169/1561/1185 1168/1588/1183 1183/1587/1204 1184/1560/1206
f 1177/1300/1186 1176/1335/1184 1191/1334/1205 1192/1299/1192
f 1170/1525/1187 1169/1561/1185 1184/1560/1206 1185/1524/1194
f 1182/1622/1202 1046/1654/982 1197/1621/1207
f 1272/1127/984 1196/1163/1200 1211/1162/1208
f 1190/1358/1203 1189/1391/1201 1204/1390/1209 1205/1357/1210
f 1183/1587/1204 1182/1622/1202 1197/1621/1207 1198/1586/1211
f 1191/1334/1205 1190/1358/1203 1205/1357/1210 1206/1333/1212
f 1184/1560/1206 1183/1587/1204 1198/1586/1211 1199/1559/1213
f 1192/1299/1192 1191/1334/1205 1206/1333/1212 1207/1298/1214
f 1185/1524/1194 1184/1560/1206 1199/1559/1213 1200/1523/1215
f 1193/1267/1193 1192/1299/1192 1207/1298/1214 1208/1266/1216
f 1186/1495/1195 1185/1524/1194 1200/1523/1215 1201/1494/1217
f 1194/1235/1196 1193/1267/1193 1208/1266/1216 1209/1234/1218
f 1187/1455/1197 1186/1495/1195 1201/1494/1217 1202/1454/1219
f 1195/1193/1198 1194/1235/1196 1209/1234/1218 1210/1192/1220
f 1188/1424/1199 1187/1455/1197 1202/1454/1219 1203/1423/1221
f 1196/1163/1200 1195/1193/1198 1210/1192/1220 1211/1162/1208
f 1189/1391/1201 1188/1424/1199 1203/1423/1221 1204/1390/1209
f 1201/1494/1217 1200/1523/1215 1215/1522/1222 1216/1493/1223
f 1209/1234/1218 1208/1266/1216 1223/1265/1224 1224/1233/1225
f 1202/1454/1219 1201/1494/1217 1216/1493/1223 1217/1453/1226
f 1210/1192/1220 1209/1234/1218 1224/1233/1225 1225/1191/1227
f 1203/1423/1221 1202/1454/1219 1217/1453/1226 1218/1422/1228
f 1211/1162/1208 1210/1192/1220 1225/1191/1227 1226/1161/1229
f 1204/1390/1209 1203/1423/1221 1218/1422/1228 1219/1389/1230
f 1197/1621/1207 1046/1653/982 1212/1620/1231
f 1272/1126/984 1211/1162/1208 1226/1161/1229
f 1205/1357/1210 1204/1390/1209 1219/1389/1230 1220/1356/1232
f 1198/1586/1211 1197/1621/1207 1212/1620/1231 1213/1585/1233
f 1206/1333/1212 1205/1357/1210 1220/1356/1232 1221/1332/1234
f 1199/1559/1213 1198/1586/1211 1213/1585/1233 1214/1558/1235
f 1207/1298/1214 1206/1333/1212 1221/1332/1234 1222/1297/1236
f 1200/1523/1215 1199/1559/1213 1214/1558/1235 1215/1522/1222
f 1208/1266/1216 1207/1298/1214 1222/1297/1236 1223/1265/1224
f 1220/1356/1232 1219/1389/1230 1234/1388/1237 1235/1355/1238
f 1213/1585/1233 1212/1620/1231 1227/1619/1239 1228/1584/1240
f 1221/1332/1234 1220/1356/1232 1235/1355/1238 1236/1322/1241
f 1214/1558/1235 1213/1585/1233 1228/1584/1240 1229/1557/1242
f 1222/1297/1236 1221/1332/1234 1236/1322/1241 1237/1296/1243
f 1215/1522/1222 1214/1558/1235 1229/1557/1242 1230/1521/1244
f 1223/1265/1224 1222/1297/1236 1237/1296/1243 1238/1264/1245
f 1216/1493/1223 1215/1522/1222 1230/1521/1244 1231/1492/1246
f 1224/1233/1225 1223/1265/1224 1238/1264/1245 1239/1232/1247
f 1217/1453/1226 1216/1493/1223 1231/1492/1246 1232/1452/1248
f 1225/1191/1227 1224/1233/1225 1239/1232/1247 1240/1190/1249
f 1218/1422/1228 1217/1453/1226 1232/1452/1248 1233/1421/1250
f 1226/1161/1229 1225/1191/1227 1240/1190/1249 1241/1160/1251
f 1219/1389/1230 1218/1422/1228 1233/1421/1250 1234/1388/1237
f 1212/1620/1231 1046/1652/982 1227/1619/1239
f 1272/1125/984 1226/1161/1229 1241/1160/1251
f 1239/1232/1247 1238/1264/1245 1253/1263/1252 1254/1226/1253
f 1232/1452/1248 1231/1492/1246 1246/1491/1254 1247/1451/1255
f 1240/1190/1249 1239/1232/1247 1254/1226/1253 1255/1189/1256
f 1233/1421/1250 1232/1452/1248 1247/1451/1255 1248/1420/1257
f 1241/1160/1251 1240/1190/1249 1255/1189/1256 1256/1159/1258
f 1234/1388/1237 1233/1421/1250 1248/1420/1257 1249/1387/1259
f 1227/1619/1239 1046/1651/982 1242/1618/1260
f 1272/1124/984 1241/1160/1251 1256/1159/1258
f 1235/1355/1238 1234/1388/1237 1249/1387/1259 1250/1354/1261
f 1228/1584/1240 1227/1619/1239 1242/1618/1260 1243/1583/1262
f 1236/1322/1241 1235/1355/1238 1250/1354/1261 1251/1321/1263
f 1229/1557/1242 1228/1584/1240 1243/1583/1262 1244/1571/1264
f 1237/1296/1243 1236/1322/1241 1251/1321/1263 1252/1295/1265
f 1230/1521/1244 1229/1557/1242 1244/1571/1264 1245/1520/1266
f 1238/1264/1245 1237/1296/1243 1252/1295/1265 1253/1263/1252
f 1231/1492/1246 1230/1521/1244 1245/1520/1266 1246/1491/1254
f 1243/1583/1262 1242/1618/1260 1257/1617/1267 1258/1582/1268
f 1251/1321/1263 1250/1354/1261 1265/1353/1269 1266/1320/1270
f 1244/1571/1264 1243/1583/1262 1258/1582/1268 1259/1570/1271
f 1252/1295/1265 1251/1321/1263 1266/1320/1270 1267/1294/1272
f 1245/1520/1266 1244/1571/1264 1259/1570/1271 1260/1519/1273
f 1253/1263/1252 1252/1295/1265 1267/1294/1272 1268/1262/1274
f 1246/1491/1254 1245/1520/1266 1260/1519/1273 1261/1490/1275
f 1254/1226/1253 1253/1263/1252 1268/1262/1274 1269/1225/1276
f 1247/1451/1255 1246/1491/1254 1261/1490/1275 1262/1450/1277
f 1255/1189/1256 1254/1226/1253 1269/1225/1276 1270/1188/1278
f 1248/1420/1257 1247/1451/1255 1262/1450/1277 1263/1419/1279
f 1256/1159/1258 1255/1189/1256 1270/1188/1278 1271/1158/1280
f 1249/1387/1259 1248/1420/1257 1263/1419/1279 1264/1386/1281
f 1242/1618/1260 1046/1650/982 1257/1617/1267
f 1272/1123/984 1256/1159/1258 1271/1158/1280
f 1250/1354/1261 1249/1387/1259 1264/1386/1281 1265/1353/1269
f 1262/1450/1277 1261/1490/1275 1277/1489/1282 1278/1471/1283
f 1270/1188/1278 1269/1225/1276 1285/1224/1284 1286/1187/1285
f 1263/1419/1279 1262/1450/1277 1278/1471/1283 1279/1418/1286
f 1271/1158/1280 1270/1188/1278 1286/1187/1285 1287/1157/1287
f 1264/1386/1281 1263/1419/1279 1279/1418/1286 1280/1385/1288
f 1257/1617/1267 1046/1649/982 1273/1616/1289
f 1272/1122/984 1271/1158/1280 1287/1157/1287
f 1265/1353/1269 1264/1386/1281 1280/1385/1288 1281/1352/1290
f 1258/1582/1268 1257/1617/1267 1273/1616/1289 1274/1581/1291
f 1266/1320/1270 1265/1353/1269 1281/1352/1290 1282/1319/1292
f 1259/1570/1271 1258/1582/1268 1274/1581/1291 1275/1569/1293
f 1267/1294/1272 1266/1320/1270 1282/1319/1292 1283/1293/1294
f 1260/1519/1273 1259/1570/1271 1275/1569/1293 1276/1518/1295
f 1268/1262/1274 1267/1294/1272 1283/1293/1294 1284/1251/1296
f 1261/1490/1275 1260/1519/1273 1276/1518/1295 1277/1489/1282
f 1269/1225/1276 1268/1262/1274 1284/1251/1296 1285/1224/1284
f 1282/1319/1292 1281/1352/1290 1296/1351/1297 1297/1318/1298
f 1275/1569/1293 1274/1581/1291 1289/1580/1299 1290/1568/1300
f 1283/1293/1294 1282/1319/1292 1297/1318/1298 1298/1283/1301
f 1276/1518/1295 1275/1569/1293 1290/1568/1300 1291/1517/1302
f 1284/1251/1296 1283/1293/1294 1298/1283/1301 1299/1261/1303
f 1277/1489/1282 1276/1518/1295 1291/1517/1302 1292/1506/1304
f 1285/1224/1284 1284/1251/1296 1299/1261/1303 1300/1223/1305
f 1278/1471/1283 1277/1489/1282 1292/1506/1304 1293/1470/1306
f 1286/1187/1285 1285/1224/1284 1300/1223/1305 1301/1186/1307
f 1279/1418/1286 1278/1471/1283 1293/1470/1306 1294/1417/1308
f 1287/1157/1287 1286/1187/1285 1301/1186/1307 1302/1156/1309
f 1280/1385/1288 1279/1418/1286 1294/1417/1308 1295/1384/1310
f 1273/1616/1289 1046/1648/982 1288/1615/1311
f 1272/1121/984 1287/1157/1287 1302/1156/1309
f 1281/1352/1290 1280/1385/1288 1295/1384/1310 1296/1351/1297
f 1274/1581/1291 1273/1616/1289 1288/1615/1311 1289/1580/1299
f 1301/1186/1307 1300/1223/1305 1315/1222/1312 1316/1185/1313
f 1294/1417/1308 1293/1470/1306 1308/1449/1314 1309/1416/1315
f 1302/1156/1309 1301/1186/1307 1316/1185/1313 1317/1155/1316
f 1295/1384/1310 1294/1417/1308 1309/1416/1315 1310/1383/1317
f 1288/1615/1311 1046/1647/982 1303/1614/1318
f 1272/1120/984 1302/1156/1309 1317/1155/1316
f 1296/1351/1297 1295/1384/1310 1310/1383/1317 1311/1350/1319
f 1289/1580/1299 1288/1615/1311 1303/1614/1318 1304/1603/1320
f 1297/1318/1298 1296/1351/1297 1311/1350/1319 1312/1317/1321
f 1290/1568/1300 1289/1580/1299 1304/1603/1320 1305/1567/1322
f 1298/1283/1301 1297/1318/1298 1312/1317/1321 1313/1292/1323
f 1291/1517/1302 1290/1568/1300 1305/1567/1322 1306/1516/1324
f 1299/1261/1303 1298/1283/1301 1313/1292/1323 1314/1260/1325
f 1292/1506/1304 1291/1517/1302 1306/1516/1324 1307/1488/1326
f 1300/1223/1305 1299/1261/1303 1314/1260/1325 1315/1222/1312
f 1293/1470/1306 1292/1506/1304 1307/1488/1326 1308/1449/1314
f 1313/1292/1323 1312/1317/1321 1327/1316/1327 1328/1291/1328
f 1306/1516/1324 1305/1567/1322 1320/1566/1329 1321/1515/1330
f 1314/1260/1325 1313/1292/1323 1328/1291/1328 1329/1250/1331
f 1307/1488/1326 1306/1516/1324 1321/1515/1330 1322/1487/1332
f 1315/1222/1312 1314/1260/1325 1329/1250/1331 1330/1221/1333
f 1308/1449/1314 1307/1488/1326 1322/1487/1332 1323/1469/1334
f 1316/1185/1313 1315/1222/1312 1330/1221/1333 1331/1184/1335
f 1309/1416/1315 1308/1449/1314 1323/1469/1334 1324/1415/1336
f 1317/1155/1316 1316/1185/1313 1331/1184/1335 1332/1154/1337
f 1310/1383/1317 1309/1416/1315 1324/1415/1336 1325/1382/1338
f 1303/1614/1318 1046/1646/982 1318/1613/1339
f 1272/1119/984 1317/1155/1316 1332/1154/1337
f 1311/1350/1319 1310/1383/1317 1325/1382/1338 1326/1349/1340
f 1304/1603/1320 1303/1614/1318 1318/1613/1339 1319/1602/1341
f 1312/1317/1321 1311/1350/1319 1326/1349/1340 1327/1316/1327
f 1305/1567/1322 1304/1603/1320 1319/1602/1341 1320/1566/1329
f 1332/1183/1337 1331/1213/1335 1346/1212/1342 1347/1182/1343
f 1325/1414/1338 1324/1441/1336 1339/1440/1344 1340/1413/1345
f 1318/1642/1339 1046/1677/982 1333/1641/1346
f 1272/1150/984 1332/1183/1337 1347/1182/1343
f 1326/1381/1340 1325/1414/1338 1340/1413/1345 1341/1380/1347
f 1319/1612/1341 1318/1642/1339 1333/1641/1346 1334/1611/1348
f 1327/1331/1327 1326/1381/1340 1341/1380/1347 1342/1330/1349
f 1320/1576/1329 1319/1612/1341 1334/1611/1348 1335/1575/1350
f 1328/1314/1328 1327/1331/1327 1342/1330/1349 1343/1290/1351
f 1321/1546/1330 1320/1576/1329 1335/1575/1350 1336/1545/1352
f 1329/1259/1331 1328/1314/1328 1343/1290/1351 1344/1258/1353
f 1322/1505/1332 1321/1546/1330 1336/1545/1352 1337/1513/1354
f 1330/1231/1333 1329/1259/1331 1344/1258/1353 1345/1230/1355
f 1323/1480/1334 1322/1505/1332 1337/1513/1354 1338/1479/1356
f 1331/1213/1335 1330/1231/1333 1345/1230/1355 1346/1212/1342
f 1324/1441/1336 1323/1480/1334 1338/1479/1356 1339/1440/1344
f 1336/1545/1352 1335/1575/1350 1350/1574/1357 1351/1544/1358
f 1344/1258/1353 1343/1290/1351 1358/1289/1359 1359/1257/1360
f 1337/1513/1354 1336/1545/1352 1351/1544/1358 1352/1512/1361
f 1345/1230/1355 1344/1258/1353 1359/1257/1360 1360/1229/1362
f 1338/1479/1356 1337/1513/1354 1352/1512/1361 1353/1478/1363
f 1346/1212/1342 1345/1230/1355 1360/1229/1362 1361/1211/1364
f 1339/1440/1344 1338/1479/1356 1353/1478/1363 1354/1447/1365
f 1347/1182/1343 1346/1212/1342 1361/1211/1364 1362/1181/1366
f 1340/1413/1345 1339/1440/1344 1354/1447/1365 1355/1412/1367
f 1333/1641/1346 1046/1676/982 1348/1640/1368
f 1272/1149/984 1347/1182/1343 1362/1181/1366
f 1341/1380/1347 1340/1413/1345 1355/1412/1367 1356/1379/1369
f 1334/1611/1348 1333/1641/1346 1348/1640/1368 1349/1610/1370
f 1342/1330/1349 1341/1380/1347 1356/1379/1369 1357/1329/1371
f 1335/1575/1350 1334/1611/1348 1349/1610/1370 1350/1574/1357
f 1343/1290/1351 1342/1330/1349 1357/1329/1371 1358/1289/1359
f 1355/1412/1367 1354/1447/1365 1369/1446/1372 1370/1411/1373
f 1348/1640/1368 1046/1675/982 1363/1639/1374
f 1272/1148/984 1362/1181/1366 1377/1180/1375
f 1356/1379/1369 1355/1412/1367 1370/1411/1373 1371/1378/1376
f 1349/1610/1370 1348/1640/1368 1363/1639/1374 1364/1609/1377
f 1357/1329/1371 1356/1379/1369 1371/1378/1376 1372/1328/1378
f 1350/1574/1357 1349/1610/1370 1364/1609/1377 1365/1573/1379
f 1358/1289/1359 1357/1329/1371 1372/1328/1378 1373/1288/1380
f 1351/1544/1358 1350/1574/1357 1365/1573/1379 1366/1543/1381
f 1359/1257/1360 1358/1289/1359 1373/1288/1380 1374/1256/1382
f 1352/1512/1361 1351/1544/1358 1366/1543/1381 1367/1511/1383
f 1360/1229/1362 1359/1257/1360 1374/1256/1382 1375/1228/1384
f 1353/1478/1363 1352/1512/1361 1367/1511/1383 1368/1477/1385
f 1361/1211/1364 1360/1229/1362 1375/1228/1384 1376/1210/1386
f 1354/1447/1365 1353/1478/1363 1368/1477/1385 1369/1446/1372
f 1362/1181/1366 1361/1211/1364 1376/1210/1386 1377/1180/1375
f 1374/1256/1382 1373/1288/1380 1388/1287/1387 1389/1255/1388
f 1367/1511/1383 1366/1543/1381 1381/1542/1389 1382/1510/1390
f 1375/1228/1384 1374/1256/1382 1389/1255/1388 1390/1227/1391
f 1368/1477/1385 1367/1511/1383 1382/1510/1390 1383/1476/1392
f 1376/1210/1386 1375/1228/1384 1390/1227/1391 1391/1209/1393
f 1369/1446/1372 1368/1477/1385 1383/1476/1392 1384/1445/1394
f 1377/1180/1375 1376/1210/1386 1391/1209/1393 1392/1179/1395
f 1370/1411/1373 1369/1446/1372 1384/1445/1394 1385/1410/1396
f 1363/1639/1374 1046/1674/982 1378/1638/1397
f 1272/1147/984 1377/1180/1375 1392/1179/1395
f 1371/1378/1376 1370/1411/1373 1385/1410/1396 1386/1377/1398
f 1364/1609/1377 1363/1639/1374 1378/1638/1397 1379/1608/1399
f 1372/1328/1378 1371/1378/1376 1386/1377/1398 1387/1327/1400
f 1365/1573/1379 1364/1609/1377 1379/1608/1399 1380/1572/1401
f 1373/1288/1380 1372/1328/1378 1387/1327/1400 1388/1287/1387
f 1366/1543/1381 1365/1573/1379 1380/1572/1401 1381/1542/1389
f 1378/1638/1397 1046/1673/982 1393/1637/1402
f 1272/1146/984 1392/1179/1395 1407/1178/1403
f 1386/1377/1398 1385/1410/1396 1400/1409/1404 1401/1376/1405
f 1379/1608/1399 1378/1638/1397 1393/1637/1402 1394/1607/1406
f 1387/1327/1400 1386/1377/1398 1401/1376/1405 1402/1326/1407
f 1380/1572/1401 1379/1608/1399 1394/1607/1406 1395/1579/1408
f 1388/1287/1387 1387/1327/1400 1402/1326/1407 1403/1286/1409
f 1381/1542/1389 1380/1572/1401 1395/1579/1408 1396/1541/1410
f 1389/1255/1388 1388/1287/1387 1403/1286/1409 1404/1254/1411
f 1382/1510/1390 1381/1542/1389 1396/1541/1410 1397/1509/1412
f 1390/1227/1391 1389/1255/1388 1404/1254/1411 1405/1220/1413
f 1383/1476/1392 1382/1510/1390 1397/1509/1412 1398/1475/1414
f 1391/1209/1393 1390/1227/1391 1405/1220/1413 1406/1208/1415
f 1384/1445/1394 1383/1476/1392 1398/1475/1414 1399/1444/1416
f 1392/1179/1395 1391/1209/1393 1406/1208/1415 1407/1178/1403
f 1385/1410/1396 1384/1445/1394 1399/1444/1416 1400/1409/1404
f 1397/1509/1412 1396/1541/1410 1411/1540/1417 1412/1508/1418
f 1405/1220/1413 1404/1254/1411 1419/1253/1419 1420/1219/1420
f 1398/1475/1414 1397/1509/1412 1412/1508/1418 1413/1474/1421
f 1406/1208/1415 1405/1220/1413 1420/1219/1420 1421/1207/1422
f 1399/1444/1416 1398/1475/1414 1413/1474/1421 1414/1443/1423
f 1407/1178/1403 1406/1208/1415 1421/1207/1422 1422/1153/1424
f 1400/1409/1404 1399/1444/1416 1414/1443/1423 1415/1408/1425
f 1393/1637/1402 1046/1672/982 1408/1645/1426
f 1272/1145/984 1407/1178/1403 1422/1153/1424
f 1401/1376/1405 1400/1409/1404 1415/1408/1425 1416/1375/1427
f 1394/1607/1406 1393/1637/1402 1408/1645/1426 1409/1606/1428
f 1402/1326/1407 1401/1376/1405 1416/1375/1427 1417/1325/1429
f 1395/1579/1408 1394/1607/1406 1409/1606/1428 1410/1578/1430
f 1403/1286/1409 1402/1326/1407 1417/1325/1429 1418/1285/1431
f 1396/1541/1410 1395/1579/1408 1410/1578/1430 1411/1540/1417
f 1404/1254/1411 1403/1286/1409 1418/1285/1431 1419/1253/1419
f 1416/1375/1427 1415/1408/1425 1430/1407/1432 1431/1374/1433
f 1409/1606/1428 1408/1645/1426 1423/1644/1434 1424/1605/1435
f 1417/1325/1429 1416/1375/1427 1431/1374/1433 1432/1324/1436
f 1410/1578/1430 1409/1606/1428 1424/1605/1435 1425/1577/1437
f 1418/1285/1431 1417/1325/1429 1432/1324/1436 1433/1284/1438
f 1411/1540/1417 1410/1578/1430 1425/1577/1437 1426/1539/1439
f 1419/1253/1419 1418/1285/1431 1433/1284/1438 1434/1282/1440
f 1412/1508/1418 1411/1540/1417 1426/1539/1439 1427/1507/1441
f 1420/1219/1420 1419/1253/1419 1434/1282/1440 1435/1218/1442
f 1413/1474/1421 1412/1508/1418 1427/1507/1441 1428/1473/1443
f 1421/1207/1422 1420/1219/1420 1435/1218/1442 1436/1206/1444
f 1414/1443/1423 1413/1474/1421 1428/1473/1443 1429/1442/1445
f 1422/1153/1424 1421/1207/1422 1436/1206/1444 1437/1152/1446
f 1415/1408/1425 1414/1443/1423 1429/1442/1445 1430/1407/1432
f 1408/1645/1426 1046/1671/982 1423/1644/1434
f 1272/1144/984 1422/1153/1424 1437/1152/1446
f 1435/1218/1442 1434/1282/1440 1443/1252/966 1444/1217/965
f 1428/1473/1443 1427/1507/1441 966/1486/970 1441/1472/969
f 1436/1206/1444 1435/1218/1442 1444/1217/965 1445/1205/973
f 1429/1442/1445 1428/1473/1443 1441/1472/969 967/1439/975
f 1437/1152/1446 1436/1206/1444 1445/1205/973 1446/1151/977
f 1430/1407/1432 1429/1442/1445 967/1439/975 968/1406/979
f 1423/1644/1434 1046/1670/982 1438/1643/981
f 1272/1143/984 1437/1152/1446 1446/1151/977
f 1431/1374/1433 1430/1407/1432 968/1406/979 969/1373/985
f 1424/1605/1435 1423/1644/1434 1438/1643/981 1439/1604/987
f 1432/1324/1436 1431/1374/1433 969/1373/985 1442/1323/989
f 1425/1577/1437 1424/1605/1435 1439/1604/987 965/1556/991
f 1433/1284/1438 1432/1324/1436 1442/1323/989 970/1315/993
f 1426/1539/1439 1425/1577/1437 965/1556/991 1440/1538/995
f 1434/1282/1440 1433/1284/1438 970/1315/993 1443/1252/966
f 1427/1507/1441 1426/1539/1439 1440/1538/995 966/1486/970
g default
v -2.375133 0.230551 -2.312909
v -2.377667 0.218056 -2.330437
v -2.379185 0.200124 -2.340062
v -2.379246 0.194218 -2.340007
v -2.378094 0.176441 -2.330050
v -2.375813 0.164225 -2.312293
v -2.372858 0.159989 -2.290252
v -2.369811 0.164572 -2.268294
v -2.367278 0.177067 -2.250766
v -2.365760 0.194998 -2.241141
v -2.365698 0.200904 -2.241196
v -2.366851 0.218681 -2.251153
v -2.369131 0.230898 -2.268909
v -2.372087 0.235134 -2.290950
v -1.478088 0.214697 -2.428186
v -1.479830 0.206106 -2.440237
v -1.480874 0.193777 -2.446854
v -1.481014 0.180152 -2.446728
v -1.480222 0.167929 -2.439882
v -1.478654 0.159529 -2.427673
v -1.476621 0.156617 -2.412519
v -1.474527 0.159768 -2.397421
v -1.472785 0.168359 -2.385370
v -1.471741 0.180688 -2.378752
v -1.471601 0.194313 -2.378879
v -1.472393 0.206536 -2.385724
v -1.473961 0.214935 -2.397933
v -1.475994 0.217848 -2.413087
v 2.375133 0.230551 -2.312909
v 2.377667 0.218056 -2.330437
v 2.379185 0.200124 -2.340062
v 2.379246 0.194218 -2.340007
v 2.378094 0.176441 -2.330050
v 2.375813 0.164225 -2.312293
v 2.372858 0.159989 -2.290252
v 2.369811 0.164572 -2.268294
v 2.367278 0.177067 -2.250766
v 2.365760 0.194998 -2.241141
v 2.365698 0.200904 -2.241196
v 2.366851 0.218681 -2.251153
v 2.369131 0.230898 -2.268909
v 2.372087 0.235134 -2.290950
v 1.478088 0.214697 -2.428186
v 1.479830 0.206106 -2.440237
v 1.480874 0.193777 -2.446854
v 1.481014 0.180152 -2.446728
v 1.480222 0.167929 -2.439882
v 1.478654 0.159529 -2.427673
v 1.476621 0.156617 -2.412519
v 1.474527 0.159768 -2.397421
v 1.472785 0.168359 -2.385370
v 1.471741 0.180688 -2.378752
v 1.471601 0.194313 -2.378879
v 1.472393 0.206536 -2.385724
v 1.473961 0.214935 -2.397933
v 1.475994 0.217848 -2.413087
v -0.191491 -0.049820 -1.275673
v -0.208583 -0.066909 -1.275326
v -0.231931 -0.073164 -1.275198
v -0.255279 -0.066909 -1.275326
v -0.272371 -0.049820 -1.275673
v -0.278627 -0.026477 -1.276147
v -0.272371 -0.003134 -1.276622
v -0.255279 0.013954 -1.276969
v -0.231931 0.020209 -1.277096
v -0.208583 0.013954 -1.276969
v -0.191491 -0.003134 -1.276622
v -0.185235 -0.026477 -1.276147
v -0.191491 -0.052531 -1.408999
v -0.208583 -0.069619 -1.408652
v -0.231931 -0.075874 -1.408524
v -0.255279 -0.069619 -1.408652
v -0.272371 -0.052531 -1.408999
v -0.278627 -0.029188 -1.409474
v -0.272371 -0.005845 -1.409948
v -0.255279 0.011244 -1.410295
v -0.231931 0.017499 -1.410421
v -0.208583 0.011244 -1.410295
v -0.191491 -0.005845 -1.409948
v -0.185235 -0.029188 -1.409474
v -0.182499 -0.027469 -1.203005
v -0.212635 -0.058178 -1.686794
v -0.229727 -0.075267 -1.686447
v -0.253077 -0.081522 -1.686320
v -0.276426 -0.075267 -1.686447
v -0.293518 -0.058178 -1.686793
v -0.299773 -0.034835 -1.687269
v -0.293515 -0.011492 -1.687744
v -0.276424 0.005596 -1.688091
v -0.253076 0.011851 -1.688218
v -0.229728 0.005596 -1.688091
v -0.212638 -0.011492 -1.687744
v -0.206381 -0.034835 -1.687269
v -0.249815 -0.067935 -1.988242
v -0.272413 -0.086946 -1.987855
v -0.303283 -0.093905 -1.987714
v -0.334154 -0.086946 -1.987855
v -0.356751 -0.067937 -1.988242
v -0.365021 -0.041971 -1.988769
v -0.356746 -0.016001 -1.989298
v -0.334147 0.003010 -1.989685
v -0.303282 0.009968 -1.989826
v -0.272413 0.003009 -1.989684
v -0.249815 -0.016000 -1.989298
v -0.241545 -0.041967 -1.988769
v -0.311609 -0.110660 -2.221808
v -0.332412 -0.121096 -2.207779
v -0.360832 -0.124915 -2.202643
v -0.389252 -0.121096 -2.207779
v -0.410056 -0.110661 -2.221807
v -0.417669 -0.096408 -2.240970
v -0.410051 -0.082154 -2.260136
v -0.389246 -0.071718 -2.274168
v -0.360831 -0.067899 -2.279303
v -0.332413 -0.071719 -2.274168
v -0.311609 -0.082153 -2.260138
v -0.303995 -0.096406 -2.240973
v -0.324497 -0.066125 -2.186782
v -0.324285 -0.082200 -2.210231
v -0.345008 -0.083849 -2.185104
v -0.343250 -0.100590 -2.205305
v -0.373246 -0.090374 -2.183579
v -0.370813 -0.107320 -2.202868
v -0.402224 -0.083875 -2.184185
v -0.399883 -0.100981 -2.205353
v -0.423875 -0.066137 -2.186167
v -0.422989 -0.081624 -2.209996
v -0.432131 -0.041971 -2.188245
v -0.432749 -0.055281 -2.213088
v -0.424856 -0.017847 -2.189945
v -0.426427 -0.029593 -2.214532
v -0.404069 -0.000205 -2.190926
v -0.406339 -0.010823 -2.214856
v -0.375486 0.006246 -2.191334
v -0.378180 -0.003848 -2.214750
v -0.346857 -0.000219 -2.191350
v -0.349577 -0.010567 -2.214604
v -0.325613 -0.017854 -2.190415
v -0.328069 -0.029320 -2.214295
v -0.317301 -0.041967 -2.188460
v -0.318990 -0.055509 -2.213246
v -0.165407 -0.067037 -1.253038
v -0.182498 -0.077639 -1.266444
v -0.176002 -0.035163 -1.215894
v -0.205847 -0.081520 -1.271350
v -0.229196 -0.077639 -1.266444
v -0.246287 -0.067037 -1.253038
v -0.252543 -0.052554 -1.234725
v -0.246287 -0.038071 -1.216411
v -0.229195 -0.027469 -1.203005
v -0.205847 -0.023588 -1.198098
v -0.165407 -0.038071 -1.216411
v -0.159151 -0.052554 -1.234725
v 0.191491 -0.049820 -1.275673
v 0.208583 -0.066909 -1.275326
v 0.231931 -0.073164 -1.275198
v 0.255279 -0.066909 -1.275326
v 0.272371 -0.049820 -1.275673
v 0.278627 -0.026477 -1.276147
v 0.272371 -0.003134 -1.276622
v 0.255279 0.013954 -1.276969
v 0.231931 0.020209 -1.277096
v 0.208583 0.013954 -1.276969
v 0.191491 -0.003134 -1.276622
v 0.185235 -0.026477 -1.276147
v 0.191491 -0.052531 -1.408999
v 0.208583 -0.069619 -1.408652
v 0.231931 -0.075874 -1.408524
v 0.255279 -0.069619 -1.408652
v 0.272371 -0.052531 -1.408999
v 0.278627 -0.029188 -1.409474
v 0.272371 -0.005845 -1.409948
v 0.255279 0.011244 -1.410295
v 0.231931 0.017499 -1.410421
v 0.208583 0.011244 -1.410295
v 0.191491 -0.005845 -1.409948
v 0.185235 -0.029188 -1.409474
v 0.182499 -0.027469 -1.203005
v 0.212635 -0.058178 -1.686794
v 0.229727 -0.075267 -1.686447
v 0.253077 -0.081522 -1.686320
v 0.276426 -0.075267 -1.686447
v 0.293518 -0.058178 -1.686793
v 0.299773 -0.034835 -1.687269
v 0.293515 -0.011492 -1.687744
v 0.276424 0.005596 -1.688091
v 0.253076 0.011851 -1.688218
v 0.229728 0.005596 -1.688091
v 0.212638 -0.011492 -1.687744
v 0.206381 -0.034835 -1.687269
v 0.249815 -0.067935 -1.988242
v 0.272413 -0.086946 -1.987855
v 0.303283 -0.093905 -1.987714
v 0.334154 -0.086946 -1.987855
v 0.356751 -0.067937 -1.988242
v 0.365021 -0.041971 -1.988769
v 0.356746 -0.016001 -1.989298
v 0.334147 0.003010 -1.989685
v 0.303282 0.009968 -1.989826
v 0.272413 0.003009 -1.989684
v 0.249815 -0.016000 -1.989298
v 0.241545 -0.041967 -1.988769
v 0.311609 -0.110660 -2.221808
v 0.332412 -0.121096 -2.207779
v 0.360832 -0.124915 -2.202643
v 0.389252 -0.121096 -2.207779
v 0.410056 -0.110661 -2.221807
v 0.417669 -0.096408 -2.240970
v 0.410051 -0.082154 -2.260136
v 0.389246 -0.071718 -2.274168
v 0.360831 -0.067899 -2.279303
v 0.332413 -0.071719 -2.274168
v 0.311609 -0.082153 -2.260138
v 0.303995 -0.096406 -2.240973
v 0.324497 -0.066125 -2.186782
v 0.324285 -0.082200 -2.210231
v 0.345008 -0.083849 -2.185104
v 0.343250 -0.100590 -2.205305
v 0.373246 -0.090374 -2.183579
v 0.370813 -0.107320 -2.202868
v 0.402224 -0.083875 -2.184185
v 0.399883 -0.100981 -2.205353
v 0.423875 -0.066137 -2.186167
v 0.422989 -0.081624 -2.209996
v 0.432131 -0.041971 -2.188245
v 0.432749 -0.055281 -2.213088
v 0.424856 -0.017847 -2.189945
v 0.426427 -0.029593 -2.214532
v 0.404069 -0.000205 -2.190926
v 0.406339 -0.010823 -2.214856
v 0.375486 0.006246 -2.191334
v 0.378180 -0.003848 -2.214750
v 0.346857 -0.000219 -2.191350
v 0.349577 -0.010567 -2.214604
v 0.325613 -0.017854 -2.190415
v 0.328069 -0.029320 -2.214295
v 0.317301 -0.041967 -2.188460
v 0.318990 -0.055509 -2.213246
v 0.165407 -0.067037 -1.253038
v 0.182498 -0.077639 -1.266444
v 0.176002 -0.035163 -1.215894
v 0.205847 -0.081520 -1.271350
v 0.229196 -0.077639 -1.266444
v 0.246287 -0.067037 -1.253038
v 0.252543 -0.052554 -1.234725
v 0.246287 -0.038071 -1.216411
v 0.229195 -0.027469 -1.203005
v 0.205847 -0.023588 -1.198098
v 0.165407 -0.038071 -1.216411
v 0.159151 -0.052554 -1.234725
vt 0.545003 0.996963
vt 0.547621 0.492372
vt 0.564505 0.492459
vt 0.561887 0.997051
vt 0.580408 0.492542
vt 0.577790 0.997133
vt 0.589431 0.492589
vt 0.586813 0.997180
vt 0.605346 0.492671
vt 0.602728 0.997262
vt 0.622251 0.492759
vt 0.619633 0.997350
vt 0.639911 0.492851
vt 0.637293 0.997442
vt 0.657572 0.492942
vt 0.654954 0.997533
vt 0.674482 0.493030
vt 0.671864 0.997621
vt 0.690407 0.493113
vt 0.687788 0.997704
vt 0.699439 0.493160
vt 0.696821 0.997751
vt 0.715367 0.493242
vt 0.492870 0.996692
vt 0.512361 0.492189
vt 0.509743 0.996780
vt 0.529989 0.492280
vt 0.527370 0.996871
vt 0.545722 0.996973
vt 0.529293 0.996888
vt 0.531911 0.492264
vt 0.548340 0.492350
vt 0.513829 0.996808
vt 0.516447 0.492184
vt 0.505064 0.996762
vt 0.507682 0.492139
vt 0.489618 0.996682
vt 0.492237 0.492059
vt 0.473223 0.996597
vt 0.475841 0.491974
vt 0.456104 0.996508
vt 0.672520 0.492994
vt 0.652711 0.997528
vt 0.655329 0.492905
vt 0.636253 0.997443
vt 0.638872 0.492819
vt 0.620760 0.997363
vt 0.623378 0.492739
vt 0.611975 0.997317
vt 0.614594 0.492693
vt 0.596492 0.997237
vt 0.599110 0.492613
vt 0.580053 0.997152
vt 0.582671 0.492528
vt 0.562887 0.997063
vt 0.565505 0.492439
vt 0.458722 0.491885
vt 0.669902 0.997618
vt 0.495488 0.492101
vt 0.712749 0.997833
vt 0.659051 0.030668
vt 0.681017 0.030668
vt 0.681017 0.083073
vt 0.659051 0.083073
vt 0.704439 0.030668
vt 0.704439 0.083073
vt 0.449954 0.030668
vt 0.472085 0.030668
vt 0.472085 0.083073
vt 0.449954 0.083073
vt 0.488660 0.030668
vt 0.488660 0.083073
vt 0.501023 0.030668
vt 0.501023 0.083072
vt 0.523332 0.030668
vt 0.523332 0.083073
vt 0.546884 0.030668
vt 0.546884 0.083072
vt 0.571106 0.030668
vt 0.571106 0.083073
vt 0.594810 0.030668
vt 0.594810 0.083073
vt 0.618061 0.030668
vt 0.618061 0.083073
vt 0.638678 0.030668
vt 0.638678 0.083073
vt 0.594810 0.006924
vt 0.630827 0.006924
vt 0.618061 0.006924
vt 0.681017 0.207350
vt 0.659051 0.207350
vt 0.704439 0.207351
vt 0.472085 0.207350
vt 0.449954 0.207350
vt 0.488660 0.207350
vt 0.501023 0.207350
vt 0.523332 0.207350
vt 0.546884 0.207350
vt 0.571106 0.207350
vt 0.594810 0.207350
vt 0.618061 0.207351
vt 0.638678 0.207350
vt 0.681017 0.344594
vt 0.659051 0.344594
vt 0.704439 0.344594
vt 0.472085 0.344594
vt 0.449954 0.344594
vt 0.488660 0.344594
vt 0.501023 0.344594
vt 0.523332 0.344594
vt 0.546884 0.344594
vt 0.571106 0.344594
vt 0.594810 0.344594
vt 0.618061 0.344594
vt 0.638678 0.344594
vt 0.659051 0.439215
vt 0.659051 0.461324
vt 0.638678 0.461324
vt 0.638678 0.439215
vt 0.681017 0.439215
vt 0.681017 0.461324
vt 0.704439 0.439215
vt 0.704439 0.461324
vt 0.449954 0.461324
vt 0.449954 0.439215
vt 0.472085 0.439215
vt 0.472085 0.461324
vt 0.488660 0.439215
vt 0.488660 0.461324
vt 0.501023 0.439215
vt 0.501023 0.461324
vt 0.523332 0.439215
vt 0.523332 0.461324
vt 0.546884 0.439215
vt 0.546884 0.461324
vt 0.571106 0.439215
vt 0.571106 0.461324
vt 0.594810 0.439215
vt 0.594810 0.461324
vt 0.618061 0.439215
vt 0.618061 0.461324
vt 0.681017 0.494547
vt 0.659051 0.494547
vt 0.704439 0.494547
vt 0.421987 0.494547
vt 0.421987 0.461324
vt 0.441901 0.494547
vt 0.501023 0.494547
vt 0.523332 0.494547
vt 0.546884 0.494547
vt 0.571106 0.494547
vt 0.594810 0.494547
vt 0.618061 0.494547
vt 0.638678 0.494547
vt 0.659051 0.006924
vt 0.681017 0.006924
vt 0.704439 0.006924
vt 0.449954 0.006924
vt 0.472085 0.006924
vt 0.488660 0.006924
vt 0.501023 0.006924
vt 0.523332 0.006924
vt 0.546884 0.006924
vt 0.571106 0.006924
vt 0.638678 0.006924
vt 0.657776 0.030668
vt 0.657776 0.083073
vt 0.679450 0.083073
vt 0.679450 0.030668
vt 0.702561 0.083073
vt 0.702561 0.030668
vt 0.451460 0.030668
vt 0.451460 0.083073
vt 0.473297 0.083073
vt 0.473297 0.030668
vt 0.489651 0.083073
vt 0.489651 0.030668
vt 0.501850 0.083072
vt 0.501850 0.030668
vt 0.523862 0.083073
vt 0.523862 0.030668
vt 0.547101 0.083072
vt 0.547101 0.030668
vt 0.571001 0.083073
vt 0.571001 0.030668
vt 0.594390 0.083073
vt 0.594390 0.030668
vt 0.617332 0.083073
vt 0.617332 0.030668
vt 0.637675 0.083073
vt 0.637675 0.030668
vt 0.617332 0.006924
vt 0.629928 0.006924
vt 0.594390 0.006924
vt 0.657776 0.207350
vt 0.679450 0.207350
vt 0.702561 0.207351
vt 0.451460 0.207350
vt 0.473297 0.207350
vt 0.489651 0.207350
vt 0.501850 0.207350
vt 0.523862 0.207350
vt 0.547102 0.207350
vt 0.571001 0.207350
vt 0.594390 0.207350
vt 0.617332 0.207351
vt 0.637675 0.207350
vt 0.657776 0.344594
vt 0.679450 0.344594
vt 0.702561 0.344594
vt 0.451460 0.344594
vt 0.473297 0.344594
vt 0.489651 0.344594
vt 0.501850 0.344594
vt 0.523862 0.344594
vt 0.547101 0.344594
vt 0.571001 0.344594
vt 0.594390 0.344594
vt 0.617332 0.344594
vt 0.637675 0.344594
vt 0.657776 0.439215
vt 0.637675 0.439215
vt 0.637675 0.461324
vt 0.657776 0.461324
vt 0.679450 0.461324
vt 0.679450 0.439215
vt 0.702561 0.461324
vt 0.702561 0.439215
vt 0.451460 0.461324
vt 0.473297 0.461324
vt 0.473297 0.439215
vt 0.451460 0.439215
vt 0.489651 0.461324
vt 0.489651 0.439215
vt 0.501850 0.461324
vt 0.501850 0.439215
vt 0.523862 0.461324
vt 0.523862 0.439215
vt 0.547101 0.461324
vt 0.547101 0.439215
vt 0.571001 0.461324
vt 0.571001 0.439215
vt 0.594390 0.461324
vt 0.594390 0.439215
vt 0.617332 0.461324
vt 0.617332 0.439215
vt 0.657776 0.494547
vt 0.679450 0.494547
vt 0.702561 0.494547
vt 0.423865 0.461324
vt 0.423865 0.494547
vt 0.443514 0.494547
vt 0.501850 0.494547
vt 0.523862 0.494547
vt 0.547101 0.494547
vt 0.571001 0.494547
vt 0.594390 0.494547
vt 0.617332 0.494547
vt 0.637675 0.494547
vt 0.679450 0.006924
vt 0.657776 0.006924
vt 0.702561 0.006924
vt 0.473297 0.006924
vt 0.451460 0.006924
vt 0.489651 0.006924
vt 0.501850 0.006924
vt 0.523862 0.006924
vt 0.547102 0.006924
vt 0.571001 0.006924
vt 0.637675 0.006924
vn -0.034290 0.918815 -0.393197
vn -0.034141 0.919287 -0.392104
vn -0.081265 0.670464 -0.737478
vn -0.081472 0.668781 -0.738982
vn -0.109991 0.311822 -0.943753
vn -0.110098 0.309479 -0.944511
vn -0.116545 -0.326969 -0.937821
vn -0.116604 -0.324638 -0.938623
vn -0.095142 -0.682241 -0.724910
vn -0.095314 -0.680583 -0.726444
vn -0.053068 -0.925513 -0.374978
vn -0.053208 -0.925058 -0.376082
vn -0.002638 -0.999963 0.008242
vn -0.002637 -0.999963 0.008250
vn 0.051282 -0.919487 0.389761
vn 0.051444 -0.919008 0.390867
vn 0.103980 -0.670732 0.734375
vn 0.104224 -0.669038 0.735884
vn 0.139648 -0.312163 0.939709
vn 0.139801 -0.309822 0.940461
vn 0.146200 0.326634 0.933775
vn 0.146306 0.324286 0.934576
vn 0.117857 0.681981 0.721811
vn 0.118066 0.680314 0.723349
vn 0.070210 0.925317 0.372639
vn 0.070362 0.924856 0.373753
vn 0.017879 0.999787 -0.010327
vn 0.017880 0.999787 -0.010318
vn 0.034290 0.918815 -0.393197
vn 0.081472 0.668781 -0.738982
vn 0.081265 0.670464 -0.737478
vn 0.034141 0.919287 -0.392104
vn 0.110098 0.309479 -0.944511
vn 0.109992 0.311822 -0.943752
vn 0.116604 -0.324638 -0.938623
vn 0.116545 -0.326969 -0.937821
vn 0.095314 -0.680584 -0.726444
vn 0.095142 -0.682241 -0.724910
vn 0.053208 -0.925058 -0.376082
vn 0.053068 -0.925513 -0.374978
vn 0.002637 -0.999963 0.008250
vn 0.002638 -0.999963 0.008242
vn -0.051444 -0.919008 0.390867
vn -0.051282 -0.919487 0.389762
vn -0.104224 -0.669038 0.735884
vn -0.103980 -0.670732 0.734375
vn -0.139801 -0.309822 0.940461
vn -0.139647 -0.312163 0.939709
vn -0.146306 0.324286 0.934576
vn -0.146200 0.326634 0.933775
vn -0.118066 0.680314 0.723349
vn -0.117857 0.681981 0.721811
vn -0.070362 0.924856 0.373753
vn -0.070210 0.925317 0.372639
vn -0.017880 0.999787 -0.010318
vn -0.017879 0.999787 -0.010327
vn 0.888110 -0.423976 -0.177495
vn 0.517995 -0.844610 -0.135335
vn 0.506176 -0.862387 -0.008606
vn 0.867292 -0.496610 -0.034405
vn -0.012681 -0.999557 -0.026920
vn 0.008456 -0.999771 0.019682
vn -0.507985 -0.860368 0.041447
vn -0.493512 -0.868679 0.042941
vn -0.859527 -0.504726 0.080403
vn -0.863067 -0.502118 0.054705
vn -0.991722 -0.018638 0.127044
vn -0.998670 0.001071 0.051551
vn -0.860551 0.478871 0.173591
vn -0.863062 0.503935 0.034248
vn -0.498906 0.843933 0.197156
vn -0.493516 0.869704 0.007598
vn -0.017690 0.983334 0.180946
vn 0.008456 0.999744 -0.020968
vn 0.460583 0.879120 0.122517
vn 0.506185 0.861319 -0.043650
vn 0.831014 0.555835 0.021525
vn 0.867289 0.494805 -0.054564
vn 0.990184 0.092029 -0.105199
vn 0.998691 -0.001019 -0.051136
vn 0.433853 0.840050 0.325713
vn 0.668711 0.719927 0.185827
vn 0.808703 0.588135 -0.009816
vn 0.486090 -0.873489 -0.027080
vn 0.853629 -0.515749 -0.072940
vn 0.008226 -0.999483 0.031078
vn -0.471819 -0.876896 0.091867
vn -0.844259 -0.517649 0.138802
vn -0.988715 0.003418 0.149771
vn -0.844198 0.523419 0.115596
vn -0.471710 0.880173 0.052772
vn 0.008240 0.999878 -0.013292
vn 0.485787 0.871604 -0.065703
vn 0.853217 0.512709 -0.095656
vn 0.995184 -0.001647 -0.098010
vn 0.456962 -0.884627 -0.092845
vn 0.825052 -0.537319 -0.174863
vn 0.005652 -0.999903 0.012711
vn -0.446580 -0.885904 0.125463
vn -0.815355 -0.535055 0.221162
vn -0.966304 0.003828 0.257374
vn -0.814879 0.541128 0.207734
vn -0.446303 0.889036 0.102121
vn 0.006049 0.999865 -0.015269
vn 0.458203 0.880823 -0.119166
vn 0.826673 0.529021 -0.191697
vn 0.977096 -0.005319 -0.212734
vn 0.799165 -0.550875 -0.240567
vn 0.795804 -0.189551 0.575123
vn 0.980148 0.195157 0.034974
vn 0.943120 0.018829 -0.331918
vn 0.417992 -0.904996 -0.079158
vn 0.389857 -0.357456 0.848668
vn -0.040861 -0.996277 0.075911
vn -0.009919 -0.484655 0.874649
vn -0.481454 -0.853134 0.200911
vn -0.451320 -0.601833 0.658868
vn -0.823149 -0.495893 0.276616
vn -0.847711 -0.479763 0.226307
vn -0.958185 0.024613 0.285089
vn -0.971030 -0.042309 -0.235184
vn -0.813310 0.539581 0.217667
vn -0.745060 0.413584 -0.523291
vn -0.467013 0.878837 0.097695
vn -0.387133 0.671155 -0.632202
vn -0.041349 0.998193 -0.043596
vn -0.023390 0.766422 -0.641911
vn 0.391770 0.901323 -0.184753
vn 0.342691 0.740496 -0.578125
vn 0.765765 0.569618 -0.298564
vn 0.721879 0.569185 -0.393598
vn 0.337847 -0.019403 0.941001
vn 0.696165 -0.000583 0.717882
vn 0.049773 -0.031535 0.998263
vn -0.307570 -0.257684 0.915969
vn -0.806371 -0.459687 0.372093
vn -0.950760 -0.116207 -0.287318
vn -0.702152 0.336628 -0.627426
vn -0.339551 0.601631 -0.723012
vn 0.023722 0.707115 -0.706701
vn 0.397691 0.694167 -0.599979
vn 0.776801 0.540794 -0.322678
vn 0.949546 0.229062 0.214229
vn 0.719109 -0.011251 -0.694806
vn 0.420525 -0.156254 -0.893725
vn 0.121947 -0.298086 -0.946717
vn -0.405968 -0.906173 -0.118493
vn -0.732025 -0.603803 0.315534
vn -0.881540 -0.108436 0.459487
vn -0.731734 0.404687 0.548446
vn -0.374975 0.743096 0.554258
vn 0.044371 0.879068 0.474627
vn 0.886698 0.287479 -0.362108
vn -0.888111 -0.423976 -0.177495
vn -0.867292 -0.496610 -0.034405
vn -0.506176 -0.862387 -0.008606
vn -0.517995 -0.844610 -0.135335
vn -0.008456 -0.999771 0.019682
vn 0.012681 -0.999557 -0.026920
vn 0.493512 -0.868678 0.042941
vn 0.507985 -0.860368 0.041447
vn 0.863067 -0.502118 0.054705
vn 0.859528 -0.504726 0.080403
vn 0.998670 0.001071 0.051551
vn 0.991722 -0.018638 0.127044
vn 0.863062 0.503935 0.034248
vn 0.860552 0.478871 0.173591
vn 0.493516 0.869704 0.007598
vn 0.498906 0.843933 0.197156
vn -0.008456 0.999744 -0.020968
vn 0.017690 0.983334 0.180946
vn -0.506185 0.861320 -0.043650
vn -0.460583 0.879120 0.122517
vn -0.867289 0.494805 -0.054564
vn -0.831014 0.555835 0.021525
vn -0.998691 -0.001019 -0.051136
vn -0.990184 0.092029 -0.105199
vn -0.808703 0.588135 -0.009816
vn -0.668711 0.719927 0.185827
vn -0.433852 0.840050 0.325713
vn -0.853629 -0.515749 -0.072940
vn -0.486090 -0.873489 -0.027080
vn -0.008227 -0.999483 0.031078
vn 0.471819 -0.876896 0.091867
vn 0.844259 -0.517649 0.138802
vn 0.988715 0.003418 0.149771
vn 0.844198 0.523420 0.115596
vn 0.471710 0.880173 0.052772
vn -0.008240 0.999878 -0.013292
vn -0.485787 0.871604 -0.065703
vn -0.853217 0.512709 -0.095656
vn -0.995184 -0.001647 -0.098010
vn -0.825052 -0.537319 -0.174863
vn -0.456962 -0.884627 -0.092845
vn -0.005652 -0.999903 0.012711
vn 0.446580 -0.885904 0.125463
vn 0.815355 -0.535055 0.221162
vn 0.966304 0.003829 0.257374
vn 0.814879 0.541128 0.207734
vn 0.446303 0.889036 0.102121
vn -0.006049 0.999865 -0.015269
vn -0.458203 0.880823 -0.119166
vn -0.826673 0.529021 -0.191697
vn -0.977096 -0.005319 -0.212734
vn -0.799165 -0.550875 -0.240567
vn -0.943120 0.018829 -0.331918
vn -0.980149 0.195154 0.034974
vn -0.795804 -0.189551 0.575123
vn -0.389858 -0.357455 0.848668
vn -0.417992 -0.904996 -0.079158
vn 0.009917 -0.484655 0.874649
vn 0.040861 -0.996277 0.075911
vn 0.451319 -0.601834 0.658868
vn 0.481453 -0.853134 0.200911
vn 0.847710 -0.479763 0.226307
vn 0.823149 -0.495893 0.276616
vn 0.971029 -0.042309 -0.235185
vn 0.958185 0.024613 0.285089
vn 0.745060 0.413584 -0.523291
vn 0.813310 0.539581 0.217667
vn 0.387132 0.671155 -0.632202
vn 0.467013 0.878837 0.097695
vn 0.023390 0.766422 -0.641911
vn 0.041349 0.998193 -0.043596
vn -0.342690 0.740496 -0.578125
vn -0.391770 0.901323 -0.184754
vn -0.721880 0.569183 -0.393598
vn -0.765765 0.569618 -0.298564
vn -0.696165 -0.000583 0.717882
vn -0.337849 -0.019403 0.941000
vn -0.049776 -0.031535 0.998262
vn 0.307568 -0.257684 0.915970
vn 0.806372 -0.459686 0.372092
vn 0.950760 -0.116206 -0.287319
vn 0.702153 0.336628 -0.627426
vn 0.339550 0.601631 -0.723012
vn -0.023722 0.707115 -0.706701
vn -0.397690 0.694167 -0.599979
vn -0.776803 0.540792 -0.322678
vn -0.949546 0.229059 0.214229
vn -0.420525 -0.156254 -0.893725
vn -0.719109 -0.011251 -0.694806
vn -0.121947 -0.298086 -0.946717
vn 0.405966 -0.906174 -0.118493
vn 0.732025 -0.603803 0.315534
vn 0.881541 -0.108437 0.459486
vn 0.731735 0.404687 0.548445
vn 0.374976 0.743096 0.554258
vn -0.044370 0.879068 0.474627
vn -0.886698 0.287479 -0.362108
s 1
g Tubes
usemtl initialShadingGroup
f 1447/1678/1447 1461/1679/1448 1462/1680/1449 1448/1681/1450
f 1448/1681/1450 1462/1680/1449 1463/1682/1451 1449/1683/1452
f 1449/1683/1452 1463/1682/1451 1464/1684/1453 1450/1685/1454
f 1450/1685/1454 1464/1684/1453 1465/1686/1455 1451/1687/1456
f 1451/1687/1456 1465/1686/1455 1466/1688/1457 1452/1689/1458
f 1452/1689/1458 1466/1688/1457 1467/1690/1459 1453/1691/1460
f 1453/1691/1460 1467/1690/1459 1468/1692/1461 1454/1693/1462
f 1454/1693/1462 1468/1692/1461 1469/1694/1463 1455/1695/1464
f 1455/1695/1464 1469/1694/1463 1470/1696/1465 1456/1697/1466
f 1456/1697/1466 1470/1696/1465 1471/1698/1467 1457/1699/1468
f 1457/1699/1468 1471/1698/1467 1472/1700/1469 1458/1737/1470
f 1458/1701/1470 1472/1736/1469 1473/1702/1471 1459/1703/1472
f 1459/1703/1472 1473/1702/1471 1474/1704/1473 1460/1705/1474
f 1460/1705/1474 1474/1704/1473 1461/1679/1448 1447/1678/1447
s 2
f 1475/1706/1475 1476/1707/1476 1490/1708/1477 1489/1709/1478
f 1476/1707/1476 1477/1710/1479 1491/1711/1480 1490/1708/1477
f 1477/1710/1479 1478/1712/1481 1492/1713/1482 1491/1711/1480
f 1478/1712/1481 1479/1714/1483 1493/1715/1484 1492/1713/1482
f 1479/1714/1483 1480/1716/1485 1494/1717/1486 1493/1715/1484
f 1480/1716/1485 1481/1718/1487 1495/1734/1488 1494/1717/1486
f 1481/1735/1487 1482/1720/1489 1496/1721/1490 1495/1719/1488
f 1482/1720/1489 1483/1722/1491 1497/1723/1492 1496/1721/1490
f 1483/1722/1491 1484/1724/1493 1498/1725/1494 1497/1723/1492
f 1484/1724/1493 1485/1726/1495 1499/1727/1496 1498/1725/1494
f 1485/1726/1495 1486/1728/1497 1500/1729/1498 1499/1727/1496
f 1486/1728/1497 1487/1730/1499 1501/1731/1500 1500/1729/1498
f 1487/1730/1499 1488/1732/1501 1502/1733/1502 1501/1731/1500
f 1488/1732/1501 1475/1706/1475 1489/1709/1478 1502/1733/1502
s 3
f 1503/1738/1503 1504/1739/1504 1516/1740/1505 1515/1741/1506
f 1504/1739/1504 1505/1742/1507 1517/1743/1508 1516/1740/1505
f 1505/1744/1507 1506/1745/1509 1518/1746/1510 1517/1747/1508
f 1506/1745/1509 1507/1748/1511 1519/1749/1512 1518/1746/1510
f 1507/1748/1511 1508/1750/1513 1520/1751/1514 1519/1749/1512
f 1508/1750/1513 1509/1752/1515 1521/1753/1516 1520/1751/1514
f 1509/1752/1515 1510/1754/1517 1522/1755/1518 1521/1753/1516
f 1510/1754/1517 1511/1756/1519 1523/1757/1520 1522/1755/1518
f 1511/1756/1519 1512/1758/1521 1524/1759/1522 1523/1757/1520
f 1512/1758/1521 1513/1760/1523 1525/1761/1524 1524/1759/1522
f 1513/1760/1523 1514/1762/1525 1526/1763/1526 1525/1761/1524
f 1514/1762/1525 1503/1738/1503 1515/1741/1506 1526/1763/1526
f 1513/1760/1523 1512/1758/1521 1527/1764/1527 1590/1765/1528 1598/1766/1529
f 1515/1741/1506 1516/1740/1505 1529/1767/1530 1528/1768/1531
f 1516/1740/1505 1517/1743/1508 1530/1769/1532 1529/1767/1530
f 1517/1747/1508 1518/1746/1510 1531/1770/1533 1530/1771/1532
f 1518/1746/1510 1519/1749/1512 1532/1772/1534 1531/1770/1533
f 1519/1749/1512 1520/1751/1514 1533/1773/1535 1532/1772/1534
f 1520/1751/1514 1521/1753/1516 1534/1774/1536 1533/1773/1535
f 1521/1753/1516 1522/1755/1518 1535/1775/1537 1534/1774/1536
f 1522/1755/1518 1523/1757/1520 1536/1776/1538 1535/1775/1537
f 1523/1757/1520 1524/1759/1522 1537/1777/1539 1536/1776/1538
f 1524/1759/1522 1525/1761/1524 1538/1778/1540 1537/1777/1539
f 1525/1761/1524 1526/1763/1526 1539/1779/1541 1538/1778/1540
f 1526/1763/1526 1515/1741/1506 1528/1768/1531 1539/1779/1541
f 1528/1768/1531 1529/1767/1530 1541/1780/1542 1540/1781/1543
f 1529/1767/1530 1530/1769/1532 1542/1782/1544 1541/1780/1542
f 1530/1771/1532 1531/1770/1533 1543/1783/1545 1542/1784/1544
f 1531/1770/1533 1532/1772/1534 1544/1785/1546 1543/1783/1545
f 1532/1772/1534 1533/1773/1535 1545/1786/1547 1544/1785/1546
f 1533/1773/1535 1534/1774/1536 1546/1787/1548 1545/1786/1547
f 1534/1774/1536 1535/1775/1537 1547/1788/1549 1546/1787/1548
f 1535/1775/1537 1536/1776/1538 1548/1789/1550 1547/1788/1549
f 1536/1776/1538 1537/1777/1539 1549/1790/1551 1548/1789/1550
f 1537/1777/1539 1538/1778/1540 1550/1791/1552 1549/1790/1551
f 1538/1778/1540 1539/1779/1541 1551/1792/1553 1550/1791/1552
f 1539/1779/1541 1528/1768/1531 1540/1781/1543 1551/1792/1553
f 1564/1793/1554 1565/1794/1555 1587/1795/1556 1586/1796/1557
f 1565/1794/1555 1564/1793/1554 1566/1797/1558 1567/1798/1559
f 1567/1798/1559 1566/1797/1558 1568/1799/1560 1569/1800/1561
f 1569/1801/1561 1568/1802/1560 1570/1803/1562 1571/1804/1563
f 1571/1804/1563 1570/1803/1562 1572/1805/1564 1573/1806/1565
f 1573/1806/1565 1572/1805/1564 1574/1807/1566 1575/1808/1567
f 1575/1808/1567 1574/1807/1566 1576/1809/1568 1577/1810/1569
f 1577/1810/1569 1576/1809/1568 1578/1811/1570 1579/1812/1571
f 1579/1812/1571 1578/1811/1570 1580/1813/1572 1581/1814/1573
f 1581/1814/1573 1580/1813/1572 1582/1815/1574 1583/1816/1575
f 1583/1816/1575 1582/1815/1574 1584/1817/1576 1585/1818/1577
f 1585/1818/1577 1584/1817/1576 1586/1796/1557 1587/1795/1556
f 1540/1781/1543 1541/1780/1542 1566/1797/1558 1564/1793/1554
f 1541/1780/1542 1542/1782/1544 1568/1799/1560 1566/1797/1558
f 1542/1784/1544 1543/1783/1545 1570/1803/1562 1568/1802/1560
f 1543/1783/1545 1544/1785/1546 1572/1805/1564 1570/1803/1562
f 1544/1785/1546 1545/1786/1547 1574/1807/1566 1572/1805/1564
f 1545/1786/1547 1546/1787/1548 1576/1809/1568 1574/1807/1566
f 1546/1787/1548 1547/1788/1549 1578/1811/1570 1576/1809/1568
f 1547/1788/1549 1548/1789/1550 1580/1813/1572 1578/1811/1570
f 1548/1789/1550 1549/1790/1551 1582/1815/1574 1580/1813/1572
f 1549/1790/1551 1550/1791/1552 1584/1817/1576 1582/1815/1574
f 1550/1791/1552 1551/1792/1553 1586/1796/1557 1584/1817/1576
f 1551/1792/1553 1540/1781/1543 1564/1793/1554 1586/1796/1557
f 1565/1794/1555 1567/1798/1559 1553/1819/1578 1552/1820/1579
f 1567/1798/1559 1569/1800/1561 1554/1821/1580 1553/1819/1578
f 1569/1801/1561 1571/1804/1563 1555/1822/1581 1554/1823/1580
f 1571/1804/1563 1573/1806/1565 1556/1824/1582 1555/1822/1581
f 1573/1806/1565 1575/1808/1567 1557/1825/1583 1556/1824/1582
f 1575/1808/1567 1577/1810/1569 1558/1826/1584 1557/1825/1583
f 1577/1810/1569 1579/1812/1571 1559/1827/1585 1558/1826/1584
f 1579/1812/1571 1581/1814/1573 1560/1828/1586 1559/1827/1585
f 1581/1814/1573 1583/1816/1575 1561/1829/1587 1560/1828/1586
f 1583/1816/1575 1585/1818/1577 1562/1830/1588 1561/1829/1587
f 1585/1818/1577 1587/1795/1556 1563/1831/1589 1562/1830/1588
f 1587/1795/1556 1565/1794/1555 1552/1820/1579 1563/1831/1589
f 1504/1739/1504 1503/1738/1503 1588/1832/1590 1589/1833/1591
f 1505/1742/1507 1504/1739/1504 1589/1833/1591 1591/1834/1592
f 1506/1745/1509 1505/1744/1507 1591/1835/1592 1592/1836/1593
f 1507/1748/1511 1506/1745/1509 1592/1836/1593 1593/1837/1594
f 1508/1750/1513 1507/1748/1511 1593/1837/1594 1594/1838/1595
f 1509/1752/1515 1508/1750/1513 1594/1838/1595 1595/1839/1596
f 1510/1754/1517 1509/1752/1515 1595/1839/1596 1596/1840/1597
f 1511/1756/1519 1510/1754/1517 1596/1840/1597 1597/1841/1598
f 1512/1758/1521 1511/1756/1519 1597/1841/1598 1527/1764/1527
f 1514/1762/1525 1513/1760/1523 1598/1766/1529 1599/1842/1599
f 1503/1738/1503 1514/1762/1525 1599/1842/1599 1588/1832/1590
s 5
f 1600/1843/1600 1612/1844/1601 1613/1845/1602 1601/1846/1603
f 1601/1846/1603 1613/1845/1602 1614/1847/1604 1602/1848/1605
f 1602/1849/1605 1614/1850/1604 1615/1851/1606 1603/1852/1607
f 1603/1852/1607 1615/1851/1606 1616/1853/1608 1604/1854/1609
f 1604/1854/1609 1616/1853/1608 1617/1855/1610 1605/1856/1611
f 1605/1856/1611 1617/1855/1610 1618/1857/1612 1606/1858/1613
f 1606/1858/1613 1618/1857/1612 1619/1859/1614 1607/1860/1615
f 1607/1860/1615 1619/1859/1614 1620/1861/1616 1608/1862/1617
f 1608/1862/1617 1620/1861/1616 1621/1863/1618 1609/1864/1619
f 1609/1864/1619 1621/1863/1618 1622/1865/1620 1610/1866/1621
f 1610/1866/1621 1622/1865/1620 1623/1867/1622 1611/1868/1623
f 1611/1868/1623 1623/1867/1622 1612/1844/1601 1600/1843/1600
f 1610/1866/1621 1695/1869/1624 1687/1870/1625 1624/1871/1626 1609/1864/1619
f 1612/1844/1601 1625/1872/1627 1626/1873/1628 1613/1845/1602
f 1613/1845/1602 1626/1873/1628 1627/1874/1629 1614/1847/1604
f 1614/1850/1604 1627/1875/1629 1628/1876/1630 1615/1851/1606
f 1615/1851/1606 1628/1876/1630 1629/1877/1631 1616/1853/1608
f 1616/1853/1608 1629/1877/1631 1630/1878/1632 1617/1855/1610
f 1617/1855/1610 1630/1878/1632 1631/1879/1633 1618/1857/1612
f 1618/1857/1612 1631/1879/1633 1632/1880/1634 1619/1859/1614
f 1619/1859/1614 1632/1880/1634 1633/1881/1635 1620/1861/1616
f 1620/1861/1616 1633/1881/1635 1634/1882/1636 1621/1863/1618
f 1621/1863/1618 1634/1882/1636 1635/1883/1637 1622/1865/1620
f 1622/1865/1620 1635/1883/1637 1636/1884/1638 1623/1867/1622
f 1623/1867/1622 1636/1884/1638 1625/1872/1627 1612/1844/1601
f 1625/1872/1627 1637/1885/1639 1638/1886/1640 1626/1873/1628
f 1626/1873/1628 1638/1886/1640 1639/1887/1641 1627/1874/1629
f 1627/1875/1629 1639/1888/1641 1640/1889/1642 1628/1876/1630
f 1628/1876/1630 1640/1889/1642 1641/1890/1643 1629/1877/1631
f 1629/1877/1631 1641/1890/1643 1642/1891/1644 1630/1878/1632
f 1630/1878/1632 1642/1891/1644 1643/1892/1645 1631/1879/1633
f 1631/1879/1633 1643/1892/1645 1644/1893/1646 1632/1880/1634
f 1632/1880/1634 1644/1893/1646 1645/1894/1647 1633/1881/1635
f 1633/1881/1635 1645/1894/1647 1646/1895/1648 1634/1882/1636
f 1634/1882/1636 1646/1895/1648 1647/1896/1649 1635/1883/1637
f 1635/1883/1637 1647/1896/1649 1648/1897/1650 1636/1884/1638
f 1636/1884/1638 1648/1897/1650 1637/1885/1639 1625/1872/1627
f 1661/1898/1651 1683/1899/1652 1684/1900/1653 1662/1901/1654
f 1662/1901/1654 1664/1902/1655 1663/1903/1656 1661/1898/1651
f 1664/1902/1655 1666/1904/1657 1665/1905/1658 1663/1903/1656
f 1666/1906/1657 1668/1907/1659 1667/1908/1660 1665/1909/1658
f 1668/1907/1659 1670/1910/1661 1669/1911/1662 1667/1908/1660
f 1670/1910/1661 1672/1912/1663 1671/1913/1664 1669/1911/1662
f 1672/1912/1663 1674/1914/1665 1673/1915/1666 1671/1913/1664
f 1674/1914/1665 1676/1916/1667 1675/1917/1668 1673/1915/1666
f 1676/1916/1667 1678/1918/1669 1677/1919/1670 1675/1917/1668
f 1678/1918/1669 1680/1920/1671 1679/1921/1672 1677/1919/1670
f 1680/1920/1671 1682/1922/1673 1681/1923/1674 1679/1921/1672
f 1682/1922/1673 1684/1900/1653 1683/1899/1652 1681/1923/1674
f 1637/1885/1639 1661/1898/1651 1663/1903/1656 1638/1886/1640
f 1638/1886/1640 1663/1903/1656 1665/1905/1658 1639/1887/1641
f 1639/1888/1641 1665/1909/1658 1667/1908/1660 1640/1889/1642
f 1640/1889/1642 1667/1908/1660 1669/1911/1662 1641/1890/1643
f 1641/1890/1643 1669/1911/1662 1671/1913/1664 1642/1891/1644
f 1642/1891/1644 1671/1913/1664 1673/1915/1666 1643/1892/1645
f 1643/1892/1645 1673/1915/1666 1675/1917/1668 1644/1893/1646
f 1644/1893/1646 1675/1917/1668 1677/1919/1670 1645/1894/1647
f 1645/1894/1647 1677/1919/1670 1679/1921/1672 1646/1895/1648
f 1646/1895/1648 1679/1921/1672 1681/1923/1674 1647/1896/1649
f 1647/1896/1649 1681/1923/1674 1683/1899/1652 1648/1897/1650
f 1648/1897/1650 1683/1899/1652 1661/1898/1651 1637/1885/1639
f 1662/1901/1654 1649/1924/1675 1650/1925/1676 1664/1902/1655
f 1664/1902/1655 1650/1925/1676 1651/1926/1677 1666/1904/1657
f 1666/1906/1657 1651/1927/1677 1652/1928/1678 1668/1907/1659
f 1668/1907/1659 1652/1928/1678 1653/1929/1679 1670/1910/1661
f 1670/1910/1661 1653/1929/1679 1654/1930/1680 1672/1912/1663
f 1672/1912/1663 1654/1930/1680 1655/1931/1681 1674/1914/1665
f 1674/1914/1665 1655/1931/1681 1656/1932/1682 1676/1916/1667
f 1676/1916/1667 1656/1932/1682 1657/1933/1683 1678/1918/1669
f 1678/1918/1669 1657/1933/1683 1658/1934/1684 1680/1920/1671
f 1680/1920/1671 1658/1934/1684 1659/1935/1685 1682/1922/1673
f 1682/1922/1673 1659/1935/1685 1660/1936/1686 1684/1900/1653
f 1684/1900/1653 1660/1936/1686 1649/1924/1675 1662/1901/1654
f 1601/1846/1603 1686/1937/1687 1685/1938/1688 1600/1843/1600
f 1602/1848/1605 1688/1939/1689 1686/1937/1687 1601/1846/1603
f 1603/1852/1607 1689/1940/1690 1688/1941/1689 1602/1849/1605
f 1604/1854/1609 1690/1942/1691 1689/1940/1690 1603/1852/1607
f 1605/1856/1611 1691/1943/1692 1690/1942/1691 1604/1854/1609
f 1606/1858/1613 1692/1944/1693 1691/1943/1692 1605/1856/1611
f 1607/1860/1615 1693/1945/1694 1692/1944/1693 1606/1858/1613
f 1608/1862/1617 1694/1946/1695 1693/1945/1694 1607/1860/1615
f 1609/1864/1619 1624/1871/1626 1694/1946/1695 1608/1862/1617
f 1611/1868/1623 1696/1947/1696 1695/1869/1624 1610/1866/1621
f 1600/1843/1600 1685/1938/1688 1696/1947/1696 1611/1868/1623
g default
v 0.000000 0.032079 2.647890
v -0.000000 -0.010975 2.962208
v 0.000000 -0.639346 2.613302
v 0.000000 -0.509689 1.961758
v -0.000000 0.316139 1.799254
v -0.013080 -0.537493 1.677772
v -0.000000 0.439318 1.603917
v -0.013115 -0.624003 1.382945
v 0.000000 0.532883 1.385673
v 0.000000 0.642489 1.169268
v -0.000000 -0.638375 1.346936
v 0.000000 -0.716888 1.085307
v 0.000019 -0.754524 0.867789
v 0.000035 -0.787161 0.433626
v 0.000049 -0.778671 0.229377
v 0.000036 -0.766377 0.038272
v 0.000029 -0.750183 -0.105968
v 0.000019 -0.709325 -0.401373
v 0.000000 -0.559196 -0.797939
v -0.000000 0.762855 1.067738
v 0.000000 0.747746 0.931560
v -0.000000 0.060358 -0.407233
v -0.000000 0.101736 -0.469952
v 0.000000 0.076672 0.887938
v 0.000000 0.302645 0.840404
v -0.000000 0.389524 0.864488
v -0.000000 0.475853 0.873989
v -0.000000 0.499844 0.825414
v -0.000000 0.051504 -0.989597
v 0.000000 0.019291 -1.007373
v 0.000000 -0.561670 -0.895890
v -0.000000 0.008682 -1.070318
v -0.000000 0.007221 -1.131711
v 0.000000 -0.566758 -1.110026
v 0.000000 0.087850 -1.263099
v -0.000000 -0.650236 -1.279351
v -0.000000 0.068664 -1.521494
v -0.000000 -0.652873 -1.515464
v -0.000000 -0.674252 -1.760564
v 0.000000 -0.722412 -1.994807
v 0.000000 -0.782441 -2.222946
v -0.000000 -0.772666 -2.460622
v -0.000000 -0.652715 -2.792883
v -0.000000 0.003773 -2.806988
v 0.000000 -0.415125 -3.432731
v 0.000000 -0.197612 -3.439246
v -0.000000 -1.071111 3.850323
v -0.000000 -0.815264 4.002401
v 0.000000 0.145338 3.642897
v -0.000000 -0.606463 4.051812
v -0.000000 -0.375128 4.061706
v -0.000000 -0.167406 4.000430
v -0.000000 0.015535 3.855126
v 0.000000 0.520996 0.537015
v -0.000000 0.504156 0.665323
v 0.000000 0.505304 0.075623
v 0.000000 0.451038 -0.463740
v 0.000000 0.358247 -1.374204
v 0.000000 0.246713 -1.868460
v -0.000000 0.059724 -2.167794
v 0.000000 -0.376342 -3.433893
v -0.000000 -0.236395 -3.438085
v -0.000000 -0.376342 -3.355608
v 0.000000 -0.236395 -3.359799
v 0.000000 -0.302282 -3.397246
v -0.000000 0.063887 -1.159418
v -0.000000 0.086483 -1.194413
v 0.000000 -0.705486 -2.607728
v -0.000000 -0.655864 -2.625606
v 0.000000 0.058132 -2.654612
v -0.000000 0.006646 -2.666725
v -0.000000 0.740692 0.838749
v 0.000000 0.093649 -2.586617
v 0.000000 0.050150 -2.555619
v -0.000000 0.546791 0.038425
v 0.000000 0.477940 -0.490061
v 0.000000 0.357953 -1.383964
v 0.000000 0.277810 -1.888119
v -0.000000 0.232647 -2.149686
v -0.000000 0.176478 -2.390966
v -0.000000 0.064110 -2.518974
v 0.000000 0.097615 1.967602
v -0.000000 0.065841 3.294368
v 0.000000 -1.084138 3.526144
v 0.000000 -0.803200 3.049812
v -0.000000 0.072036 -1.845537
v 0.000000 0.122186 3.331155
v 0.000000 0.101100 3.306852
v -0.000000 -1.155766 3.533569
v -0.000000 -1.180900 3.551141
v 0.000000 -0.657113 -1.098697
v 0.000000 -0.621921 -1.077688
v 0.000000 -0.597419 -1.092053
v 0.000000 0.202348 1.886917
v 0.000000 0.136685 1.975991
v 0.000000 0.118817 1.979640
v 0.000000 0.657320 0.745161
v -0.000000 0.685483 0.807751
v 0.000000 0.614466 0.503445
v 0.213863 0.034536 1.961757
v 0.131237 -0.005804 2.640028
v 0.314680 -0.031722 1.961758
v 0.215189 -0.087909 2.647981
v 0.382205 -0.115850 1.961758
v 0.258647 -0.180540 2.668620
v 0.115084 -0.044652 2.964910
v 0.197500 -0.126053 2.982824
v 0.237905 -0.220176 3.027417
v 0.142609 -0.007299 3.272547
v 0.230039 -0.133261 3.292496
v 0.282357 -0.231524 3.378712
v 0.344202 -0.325573 3.500335
v 0.248768 -0.313725 3.091802
v 0.255604 -0.402451 3.152867
v 0.387497 -0.403926 3.589868
v 0.257867 -0.504962 3.193396
v 0.385742 -0.517152 3.637628
v 0.375955 -0.731568 3.645519
v 0.243100 -0.622920 3.206496
v 0.360000 -0.886509 3.581105
v 0.200952 -0.707632 3.173530
v 0.282089 -0.274845 2.698312
v 0.383208 -0.232016 1.961758
v 0.293685 -0.368838 2.726211
v 0.361750 -0.330096 1.961758
v 0.283860 -0.465561 2.745139
v 0.295718 -0.404528 1.961758
v 0.235398 -0.549336 2.727632
v 0.222627 -0.456798 1.961758
v 0.167858 -0.599134 2.665159
v 0.247420 -1.058316 3.534031
v 0.072200 -0.505201 1.961758
v 0.145677 -0.488674 1.961758
v 0.375365 -0.006317 1.756404
v 0.388181 -0.076231 1.770909
v 0.282809 0.200922 1.803165
v 0.239202 0.239835 1.804012
v 0.257725 0.280496 1.708537
v 0.323961 0.197368 1.701215
v 0.400201 -0.161340 1.780160
v 0.383440 -0.254304 1.796439
v 0.342491 -0.334145 1.808003
v 0.287973 -0.399986 1.811242
v 0.093620 -0.559368 1.601378
v 0.040544 -0.540741 1.654456
v 0.413578 -0.048807 1.558496
v 0.395514 -0.124569 1.552761
v 0.268271 0.322980 1.532541
v 0.342396 0.193317 1.508717
v 0.375558 -0.194674 1.560980
v 0.352089 -0.282156 1.568234
v 0.324169 -0.363175 1.576220
v 0.287257 -0.431168 1.588219
v 0.097305 -0.600283 1.472167
v 0.046513 -0.617446 1.409609
v 0.262657 0.380743 1.309844
v 0.364705 0.179926 1.268624
v 0.447697 -0.102731 1.298212
v 0.391239 0.205927 1.045734
v 0.476669 -0.162456 1.029890
v 0.261876 0.412243 1.089159
v 0.464355 -0.007503 1.033765
v 0.412360 0.017330 1.275537
v 0.389320 0.069492 1.514057
v 0.362997 0.112469 1.712272
v 0.270186 0.154909 1.867867
v 0.164193 0.215948 1.871867
v 0.150996 0.322802 1.756900
v 0.154815 0.414056 1.575970
v 0.152414 0.497011 1.360409
v 0.161249 0.578073 1.141617
v 0.423655 -0.197269 1.304773
v 0.390080 -0.279241 1.312858
v 0.357196 -0.362799 1.325356
v 0.320049 -0.439370 1.339211
v 0.273788 -0.506809 1.355909
v 0.217542 -0.561538 1.367836
v 0.145638 -0.605551 1.360154
v 0.069746 -0.630355 1.351960
v 0.457427 -0.275374 1.043409
v 0.412198 -0.360289 1.065494
v 0.366521 -0.450429 1.081024
v 0.324967 -0.524683 1.099190
v 0.260993 -0.590929 1.107519
v 0.174106 -0.654770 1.095647
v 0.109323 -0.688590 1.089620
v 0.051697 -0.710659 1.081356
v 0.521310 -0.241417 0.728735
v 0.471786 -0.347930 0.788669
v 0.414261 -0.420427 0.828093
v 0.362211 -0.507023 0.845247
v 0.307861 -0.584192 0.860511
v 0.574535 -0.340088 0.393303
v 0.505736 -0.440667 0.417700
v 0.442240 -0.520391 0.393076
v 0.386925 -0.606996 0.401970
v 0.325251 -0.685096 0.417433
v 0.247564 -0.649454 0.870319
v 0.256526 -0.737293 0.427767
v 0.562348 -0.320816 0.091803
v 0.504387 -0.451356 0.109676
v 0.514414 -0.349530 -0.215378
v 0.433609 -0.480980 -0.178530
v 0.400769 -0.412488 -0.529334
v 0.351207 -0.505867 -0.446031
v 0.269985 -0.444924 -0.806349
v 0.212218 -0.492573 -0.797574
v 0.117256 -0.727776 0.870708
v 0.057750 -0.747413 0.867498
v 0.178450 -0.694087 0.872739
v 0.186235 -0.767662 0.431756
v 0.120752 -0.781944 0.435618
v 0.059042 -0.786772 0.432797
v 0.384037 -0.577995 -0.142495
v 0.318115 -0.582774 -0.394302
v 0.435769 -0.549912 0.134136
v 0.175682 -0.515336 -0.796443
v 0.340670 -0.657926 -0.111591
v 0.378903 -0.642968 0.165783
v 0.317070 -0.709262 0.174851
v 0.249585 -0.746161 0.185032
v 0.184816 -0.766400 0.194240
v 0.116344 -0.773760 0.211712
v 0.055928 -0.778717 0.222905
v 0.284392 -0.648279 -0.358266
v 0.236079 -0.691141 -0.328609
v 0.284589 -0.715860 -0.085748
v 0.223020 -0.747664 -0.058122
v 0.180515 -0.715301 -0.293892
v 0.160663 -0.761244 -0.030904
v 0.103365 -0.768002 -0.005816
v 0.048137 -0.767489 0.018087
v 0.126309 -0.728941 -0.247135
v 0.085396 -0.735864 -0.218665
v 0.033361 -0.742024 -0.177560
v 0.078545 -0.704043 -0.443406
v 0.047251 -0.556225 -0.797066
v 0.132559 -0.674059 -0.533401
v 0.176675 -0.641757 -0.565237
v 0.273019 -0.506802 -0.663676
v 0.244004 -0.560661 -0.611167
v 0.213080 -0.604777 -0.584852
v 0.091086 -0.550392 -0.795141
v 0.123490 -0.542070 -0.794473
v 0.152887 -0.527073 -0.795995
v 0.117515 0.749386 1.054842
v 0.226907 0.453581 0.899801
v 0.380408 0.217930 0.856600
v 0.508649 -0.007009 0.747123
v 0.512893 -0.053857 0.434342
v 0.530086 -0.093394 0.101540
v 0.519397 -0.092638 -0.204827
v 0.458102 -0.077802 -0.528313
v 0.304025 -0.126731 -0.909748
v 0.281069 -0.141194 -0.922152
v 0.123721 0.725588 0.892353
v 0.177562 0.569967 0.837591
v 0.179835 0.552998 0.708063
v 0.107351 0.688634 0.729704
v 0.170863 0.561728 0.539394
v 0.079735 0.662771 0.529210
v 0.159330 0.522654 0.072798
v 0.088271 0.592247 0.060558
v 0.164132 0.452968 -0.465315
v 0.091821 0.522032 -0.477517
v 0.167711 0.357063 -1.377615
v 0.095534 0.401528 -1.384772
v 0.177456 0.281180 -1.886390
v 0.093183 0.321852 -1.900002
v 0.236627 0.242251 -2.146816
v 0.403460 0.017863 0.282981
v 0.358776 0.065899 0.557467
v 0.317541 0.208599 0.799181
v 0.250017 0.373060 0.814431
v 0.387861 -0.014282 0.004329
v 0.424948 -0.048729 -0.143365
v 0.372105 0.011893 -0.454314
v 0.202056 -0.014875 -0.964076
v 0.314221 0.028130 -0.223351
v 0.200229 0.075172 -0.449650
v 0.200890 0.066547 -0.354966
v 0.160450 0.267306 0.854837
v 0.262461 0.068408 0.773598
v 0.170826 0.386884 0.848455
v 0.164467 0.421160 0.814239
v 0.119644 0.025020 -0.982486
v 0.197175 -0.042748 -0.968097
v 0.103442 0.004587 -0.996667
v 0.101616 -0.549064 -0.899242
v 0.167419 -0.524685 -0.902174
v 0.046251 -0.559530 -0.914514
v 0.248033 -0.465738 -0.927089
v 0.299942 -0.350741 -0.949894
v 0.297956 -0.172346 -0.994080
v 0.208467 -0.056153 -1.039785
v 0.115920 -0.007943 -1.058615
v 0.201129 -0.052395 -1.100649
v 0.136613 -0.000284 -1.128665
v 0.288558 -0.155927 -1.061934
v 0.320852 -0.303184 -1.048182
v 0.277837 -0.458624 -1.064716
v 0.154944 -0.534020 -1.102197
v 0.092203 -0.556203 -1.107233
v 0.041668 -0.564656 -1.109129
v 0.279419 0.140295 -2.381757
v 0.409504 -0.108751 -1.171731
v 0.462855 -0.280043 -1.168061
v 0.426176 -0.441322 -1.246905
v 0.307000 -0.566154 -1.274287
v 0.194268 -0.618345 -1.280689
v 0.091063 -0.643027 -1.283321
v 0.421803 -0.118116 -1.444260
v 0.476602 -0.284793 -1.448782
v 0.436011 -0.441751 -1.482268
v 0.330092 -0.554771 -1.505007
v 0.215235 -0.613787 -1.513916
v 0.105424 -0.643583 -1.516037
v 0.451945 -0.152143 -1.751712
v 0.491612 -0.309851 -1.741458
v 0.444729 -0.461123 -1.749470
v 0.343390 -0.568017 -1.756257
v 0.228315 -0.631214 -1.762135
v 0.113909 -0.663809 -1.759672
v 0.559401 -0.205243 -2.286926
v 0.498071 -0.185292 -2.033631
v 0.522762 -0.346891 -2.016287
v 0.466365 -0.502516 -2.009689
v 0.362960 -0.610506 -2.006097
v 0.245292 -0.675847 -2.000545
v 0.123321 -0.710835 -1.994882
v 0.571094 -0.375532 -2.256648
v 0.504850 -0.544312 -2.241903
v 0.392430 -0.661005 -2.233356
v 0.264396 -0.732727 -2.226975
v 0.132118 -0.770410 -2.222316
v 0.126429 -0.761150 -2.460614
v 0.245465 -0.720462 -2.471106
v 0.360962 -0.647685 -2.484536
v 0.458389 -0.528512 -2.504977
v 0.514290 -0.369274 -2.515118
v 0.515996 -0.208885 -2.498039
v 0.450009 -0.081046 -2.493138
v 0.340272 -0.006917 -2.507253
v 0.258067 0.052623 -2.524317
v 0.141436 0.097065 -2.544233
v 0.099636 -0.634426 -2.787675
v 0.175674 -0.604752 -2.787004
v 0.248936 -0.551306 -2.794703
v 0.314986 -0.453764 -2.797757
v 0.338004 -0.337760 -2.799292
v 0.328888 -0.239800 -2.801885
v 0.290857 -0.148469 -2.804080
v 0.245777 -0.082439 -2.807452
v 0.181435 -0.044036 -2.803944
v 0.100214 -0.006275 -2.807307
v 0.052881 -0.398702 -3.434700
v 0.079575 -0.373010 -3.435251
v 0.096200 -0.344179 -3.436259
v 0.026058 -0.410609 -3.434878
v 0.102399 -0.284377 -3.437783
v 0.101664 -0.311527 -3.436923
v 0.095205 -0.260170 -3.438140
v 0.080002 -0.238335 -3.437966
v 0.060192 -0.216835 -3.438255
v 0.030287 -0.203701 -3.438658
v 0.230095 -1.039193 3.815594
v 0.195108 -0.804208 3.974595
v 0.253644 -0.650681 3.994922
v 0.268897 -0.409732 3.980356
v 0.284458 -0.213758 3.901126
v 0.287978 -0.020280 3.729481
v 0.188462 0.098419 3.626010
v 0.051199 -0.349246 -3.435514
v 0.034024 -0.365776 -3.435159
v 0.061895 -0.330696 -3.436162
v 0.016766 -0.373437 -3.435274
v 0.065883 -0.292219 -3.437143
v 0.065411 -0.309687 -3.436590
v 0.061255 -0.276645 -3.437373
v 0.051473 -0.262595 -3.437261
v 0.038728 -0.248762 -3.437447
v 0.019487 -0.240312 -3.437706
v 0.051199 -0.349246 -3.357229
v 0.034024 -0.365776 -3.356874
v 0.061895 -0.330696 -3.357877
v 0.016766 -0.373437 -3.356989
v 0.065883 -0.292219 -3.358858
v 0.065411 -0.309687 -3.358305
v 0.061255 -0.276645 -3.359088
v 0.051473 -0.262595 -3.358976
v 0.038728 -0.248762 -3.359162
v 0.019487 -0.240312 -3.359421
v 0.173181 0.039493 3.278724
v 0.186669 0.058723 3.298219
v 0.276514 -0.110711 3.323668
v 0.292552 -0.096036 3.345897
v 0.330355 -0.215022 3.413604
v 0.349553 -0.200268 3.435886
v 0.395643 -0.320728 3.543002
v 0.409577 -0.297606 3.557247
v 0.416576 -0.397966 3.609219
v 0.429081 -0.384592 3.634420
v 0.402923 -0.513728 3.655861
v 0.412259 -0.505772 3.683877
v 0.413095 -0.732493 3.666977
v 0.427049 -0.737456 3.694369
v 0.397496 -0.966795 3.574475
v 0.405576 -0.998245 3.590541
v 0.270771 -1.109493 3.550935
v 0.277512 -1.131716 3.572512
v 0.158091 0.034253 -1.144956
v 0.272981 -0.015224 -1.117680
v 0.361926 -0.119497 -1.074071
v 0.390504 -0.108560 -1.101483
v 0.414597 -0.297005 -1.061487
v 0.445744 -0.291679 -1.089591
v 0.368433 -0.453348 -1.059310
v 0.403913 -0.449902 -1.087607
v 0.226167 -0.578631 -1.087392
v 0.266138 -0.592135 -1.116304
v 0.133707 -0.606890 -1.077870
v 0.165310 -0.633558 -1.102386
v 0.054764 -0.619578 -1.078776
v 0.068480 -0.653246 -1.100453
v 0.113731 -0.690838 -2.613029
v 0.099702 -0.642587 -2.630102
v 0.217168 -0.659248 -2.614009
v 0.188699 -0.614742 -2.630723
v 0.309192 -0.597549 -2.622000
v 0.267481 -0.560861 -2.637856
v 0.371625 -0.468279 -2.651554
v 0.321936 -0.447932 -2.664090
v 0.390699 -0.332300 -2.649651
v 0.337124 -0.329525 -2.661789
v 0.381952 -0.219147 -2.655312
v 0.329734 -0.232485 -2.667016
v 0.342669 -0.114750 -2.664046
v 0.296192 -0.141436 -2.675127
v 0.278265 -0.041694 -2.660885
v 0.242653 -0.078262 -2.673065
v 0.213491 0.006549 -2.655804
v 0.184382 -0.036708 -2.668081
v 0.116882 0.043865 -2.657394
v 0.100594 -0.004907 -2.669379
v 0.480783 -0.067779 1.315904
v 0.475877 -0.089439 1.313631
v 0.505888 -0.159962 1.038634
v 0.520274 -0.140105 1.043577
v 0.443138 -0.019234 1.580535
v 0.433146 -0.037265 1.588199
v 0.402986 0.032014 1.783066
v 0.398146 0.010720 1.781845
v 0.237049 0.079464 1.930633
v 0.227538 0.060106 1.936300
v 0.560077 -0.233491 0.732035
v 0.575384 -0.213366 0.734584
v 0.617412 -0.325484 0.390343
v 0.626697 -0.306027 0.387669
v 0.556899 -0.333467 -0.232675
v 0.568568 -0.314802 -0.236417
v 0.607979 -0.288757 0.080210
v 0.599707 -0.307597 0.082233
v 0.438481 -0.390443 -0.554990
v 0.450275 -0.371761 -0.560787
v 0.273598 -0.406589 -0.820974
v 0.039864 0.712010 0.775005
v 0.039864 0.668366 0.528834
v 0.039864 0.599443 0.055242
v 0.039864 0.529324 -0.482985
v 0.039864 0.407125 -1.393365
v 0.039864 0.325505 -1.906813
v 0.039864 0.107866 -2.549296
v 0.039142 0.657320 0.745161
v 0.039142 0.614466 0.503445
v 0.039142 0.546791 0.038425
v 0.039142 0.477940 -0.490061
v 0.039142 0.357953 -1.383964
v 0.039142 0.277810 -1.888119
v 0.039142 0.232647 -2.149686
v 0.039142 0.176478 -2.390966
v 0.039142 0.064110 -2.518974
v 0.000000 -0.118559 -0.407233
v 0.000000 -0.101206 0.888323
v 0.347847 -0.131594 0.558741
v 0.401744 -0.159444 0.282741
v 0.387995 -0.190253 0.004018
v 0.391455 -0.160790 -0.223366
v 0.200908 -0.112090 -0.354966
v 0.246576 -0.110858 0.775931
v 0.053722 0.219011 -2.417353
v 0.039667 0.209792 -2.411294
v 0.129115 0.282125 -2.347111
v 0.114582 0.292432 -2.332280
v 0.153062 0.191959 -2.404695
v 0.110442 0.205530 -2.410904
v 0.186960 0.283096 -2.317225
v 0.164113 0.273807 -2.344987
v 0.039864 0.276296 -2.187004
v 0.039864 0.281920 -2.159238
v 0.055311 0.278497 -2.172698
v 0.114582 0.325368 -2.256756
v 0.129388 0.330562 -2.242365
v 0.119810 0.276757 -2.155876
v 0.164334 0.328272 -2.241757
v 0.181360 0.318771 -2.256021
v 0.114582 0.436804 -2.312505
v 0.128368 0.447438 -2.327041
v 0.187121 0.499546 -2.312041
v 0.172646 0.482626 -2.328409
v 0.128621 0.453741 -2.256854
v 0.114582 0.437762 -2.270581
v 0.181900 0.508025 -2.272682
v 0.165620 0.494996 -2.258097
v 0.304642 -0.044181 -1.259650
v 0.304614 -0.052866 -1.493104
v 0.188497 0.000548 -1.513809
v 0.188837 0.017990 -1.280634
v 0.327805 -0.066160 -1.779371
v 0.199789 0.000066 -1.808318
v 0.269726 0.019089 -2.103578
v 0.386755 -0.083065 -2.055809
v 0.367768 0.020875 -2.326743
v 0.346398 -0.018893 -2.265519
v 0.378567 -0.039620 -2.282682
v 0.475810 -0.076135 -2.256660
v 0.436374 -0.096875 -2.196374
v 0.431800 -0.083048 -2.259676
v 0.281548 -0.009128 -1.161555
v 0.299879 -0.019898 -1.172263
v 0.252709 -0.027841 -1.192094
v 0.277514 -0.041277 -1.205142
v 0.188864 0.043330 -1.202438
v 0.197510 0.035947 -1.183945
v 0.212739 0.003901 -1.205509
v 0.195788 0.016014 -1.229697
v 0.181883 0.040451 -1.276297
v 0.190313 0.027940 -1.279305
v 0.181314 0.040726 -1.483898
v 0.190588 0.028777 -1.481845
v 0.315907 -0.021327 -1.212973
v 0.304352 -0.020842 -1.230948
v 0.330203 -0.029756 -1.457407
v 0.315756 -0.029293 -1.468508
v 0.193759 0.040302 -1.810133
v 0.202813 0.028239 -1.808286
v 0.354352 -0.044196 -1.774222
v 0.339490 -0.045824 -1.777307
v 0.401302 -0.065470 -2.071776
v 0.419268 -0.065776 -2.078066
v 0.278442 0.051262 -2.131411
v 0.203982 0.027392 -1.225767
v 0.201713 0.039693 -1.214060
v 0.299083 -0.013972 -1.190296
v 0.289387 -0.018866 -1.202122
v 0.397124 -0.009063 -2.327316
v 0.394647 -0.001231 -2.342867
v 0.470215 -0.062581 -2.312846
v 0.458361 -0.060132 -2.299571
v 0.365100 0.011903 -2.310502
v 0.455576 -0.080307 -2.225216
v 0.264061 -0.006204 -1.189412
v 0.272251 -0.000058 -1.177011
v 0.219858 0.030425 -1.193611
v 0.223818 0.016931 -1.201951
v -0.000000 0.149348 -2.024323
v 0.206868 0.261829 -2.015840
v 0.108801 0.295401 -2.050089
v 0.039864 0.299399 -2.058010
v 0.039142 0.245981 -2.072457
v 0.000000 0.245288 -2.076471
v 0.197162 0.474434 0.757602
v 0.208605 0.487857 0.754695
v 0.216863 0.469861 0.779386
v 0.203105 0.473285 0.769782
v 0.190524 0.473706 0.537414
v 0.177241 0.461727 0.537015
v 0.167827 0.469281 0.074950
v 0.154338 0.457583 0.075623
v 0.161453 0.412851 -0.464159
v 0.146644 0.402870 -0.463740
v 0.161205 0.319002 -1.375096
v 0.145898 0.309847 -1.374204
v 0.178580 0.258568 -1.874627
v 0.166077 0.246713 -1.868460
v 0.282612 0.065433 -2.146943
v 0.265162 0.067007 -2.140484
v 0.217219 0.151191 -2.007613
v 0.229008 0.163953 -2.011724
v 0.213586 0.477002 0.769589
v 0.000000 -0.076942 -3.114363
v -0.000000 -0.022620 -2.985098
v 0.065902 -0.090343 -3.115774
v 0.093352 -0.039516 -2.987419
v 0.123008 -0.120560 -3.116476
v 0.162501 -0.077845 -2.988360
v 0.153894 -0.151144 -3.115527
v 0.196525 -0.111052 -2.987737
v 0.185152 -0.195633 -3.113493
v 0.234428 -0.166244 -2.985353
v 0.206002 -0.255134 -3.110521
v 0.261252 -0.243369 -2.982087
v 0.212857 -0.323551 -3.111637
v 0.272483 -0.331878 -2.984417
v 0.197966 -0.397739 -3.109072
v 0.251895 -0.424942 -2.981661
v 0.164788 -0.460417 -3.108415
v 0.210905 -0.502019 -2.982132
v 0.107855 -0.515436 -3.107909
v 0.140642 -0.569409 -2.981955
v 0.046242 -0.543315 -3.108888
v 0.063434 -0.604464 -2.983458
v 0.000000 -0.551138 -3.107475
v -0.000000 -0.613959 -2.981541
v -0.000000 0.029975 -2.809968
v 0.000000 0.038715 -2.824206
v -0.000000 -0.675839 -2.796746
v -0.000000 -0.683968 -2.811327
v 0.300682 -0.139882 -2.807533
v 0.305238 -0.133710 -2.823100
v 0.342067 -0.237269 -2.807325
v 0.347974 -0.228468 -2.822218
v 0.211282 -0.029927 -2.815146
v 0.218447 -0.028253 -2.831036
v 0.255648 -0.072024 -2.812964
v 0.259183 -0.066763 -2.828568
v 0.126686 0.014131 -2.813953
v 0.134769 0.018243 -2.829767
v 0.348044 -0.337175 -2.803226
v 0.354262 -0.337319 -2.818826
v 0.319928 -0.453731 -2.798269
v 0.328618 -0.451503 -2.813300
v 0.270078 -0.550412 -2.797878
v 0.279222 -0.546223 -2.813684
v 0.190420 -0.624276 -2.795234
v 0.194110 -0.629845 -2.810554
v 0.100738 -0.665626 -2.798611
v 0.098806 -0.673145 -2.814147
v 0.047183 0.757447 1.062560
v 0.047825 0.757750 0.916404
v 0.000000 0.224287 -2.185596
v 0.039142 0.224155 -2.186162
v 0.059690 0.190136 -2.436198
v 0.106693 0.183528 -2.442321
v 0.134231 0.081455 -2.577437
v 0.245035 0.039154 -2.562757
v 0.322144 -0.017084 -2.552167
v 0.418628 -0.090899 -2.543102
v 0.476809 -0.211885 -2.544017
v 0.478159 -0.358465 -2.554448
v 0.433024 -0.510903 -2.547828
v 0.345827 -0.633028 -2.524723
v 0.237193 -0.702566 -2.512883
v 0.122717 -0.740595 -2.505172
v -0.000000 -0.753027 -2.503628
v 0.393099 -0.021758 -2.420897
v 0.428173 -0.046166 -2.417073
v 0.454856 0.116342 0.794305
v 0.467778 0.013052 0.694857
v 0.510423 -0.030218 0.592563
v 0.537570 -0.108150 0.424437
v 0.549368 -0.142117 0.096319
v 0.531919 -0.147655 -0.212582
v 0.457785 -0.201825 -0.539831
v 0.470633 0.062528 0.822146
v 0.534546 -0.084588 0.612370
v 0.433498 -0.102460 -0.589221
v 0.275975 -0.354505 -0.847249
v 0.309872 0.002096 -0.665141
v 0.330417 0.005330 -0.603551
v 0.178663 0.061751 -0.669768
v 0.170081 0.056410 -0.726511
v -0.000000 0.083874 -0.769875
v -0.000000 0.090715 -0.699108
v 0.000035 -0.776339 0.647205
v 0.058839 -0.772862 0.647155
v 0.117566 -0.761342 0.649915
v 0.178247 -0.741687 0.654988
v 0.250582 -0.697254 0.649070
v 0.313946 -0.633001 0.637755
v 0.371432 -0.555022 0.625208
v 0.423337 -0.471888 0.615482
v 0.480249 -0.398066 0.618085
v 0.538541 -0.279994 0.601322
v 0.579343 -0.269241 0.602064
v 0.592481 -0.249301 0.602620
v 0.295462 -0.017483 -0.634127
v 0.162172 0.034305 -0.692643
v 0.170355 0.039398 -0.638539
v 0.315052 -0.014399 -0.575400
v 0.505448 -0.108280 0.096879
v 0.495254 -0.107590 -0.195218
v 0.523839 -0.154575 0.091876
v 0.507200 -0.159931 -0.202617
v 0.512200 -0.122434 0.404770
v 0.488730 -0.070800 0.414243
v 0.435917 -0.201278 -0.527118
v 0.436801 -0.093619 -0.503661
v 0.483531 -0.026253 0.712657
v 0.445064 -0.007098 0.662747
v 0.432375 0.052316 0.757666
v 0.447679 0.040084 0.784163
v 0.485898 -0.048340 0.565174
v 0.508507 -0.100150 0.584085
v 0.413340 -0.101107 -0.561736
v 0.291937 -0.331459 -0.813218
v 0.254805 -0.397841 -0.784271
v -0.000000 0.067015 -0.666514
v -0.000000 0.060493 -0.733990
v 0.000000 -0.943310 2.133654
v 0.000000 -0.925817 1.977291
v 0.000000 -0.873563 1.829868
v 0.000000 -0.783473 1.702082
v 0.000000 -1.084547 2.055106
v 0.000000 -1.081564 1.895045
v 0.000000 -1.021796 1.747755
v 0.000000 -0.922851 1.624966
v 0.000000 -0.933120 2.279341
v 0.000000 -0.997772 2.813195
v 0.000000 -1.072394 2.286644
v 0.051553 -0.869745 1.834987
v 0.081496 -0.893224 1.824794
v 0.049995 -0.780277 1.706561
v 0.079991 -0.800404 1.691344
v 0.056762 -0.921060 1.983340
v 0.086834 -0.946627 1.980714
v 0.057817 -0.960073 2.143876
v 0.039489 -0.938116 2.140734
v 0.087937 -0.985428 1.783809
v 0.065111 -1.011378 1.764910
v 0.086219 -0.892790 1.665169
v 0.063528 -0.914576 1.641678
v 0.092484 -1.039017 1.925256
v 0.069384 -1.068676 1.913078
v 0.046369 -1.070907 2.074065
v 0.060488 -1.042848 2.080740
v 0.045266 -0.927394 2.279179
v 0.063528 -0.949280 2.279519
v 0.136781 -0.898035 2.549738
v 0.070801 -1.026765 2.286670
v 0.056686 -1.054204 2.286910
v 0.130801 -0.987256 2.815373
v 0.163335 -0.976171 2.778828
v 0.059514 -0.632206 2.609111
v 0.085946 -0.624684 2.582371
v 0.108842 -0.620783 2.624707
v 0.088163 -0.638058 2.646884
v 0.110600 -0.764126 3.043353
v 0.131077 -0.760692 3.106706
v 0.119210 -0.788901 3.106872
v 0.085989 -0.781491 3.076139
v 0.000000 -0.632912 2.567442
v 0.000000 -0.819082 3.073982
v -0.213863 0.034536 1.961757
v -0.131237 -0.005804 2.640028
v -0.314680 -0.031722 1.961758
v -0.215189 -0.087909 2.647981
v -0.382205 -0.115850 1.961758
v -0.258647 -0.180540 2.668620
v -0.115084 -0.044652 2.964910
v -0.197500 -0.126053 2.982824
v -0.237905 -0.220176 3.027417
v -0.142609 -0.007299 3.272547
v -0.230039 -0.133261 3.292496
v -0.282357 -0.231524 3.378712
v -0.344202 -0.325573 3.500335
v -0.248768 -0.313725 3.091802
v -0.255604 -0.402451 3.152867
v -0.387497 -0.403926 3.589868
v -0.257867 -0.504962 3.193396
v -0.385742 -0.517152 3.637628
v -0.375955 -0.731568 3.645519
v -0.243100 -0.622920 3.206496
v -0.360000 -0.886509 3.581105
v -0.200952 -0.707632 3.173530
v -0.282089 -0.274845 2.698312
v -0.383208 -0.232016 1.961758
v -0.293685 -0.368838 2.726211
v -0.361750 -0.330096 1.961758
v -0.283860 -0.465561 2.747236
v -0.295718 -0.404528 1.961758
v -0.235398 -0.549336 2.745917
v -0.222627 -0.456798 1.961758
v -0.167858 -0.599134 2.694652
v -0.247420 -1.058316 3.534031
v -0.072200 -0.505201 1.961758
v -0.145677 -0.488674 1.961758
v -0.375365 -0.006317 1.756404
v -0.388181 -0.076231 1.770909
v -0.282809 0.200922 1.803165
v -0.239202 0.239835 1.804012
v -0.257725 0.280496 1.708537
v -0.323961 0.197368 1.701215
v -0.400201 -0.161340 1.780160
v -0.383440 -0.254304 1.796439
v -0.342491 -0.334145 1.808003
v -0.287973 -0.399986 1.811242
v -0.119780 -0.559368 1.601378
v -0.066704 -0.540741 1.654456
v -0.413578 -0.048807 1.558496
v -0.395514 -0.124569 1.552761
v -0.268271 0.322980 1.532541
v -0.342396 0.193317 1.508717
v -0.375558 -0.194674 1.560980
v -0.352089 -0.282156 1.568234
v -0.324169 -0.363175 1.576220
v -0.287257 -0.431168 1.588219
v -0.123535 -0.600283 1.472167
v -0.072744 -0.617446 1.409609
v -0.262657 0.380743 1.309844
v -0.364705 0.179926 1.268624
v -0.447697 -0.102731 1.298212
v -0.391239 0.205927 1.045734
v -0.476669 -0.162456 1.029890
v -0.261876 0.412243 1.089159
v -0.464355 -0.007503 1.033765
v -0.412360 0.017330 1.275537
v -0.389320 0.069492 1.514057
v -0.362997 0.112469 1.712272
v -0.270186 0.154909 1.867867
v -0.164193 0.215948 1.871867
v -0.150996 0.322802 1.756900
v -0.154815 0.414056 1.575970
v -0.152414 0.497011 1.360409
v -0.161249 0.578073 1.141617
v -0.423655 -0.197269 1.304773
v -0.390080 -0.279241 1.312858
v -0.357193 -0.362793 1.325372
v -0.320044 -0.439370 1.339228
v -0.273788 -0.506808 1.355912
v -0.217542 -0.561538 1.367836
v -0.145638 -0.605551 1.360154
v -0.069746 -0.630355 1.351960
v -0.457408 -0.275092 1.043885
v -0.412194 -0.360151 1.065748
v -0.366515 -0.450404 1.081073
v -0.324951 -0.524690 1.099240
v -0.260994 -0.590916 1.107548
v -0.174106 -0.654769 1.095648
v -0.109323 -0.688590 1.089620
v -0.051697 -0.710659 1.081356
v -0.521310 -0.241417 0.728735
v -0.471783 -0.346036 0.791613
v -0.414370 -0.419958 0.829008
v -0.362317 -0.507112 0.845391
v -0.308983 -0.585006 0.860754
v -0.574535 -0.340088 0.393303
v -0.505736 -0.440667 0.417700
v -0.442263 -0.520354 0.393189
v -0.386936 -0.606957 0.402076
v -0.325263 -0.685052 0.417571
v -0.247677 -0.649507 0.870408
v -0.256504 -0.737281 0.427839
v -0.562348 -0.320816 0.091803
v -0.504387 -0.451356 0.109676
v -0.514414 -0.349530 -0.215378
v -0.433609 -0.480980 -0.178530
v -0.400769 -0.412488 -0.529334
v -0.351207 -0.505867 -0.446031
v -0.269985 -0.444924 -0.806349
v -0.212218 -0.492573 -0.797574
v -0.117228 -0.727777 0.870747
v -0.057708 -0.747407 0.867547
v -0.178436 -0.694064 0.872823
v -0.186181 -0.767682 0.431800
v -0.120618 -0.781967 0.435538
v -0.058957 -0.786774 0.432732
v -0.384037 -0.577995 -0.142495
v -0.318115 -0.582774 -0.394302
v -0.435769 -0.549912 0.134136
v -0.175682 -0.515336 -0.796443
v -0.340670 -0.657926 -0.111591
v -0.378894 -0.642966 0.165794
v -0.317067 -0.709265 0.174889
v -0.249581 -0.746161 0.185044
v -0.184816 -0.766400 0.194240
v -0.116163 -0.773488 0.211710
v -0.055789 -0.778193 0.222898
v -0.284392 -0.648278 -0.358266
v -0.236073 -0.691135 -0.328637
v -0.284589 -0.715860 -0.085748
v -0.222981 -0.747566 -0.058097
v -0.180475 -0.715170 -0.293852
v -0.160575 -0.760965 -0.030752
v -0.103217 -0.767724 -0.005746
v -0.047994 -0.768618 0.017999
v -0.126312 -0.729315 -0.247148
v -0.085361 -0.736254 -0.218642
v -0.033308 -0.742115 -0.177461
v -0.078534 -0.704054 -0.443382
v -0.047251 -0.556225 -0.797066
v -0.132552 -0.674061 -0.533396
v -0.176675 -0.641757 -0.565237
v -0.273019 -0.506802 -0.663676
v -0.244004 -0.560661 -0.611167
v -0.213080 -0.604777 -0.584852
v -0.091086 -0.550392 -0.795141
v -0.123490 -0.542070 -0.794473
v -0.152887 -0.527073 -0.795995
v -0.117515 0.749386 1.054842
v -0.226907 0.453581 0.899801
v -0.380408 0.217930 0.856600
v -0.508649 -0.007009 0.747123
v -0.512893 -0.053857 0.434342
v -0.530086 -0.093394 0.101540
v -0.519397 -0.092638 -0.204827
v -0.458102 -0.077802 -0.528313
v -0.304025 -0.126731 -0.909748
v -0.281069 -0.141194 -0.922152
v -0.123721 0.725588 0.892353
v -0.177562 0.569967 0.837591
v -0.179835 0.552998 0.708063
v -0.107351 0.688634 0.729704
v -0.170863 0.561728 0.539394
v -0.079735 0.662771 0.529210
v -0.159330 0.522654 0.072798
v -0.088271 0.592247 0.060558
v -0.164132 0.452968 -0.465315
v -0.091821 0.522032 -0.477517
v -0.167711 0.357063 -1.377615
v -0.095534 0.401528 -1.384772
v -0.177456 0.281180 -1.886390
v -0.093183 0.321852 -1.900002
v -0.236627 0.242251 -2.146816
v -0.403460 0.017863 0.282981
v -0.358776 0.065899 0.557467
v -0.317541 0.208599 0.799181
v -0.250017 0.373060 0.814431
v -0.387861 -0.014282 0.004329
v -0.424948 -0.048729 -0.143365
v -0.372105 0.011893 -0.454314
v -0.202056 -0.014875 -0.964076
v -0.314221 0.028130 -0.223351
v -0.200229 0.075172 -0.449650
v -0.200890 0.066547 -0.354966
v -0.160450 0.267306 0.854837
v -0.262461 0.068408 0.773598
v -0.170826 0.386884 0.848455
v -0.164467 0.421160 0.814239
v -0.119644 0.025020 -0.982486
v -0.197175 -0.042748 -0.968097
v -0.103442 0.004587 -0.996667
v -0.101616 -0.549064 -0.899242
v -0.167419 -0.524685 -0.902174
v -0.046251 -0.559530 -0.914514
v -0.248033 -0.465738 -0.927089
v -0.299942 -0.350741 -0.949894
v -0.297956 -0.172346 -0.994080
v -0.208467 -0.056153 -1.039785
v -0.115920 -0.007943 -1.058615
v -0.201129 -0.052395 -1.100649
v -0.136613 -0.000284 -1.128665
v -0.288558 -0.155927 -1.061934
v -0.320852 -0.303184 -1.048182
v -0.277837 -0.458624 -1.064716
v -0.154944 -0.534020 -1.102197
v -0.092203 -0.556203 -1.107233
v -0.041668 -0.564656 -1.109129
v -0.279419 0.140295 -2.381757
v -0.409504 -0.108751 -1.171731
v -0.462855 -0.280043 -1.168061
v -0.426176 -0.441322 -1.246905
v -0.307000 -0.566154 -1.274287
v -0.194268 -0.618345 -1.280689
v -0.091063 -0.643027 -1.283321
v -0.421803 -0.118116 -1.444260
v -0.476602 -0.284793 -1.448782
v -0.436011 -0.441751 -1.482268
v -0.330092 -0.554771 -1.505007
v -0.215235 -0.613787 -1.513916
v -0.105424 -0.643583 -1.516037
v -0.451945 -0.152143 -1.751712
v -0.491612 -0.309851 -1.741458
v -0.444729 -0.461123 -1.749470
v -0.343390 -0.568017 -1.756257
v -0.228315 -0.631214 -1.762135
v -0.113909 -0.663809 -1.759672
v -0.559401 -0.205243 -2.286926
v -0.498071 -0.185292 -2.033631
v -0.522762 -0.346891 -2.016287
v -0.466365 -0.502516 -2.009689
v -0.362960 -0.610506 -2.006097
v -0.245292 -0.675847 -2.000545
v -0.123321 -0.710835 -1.994882
v -0.571094 -0.375532 -2.256648
v -0.504850 -0.544312 -2.241903
v -0.392430 -0.661005 -2.233356
v -0.264396 -0.732727 -2.226975
v -0.132118 -0.770410 -2.222316
v -0.126429 -0.761150 -2.460614
v -0.245465 -0.720462 -2.471106
v -0.360962 -0.647685 -2.484536
v -0.458389 -0.528512 -2.504977
v -0.514290 -0.369274 -2.515118
v -0.515996 -0.208885 -2.498039
v -0.450009 -0.081046 -2.493138
v -0.340272 -0.006917 -2.507253
v -0.258067 0.052623 -2.524317
v -0.141436 0.097065 -2.544233
v -0.099636 -0.634426 -2.787675
v -0.175674 -0.604752 -2.787004
v -0.248936 -0.551306 -2.794703
v -0.314986 -0.453764 -2.797757
v -0.338004 -0.337760 -2.799292
v -0.328888 -0.239800 -2.801885
v -0.290857 -0.148469 -2.804080
v -0.245777 -0.082439 -2.807452
v -0.181435 -0.044036 -2.803944
v -0.100214 -0.006275 -2.807307
v -0.052881 -0.398702 -3.434700
v -0.079575 -0.373010 -3.435251
v -0.096200 -0.344179 -3.436259
v -0.026058 -0.410609 -3.434878
v -0.102399 -0.284377 -3.437783
v -0.101664 -0.311527 -3.436923
v -0.095205 -0.260170 -3.438140
v -0.080002 -0.238335 -3.437966
v -0.060192 -0.216835 -3.438255
v -0.030287 -0.203701 -3.438658
v -0.230095 -1.039193 3.815594
v -0.195108 -0.804208 3.974595
v -0.253644 -0.650681 3.994922
v -0.268897 -0.409732 3.980356
v -0.284458 -0.213758 3.901126
v -0.287978 -0.020280 3.729481
v -0.188462 0.098419 3.626010
v -0.051199 -0.349246 -3.435514
v -0.034024 -0.365776 -3.435159
v -0.061895 -0.330696 -3.436162
v -0.016766 -0.373437 -3.435274
v -0.065883 -0.292219 -3.437143
v -0.065411 -0.309687 -3.436590
v -0.061255 -0.276645 -3.437373
v -0.051473 -0.262595 -3.437261
v -0.038728 -0.248762 -3.437447
v -0.019487 -0.240312 -3.437706
v -0.051199 -0.349246 -3.357229
v -0.034024 -0.365776 -3.356874
v -0.061895 -0.330696 -3.357877
v -0.016766 -0.373437 -3.356989
v -0.065883 -0.292219 -3.358858
v -0.065411 -0.309687 -3.358305
v -0.061255 -0.276645 -3.359088
v -0.051473 -0.262595 -3.358976
v -0.038728 -0.248762 -3.359162
v -0.019487 -0.240312 -3.359421
v -0.173181 0.039493 3.278724
v -0.186669 0.058723 3.298219
v -0.276514 -0.110711 3.323668
v -0.292552 -0.096036 3.345897
v -0.330355 -0.215022 3.413604
v -0.349553 -0.200268 3.435886
v -0.395643 -0.320728 3.543002
v -0.409577 -0.297606 3.557247
v -0.416576 -0.397966 3.609219
v -0.429081 -0.384592 3.634420
v -0.402923 -0.513728 3.655861
v -0.412259 -0.505772 3.683877
v -0.413095 -0.732493 3.666977
v -0.427049 -0.737456 3.694369
v -0.397496 -0.966795 3.574475
v -0.405576 -0.998245 3.590541
v -0.270771 -1.109493 3.550935
v -0.277512 -1.131716 3.572512
v -0.158091 0.034253 -1.144956
v -0.272981 -0.015224 -1.117680
v -0.361926 -0.119497 -1.074071
v -0.390504 -0.108560 -1.101483
v -0.414597 -0.297005 -1.061487
v -0.445744 -0.291679 -1.089591
v -0.368433 -0.453348 -1.059310
v -0.403913 -0.449902 -1.087607
v -0.226167 -0.578631 -1.087392
v -0.266138 -0.592135 -1.116304
v -0.133707 -0.606890 -1.077870
v -0.165310 -0.633558 -1.102386
v -0.054764 -0.619578 -1.078776
v -0.068480 -0.653246 -1.100453
v -0.113731 -0.690838 -2.613029
v -0.099702 -0.642587 -2.630102
v -0.217168 -0.659248 -2.614009
v -0.188699 -0.614742 -2.630723
v -0.309192 -0.597549 -2.622000
v -0.267481 -0.560861 -2.637856
v -0.371625 -0.468279 -2.651554
v -0.321936 -0.447932 -2.664090
v -0.390699 -0.332300 -2.649651
v -0.337124 -0.329525 -2.661789
v -0.381952 -0.219147 -2.655312
v -0.329734 -0.232485 -2.667016
v -0.342669 -0.114750 -2.664046
v -0.296192 -0.141436 -2.675127
v -0.278265 -0.041694 -2.660885
v -0.242653 -0.078262 -2.673065
v -0.213491 0.006549 -2.655804
v -0.184382 -0.036708 -2.668081
v -0.116882 0.043865 -2.657394
v -0.100594 -0.004907 -2.669379
v -0.480783 -0.067779 1.315904
v -0.475877 -0.089439 1.313631
v -0.505888 -0.159962 1.038634
v -0.520274 -0.140105 1.043577
v -0.443138 -0.019234 1.580535
v -0.433146 -0.037265 1.588199
v -0.402986 0.032014 1.783066
v -0.398146 0.010720 1.781845
v -0.237049 0.079464 1.930633
v -0.227538 0.060106 1.936300
v -0.560077 -0.233491 0.732035
v -0.575384 -0.213366 0.734584
v -0.617412 -0.325484 0.390343
v -0.626697 -0.306027 0.387669
v -0.556899 -0.333467 -0.232675
v -0.568568 -0.314802 -0.236417
v -0.607979 -0.288757 0.080210
v -0.599707 -0.307597 0.082233
v -0.438481 -0.390443 -0.554990
v -0.450275 -0.371761 -0.560787
v -0.273598 -0.406589 -0.820974
v -0.039864 0.712010 0.775005
v -0.039864 0.668366 0.528834
v -0.039864 0.599443 0.055242
v -0.039864 0.529324 -0.482985
v -0.039864 0.407125 -1.393365
v -0.039864 0.325505 -1.906813
v -0.039864 0.107866 -2.549296
v -0.039142 0.657320 0.745161
v -0.039142 0.614466 0.503445
v -0.039142 0.546791 0.038425
v -0.039142 0.477940 -0.490061
v -0.039142 0.357953 -1.383964
v -0.039142 0.277810 -1.888119
v -0.039142 0.232647 -2.149686
v -0.039142 0.176478 -2.390966
v -0.039142 0.064110 -2.518974
v -0.347847 -0.131594 0.558741
v -0.401744 -0.159444 0.282741
v -0.387995 -0.190253 0.004018
v -0.391455 -0.160790 -0.223366
v -0.200908 -0.112090 -0.354966
v -0.246576 -0.110858 0.775931
v -0.053722 0.219011 -2.417353
v -0.039667 0.209792 -2.411294
v -0.129115 0.282125 -2.347111
v -0.114582 0.292432 -2.332280
v -0.153062 0.191959 -2.404695
v -0.110442 0.205530 -2.410904
v -0.186960 0.283096 -2.317225
v -0.164113 0.273807 -2.344987
v -0.039864 0.276296 -2.187004
v -0.039864 0.281920 -2.159238
v -0.055311 0.278497 -2.172698
v -0.114582 0.325368 -2.256756
v -0.129388 0.330562 -2.242365
v -0.119810 0.276757 -2.155876
v -0.164334 0.328272 -2.241757
v -0.181360 0.318771 -2.256021
v -0.114582 0.436804 -2.312505
v -0.128368 0.447438 -2.327041
v -0.187121 0.499546 -2.312041
v -0.172646 0.482626 -2.328409
v -0.128621 0.453741 -2.256854
v -0.114582 0.437762 -2.270581
v -0.181900 0.508025 -2.272682
v -0.165620 0.494996 -2.258097
v -0.304642 -0.044181 -1.259650
v -0.304614 -0.052866 -1.493104
v -0.188497 0.000548 -1.513809
v -0.188837 0.017990 -1.280634
v -0.327805 -0.066160 -1.779371
v -0.199789 0.000066 -1.808318
v -0.269726 0.019089 -2.103578
v -0.386755 -0.083065 -2.055809
v -0.367768 0.020875 -2.326743
v -0.346398 -0.018893 -2.265519
v -0.378567 -0.039620 -2.282682
v -0.475810 -0.076135 -2.256660
v -0.436374 -0.096875 -2.196374
v -0.431800 -0.083048 -2.259676
v -0.281548 -0.009128 -1.161555
v -0.299879 -0.019898 -1.172263
v -0.252709 -0.027841 -1.192094
v -0.277514 -0.041277 -1.205142
v -0.188864 0.043330 -1.202438
v -0.197510 0.035947 -1.183945
v -0.212739 0.003901 -1.205509
v -0.195788 0.016014 -1.229697
v -0.181883 0.040451 -1.276297
v -0.190313 0.027940 -1.279305
v -0.181314 0.040726 -1.483898
v -0.190588 0.028777 -1.481845
v -0.315907 -0.021327 -1.212973
v -0.304352 -0.020842 -1.230948
v -0.330203 -0.029756 -1.457407
v -0.315756 -0.029293 -1.468508
v -0.193759 0.040302 -1.810133
v -0.202813 0.028239 -1.808286
v -0.354352 -0.044196 -1.774222
v -0.339490 -0.045824 -1.777307
v -0.401302 -0.065470 -2.071776
v -0.419268 -0.065776 -2.078066
v -0.278442 0.051262 -2.131411
v -0.203982 0.027392 -1.225767
v -0.201713 0.039693 -1.214060
v -0.299083 -0.013972 -1.190296
v -0.289387 -0.018866 -1.202122
v -0.397124 -0.009063 -2.327316
v -0.394647 -0.001231 -2.342867
v -0.470215 -0.062581 -2.312846
v -0.458361 -0.060132 -2.299571
v -0.365100 0.011903 -2.310502
v -0.455576 -0.080307 -2.225216
v -0.264061 -0.006204 -1.189412
v -0.272251 -0.000058 -1.177011
v -0.219858 0.030425 -1.193611
v -0.223818 0.016931 -1.201951
v -0.206868 0.261829 -2.015840
v -0.108801 0.295401 -2.050089
v -0.039864 0.299399 -2.058010
v -0.039142 0.245981 -2.072457
v -0.197162 0.474434 0.757602
v -0.208605 0.487857 0.754695
v -0.216863 0.469861 0.779386
v -0.203105 0.473285 0.769782
v -0.190524 0.473706 0.537414
v -0.177241 0.461727 0.537015
v -0.167827 0.469281 0.074950
v -0.154338 0.457583 0.075623
v -0.161453 0.412851 -0.464159
v -0.146644 0.402870 -0.463740
v -0.161205 0.319002 -1.375096
v -0.145898 0.309847 -1.374204
v -0.178580 0.258568 -1.874627
v -0.166077 0.246713 -1.868460
v -0.282612 0.065433 -2.146943
v -0.265162 0.067007 -2.140484
v -0.217219 0.151191 -2.007613
v -0.229008 0.163953 -2.011724
v -0.213586 0.477002 0.769589
v -0.065902 -0.090343 -3.115774
v -0.093352 -0.039516 -2.987419
v -0.123008 -0.120560 -3.116476
v -0.162501 -0.077845 -2.988360
v -0.153894 -0.151144 -3.115527
v -0.196525 -0.111052 -2.987737
v -0.185152 -0.195633 -3.113493
v -0.234428 -0.166244 -2.985353
v -0.206002 -0.255134 -3.110521
v -0.261252 -0.243369 -2.982087
v -0.212857 -0.323551 -3.111637
v -0.272483 -0.331878 -2.984417
v -0.197966 -0.397739 -3.109072
v -0.251895 -0.424942 -2.981661
v -0.164788 -0.460417 -3.108415
v -0.210905 -0.502019 -2.982132
v -0.107855 -0.515436 -3.107909
v -0.140642 -0.569409 -2.981955
v -0.046242 -0.543315 -3.108888
v -0.063434 -0.604464 -2.983458
v -0.300682 -0.139882 -2.807533
v -0.305238 -0.133710 -2.823100
v -0.342067 -0.237269 -2.807325
v -0.347974 -0.228468 -2.822218
v -0.211282 -0.029927 -2.815146
v -0.218447 -0.028253 -2.831036
v -0.255648 -0.072024 -2.812964
v -0.259183 -0.066763 -2.828568
v -0.126686 0.014131 -2.813953
v -0.134769 0.018243 -2.829767
v -0.348044 -0.337175 -2.803226
v -0.354262 -0.337319 -2.818826
v -0.319928 -0.453731 -2.798269
v -0.328618 -0.451503 -2.813300
v -0.270078 -0.550412 -2.797878
v -0.279222 -0.546223 -2.813684
v -0.190420 -0.624276 -2.795234
v -0.194110 -0.629845 -2.810554
v -0.100738 -0.665626 -2.798611
v -0.098806 -0.673145 -2.814147
v -0.047183 0.757447 1.062560
v -0.047825 0.757750 0.916404
v -0.039142 0.224155 -2.186162
v -0.059690 0.190136 -2.436198
v -0.106693 0.183528 -2.442321
v -0.134231 0.081455 -2.577437
v -0.245035 0.039154 -2.562757
v -0.322144 -0.017084 -2.552167
v -0.418628 -0.090899 -2.543102
v -0.476809 -0.211885 -2.544017
v -0.478159 -0.358465 -2.554448
v -0.433024 -0.510903 -2.547828
v -0.345827 -0.633028 -2.524723
v -0.237193 -0.702566 -2.512883
v -0.122717 -0.740595 -2.505172
v -0.393099 -0.021758 -2.420897
v -0.428173 -0.046166 -2.417073
v -0.454856 0.116342 0.794305
v -0.467778 0.013052 0.694857
v -0.510423 -0.030218 0.592563
v -0.537570 -0.108150 0.424437
v -0.549368 -0.142117 0.096319
v -0.531919 -0.147655 -0.212582
v -0.457785 -0.201825 -0.539831
v -0.470633 0.062528 0.822146
v -0.534546 -0.084588 0.612370
v -0.433498 -0.102460 -0.589221
v -0.275975 -0.354505 -0.847249
v -0.309872 0.002096 -0.665141
v -0.330417 0.005330 -0.603551
v -0.178663 0.061751 -0.669768
v -0.170081 0.056410 -0.726511
v -0.058737 -0.772673 0.647296
v -0.117489 -0.761317 0.649925
v -0.178180 -0.741698 0.655086
v -0.250582 -0.697285 0.649209
v -0.313434 -0.632506 0.637777
v -0.371469 -0.554996 0.625398
v -0.423356 -0.471730 0.615827
v -0.480214 -0.398031 0.618310
v -0.538541 -0.279994 0.601322
v -0.579343 -0.269241 0.602064
v -0.592481 -0.249301 0.602620
v -0.295462 -0.017483 -0.634127
v -0.162172 0.034305 -0.692643
v -0.170355 0.039398 -0.638539
v -0.315052 -0.014399 -0.575400
v -0.505448 -0.108280 0.096879
v -0.495254 -0.107590 -0.195218
v -0.523839 -0.154575 0.091876
v -0.507200 -0.159931 -0.202617
v -0.512200 -0.122434 0.404770
v -0.488730 -0.070800 0.414243
v -0.435917 -0.201278 -0.527118
v -0.436801 -0.093619 -0.503661
v -0.483531 -0.026253 0.712657
v -0.445064 -0.007098 0.662747
v -0.432375 0.052316 0.757666
v -0.447679 0.040084 0.784163
v -0.485898 -0.048340 0.565174
v -0.508507 -0.100150 0.584085
v -0.413340 -0.101107 -0.561736
v -0.291937 -0.331459 -0.813218
v -0.254805 -0.397841 -0.784271
v -0.051553 -0.869745 1.834987
v -0.081496 -0.893224 1.824794
v -0.049995 -0.780277 1.706561
v -0.079991 -0.800404 1.691344
v -0.056762 -0.921060 1.983340
v -0.086834 -0.946627 1.980714
v -0.057817 -0.960073 2.143876
v -0.039489 -0.938116 2.140734
v -0.087937 -0.985428 1.783809
v -0.065111 -1.011378 1.764910
v -0.086219 -0.892790 1.665169
v -0.063528 -0.914576 1.641678
v -0.092484 -1.039017 1.925256
v -0.069384 -1.068676 1.913078
v -0.046369 -1.070907 2.074065
v -0.060488 -1.042848 2.080740
v -0.045266 -0.927394 2.279179
v -0.063528 -0.949280 2.279519
v -0.136781 -0.898035 2.594106
v -0.070801 -1.026765 2.286670
v -0.056686 -1.054204 2.286910
v -0.130801 -0.987256 2.815373
v -0.163334 -0.976171 2.778828
v -0.059514 -0.632206 2.622257
v -0.085946 -0.624684 2.599072
v -0.108842 -0.620783 2.646822
v -0.088163 -0.638058 2.667790
v -0.110600 -0.764126 3.043353
v -0.131077 -0.760692 3.106706
v -0.119210 -0.788901 3.106872
v -0.085989 -0.781491 3.076139
v 0.000000 0.056622 2.204877
v 0.000000 0.058455 2.191017
v -0.155729 0.030458 2.204283
v -0.157895 0.031223 2.190406
v 0.155729 0.030458 2.204283
v 0.157895 0.031223 2.190406
v 0.264833 -0.029562 2.194670
v 0.262060 -0.030509 2.208408
v 0.325066 -0.120233 2.198260
v 0.321769 -0.121419 2.211883
v 0.343064 -0.220587 2.214698
v 0.346442 -0.220232 2.200994
v 0.335451 -0.319614 2.224002
v 0.337246 -0.319326 2.210047
v 0.291227 -0.407742 2.226591
v 0.291559 -0.406739 2.212605
v 0.224698 -0.471674 2.230119
v 0.224444 -0.469837 2.216039
v 0.150203 -0.512195 2.214494
v 0.149738 -0.509842 2.200469
v 0.075805 -0.534805 2.210307
v 0.075480 -0.532035 2.196326
v 0.000000 -0.539390 2.197051
v 0.000000 -0.542287 2.210997
v -0.075805 -0.534805 2.210307
v -0.075480 -0.532035 2.196326
v -0.264833 -0.029562 2.194670
v -0.262060 -0.030509 2.208408
v -0.325066 -0.120233 2.198260
v -0.321769 -0.121419 2.211883
v -0.343064 -0.220587 2.214698
v -0.346442 -0.220232 2.200994
v -0.335451 -0.319614 2.224002
v -0.337246 -0.319326 2.210047
v -0.291227 -0.407743 2.226595
v -0.291559 -0.406739 2.212601
v -0.224698 -0.471674 2.230119
v -0.224444 -0.469837 2.216039
v -0.150203 -0.512195 2.214494
v -0.149738 -0.509842 2.200469
v 0.000000 0.047696 2.205038
v 0.000000 0.049474 2.191593
v -0.153174 0.023057 2.191000
v -0.151073 0.022315 2.204462
v 0.151073 0.022315 2.204462
v 0.153174 0.023057 2.191000
v -0.256915 -0.035912 2.195136
v -0.254225 -0.036830 2.208464
v 0.254225 -0.036830 2.208464
v 0.256915 -0.035912 2.195136
v 0.312148 -0.125022 2.211835
v 0.315347 -0.123871 2.198619
v 0.332807 -0.221225 2.214565
v 0.336084 -0.220881 2.201271
v 0.325422 -0.317291 2.223592
v 0.327163 -0.317011 2.210053
v 0.282520 -0.402784 2.226102
v 0.282842 -0.401811 2.212535
v 0.217980 -0.464805 2.229526
v 0.217733 -0.463022 2.216014
v 0.145712 -0.504114 2.215232
v 0.145261 -0.501831 2.201652
v 0.073539 -0.526048 2.211759
v 0.073223 -0.523361 2.198229
v 0.000000 -0.533306 2.212515
v 0.000000 -0.530496 2.199008
v -0.073539 -0.526048 2.211759
v -0.073223 -0.523361 2.198229
v -0.145712 -0.504114 2.215232
v -0.145261 -0.501831 2.201652
v -0.315347 -0.123871 2.198619
v -0.312148 -0.125022 2.211835
v -0.336084 -0.220881 2.201271
v -0.332807 -0.221225 2.214565
v -0.327163 -0.317011 2.210053
v -0.325422 -0.317291 2.223592
v -0.282842 -0.401811 2.212531
v -0.282520 -0.402785 2.226107
v -0.217733 -0.463022 2.216014
v -0.217980 -0.464805 2.229526
v -0.159539 -0.558167 2.441671
v -0.230356 -0.512741 2.500169
v -0.287332 -0.438316 2.501904
v -0.313366 -0.345643 2.489564
v -0.310821 -0.249278 2.470427
v -0.288391 -0.152682 2.453400
v -0.237275 -0.060861 2.440849
v -0.142778 0.011283 2.434700
v 0.000000 0.043644 2.439137
v 0.142778 0.011283 2.434700
v 0.237275 -0.060861 2.440849
v 0.288391 -0.152682 2.453400
v 0.310821 -0.249278 2.470427
v 0.313366 -0.345643 2.489564
v 0.287332 -0.438316 2.501902
v 0.230356 -0.512741 2.485891
v 0.159539 -0.558167 2.420855
v 0.160289 -0.561861 2.440102
v 0.230811 -0.516041 2.505276
v 0.287019 -0.440773 2.524024
v 0.311591 -0.347734 2.510902
v 0.308230 -0.251584 2.490975
v 0.285709 -0.155194 2.472806
v 0.235283 -0.063300 2.459527
v 0.141737 0.009742 2.453214
v 0.000000 0.042601 2.457960
v -0.141737 0.009742 2.453214
v -0.235283 -0.063300 2.459527
v -0.285709 -0.155194 2.472806
v -0.308230 -0.251584 2.490975
v -0.311591 -0.347734 2.510902
v -0.287019 -0.440773 2.524026
v -0.230811 -0.516041 2.522430
v -0.160289 -0.561861 2.463268
v 0.081380 -0.584215 2.366495
v 0.000000 -0.593498 2.362343
v -0.081313 -0.583619 2.383635
v -0.081768 -0.587655 2.401834
v 0.000000 -0.597789 2.380705
v 0.081801 -0.587949 2.382865
v 0.222862 -0.505074 2.486239
v 0.154349 -0.549022 2.425772
v 0.223302 -0.508267 2.505223
v 0.155074 -0.552596 2.443941
v 0.277681 -0.435447 2.522703
v 0.277984 -0.433070 2.501301
v 0.301454 -0.345436 2.510009
v 0.303171 -0.343412 2.489365
v 0.300709 -0.250182 2.470850
v 0.298203 -0.252413 2.490730
v 0.279009 -0.156728 2.454377
v 0.276414 -0.159159 2.473152
v 0.229556 -0.067895 2.442235
v 0.227629 -0.070255 2.460304
v 0.137126 0.000412 2.454197
v 0.138133 0.001902 2.436285
v 0.000000 0.033210 2.440578
v 0.000000 0.032201 2.458789
v -0.138133 0.001902 2.436285
v -0.137126 0.000412 2.454197
v -0.227629 -0.070255 2.460304
v -0.229556 -0.067895 2.442235
v -0.279009 -0.156728 2.454377
v -0.276414 -0.159159 2.473152
v -0.300709 -0.250182 2.470850
v -0.298203 -0.252413 2.490730
v -0.303171 -0.343412 2.489365
v -0.301454 -0.345436 2.510009
v -0.277681 -0.435447 2.522705
v -0.277984 -0.433071 2.501303
v -0.223302 -0.508267 2.521666
v -0.222862 -0.505074 2.500203
v -0.154349 -0.549022 2.446633
v -0.155074 -0.552596 2.467395
v -0.079108 -0.577551 2.409248
v -0.078667 -0.573646 2.391676
v 0.000000 -0.587356 2.389876
v 0.000000 -0.583204 2.372164
v 0.079140 -0.577835 2.391453
v 0.078733 -0.574223 2.375647
v -0.205430 -0.464398 1.781966
v -0.203248 -0.491911 1.599660
v 0.205430 -0.464398 1.781966
v 0.203247 -0.491911 1.599660
v 0.046825 -0.821839 2.237814
v 0.000000 -0.829111 2.246297
v 0.000000 -0.765503 2.190490
v 0.045380 -0.767546 2.191844
v -0.045372 -0.767182 2.191032
v -0.046825 -0.826525 2.237814
v 0.065817 -0.743216 2.408100
v 0.061204 -0.769355 2.374595
v 0.057190 -0.789970 2.336659
v 0.000000 -0.746278 2.401069
v 0.000000 -0.772816 2.368171
v 0.000000 -0.796367 2.333889
v 0.000000 -0.681732 2.310578
v 0.000009 -0.715809 2.288746
v 0.000036 -0.746299 2.263295
v 0.065502 -0.674783 2.310609
v 0.059400 -0.709842 2.289056
v 0.054852 -0.741483 2.264345
v -0.065512 -0.674182 2.321525
v -0.059390 -0.709336 2.292467
v -0.054836 -0.741033 2.263774
v -0.065817 -0.743216 2.409586
v -0.061204 -0.769355 2.374595
v -0.057190 -0.789970 2.336659
v 0.040732 -0.809378 2.208172
v 0.000008 -0.821185 2.214927
v 0.000008 -0.793400 2.173875
v 0.039790 -0.794729 2.174322
v -0.039774 -0.794497 2.173800
v -0.040722 -0.822261 2.199040
v -2.612737 0.328166 -1.787475
v -2.913332 0.281191 -1.574309
v -3.155771 0.236453 -1.372739
v -3.191677 0.008706 -1.391316
v -2.959471 -0.060146 -1.589630
v -2.653683 -0.162639 -1.826990
v -2.168246 0.297874 -1.746891
v -2.139564 0.276748 -1.739739
v -2.500124 0.238276 -1.521210
v -2.506726 0.262410 -1.538134
v -2.796772 0.213683 -1.373216
v -2.803647 0.238418 -1.388976
v -3.009347 0.189551 -1.275890
v -3.024118 0.213846 -1.286773
v -3.339878 0.121775 -1.136966
v -3.341662 0.154766 -1.155553
v -3.394085 0.176939 -1.177322
v -3.413121 0.144639 -1.166026
v -3.516649 0.169958 -1.248920
v -3.550311 0.137777 -1.242972
v -3.284021 0.221924 -1.529135
v -3.299351 0.200379 -1.543658
v -3.060161 0.267294 -1.747871
v -3.078807 0.246266 -1.760378
v -2.762636 0.306059 -2.146515
v -2.771178 0.282813 -2.166240
v -2.300616 0.321610 -1.986680
v -2.278542 0.300109 -1.990331
v -2.550979 0.278760 -2.470259
v -2.538906 0.302333 -2.452961
v -2.279497 0.315038 -2.319409
v -2.270361 0.289719 -2.297493
v -2.370621 0.255382 -2.687420
v -2.375203 0.227589 -2.709252
v -2.275246 0.202006 -2.827784
v -2.264220 0.226916 -2.813359
v -2.148405 0.267517 -2.667819
v -2.133462 0.248456 -2.648662
v -2.055221 0.216660 -2.787802
v -2.042822 0.198254 -2.767349
v -2.138415 0.185545 -2.894662
v -2.150818 0.161550 -2.908042
v -2.015214 0.136506 -2.946275
v -2.023388 0.109788 -2.958781
v -1.952932 0.174613 -2.863551
v -1.943492 0.157756 -2.840557
v -1.836377 0.122395 -2.942912
v -1.807251 0.109109 -2.934699
v -1.847796 0.118717 -2.945311
v -2.179494 -0.169508 -1.771924
v -2.158667 -0.155377 -1.762741
v -2.521840 -0.120069 -1.549533
v -2.515295 -0.103909 -1.531488
v -2.824217 -0.054154 -1.426559
v -2.825601 -0.036546 -1.404808
v -3.027945 0.009494 -1.304647
v -3.032951 0.028919 -1.281187
v -3.317229 0.059106 -1.166146
v -3.334860 0.079029 -1.137016
v -3.524082 0.041125 -1.255232
v -3.554339 0.069033 -1.232664
v -3.408024 0.041544 -1.193356
v -3.430356 0.069908 -1.166307
v -3.124504 -0.082850 -1.750305
v -3.139922 -0.065935 -1.745901
v -3.306368 -0.028357 -1.541809
v -3.327369 -0.010136 -1.531433
v -2.768715 -0.161081 -2.147766
v -2.772874 -0.146056 -2.155526
v -2.506445 -0.161702 -2.501259
v -2.505398 -0.146834 -2.516785
v -2.364211 -0.157021 -2.669042
v -2.357621 -0.141421 -2.691077
v -2.259722 -0.110963 -2.781644
v -2.251095 -0.094453 -2.806045
v -2.169573 -0.068073 -2.860717
v -2.157857 -0.050341 -2.887778
v -2.053501 0.004132 -2.905810
v -2.036655 0.024167 -2.934517
v -1.863243 0.085144 -2.928593
v -1.841521 0.108560 -2.955750
v -1.838812 0.085862 -2.911923
v -2.312654 -0.178282 -1.989006
v -2.297830 -0.164181 -1.990156
v -2.258451 -0.179055 -2.422189
v -2.244735 -0.164508 -2.425631
v -2.149146 -0.136393 -2.628097
v -2.131320 -0.121134 -2.639981
v -2.087419 -0.082353 -2.731801
v -2.067635 -0.065533 -2.746662
v -2.020110 -0.033980 -2.790599
v -1.998364 -0.016520 -2.806477
v -2.299655 0.297397 -2.123704
v -2.307221 -0.164266 -2.157019
v -2.321756 -0.178484 -2.155271
v -2.469322 -0.160480 -2.545050
v -2.466828 -0.145421 -2.562276
v -2.505101 0.265404 -2.532636
v -2.494983 0.290079 -2.514155
v -2.318352 0.319895 -2.126726
v -1.406950 -0.076953 -2.141378
v -1.424966 -0.085019 -2.135164
v -1.420921 -0.076952 -2.116057
v -1.419137 -0.057480 -2.108172
v -1.402678 -0.057479 -2.122196
v -2.340214 -0.077032 -1.869019
v -2.339496 -0.057826 -1.849020
v -2.317038 -0.057935 -1.846395
v -2.317929 -0.077095 -1.854598
v -2.318508 -0.085019 -1.874565
v -1.406950 0.205732 -2.141378
v -1.402315 0.186970 -2.122319
v -1.417868 0.187642 -2.108617
v -1.420216 0.206146 -2.116327
v -1.424966 0.213799 -2.135164
v -2.340214 0.205811 -1.869019
v -2.318508 0.213799 -1.874565
v -2.317794 0.205811 -1.854653
v -2.316787 0.186487 -1.846477
v -2.339418 0.186498 -1.849046
v -1.509482 0.185901 -2.632351
v -1.506710 0.205651 -2.613402
v -1.525054 0.213799 -2.612767
v -1.527594 0.205651 -2.631844
v -1.527859 0.185891 -2.639894
v -2.302320 0.183885 -2.663984
v -2.279872 0.183920 -2.672078
v -2.279964 0.205061 -2.663952
v -2.278658 0.213799 -2.644469
v -2.300785 0.205061 -2.644267
v -1.506734 -0.076930 -2.613491
v -1.509492 -0.057199 -2.632395
v -1.527859 -0.057111 -2.639894
v -1.527594 -0.076872 -2.631844
v -1.525054 -0.085019 -2.612767
v -2.300999 -0.076951 -2.645528
v -2.278658 -0.085019 -2.644469
v -2.281388 -0.076951 -2.664078
v -2.282516 -0.057480 -2.672178
v -2.303196 -0.057481 -2.664718
v -1.406859 -0.073374 -2.124598
v -2.335778 -0.073533 -1.853598
v -1.406576 0.202457 -2.124710
v -2.335719 0.202268 -1.853624
v -1.512517 0.202031 -2.628537
v -2.298071 0.201167 -2.660458
v -1.512528 -0.073287 -2.628573
v -2.298795 -0.073370 -2.661063
v -1.475032 0.205677 -2.463517
v -2.313305 0.205299 -2.398098
v -1.452682 0.205696 -2.357759
v -2.322140 0.205467 -2.224401
v -1.493272 0.194264 -2.461111
v -1.497313 0.213799 -2.480394
v -1.475793 0.206016 -2.463417
v -1.489319 0.213799 -2.442249
v -2.291312 0.194264 -2.399997
v -2.292351 0.213799 -2.379916
v -2.310007 0.206574 -2.398383
v -2.290294 0.213799 -2.419667
v -1.470847 0.194264 -2.354103
v -1.474999 0.213799 -2.373915
v -1.466834 0.213799 -2.334954
v -2.300240 0.194264 -2.227498
v -2.301271 0.213799 -2.207579
v -2.318823 0.206729 -2.224870
v -2.299189 0.213799 -2.247801
v -1.474860 0.122646 -2.373251
v -1.470847 0.142181 -2.354103
v -2.299209 0.122646 -2.247416
v -2.300240 0.142181 -2.227498
v -2.292330 0.122646 -2.380327
v -2.291312 0.142181 -2.399997
v -1.489231 0.122646 -2.441828
v -1.493272 0.142181 -2.461111
v -1.511101 0.271415 -1.838393
v -1.433720 -0.183470 -1.908424
v -1.137630 0.214244 -2.935049
v -1.308053 0.247000 -2.888647
v -1.200954 0.222328 -1.927405
v -1.178759 0.186188 -1.904768
v -1.525343 0.206871 -1.709730
v -1.522659 0.246846 -1.738978
v -1.159535 0.217617 -1.988030
v -1.127750 0.177211 -2.006783
v -1.877263 0.212675 -1.629187
v -1.913864 0.162654 -1.591743
v -1.875796 0.244826 -1.700649
v -1.907726 0.202550 -1.689379
v -1.507779 0.232282 -2.806528
v -1.478433 0.266163 -2.784454
v -1.135455 0.145971 -3.023984
v -1.168857 0.200682 -3.011940
v -1.220502 0.204133 -3.005788
v -1.245131 0.162979 -3.026349
v -1.171333 0.237026 -2.904307
v -1.306058 0.271900 -2.831827
v -1.834307 -0.221124 -1.661516
v -1.902152 -0.183218 -1.595962
v -1.493417 -0.211775 -1.778109
v -1.516124 -0.170037 -1.728699
v -1.217936 -0.171089 -1.929914
v -1.186099 -0.125128 -1.903872
v -1.182845 -0.166170 -2.031272
v -1.141878 -0.121891 -2.045050
v -1.162345 -0.070180 -2.891516
v -1.207905 -0.114223 -2.882140
v -1.296177 -0.117338 -2.850271
v -1.322658 -0.073695 -2.884110
v -1.506769 -0.119645 -2.765454
v -1.535038 -0.075248 -2.795121
v -1.814489 -0.214020 -1.736055
v -1.861112 -0.173410 -1.714482
v -1.196959 -0.081031 -2.964318
v -1.150035 -0.025218 -3.000038
v -1.225610 -0.081187 -2.960202
v -1.251367 -0.037305 -2.998347
v -3.513481 0.022480 -0.836893
v -3.527156 -0.000000 -0.816861
v -3.505395 0.022480 -0.806148
v -3.579420 0.026637 -0.716241
v -3.601058 0.005683 -0.725723
v -3.622156 0.012105 -0.699304
v -3.599561 0.030784 -0.690696
v -3.740548 0.059690 -0.507909
v -3.761626 0.051818 -0.517101
v -3.775856 0.065374 -0.471650
v -3.791466 0.065015 -0.474753
v -3.784371 0.051891 -0.522384
v -3.807243 0.059103 -0.525195
v -3.796341 0.022559 -0.925206
v -3.773165 0.000126 -0.917581
v -3.769207 0.022438 -0.941657
v -3.803266 0.051727 -0.599886
v -3.781313 0.040959 -0.592855
v -3.784826 0.039230 -0.632343
v -3.818961 0.040097 -0.646533
v -3.823950 0.051462 -0.623656
v -3.845081 0.061005 -0.625498
v -3.848993 0.039912 -0.648163
v -3.871800 0.060847 -0.645187
v -3.854576 0.039707 -0.661149
v -3.871056 0.060760 -0.678131
v -3.812354 0.035544 -0.809264
v -3.819690 0.031903 -0.739131
v -3.787679 0.017274 -0.797840
v -3.782531 0.010330 -0.831751
v -3.804136 0.030626 -0.840674
v -3.685376 0.051089 -0.577883
v -3.705826 0.039562 -0.588951
v -3.726400 0.041087 -0.563080
v -3.705511 0.052381 -0.552346
v -3.513758 0.127667 -0.837007
v -3.505395 0.127922 -0.806148
v -3.527156 0.150402 -0.816861
v -3.622199 0.138160 -0.699299
v -3.601068 0.144655 -0.725740
v -3.579433 0.123734 -0.716224
v -3.599569 0.119476 -0.690686
v -3.812369 0.114647 -0.809230
v -3.804136 0.119688 -0.840674
v -3.783146 0.139898 -0.831551
v -3.787732 0.132986 -0.797918
v -3.773165 0.150274 -0.917581
v -3.796371 0.127565 -0.924880
v -3.768903 0.127688 -0.941533
v -3.726417 0.108837 -0.563079
v -3.705833 0.110384 -0.588969
v -3.685384 0.098853 -0.577873
v -3.705516 0.097523 -0.552339
v -3.818252 0.109815 -0.645491
v -3.784837 0.110792 -0.632336
v -3.780403 0.109045 -0.591591
v -3.803290 0.097991 -0.599435
v -3.824383 0.098277 -0.623693
v -3.761626 0.098096 -0.517101
v -3.740670 0.090281 -0.507754
v -3.775663 0.084407 -0.471612
v -3.784371 0.098099 -0.522384
v -3.790012 0.084451 -0.474464
v -3.807164 0.090372 -0.526675
v -3.848993 0.110046 -0.648163
v -3.845279 0.089053 -0.625515
v -3.871714 0.089204 -0.644977
v -3.854576 0.110254 -0.661149
v -3.871155 0.089326 -0.677908
v -3.663990 0.022459 -0.837302
v -3.668990 0.000062 -0.823110
v -3.689840 0.007954 -0.777394
v -3.703063 0.014632 -0.747468
v -3.744441 0.039400 -0.610161
v -3.753242 0.041024 -0.577634
v -3.772744 0.051854 -0.519683
v -3.783486 0.065199 -0.473167
v -3.782677 0.084428 -0.473006
v -3.772744 0.098097 -0.519683
v -3.752805 0.108939 -0.577015
v -3.744450 0.110583 -0.610167
v -3.703111 0.135631 -0.747504
v -3.690145 0.142330 -0.777305
v -3.668949 0.150339 -0.823193
v -3.663984 0.127677 -0.837299
v 2.612737 0.328166 -1.787475
v 2.913332 0.281191 -1.574309
v 3.155771 0.236453 -1.372739
v 3.191677 0.008706 -1.391316
v 2.959471 -0.060146 -1.589630
v 2.653683 -0.162639 -1.826990
v 2.168246 0.297874 -1.746891
v 2.139564 0.276748 -1.739739
v 2.500124 0.238276 -1.521210
v 2.506726 0.262410 -1.538134
v 2.796772 0.213683 -1.373216
v 2.803647 0.238418 -1.388976
v 3.009347 0.189551 -1.275890
v 3.024118 0.213846 -1.286773
v 3.339878 0.121775 -1.136966
v 3.341662 0.154766 -1.155553
v 3.394085 0.176939 -1.177322
v 3.413121 0.144639 -1.166026
v 3.516649 0.169958 -1.248920
v 3.550311 0.137777 -1.242972
v 3.284021 0.221924 -1.529135
v 3.299351 0.200379 -1.543658
v 3.060161 0.267294 -1.747871
v 3.078807 0.246266 -1.760378
v 2.762636 0.306059 -2.146515
v 2.771178 0.282813 -2.166240
v 2.300616 0.321610 -1.986680
v 2.278542 0.300109 -1.990331
v 2.550979 0.278760 -2.470259
v 2.538906 0.302333 -2.452961
v 2.279497 0.315038 -2.319409
v 2.270361 0.289719 -2.297493
v 2.370621 0.255382 -2.687420
v 2.375203 0.227589 -2.709252
v 2.275246 0.202006 -2.827784
v 2.264220 0.226916 -2.813359
v 2.148405 0.267517 -2.667819
v 2.133462 0.248456 -2.648662
v 2.055221 0.216660 -2.787802
v 2.042822 0.198254 -2.767349
v 2.138415 0.185545 -2.894662
v 2.150818 0.161550 -2.908042
v 2.015214 0.136506 -2.946275
v 2.023388 0.109788 -2.958781
v 1.952932 0.174613 -2.863551
v 1.943492 0.157756 -2.840557
v 1.836377 0.122395 -2.942912
v 1.807251 0.109109 -2.934699
v 1.847796 0.118717 -2.945311
v 2.179494 -0.169508 -1.771924
v 2.158667 -0.155377 -1.762741
v 2.521840 -0.120069 -1.549533
v 2.515295 -0.103909 -1.531488
v 2.824217 -0.054154 -1.426559
v 2.825601 -0.036546 -1.404808
v 3.027945 0.009494 -1.304647
v 3.032951 0.028919 -1.281187
v 3.317229 0.059106 -1.166146
v 3.334860 0.079029 -1.137016
v 3.524082 0.041125 -1.255232
v 3.554339 0.069033 -1.232664
v 3.408024 0.041544 -1.193356
v 3.430356 0.069908 -1.166307
v 3.124504 -0.082850 -1.750305
v 3.139922 -0.065935 -1.745901
v 3.306368 -0.028357 -1.541809
v 3.327369 -0.010136 -1.531433
v 2.768715 -0.161081 -2.147766
v 2.772874 -0.146056 -2.155526
v 2.506445 -0.161702 -2.501259
v 2.505398 -0.146834 -2.516785
v 2.364211 -0.157021 -2.669042
v 2.357621 -0.141421 -2.691077
v 2.259722 -0.110963 -2.781644
v 2.251095 -0.094453 -2.806045
v 2.169573 -0.068073 -2.860717
v 2.157857 -0.050341 -2.887778
v 2.053501 0.004132 -2.905810
v 2.036655 0.024167 -2.934517
v 1.863243 0.085144 -2.928593
v 1.841521 0.108560 -2.955750
v 1.838812 0.085862 -2.911923
v 2.312654 -0.178282 -1.989006
v 2.297830 -0.164181 -1.990156
v 2.258451 -0.179055 -2.422189
v 2.244735 -0.164508 -2.425631
v 2.149146 -0.136393 -2.628097
v 2.131320 -0.121134 -2.639981
v 2.087419 -0.082353 -2.731801
v 2.067635 -0.065533 -2.746662
v 2.020110 -0.033980 -2.790599
v 1.998364 -0.016520 -2.806477
v 2.299655 0.297397 -2.123704
v 2.307221 -0.164266 -2.157019
v 2.321756 -0.178484 -2.155271
v 2.469322 -0.160480 -2.545050
v 2.466828 -0.145421 -2.562276
v 2.505101 0.265404 -2.532636
v 2.494983 0.290079 -2.514155
v 2.318352 0.319895 -2.126726
v 1.406950 -0.076953 -2.141378
v 1.424966 -0.085019 -2.135164
v 1.420921 -0.076952 -2.116057
v 1.419137 -0.057480 -2.108172
v 1.402678 -0.057479 -2.122196
v 2.340214 -0.077032 -1.869019
v 2.339496 -0.057826 -1.849020
v 2.317038 -0.057935 -1.846395
v 2.317929 -0.077095 -1.854598
v 2.318508 -0.085019 -1.874565
v 1.406950 0.205732 -2.141378
v 1.402315 0.186970 -2.122319
v 1.417868 0.187642 -2.108617
v 1.420216 0.206146 -2.116327
v 1.424966 0.213799 -2.135164
v 2.340214 0.205811 -1.869019
v 2.318508 0.213799 -1.874565
v 2.317794 0.205811 -1.854653
v 2.316787 0.186487 -1.846477
v 2.339418 0.186498 -1.849046
v 1.509482 0.185901 -2.632351
v 1.506710 0.205651 -2.613402
v 1.525054 0.213799 -2.612767
v 1.527594 0.205651 -2.631844
v 1.527859 0.185891 -2.639894
v 2.302320 0.183885 -2.663984
v 2.279872 0.183920 -2.672078
v 2.279964 0.205061 -2.663952
v 2.278658 0.213799 -2.644469
v 2.300785 0.205061 -2.644267
v 1.506734 -0.076930 -2.613491
v 1.509492 -0.057199 -2.632395
v 1.527859 -0.057111 -2.639894
v 1.527594 -0.076872 -2.631844
v 1.525054 -0.085019 -2.612767
v 2.300999 -0.076951 -2.645528
v 2.278658 -0.085019 -2.644469
v 2.281388 -0.076951 -2.664078
v 2.282516 -0.057480 -2.672178
v 2.303196 -0.057481 -2.664718
v 1.406859 -0.073374 -2.124598
v 2.335778 -0.073533 -1.853598
v 1.406576 0.202457 -2.124710
v 2.335719 0.202268 -1.853624
v 1.512517 0.202031 -2.628537
v 2.298071 0.201167 -2.660458
v 1.512528 -0.073287 -2.628573
v 2.298795 -0.073370 -2.661063
v 1.475032 0.205677 -2.463517
v 2.313305 0.205299 -2.398098
v 1.452682 0.205696 -2.357759
v 2.322140 0.205467 -2.224401
v 1.493272 0.194264 -2.461111
v 1.497313 0.213799 -2.480394
v 1.475793 0.206016 -2.463417
v 1.489319 0.213799 -2.442249
v 2.291312 0.194264 -2.399997
v 2.292351 0.213799 -2.379916
v 2.310007 0.206574 -2.398383
v 2.290294 0.213799 -2.419667
v 1.470847 0.194264 -2.354103
v 1.474999 0.213799 -2.373915
v 1.466834 0.213799 -2.334954
v 2.300240 0.194264 -2.227498
v 2.301271 0.213799 -2.207579
v 2.318823 0.206729 -2.224870
v 2.299189 0.213799 -2.247801
v 1.474860 0.122646 -2.373251
v 1.470847 0.142181 -2.354103
v 2.299209 0.122646 -2.247416
v 2.300240 0.142181 -2.227498
v 2.292330 0.122646 -2.380327
v 2.291312 0.142181 -2.399997
v 1.489231 0.122646 -2.441828
v 1.493272 0.142181 -2.461111
v 1.511101 0.271415 -1.838393
v 1.433720 -0.183470 -1.908424
v 1.137630 0.214244 -2.935049
v 1.308053 0.247000 -2.888647
v 1.200954 0.222328 -1.927405
v 1.178759 0.186188 -1.904768
v 1.525343 0.206871 -1.709730
v 1.522659 0.246846 -1.738978
v 1.159535 0.217617 -1.988030
v 1.127750 0.177211 -2.006783
v 1.877263 0.212675 -1.629187
v 1.913864 0.162654 -1.591743
v 1.875796 0.244826 -1.700649
v 1.907726 0.202550 -1.689379
v 1.507779 0.232282 -2.806528
v 1.478433 0.266163 -2.784454
v 1.135455 0.145971 -3.023984
v 1.168857 0.200682 -3.011940
v 1.220502 0.204133 -3.005788
v 1.245131 0.162979 -3.026349
v 1.171333 0.237026 -2.904307
v 1.306058 0.271900 -2.831827
v 1.834307 -0.221124 -1.661516
v 1.902152 -0.183218 -1.595962
v 1.493417 -0.211775 -1.778109
v 1.516124 -0.170037 -1.728699
v 1.217936 -0.171089 -1.929914
v 1.186099 -0.125128 -1.903872
v 1.182845 -0.166170 -2.031272
v 1.141878 -0.121891 -2.045050
v 1.162345 -0.070180 -2.891516
v 1.207905 -0.114223 -2.882140
v 1.296177 -0.117338 -2.850271
v 1.322658 -0.073695 -2.884110
v 1.506769 -0.119645 -2.765454
v 1.535038 -0.075248 -2.795121
v 1.814489 -0.214020 -1.736055
v 1.861112 -0.173410 -1.714482
v 1.196959 -0.081031 -2.964318
v 1.150035 -0.025218 -3.000038
v 1.225610 -0.081187 -2.960202
v 1.251367 -0.037305 -2.998347
v 3.513481 0.022480 -0.836893
v 3.527156 -0.000000 -0.816861
v 3.505395 0.022480 -0.806148
v 3.579420 0.026637 -0.716241
v 3.601058 0.005683 -0.725723
v 3.622156 0.012105 -0.699304
v 3.599561 0.030784 -0.690696
v 3.740548 0.059690 -0.507909
v 3.761626 0.051818 -0.517101
v 3.775856 0.065374 -0.471650
v 3.791466 0.065015 -0.474753
v 3.784371 0.051891 -0.522384
v 3.807243 0.059103 -0.525195
v 3.796341 0.022559 -0.925206
v 3.773165 0.000126 -0.917581
v 3.769207 0.022438 -0.941657
v 3.803266 0.051727 -0.599886
v 3.781313 0.040959 -0.592855
v 3.784826 0.039230 -0.632343
v 3.818961 0.040097 -0.646533
v 3.823950 0.051462 -0.623656
v 3.845081 0.061005 -0.625498
v 3.848993 0.039912 -0.648163
v 3.871800 0.060847 -0.645187
v 3.854576 0.039707 -0.661149
v 3.871056 0.060760 -0.678131
v 3.812354 0.035544 -0.809264
v 3.819690 0.031903 -0.739131
v 3.787679 0.017274 -0.797840
v 3.782531 0.010330 -0.831751
v 3.804136 0.030626 -0.840674
v 3.685376 0.051089 -0.577883
v 3.705826 0.039562 -0.588951
v 3.726400 0.041087 -0.563080
v 3.705511 0.052381 -0.552346
v 3.513758 0.127667 -0.837007
v 3.505395 0.127922 -0.806148
v 3.527156 0.150402 -0.816861
v 3.622199 0.138160 -0.699299
v 3.601068 0.144655 -0.725740
v 3.579433 0.123734 -0.716224
v 3.599569 0.119476 -0.690686
v 3.812369 0.114647 -0.809230
v 3.804136 0.119688 -0.840674
v 3.783146 0.139898 -0.831551
v 3.787732 0.132986 -0.797918
v 3.773165 0.150274 -0.917581
v 3.796371 0.127565 -0.924880
v 3.768903 0.127688 -0.941533
v 3.726417 0.108837 -0.563079
v 3.705833 0.110384 -0.588969
v 3.685384 0.098853 -0.577873
v 3.705516 0.097523 -0.552339
v 3.818252 0.109815 -0.645491
v 3.784837 0.110792 -0.632336
v 3.780403 0.109045 -0.591591
v 3.803290 0.097991 -0.599435
v 3.824383 0.098277 -0.623693
v 3.761626 0.098096 -0.517101
v 3.740670 0.090281 -0.507754
v 3.775663 0.084407 -0.471612
v 3.784371 0.098099 -0.522384
v 3.790012 0.084451 -0.474464
v 3.807164 0.090372 -0.526675
v 3.848993 0.110046 -0.648163
v 3.845279 0.089053 -0.625515
v 3.871714 0.089204 -0.644977
v 3.854576 0.110254 -0.661149
v 3.871155 0.089326 -0.677908
v 3.663990 0.022459 -0.837302
v 3.668990 0.000062 -0.823110
v 3.689840 0.007954 -0.777394
v 3.703063 0.014632 -0.747468
v 3.744441 0.039400 -0.610161
v 3.753242 0.041024 -0.577634
v 3.772744 0.051854 -0.519683
v 3.783486 0.065199 -0.473167
v 3.782677 0.084428 -0.473006
v 3.772744 0.098097 -0.519683
v 3.752805 0.108939 -0.577015
v 3.744450 0.110583 -0.610167
v 3.703111 0.135631 -0.747504
v 3.690145 0.142330 -0.777305
v 3.668949 0.150339 -0.823193
v 3.663984 0.127677 -0.837299
v 0.136241 -1.089618 2.410882
v 0.162689 -1.247743 2.565249
v 0.130284 -1.258155 2.587120
v 0.000000 -1.267390 2.585207
v -0.136241 -1.089618 2.410882
v -0.162689 -1.247743 2.565249
v -0.130284 -1.258155 2.587120
v 0.134111 -1.348706 2.183440
v 0.187912 -1.349283 2.253675
v 0.224391 -1.351531 2.527136
v 0.179696 -1.351849 2.565849
v -0.000000 -1.348698 2.182442
v -0.000000 -1.351811 2.561233
v -0.134112 -1.348706 2.183440
v -0.187913 -1.349283 2.253675
v -0.224392 -1.351531 2.527136
v -0.179696 -1.351849 2.565849
v 0.109441 -1.414951 2.220792
v 0.153345 -1.411551 2.278009
v 0.183114 -1.398317 2.500780
v 0.146640 -1.396444 2.532317
v -0.000000 -1.414999 2.219980
v -0.000000 -1.396667 2.528556
v -0.109441 -1.414951 2.220792
v -0.153345 -1.411551 2.278009
v -0.183114 -1.398317 2.500780
v -0.146640 -1.396444 2.532317
v 0.000000 -0.870705 2.528630
v 0.000000 -0.902737 2.496091
v 0.073356 -0.903644 2.486254
v 0.071394 -0.900306 2.489768
v 0.073452 -0.872686 2.521247
v 0.098101 -0.897219 2.529656
v 0.073622 -1.036231 2.412044
v 0.112102 -1.074498 2.425198
v 0.000000 -1.055397 2.396800
v 0.000000 -1.092728 2.420439
v -0.098101 -0.897219 2.562926
v -0.073451 -0.872686 2.545137
v -0.068247 -0.903568 2.487267
v -0.073356 -0.903644 2.509983
v -0.073622 -1.036231 2.412044
v -0.112102 -1.074498 2.425198
v -0.000000 -1.193848 3.601133
v -0.000000 -1.177973 3.692319
v 0.261670 -1.133585 3.712687
v 0.275621 -1.150679 3.622951
v 0.367355 -0.778348 3.863928
v 0.416025 -0.760525 3.785746
v 0.343584 -1.045550 3.717200
v 0.402121 -1.031933 3.641950
v 0.365016 -0.446161 3.857044
v 0.400203 -0.473455 3.774230
v 0.379665 -0.283879 3.785739
v 0.414262 -0.330472 3.713798
v 0.392571 -0.130423 3.673321
v 0.421079 -0.208043 3.623913
v 0.383002 -0.072367 3.621397
v 0.397616 -0.116415 3.539570
v 0.306943 0.009527 3.582315
v 0.308531 -0.007361 3.488640
v 0.209944 0.096275 3.521731
v 0.211000 0.085532 3.426837
v 0.000000 0.144251 3.498077
v 0.000000 0.135700 3.406162
v -0.261670 -1.133585 3.712687
v -0.275621 -1.150679 3.622951
v -0.337868 -1.043498 3.719717
v -0.402121 -1.031933 3.641950
v -0.367355 -0.778348 3.863928
v -0.416025 -0.760525 3.785746
v -0.364594 -0.446001 3.857586
v -0.400290 -0.473691 3.773571
v -0.379610 -0.283838 3.785807
v -0.414277 -0.330526 3.713719
v -0.392571 -0.130423 3.673321
v -0.421079 -0.208043 3.623913
v -0.306943 0.009527 3.582315
v -0.308531 -0.007361 3.488640
v -0.383002 -0.072367 3.621397
v -0.397616 -0.116415 3.539570
v -0.211000 0.085532 3.426837
v -0.209944 0.096275 3.521731
v 0.181244 -0.230408 0.406339
v 0.209327 -0.244920 0.262531
v 0.202162 -0.260972 0.117304
v 0.203965 -0.245621 -0.001172
v 0.104682 -0.220246 -0.069743
v 0.000000 -0.223617 -0.096975
v 0.128477 -0.219604 0.519503
v 0.000000 -0.214575 0.578064
v -0.181244 -0.230408 0.406339
v -0.209327 -0.244920 0.262531
v -0.202162 -0.260972 0.117304
v -0.203965 -0.245621 -0.001172
v -0.104682 -0.220246 -0.069743
v -0.128477 -0.219604 0.519503
v 0.000000 -0.236734 0.231341
vt 0.567925 0.244708
vt 0.613081 0.245433
vt 0.613673 0.264497
vt 0.566830 0.265288
vt 0.616278 0.282739
vt 0.568646 0.282845
vt 0.623255 0.298360
vt 0.572532 0.297791
vt 0.980921 0.396446
vt 0.989654 0.369101
vt 0.987425 0.342796
vt 0.656882 0.266204
vt 0.974233 0.315408
vt 0.961872 0.295639
vt 0.659957 0.285661
vt 0.957191 0.275017
vt 0.672923 0.299116
vt 0.633103 0.312006
vt 0.964024 0.239314
vt 0.691712 0.311394
vt 0.973716 0.211818
vt 0.705857 0.321133
vt 0.642362 0.324551
vt 0.713284 0.335719
vt 0.648872 0.339018
vt 0.651980 0.355915
vt 0.717448 0.363942
vt 0.172863 0.686764
vt 0.234591 0.690502
vt 0.650472 0.369465
vt 0.711611 0.385526
vt 0.577778 0.311631
vt 0.582841 0.324943
vt 0.587210 0.338460
vt 0.590227 0.351891
vt 0.590740 0.363660
vt 0.463552 0.283651
vt 0.470924 0.301203
vt 0.440143 0.325390
vt 0.437065 0.316969
vt 0.433933 0.276098
vt 0.444407 0.266318
vt 0.444258 0.283080
vt 0.434444 0.283464
vt 0.421972 0.292156
vt 0.421438 0.278819
vt 0.426598 0.262852
vt 0.425084 0.302981
vt 0.442526 0.336514
vt 0.471991 0.317350
vt 0.478271 0.332251
vt 0.446325 0.348467
vt 0.449244 0.360239
vt 0.349337 0.801933
vt 0.481473 0.346131
vt 0.451593 0.371612
vt 0.486846 0.358474
vt 0.488824 0.370836
vt 0.452535 0.386151
vt 0.454131 0.403196
vt 0.489140 0.382795
vt 0.465048 0.405736
vt 0.491520 0.392907
vt 0.492611 0.403067
vt 0.472894 0.075045
vt 0.409058 0.344828
vt 0.408681 0.334840
vt 0.398142 0.302141
vt 0.400280 0.283118
vt 0.404283 0.263411
vt 0.399697 0.317970
vt 0.411073 0.353870
vt 0.413047 0.365538
vt 0.415042 0.376793
vt 0.417715 0.386878
vt 0.423621 0.399719
vt 0.374190 0.284484
vt 0.380866 0.263520
vt 0.366189 0.310869
vt 0.366259 0.330513
vt 0.330493 0.335968
vt 0.334654 0.309420
vt 0.347714 0.285601
vt 0.359254 0.264792
vt 0.407212 0.242571
vt 0.432623 0.242852
vt 0.383786 0.242323
vt 0.364420 0.242088
vt 0.371871 0.362561
vt 0.370215 0.350570
vt 0.307781 0.775790
vt 0.373856 0.373617
vt 0.297929 0.773176
vt 0.376118 0.384943
vt 0.378817 0.396070
vt 0.382342 0.406367
vt 0.384926 0.416780
vt 0.385446 0.428686
vt 0.430283 0.414357
vt 0.386370 0.439928
vt 0.419692 0.427083
vt 0.391340 0.035477
vt 0.417081 0.437450
vt 0.331984 0.376791
vt 0.330095 0.361114
vt 0.334615 0.390440
vt 0.337082 0.403313
vt 0.339610 0.415981
vt 0.341708 0.428095
vt 0.342782 0.439389
vt 0.343119 0.449563
vt 0.343146 0.458330
vt 0.348253 0.019031
vt 0.286964 0.387964
vt 0.285128 0.369976
vt 0.289848 0.402773
vt 0.292636 0.416551
vt 0.295001 0.429886
vt 0.268157 0.390030
vt 0.266249 0.373476
vt 0.270941 0.404094
vt 0.273644 0.418028
vt 0.276139 0.431876
vt 0.277781 0.444243
vt 0.296507 0.442171
vt 0.234645 0.377365
vt 0.237257 0.391418
vt 0.192613 0.388207
vt 0.191558 0.371075
vt 0.150953 0.385993
vt 0.147875 0.367738
vt 0.110941 0.383298
vt 0.101088 0.367863
vt 0.076572 0.377562
vt 0.055375 0.362537
vt 0.297646 0.470048
vt 0.296809 0.462060
vt 0.296864 0.452835
vt 0.301389 0.006524
vt 0.278222 0.454838
vt 0.278417 0.464063
vt 0.279175 0.472434
vt 0.281911 0.003199
vt 0.116744 0.395826
vt 0.154347 0.400218
vt 0.194748 0.401832
vt 0.239805 0.403809
vt 0.082763 0.388083
vt 0.196777 0.415177
vt 0.156859 0.413264
vt 0.242249 0.417423
vt 0.244755 0.431691
vt 0.197754 0.428351
vt 0.246465 0.444030
vt 0.197790 0.440036
vt 0.197593 0.450738
vt 0.247029 0.454847
vt 0.199829 0.461065
vt 0.247712 0.464580
vt 0.199470 0.471007
vt 0.248367 0.473921
vt 0.196218 0.002635
vt 0.249439 0.000012
vt 0.120011 0.407315
vt 0.158378 0.425384
vt 0.121582 0.417961
vt 0.123296 0.428860
vt 0.159378 0.436402
vt 0.161561 0.447123
vt 0.162811 0.456621
vt 0.162715 0.465712
vt 0.160633 0.009673
vt 0.126832 0.439921
vt 0.127945 0.447580
vt 0.124916 0.016192
vt 0.131771 0.019421
vt 0.098289 0.034886
vt 0.095322 0.431350
vt 0.039704 0.077106
vt 0.042843 0.400232
vt 0.087191 0.415468
vt 0.085542 0.405495
vt 0.053202 0.374477
vt 0.051029 0.381043
vt 0.084881 0.396893
vt 0.045912 0.394509
vt 0.048088 0.389842
vt 0.342683 0.543793
vt 0.340263 0.550626
vt 0.049669 0.384880
vt 0.345282 0.531217
vt 0.351731 0.246779
vt 0.364655 0.493542
vt 0.373748 0.505862
vt 0.369580 0.528730
vt 0.364145 0.539987
vt 0.354987 0.549734
vt 0.398498 0.508955
vt 0.399350 0.528403
vt 0.466949 0.508134
vt 0.468247 0.522684
vt 0.545756 0.503240
vt 0.547087 0.517674
vt 0.678705 0.496809
vt 0.679718 0.509013
vt 0.754429 0.488149
vt 0.755669 0.503054
vt 0.774938 0.485920
vt 0.778293 0.501222
vt 0.351857 0.242086
vt 0.328024 0.277421
vt 0.351389 0.253895
vt 0.307669 0.302269
vt 0.300280 0.324881
vt 0.047527 0.303688
vt 0.049336 0.340523
vt 0.043860 0.304662
vt 0.339141 0.246236
vt 0.339665 0.242021
vt 0.327879 0.263173
vt 0.338462 0.252776
vt 0.318918 0.268186
vt 0.318886 0.267030
vt 0.260040 0.305223
vt 0.278412 0.322369
vt 0.263652 0.327353
vt 0.298889 0.291484
vt 0.293066 0.312136
vt 0.314096 0.277246
vt 0.220673 0.312505
vt 0.241825 0.329542
vt 0.194217 0.330936
vt 0.180275 0.310494
vt 0.150801 0.325078
vt 0.158611 0.313529
vt 0.106836 0.312971
vt 0.116501 0.297487
vt 0.365125 0.492346
vt 0.081593 0.291529
vt 0.092887 0.312965
vt 0.041190 0.277412
vt 0.145415 0.295216
vt 0.128301 0.273451
vt 0.116625 0.271560
vt 0.113116 0.241354
vt 0.121534 0.241337
vt 0.281214 0.281531
vt 0.300798 0.266570
vt 0.286699 0.241805
vt 0.301383 0.241849
vt 0.309763 0.265120
vt 0.312975 0.263667
vt 0.318116 0.266304
vt 0.307461 0.241914
vt 0.313360 0.242015
vt 0.317254 0.242099
vt 0.086515 0.291075
vt 0.078209 0.268091
vt 0.085111 0.269596
vt 0.093899 0.294477
vt 0.067068 0.241499
vt 0.072993 0.268516
vt 0.538773 0.963655
vt 0.523877 0.968727
vt 0.561483 0.964931
vt 0.499622 0.974526
vt 0.473772 0.976882
vt 0.445828 0.976348
vt 0.424711 0.982430
vt 0.415405 0.986156
vt 0.408744 0.989335
vt 0.038559 0.262010
vt 0.515937 0.937909
vt 0.513807 0.907833
vt 0.531124 0.906088
vt 0.532828 0.937116
vt 0.472322 0.948559
vt 0.467206 0.912377
vt 0.491428 0.913411
vt 0.495700 0.948652
vt 0.449085 0.940348
vt 0.444288 0.909021
vt 0.425585 0.941215
vt 0.422598 0.908260
vt 0.409409 0.944473
vt 0.404549 0.909598
vt 0.395588 0.948264
vt 0.389086 0.912120
vt 0.739183 0.954725
vt 0.748668 0.917173
vt 0.510144 0.871191
vt 0.529904 0.868338
vt 0.462117 0.873876
vt 0.484772 0.873551
vt 0.439949 0.872447
vt 0.419344 0.871834
vt 0.401046 0.871716
vt 0.384667 0.873186
vt 0.755143 0.876688
vt 0.504790 0.836038
vt 0.524489 0.830083
vt 0.459358 0.836959
vt 0.480576 0.837039
vt 0.437569 0.835981
vt 0.417786 0.834846
vt 0.400102 0.834194
vt 0.382997 0.834221
vt 0.758338 0.836051
vt 0.460741 0.805010
vt 0.480823 0.803411
vt 0.439930 0.803272
vt 0.421183 0.800744
vt 0.403389 0.798369
vt 0.386000 0.795988
vt 0.756224 0.794844
vt 0.743511 0.754781
vt 0.397200 0.758413
vt 0.413126 0.761793
vt 0.429831 0.764887
vt 0.448407 0.767308
vt 0.467998 0.770721
vt 0.485745 0.776228
vt 0.502207 0.777970
vt 0.497735 0.809063
vt 0.529276 0.771923
vt 0.830567 0.475151
vt 0.516616 0.799924
vt 0.517728 0.775587
vt 0.856246 0.492042
vt 0.909715 0.106084
vt 0.924107 0.669614
vt 0.887891 0.214536
vt 0.894088 0.631672
vt 0.879984 0.599568
vt 0.874988 0.563591
vt 0.876776 0.529937
vt 0.889059 0.495104
vt 0.519855 0.627880
vt 0.926519 0.065863
vt 0.934363 0.072035
vt 0.524431 0.631014
vt 0.942739 0.075118
vt 0.529030 0.633420
vt 0.612388 0.622874
vt 0.920487 0.051948
vt 0.922625 0.058904
vt 0.516836 0.624950
vt 0.533995 0.635425
vt 0.951538 0.075259
vt 0.958571 0.073723
vt 0.538238 0.636876
vt 0.964477 0.070591
vt 0.542359 0.638004
vt 0.969825 0.066085
vt 0.546850 0.638963
vt 0.974109 0.059731
vt 0.551896 0.639845
vt 0.976322 0.051485
vt 0.557689 0.640276
vt 0.976178 0.043394
vt 0.987017 0.041728
vt 0.936834 0.056815
vt 0.940577 0.060381
vt 0.944879 0.062286
vt 0.933459 0.049954
vt 0.934301 0.053544
vt 0.949611 0.062684
vt 0.953523 0.062046
vt 0.956888 0.060494
vt 0.959550 0.057601
vt 0.962192 0.054230
vt 0.963817 0.049752
vt 0.964188 0.045237
vt 0.949442 0.047500
vt 0.972137 0.395370
vt 0.967403 0.447787
vt 0.962544 0.447691
vt 0.980699 0.365378
vt 0.977367 0.340122
vt 0.963167 0.312051
vt 0.955856 0.295888
vt 0.952872 0.275116
vt 0.956838 0.239094
vt 0.967220 0.200301
vt 0.969298 0.170623
vt 0.981347 0.685109
vt 0.038121 0.241645
vt 0.991058 0.682247
vt 0.561527 0.956501
vt 0.537205 0.957831
vt 0.534302 0.949062
vt 0.561555 0.950932
vt 0.517650 0.959212
vt 0.497883 0.963310
vt 0.497112 0.957991
vt 0.514730 0.950932
vt 0.472692 0.964608
vt 0.472497 0.959121
vt 0.451404 0.966794
vt 0.452274 0.961255
vt 0.426233 0.971217
vt 0.427084 0.964319
vt 0.414442 0.976634
vt 0.414612 0.970261
vt 0.404701 0.981227
vt 0.402853 0.975400
vt 0.724559 0.986676
vt 0.728143 0.981415
vt 0.722025 0.990058
vt 0.411158 0.733799
vt 0.728792 0.729479
vt 0.722920 0.721982
vt 0.415532 0.726116
vt 0.428127 0.731436
vt 0.424521 0.739401
vt 0.442014 0.735353
vt 0.438773 0.743515
vt 0.462119 0.736909
vt 0.459283 0.744120
vt 0.480228 0.740801
vt 0.477976 0.747603
vt 0.494987 0.743217
vt 0.493520 0.750277
vt 0.509924 0.744936
vt 0.508643 0.752123
vt 0.522673 0.746511
vt 0.521573 0.753155
vt 0.533713 0.747907
vt 0.532442 0.754372
vt 0.547344 0.748783
vt 0.546437 0.755271
vt 0.562523 0.749671
vt 0.562462 0.756337
vt 0.400867 0.751080
vt 0.739613 0.747069
vt 0.416110 0.755183
vt 0.432170 0.758614
vt 0.451235 0.760464
vt 0.470617 0.764015
vt 0.487805 0.768610
vt 0.503959 0.770427
vt 0.518531 0.768748
vt 0.530112 0.766899
vt 0.544639 0.766399
vt 0.707240 0.697683
vt 0.430216 0.704011
vt 0.440503 0.709432
vt 0.453109 0.713560
vt 0.469283 0.718556
vt 0.485360 0.722982
vt 0.499165 0.725926
vt 0.513153 0.728161
vt 0.524636 0.729253
vt 0.535372 0.731143
vt 0.548373 0.731341
vt 0.562651 0.732088
vt 0.038280 0.280206
vt 0.034720 0.260595
vt 0.033416 0.241675
vt 0.032767 0.386247
vt 0.035841 0.376399
vt 0.027827 0.392923
vt 0.027844 0.083408
vt 0.036204 0.360498
vt 0.035746 0.339237
vt 0.033321 0.307900
vt 0.028511 0.281430
vt 0.026152 0.262579
vt 0.024826 0.241734
vt 0.016145 0.264816
vt 0.020151 0.278760
vt 0.016482 0.241797
vt 0.024228 0.302682
vt 0.023351 0.327716
vt 0.018130 0.351176
vt 0.008184 0.369231
vt 0.004606 0.377736
vt 0.002024 0.384346
vt 0.000009 0.093869
vt 0.371390 0.343475
vt 0.409762 0.328246
vt 0.411476 0.330177
vt 0.371215 0.346241
vt 0.329936 0.357234
vt 0.330303 0.354065
vt 0.283990 0.364953
vt 0.284040 0.361671
vt 0.435711 0.310123
vt 0.436850 0.312351
vt 0.457496 0.282649
vt 0.460209 0.282825
vt 0.463568 0.243220
vt 0.562356 0.766367
vt 0.372052 0.543980
vt 0.405379 0.540948
vt 0.405757 0.546660
vt 0.372436 0.548678
vt 0.473230 0.536851
vt 0.550612 0.532248
vt 0.550952 0.537869
vt 0.473578 0.542554
vt 0.681487 0.524283
vt 0.681833 0.529948
vt 0.755711 0.519355
vt 0.756055 0.525461
vt 0.783025 0.518241
vt 0.783937 0.523775
vt 0.800669 0.522764
vt 0.800471 0.517609
vt 0.832332 0.515271
vt 0.832646 0.520831
vt 0.858240 0.514036
vt 0.562248 0.777466
vt 0.399903 0.534110
vt 0.469318 0.529787
vt 0.548185 0.525185
vt 0.681365 0.517031
vt 0.756890 0.511420
vt 0.837788 0.506673
vt 0.857557 0.506915
vt 0.841136 0.007397
vt 0.833856 0.507575
vt 0.363656 0.549210
vt 0.562295 0.772936
vt 0.465667 0.243247
vt 0.264898 0.368152
vt 0.264863 0.365027
vt 0.233975 0.371856
vt 0.190879 0.365933
vt 0.190825 0.363332
vt 0.233711 0.369189
vt 0.146498 0.362265
vt 0.099388 0.361885
vt 0.099216 0.359045
vt 0.146386 0.359582
vt 0.054248 0.355658
vt 0.798440 0.510935
vt 0.779337 0.511153
vt 0.793890 0.500167
vt 0.794536 0.483742
vt 0.817386 0.096499
vt 0.809980 0.079781
vt 0.822961 0.074354
vt 0.829919 0.090465
vt 0.838406 0.041160
vt 0.833325 0.037491
vt 0.828279 0.073383
vt 0.833076 0.500503
vt 0.824736 0.035903
vt 0.881263 0.090849
vt 0.834700 0.108952
vt 0.877778 0.043026
vt 0.859568 0.063274
vt 0.855612 0.057506
vt 0.834429 0.078066
vt 0.869663 0.077385
vt 0.866015 0.072155
vt 0.829351 0.101259
vt 0.794365 0.511014
vt 0.501783 0.817418
vt 0.514973 0.809659
vt 0.530637 0.943469
vt 0.518404 0.944676
vt 0.536049 0.938383
vt 0.534110 0.937625
vt 0.534979 0.910475
vt 0.537025 0.910313
vt 0.532710 0.947240
vt 0.531691 0.945120
vt 0.533709 0.867901
vt 0.535733 0.867619
vt 0.512470 0.944821
vt 0.513738 0.942314
vt 0.516316 0.946692
vt 0.515237 0.948414
vt 0.508637 0.912518
vt 0.510565 0.911142
vt 0.504887 0.871958
vt 0.506954 0.871661
vt 0.527574 0.825545
vt 0.798155 0.458385
vt 0.499496 0.833056
vt 0.501679 0.834177
vt 0.499255 0.813596
vt 0.529286 0.949867
vt 0.527850 0.948281
vt 0.520683 0.949171
vt 0.519847 0.951075
vt 0.511557 0.800004
vt 0.512479 0.797877
vt 0.516173 0.802329
vt 0.501530 0.803581
vt 0.500507 0.801758
vt 0.561787 0.906138
vt 0.561604 0.941472
vt 0.562015 0.863895
vt 0.511430 0.787384
vt 0.506351 0.788008
vt 0.791032 0.618674
vt 0.532451 0.951580
vt 0.517725 0.952940
vt 0.502993 0.809932
vt 0.510759 0.807237
vt 0.527537 0.946090
vt 0.521166 0.946690
vt 0.800418 0.459221
vt 0.794744 0.517803
vt 0.795073 0.523102
vt 0.367065 0.494898
vt 0.367046 0.492144
vt 0.399963 0.493656
vt 0.399589 0.496170
vt 0.467266 0.497641
vt 0.467168 0.500247
vt 0.545955 0.494883
vt 0.545959 0.497454
vt 0.678426 0.488693
vt 0.678598 0.491251
vt 0.751581 0.481803
vt 0.752801 0.484444
vt 0.776310 0.469428
vt 0.777258 0.471645
vt 0.395324 0.629501
vt 0.413010 0.625848
vt 0.770906 0.605544
vt 0.552477 0.603374
vt 0.476208 0.611280
vt 0.751464 0.593487
vt 0.683262 0.593616
vt 0.487157 0.669466
vt 0.477410 0.663392
vt 0.496653 0.673984
vt 0.470295 0.657106
vt 0.660401 0.653497
vt 0.517473 0.680969
vt 0.507467 0.677797
vt 0.527063 0.682981
vt 0.535474 0.684312
vt 0.542233 0.685259
vt 0.552350 0.686353
vt 0.562920 0.687104
vt 0.562815 0.704976
vt 0.549203 0.704163
vt 0.537814 0.703129
vt 0.530997 0.702359
vt 0.521421 0.701103
vt 0.509862 0.698931
vt 0.497510 0.695505
vt 0.484588 0.691298
vt 0.473362 0.686413
vt 0.461536 0.679866
vt 0.452154 0.672729
vt 0.680566 0.668459
vt 0.562686 0.726721
vt 0.562672 0.728849
vt 0.545786 0.727889
vt 0.545061 0.725736
vt 0.705342 0.693914
vt 0.703805 0.691291
vt 0.433386 0.696689
vt 0.432273 0.699176
vt 0.513901 0.726527
vt 0.514805 0.724367
vt 0.525526 0.725032
vt 0.525032 0.727235
vt 0.499593 0.724091
vt 0.501170 0.722151
vt 0.486057 0.721666
vt 0.486938 0.719508
vt 0.533266 0.727291
vt 0.532792 0.725162
vt 0.469829 0.718028
vt 0.471619 0.716033
vt 0.456190 0.712244
vt 0.458589 0.710627
vt 0.442967 0.706333
vt 0.444436 0.704198
vt 0.838244 0.499985
vt 0.288974 0.334378
vt 0.151587 0.328714
vt 0.193586 0.334354
vt 0.192669 0.340324
vt 0.150570 0.335048
vt 0.237693 0.340038
vt 0.239291 0.333198
vt 0.102827 0.322949
vt 0.106863 0.317195
vt 0.102006 0.327171
vt 0.468448 0.243282
vt 0.643015 0.092527
vt 0.648621 0.385534
vt 0.703927 0.413296
vt 0.681965 0.439586
vt 0.449297 0.243048
vt 0.215238 0.291185
vt 0.245535 0.284138
vt 0.341737 0.866629
vt 0.336239 0.867338
vt 0.333557 0.841905
vt 0.339481 0.841867
vt 0.344795 0.891633
vt 0.339340 0.893017
vt 0.348130 0.916305
vt 0.342785 0.918179
vt 0.322070 0.869388
vt 0.316672 0.869168
vt 0.315273 0.848198
vt 0.321190 0.848403
vt 0.324677 0.890225
vt 0.319271 0.890205
vt 0.328510 0.911570
vt 0.322809 0.911546
vt 0.228152 0.693305
vt 0.175413 0.689651
vt 0.175197 0.720685
vt 0.263524 0.850991
vt 0.305291 0.847988
vt 0.265752 0.873791
vt 0.266779 0.897859
vt 0.267171 0.921610
vt 0.307316 0.868567
vt 0.309355 0.889286
vt 0.311430 0.910372
vt 0.170421 0.720441
vt 0.167666 0.718428
vt 0.266507 0.946510
vt 0.184383 0.289616
vt 0.767483 0.386870
vt 0.161384 0.286872
vt 0.145914 0.265911
vt 0.141362 0.241508
vt 0.266204 0.270233
vt 0.271723 0.241828
vt 0.661488 0.246219
vt 0.983082 0.468767
vt 0.991090 0.490402
vt 0.990259 0.511601
vt 0.282748 0.332833
vt 0.980666 0.534069
vt 0.276162 0.327497
vt 0.971464 0.550388
vt 0.290042 0.321140
vt 0.968458 0.567115
vt 0.293433 0.324166
vt 0.975244 0.595529
vt 0.261055 0.331696
vt 0.263095 0.339177
vt 0.240960 0.343503
vt 0.268080 0.342358
vt 0.193534 0.343839
vt 0.149512 0.338324
vt 0.054717 0.340315
vt 0.097601 0.315497
vt 0.169294 0.690525
vt 0.208495 0.724509
vt 0.057067 0.349733
vt 0.097515 0.291469
vt 0.089386 0.267582
vt 0.081145 0.241444
vt 0.072590 0.241477
vt 0.085962 0.241428
vt 0.647155 0.381432
vt 0.590031 0.372488
vt 0.567330 0.224101
vt 0.614171 0.226398
vt 0.569580 0.206611
vt 0.617264 0.208254
vt 0.573853 0.191796
vt 0.624675 0.192874
vt 0.657407 0.226098
vt 0.660990 0.206766
vt 0.674323 0.193758
vt 0.634920 0.179565
vt 0.693471 0.182117
vt 0.644563 0.167340
vt 0.707918 0.172857
vt 0.651529 0.153102
vt 0.715813 0.158529
vt 0.655184 0.136324
vt 0.720898 0.130469
vt 0.253112 0.811401
vt 0.654122 0.122734
vt 0.715775 0.108708
vt 0.579477 0.178133
vt 0.584923 0.164995
vt 0.589699 0.151634
vt 0.593140 0.138319
vt 0.594041 0.126585
vt 0.464243 0.202821
vt 0.438239 0.168921
vt 0.441481 0.160585
vt 0.471965 0.185477
vt 0.434427 0.209661
vt 0.435055 0.202318
vt 0.444887 0.202926
vt 0.444767 0.219670
vt 0.421949 0.206666
vt 0.422685 0.193362
vt 0.426885 0.222726
vt 0.425977 0.182618
vt 0.444084 0.149534
vt 0.473356 0.169380
vt 0.448140 0.137686
vt 0.479984 0.154658
vt 0.451319 0.125998
vt 0.483513 0.140878
vt 0.453927 0.114695
vt 0.489215 0.128688
vt 0.457235 0.083208
vt 0.491510 0.116389
vt 0.455201 0.100200
vt 0.288775 0.777660
vt 0.492132 0.104452
vt 0.468384 0.080929
vt 0.494796 0.094410
vt 0.410010 0.150471
vt 0.410551 0.140505
vt 0.400800 0.201931
vt 0.398927 0.182906
vt 0.404548 0.221683
vt 0.400721 0.167135
vt 0.412730 0.131516
vt 0.414918 0.119906
vt 0.417128 0.108707
vt 0.420007 0.098695
vt 0.426209 0.086001
vt 0.433211 0.071532
vt 0.381072 0.221100
vt 0.374645 0.200092
vt 0.366986 0.173636
vt 0.367327 0.154013
vt 0.331496 0.148016
vt 0.335354 0.174610
vt 0.348114 0.198609
vt 0.359301 0.219503
vt 0.373421 0.122083
vt 0.371583 0.134036
vt 0.375581 0.111070
vt 0.378030 0.099794
vt 0.380922 0.088728
vt 0.384642 0.078508
vt 0.387421 0.068155
vt 0.388148 0.056277
vt 0.389284 0.045071
vt 0.422705 0.058611
vt 0.333492 0.107205
vt 0.331400 0.122858
vt 0.336309 0.093596
vt 0.338960 0.080763
vt 0.341678 0.068138
vt 0.343964 0.056063
vt 0.345215 0.044794
vt 0.345711 0.034633
vt 0.345879 0.025873
vt 0.286310 0.113392
vt 0.288327 0.095414
vt 0.291371 0.080635
vt 0.294315 0.066889
vt 0.296837 0.053582
vt 0.267373 0.109673
vt 0.269424 0.093140
vt 0.272341 0.079103
vt 0.275184 0.065196
vt 0.277820 0.051370
vt 0.279589 0.039015
vt 0.298490 0.041316
vt 0.235632 0.105498
vt 0.192246 0.111593
vt 0.193398 0.094509
vt 0.238347 0.091476
vt 0.151518 0.096775
vt 0.148366 0.115002
vt 0.101449 0.115035
vt 0.111363 0.099581
vt 0.055579 0.120592
vt 0.076883 0.105434
vt 0.299026 0.021429
vt 0.299976 0.013458
vt 0.298970 0.030655
vt 0.280135 0.028426
vt 0.280421 0.019204
vt 0.281274 0.010841
vt 0.117208 0.087058
vt 0.154966 0.082579
vt 0.195605 0.080917
vt 0.240988 0.079109
vt 0.083132 0.094867
vt 0.157512 0.069564
vt 0.197693 0.067599
vt 0.243531 0.065517
vt 0.198708 0.054444
vt 0.246146 0.051271
vt 0.198760 0.042773
vt 0.247946 0.038946
vt 0.198567 0.032081
vt 0.248579 0.028137
vt 0.343490 0.557117
vt 0.200826 0.021764
vt 0.360185 0.591115
vt 0.371364 0.604350
vt 0.249327 0.018411
vt 0.372008 0.568825
vt 0.378904 0.591023
vt 0.365254 0.558306
vt 0.401599 0.565557
vt 0.403100 0.584966
vt 0.470682 0.562922
vt 0.471149 0.577523
vt 0.549551 0.558382
vt 0.549971 0.572872
vt 0.682256 0.550985
vt 0.682721 0.563222
vt 0.758936 0.562696
vt 0.758371 0.547750
vt 0.781051 0.546844
vt 0.779563 0.562439
vt 0.200458 0.011827
vt 0.250044 0.009075
vt 0.120505 0.075590
vt 0.122085 0.064978
vt 0.159041 0.057478
vt 0.123800 0.054128
vt 0.160025 0.046496
vt 0.162173 0.035803
vt 0.163364 0.026326
vt 0.163153 0.017252
vt 0.127280 0.043177
vt 0.128312 0.035621
vt 0.129189 0.026257
vt 0.096066 0.051377
vt 0.042940 0.082953
vt 0.087735 0.067376
vt 0.086007 0.077398
vt 0.053399 0.108661
vt 0.051212 0.102104
vt 0.085296 0.086028
vt 0.046046 0.088659
vt 0.048245 0.093315
vt 0.371975 0.605481
vt 0.049841 0.098272
vt 0.351574 0.237397
vt 0.351055 0.230393
vt 0.328402 0.206600
vt 0.308245 0.181408
vt 0.301048 0.158723
vt 0.047664 0.179519
vt 0.043991 0.178580
vt 0.049512 0.142665
vt 0.338362 0.238165
vt 0.337861 0.231566
vt 0.327897 0.220878
vt 0.319218 0.216716
vt 0.319225 0.215560
vt 0.260415 0.178141
vt 0.221285 0.169853
vt 0.242557 0.153273
vt 0.264349 0.155853
vt 0.584207 0.963895
vt 0.599056 0.969126
vt 0.623261 0.975179
vt 0.649100 0.977800
vt 0.677063 0.977546
vt 0.698130 0.983835
vt 0.707403 0.987651
vt 0.714035 0.990893
vt 0.607314 0.938391
vt 0.590428 0.937420
vt 0.592452 0.906407
vt 0.609753 0.908336
vt 0.650832 0.949493
vt 0.627447 0.949346
vt 0.632077 0.914149
vt 0.656314 0.913365
vt 0.674159 0.941516
vt 0.679270 0.910240
vt 0.697656 0.942614
vt 0.700971 0.909692
vt 0.713803 0.946029
vt 0.719008 0.911205
vt 0.727589 0.949951
vt 0.734448 0.913873
vt 0.594062 0.868657
vt 0.613795 0.871723
vt 0.639144 0.874357
vt 0.661796 0.874918
vt 0.683977 0.873713
vt 0.704587 0.873303
vt 0.722886 0.873362
vt 0.739250 0.874987
vt 0.619528 0.836604
vt 0.599926 0.830349
vt 0.664929 0.838031
vt 0.643720 0.837888
vt 0.686720 0.837277
vt 0.706509 0.836339
vt 0.724195 0.835858
vt 0.741297 0.836046
vt 0.643801 0.804272
vt 0.663857 0.806081
vt 0.684673 0.804557
vt 0.703437 0.802217
vt 0.721249 0.800017
vt 0.738658 0.797801
vt 0.727815 0.760149
vt 0.711858 0.763374
vt 0.695124 0.766302
vt 0.676527 0.768535
vt 0.656908 0.771748
vt 0.639122 0.777068
vt 0.622675 0.778642
vt 0.626839 0.809731
vt 0.595255 0.774075
vt 0.607279 0.776040
vt 0.608004 0.800367
vt 0.836084 0.566429
vt 0.580738 0.771330
vt 0.808714 0.025808
vt 0.606710 0.628422
vt 0.602096 0.631500
vt 0.927696 0.028623
vt 0.922067 0.036863
vt 0.597469 0.633849
vt 0.934760 0.023167
vt 0.609765 0.625530
vt 0.920440 0.044670
vt 0.592481 0.635793
vt 0.588221 0.637191
vt 0.950281 0.019746
vt 0.943111 0.020392
vt 0.584089 0.638269
vt 0.956855 0.020961
vt 0.579587 0.639171
vt 0.963308 0.023655
vt 0.574533 0.639989
vt 0.969302 0.028430
vt 0.568736 0.640347
vt 0.973887 0.035632
vt 0.937122 0.037873
vt 0.934620 0.042397
vt 0.940655 0.034764
vt 0.933186 0.046278
vt 0.948972 0.032399
vt 0.945049 0.032963
vt 0.952648 0.032872
vt 0.956055 0.034833
vt 0.959587 0.037256
vt 0.962480 0.041040
vt 0.976070 0.469952
vt 0.984037 0.493717
vt 0.982283 0.514114
vt 0.971905 0.537167
vt 0.966625 0.550408
vt 0.964987 0.567193
vt 0.969483 0.595967
vt 0.979230 0.626734
vt 0.981976 0.650485
vt 0.299319 0.192094
vt 0.588830 0.949350
vt 0.585836 0.958088
vt 0.605382 0.959677
vt 0.608388 0.951428
vt 0.625939 0.958671
vt 0.625114 0.963982
vt 0.650551 0.960054
vt 0.650302 0.965538
vt 0.670761 0.962390
vt 0.671578 0.967937
vt 0.695930 0.965701
vt 0.696714 0.972607
vt 0.708348 0.971764
vt 0.708456 0.978138
vt 0.720059 0.977016
vt 0.718155 0.982825
vt 0.714099 0.735430
vt 0.709804 0.727717
vt 0.700680 0.740897
vt 0.697153 0.732908
vt 0.686384 0.744867
vt 0.683223 0.736685
vt 0.665859 0.745274
vt 0.663092 0.738049
vt 0.647116 0.748580
vt 0.644926 0.741777
vt 0.631523 0.751129
vt 0.630119 0.744082
vt 0.616331 0.752922
vt 0.615129 0.745742
vt 0.603341 0.754030
vt 0.602371 0.747298
vt 0.592577 0.755245
vt 0.591375 0.748582
vt 0.578525 0.755567
vt 0.577731 0.749089
vt 0.724219 0.752788
vt 0.708937 0.756742
vt 0.692844 0.760012
vt 0.673761 0.761671
vt 0.654345 0.765026
vt 0.637120 0.769443
vt 0.620950 0.771099
vt 0.606248 0.769522
vt 0.594594 0.768512
vt 0.580134 0.766583
vt 0.695359 0.705502
vt 0.685012 0.710815
vt 0.672360 0.714816
vt 0.656126 0.719653
vt 0.639990 0.723933
vt 0.626143 0.726763
vt 0.612135 0.728886
vt 0.600655 0.729878
vt 0.589925 0.731634
vt 0.576931 0.731598
vt 0.293673 0.171403
vt 0.314451 0.206493
vt 0.180361 0.171998
vt 0.194639 0.151574
vt 0.158926 0.169157
vt 0.151149 0.157621
vt 0.107182 0.169903
vt 0.116920 0.185382
vt 0.081817 0.191416
vt 0.041261 0.205844
vt 0.093164 0.169944
vt 0.145911 0.187648
vt 0.128981 0.209407
vt 0.117071 0.211249
vt 0.281523 0.201882
vt 0.300980 0.217067
vt 0.309949 0.218594
vt 0.318362 0.217400
vt 0.313157 0.220078
vt 0.086759 0.191843
vt 0.094188 0.188418
vt 0.085290 0.213291
vt 0.078353 0.214840
vt 0.038598 0.221271
vt 0.073121 0.214454
vt 0.038350 0.203086
vt 0.034750 0.222735
vt 0.032862 0.097047
vt 0.035976 0.106877
vt 0.027873 0.090412
vt 0.036373 0.122792
vt 0.035910 0.144072
vt 0.372621 0.553388
vt 0.406071 0.552376
vt 0.473920 0.548258
vt 0.551292 0.543490
vt 0.682172 0.535613
vt 0.756449 0.531564
vt 0.783698 0.529379
vt 0.833004 0.526389
vt 0.801093 0.527905
vt 0.566565 0.777210
vt 0.401460 0.559825
vt 0.470888 0.555742
vt 0.549735 0.550794
vt 0.682924 0.542827
vt 0.758575 0.539298
vt 0.839455 0.534266
vt 0.835444 0.533845
vt 0.730994 0.092904
vt 0.569087 0.770921
vt 0.054445 0.127484
vt 0.028560 0.201986
vt 0.033445 0.175458
vt 0.026172 0.220868
vt 0.016151 0.218789
vt 0.020168 0.204779
vt 0.024333 0.180794
vt 0.799881 0.534775
vt 0.780891 0.536860
vt 0.796662 0.546013
vt 0.799281 0.562240
vt 0.740499 0.017843
vt 0.741370 0.028609
vt 0.730138 0.033609
vt 0.752527 0.005620
vt 0.730909 0.066335
vt 0.735892 0.064374
vt 0.735009 0.033744
vt 0.781923 0.032359
vt 0.723462 0.065831
vt 0.835521 0.540960
vt 0.747248 0.007459
vt 0.753598 0.054492
vt 0.758097 0.050560
vt 0.798036 0.537065
vt 0.740430 0.032963
vt 0.765322 0.044582
vt 0.769455 0.041031
vt 0.724717 0.013552
vt 0.795826 0.535188
vt 0.622712 0.818032
vt 0.609594 0.810106
vt 0.592554 0.943796
vt 0.604777 0.945132
vt 0.587193 0.938652
vt 0.586506 0.910572
vt 0.588550 0.910755
vt 0.589140 0.937915
vt 0.591483 0.945436
vt 0.590441 0.947545
vt 0.588243 0.867874
vt 0.590263 0.868178
vt 0.610711 0.945341
vt 0.607906 0.948904
vt 0.606844 0.947170
vt 0.609468 0.942819
vt 0.612961 0.911680
vt 0.614875 0.913076
vt 0.616981 0.872228
vt 0.619045 0.872547
vt 0.805928 0.586977
vt 0.596899 0.825753
vt 0.622656 0.834782
vt 0.624849 0.833687
vt 0.625276 0.814243
vt 0.595292 0.948637
vt 0.593839 0.950209
vt 0.603268 0.951517
vt 0.602451 0.949604
vt 0.613089 0.800513
vt 0.608438 0.802777
vt 0.612185 0.798379
vt 0.624139 0.802405
vt 0.623097 0.804212
vt 0.618438 0.788607
vt 0.613379 0.787911
vt 0.590656 0.951888
vt 0.605372 0.953404
vt 0.621571 0.810536
vt 0.613828 0.807743
vt 0.595628 0.946450
vt 0.601993 0.947117
vt 0.808074 0.585875
vt 0.795384 0.528403
vt 0.373593 0.602714
vt 0.405726 0.597527
vt 0.406400 0.599977
vt 0.373906 0.605450
vt 0.472319 0.585326
vt 0.472731 0.587901
vt 0.550870 0.578591
vt 0.551177 0.581143
vt 0.683284 0.568753
vt 0.683422 0.571313
vt 0.757766 0.566571
vt 0.756873 0.569339
vt 0.783586 0.576331
vt 0.782912 0.578646
vt 0.648669 0.664432
vt 0.638852 0.670396
vt 0.629305 0.674807
vt 0.655861 0.658230
vt 0.608415 0.681554
vt 0.618452 0.678498
vt 0.598808 0.683451
vt 0.590388 0.684678
vt 0.583622 0.685538
vt 0.573497 0.686497
vt 0.576433 0.704367
vt 0.587823 0.703494
vt 0.594642 0.702813
vt 0.604221 0.701672
vt 0.615794 0.699627
vt 0.628180 0.696329
vt 0.641147 0.692254
vt 0.652429 0.687486
vt 0.664330 0.681066
vt 0.673795 0.674034
vt 0.580313 0.726042
vt 0.579561 0.728186
vt 0.693356 0.700653
vt 0.692272 0.698158
vt 0.611409 0.727242
vt 0.600287 0.727844
vt 0.599823 0.725624
vt 0.610534 0.725067
vt 0.624187 0.722968
vt 0.625738 0.724923
vt 0.638452 0.720447
vt 0.639308 0.722612
vt 0.592072 0.727793
vt 0.592571 0.725661
vt 0.653818 0.717110
vt 0.655586 0.719121
vt 0.666912 0.711833
vt 0.669294 0.713471
vt 0.681138 0.705548
vt 0.682583 0.707696
vt 0.840714 0.540851
vt 0.023529 0.155740
vt 0.018335 0.132293
vt 0.008341 0.114306
vt 0.004712 0.105828
vt 0.002081 0.099240
vt 0.372663 0.141144
vt 0.372526 0.138378
vt 0.412744 0.155182
vt 0.410991 0.157075
vt 0.331522 0.129911
vt 0.331193 0.126736
vt 0.285139 0.121694
vt 0.285120 0.118407
vt 0.437942 0.173525
vt 0.436761 0.175723
vt 0.460876 0.203562
vt 0.273176 0.873376
vt 0.270562 0.848649
vt 0.276381 0.847531
vt 0.278707 0.872999
vt 0.280672 0.898790
vt 0.275051 0.898496
vt 0.282198 0.924142
vt 0.276590 0.923346
vt 0.277114 0.948401
vt 0.293004 0.872248
vt 0.289777 0.851494
vt 0.295541 0.850140
vt 0.298255 0.870981
vt 0.299807 0.892121
vt 0.294509 0.893194
vt 0.300498 0.913742
vt 0.294911 0.914877
vt 0.202856 0.723359
vt 0.233866 0.695414
vt 0.240278 0.705313
vt 0.220782 0.733809
vt 0.458152 0.203672
vt 0.265914 0.118110
vt 0.265974 0.114985
vt 0.234924 0.110994
vt 0.234641 0.113656
vt 0.191461 0.119312
vt 0.191533 0.116718
vt 0.146965 0.120469
vt 0.146843 0.123149
vt 0.099559 0.123859
vt 0.099734 0.121020
vt 0.289801 0.149090
vt 0.151947 0.153980
vt 0.150951 0.147650
vt 0.193167 0.142231
vt 0.194037 0.148174
vt 0.238459 0.142781
vt 0.240028 0.149610
vt 0.107195 0.165675
vt 0.103148 0.159930
vt 0.102325 0.155712
vt 0.709016 0.080701
vt 0.652810 0.106613
vt 0.245684 0.199441
vt 0.215432 0.190593
vt 0.184160 0.192888
vt 0.161957 0.195816
vt 0.147442 0.217046
vt 0.266408 0.212982
vt 0.283542 0.150574
vt 0.294165 0.159371
vt 0.290730 0.162369
vt 0.276880 0.155863
vt 0.261801 0.151444
vt 0.263920 0.143971
vt 0.241762 0.139355
vt 0.268947 0.140847
vt 0.194063 0.138731
vt 0.149901 0.144379
vt 0.054906 0.142834
vt 0.057271 0.133393
vt 0.097897 0.167397
vt 0.097826 0.191411
vt 0.089578 0.215276
vt 0.279073 0.161039
vt 0.651206 0.110665
vt 0.593637 0.117743
vt 0.501651 0.243726
vt 0.499793 0.243701
vt 0.500133 0.217767
vt 0.501980 0.218228
vt 0.501470 0.269232
vt 0.499618 0.269642
vt 0.501173 0.198018
vt 0.503040 0.198579
vt 0.502124 0.288917
vt 0.500253 0.289427
vt 0.503507 0.305945
vt 0.501639 0.306412
vt 0.505445 0.321395
vt 0.503565 0.321929
vt 0.508473 0.335904
vt 0.506568 0.336432
vt 0.511123 0.350098
vt 0.509225 0.350612
vt 0.513471 0.363066
vt 0.511586 0.363585
vt 0.514100 0.375286
vt 0.512233 0.375812
vt 0.515607 0.385991
vt 0.513772 0.386444
vt 0.520489 0.091748
vt 0.518736 0.091303
vt 0.518962 0.101945
vt 0.517118 0.101445
vt 0.517144 0.112602
vt 0.515273 0.112028
vt 0.502936 0.181087
vt 0.504803 0.181603
vt 0.505196 0.165633
vt 0.507076 0.166217
vt 0.508565 0.151228
vt 0.510470 0.151808
vt 0.511584 0.137129
vt 0.513484 0.137694
vt 0.514295 0.124231
vt 0.516181 0.124799
vt 0.502703 0.269428
vt 0.502850 0.243742
vt 0.535513 0.244214
vt 0.534954 0.267037
vt 0.498376 0.270050
vt 0.498922 0.289948
vt 0.536285 0.285417
vt 0.503457 0.288903
vt 0.500254 0.306852
vt 0.504898 0.305653
vt 0.539095 0.301192
vt 0.506806 0.320921
vt 0.542868 0.315564
vt 0.502152 0.322437
vt 0.509854 0.335287
vt 0.547042 0.329060
vt 0.505172 0.336908
vt 0.550619 0.342348
vt 0.512436 0.349430
vt 0.507848 0.350948
vt 0.553343 0.355238
vt 0.514758 0.362480
vt 0.510287 0.363770
vt 0.515333 0.374819
vt 0.554166 0.367074
vt 0.554888 0.378742
vt 0.516802 0.385591
vt 0.512570 0.386720
vt 0.513992 0.397073
vt 0.510964 0.376002
vt 0.498591 0.243685
vt 0.555940 0.390202
vt 0.518000 0.396062
vt 0.503220 0.218067
vt 0.535466 0.221379
vt 0.498897 0.217324
vt 0.499848 0.197461
vt 0.537221 0.203049
vt 0.504378 0.198629
vt 0.501546 0.180604
vt 0.506180 0.181937
vt 0.540408 0.187363
vt 0.508447 0.166736
vt 0.544546 0.173108
vt 0.503796 0.165086
vt 0.511845 0.152460
vt 0.549085 0.159742
vt 0.507171 0.150714
vt 0.553039 0.146567
vt 0.514791 0.138398
vt 0.510204 0.136757
vt 0.556143 0.133767
vt 0.517463 0.125419
vt 0.512990 0.124011
vt 0.518376 0.113102
vt 0.557277 0.121953
vt 0.557993 0.110224
vt 0.520161 0.102376
vt 0.515910 0.101137
vt 0.513997 0.111804
vt 0.562006 0.134993
vt 0.563055 0.123069
vt 0.558860 0.148053
vt 0.554750 0.161324
vt 0.550059 0.174639
vt 0.809304 0.253241
vt 0.826953 0.303305
vt 0.821459 0.265580
vt 0.809155 0.264134
vt 0.834755 0.254205
vt 0.812326 0.286618
vt 0.726404 0.309020
vt 0.545832 0.188685
vt 0.542623 0.204024
vt 0.540874 0.221910
vt 0.540919 0.244293
vt 0.540364 0.266669
vt 0.541694 0.284602
vt 0.729119 0.286810
vt 0.720390 0.266167
vt 0.773250 0.205006
vt 0.759475 0.220146
vt 0.747672 0.262278
vt 0.753799 0.283318
vt 0.753615 0.305268
vt 0.777011 0.342697
vt 0.776538 0.230778
vt 0.806190 0.336073
vt 0.821994 0.312712
vt 0.800107 0.247988
vt 0.774694 0.280357
vt 0.771184 0.262474
vt 0.800055 0.264024
vt 0.801757 0.276590
vt 0.790398 0.327699
vt 0.776227 0.298546
vt 0.803578 0.289084
vt 0.808171 0.304535
vt 0.768374 0.224869
vt 0.759433 0.261823
vt 0.800544 0.344746
vt 0.764180 0.281842
vt 0.765085 0.302439
vt 0.784224 0.335664
vt 0.544529 0.300032
vt 0.969410 0.422467
vt 0.978804 0.130630
vt 0.548392 0.314200
vt 0.989329 0.649038
vt 0.984025 0.617251
vt 0.552716 0.327651
vt 0.556445 0.341038
vt 0.559220 0.354176
vt 0.559924 0.366118
vt 0.555552 0.366939
vt 0.554766 0.354924
vt 0.960903 0.126713
vt 0.978520 0.172007
vt 0.557752 0.354533
vt 0.558525 0.366442
vt 0.554992 0.341418
vt 0.552003 0.341777
vt 0.551293 0.328041
vt 0.548373 0.328366
vt 0.544209 0.314960
vt 0.547039 0.314673
vt 0.966571 0.127617
vt 0.861103 0.198956
vt 0.898191 0.404790
vt 0.972892 0.448298
vt 0.962616 0.423412
vt 0.862552 0.369015
vt 0.845317 0.326406
vt 0.841196 0.284669
vt 0.845378 0.239661
vt 0.540501 0.300796
vt 0.403851 0.992494
vt 0.543186 0.300542
vt 0.537730 0.285155
vt 0.540309 0.284935
vt 0.538941 0.266713
vt 0.536416 0.266890
vt 0.536933 0.244234
vt 0.539501 0.244272
vt 0.536927 0.221570
vt 0.539451 0.221823
vt 0.541243 0.203650
vt 0.538664 0.203353
vt 0.541809 0.187801
vt 0.544497 0.188135
vt 0.545877 0.173752
vt 0.548712 0.174125
vt 0.550404 0.160477
vt 0.859052 0.531645
vt 0.859542 0.546568
vt 0.594321 0.824345
vt 0.596158 0.823205
vt 0.837430 0.588828
vt 0.562260 0.821844
vt 0.858873 0.524494
vt 0.858465 0.519270
vt 0.860202 0.564492
vt 0.862321 0.579210
vt 0.530170 0.824225
vt 0.528364 0.822995
vt 0.829204 0.452752
vt 0.855073 0.459302
vt 0.555558 0.770791
vt 0.557960 0.777103
vt 0.543862 0.771269
vt 0.854742 0.474169
vt 0.385528 0.745215
vt 0.381555 0.752898
vt 0.383950 0.952927
vt 0.394728 0.979723
vt 0.421929 0.689698
vt 0.445449 0.667077
vt 0.420361 0.692309
vt 0.418421 0.696065
vt 0.465815 0.652318
vt 0.514248 0.622261
vt 0.398262 0.985018
vt 0.402474 0.720252
vt 0.396524 0.727704
vt 0.368461 0.792870
vt 0.365956 0.834070
vt 0.368760 0.874740
vt 0.374836 0.915286
vt 0.718898 0.994098
vt 0.400762 0.988424
vt 0.941858 0.010516
vt 0.930041 0.014114
vt 0.563212 0.640440
vt 0.983533 0.031403
vt 0.977460 0.021487
vt 0.969110 0.015308
vt 0.960613 0.011062
vt 0.951742 0.009451
vt 0.912285 0.033338
vt 0.909791 0.043926
vt 0.909792 0.053589
vt 0.920115 0.021773
vt 0.953308 0.085056
vt 0.940955 0.085171
vt 0.986793 0.052623
vt 0.983976 0.063905
vt 0.977865 0.072305
vt 0.971034 0.078905
vt 0.963055 0.083105
vt 0.918245 0.072160
vt 0.912690 0.062808
vt 0.929187 0.080843
vt 0.553331 0.160891
vt 0.347587 0.569287
vt 0.557410 0.147629
vt 0.554415 0.147180
vt 0.363439 0.460842
vt 0.560541 0.134589
vt 0.557550 0.134105
vt 0.558673 0.122093
vt 0.561653 0.122702
vt 0.587042 0.375832
vt 0.355155 0.508029
vt 0.563649 0.111193
vt 0.768871 0.071185
vt 0.775126 0.064606
vt 0.728553 0.090774
vt 0.719445 0.085037
vt 0.766346 0.072909
vt 0.834886 0.547218
vt 0.834043 0.531627
vt 0.875415 0.040338
vt 0.796332 0.508884
vt 0.831691 0.494366
vt 0.905440 0.116659
vt 0.882958 0.052311
vt 0.832732 0.509946
vt 0.837751 0.009102
vt 0.374102 0.636958
vt 0.385405 0.465684
vt 0.761151 0.444171
vt 0.743302 0.458483
vt 0.779549 0.428712
vt 0.544563 0.472658
vt 0.675578 0.466571
vt 0.403403 0.467177
vt 0.467897 0.474013
vt 0.719289 0.020508
vt 0.741179 0.012685
vt 0.734336 0.035538
vt 0.740800 0.026927
vt 0.730184 0.014090
vt 0.739294 0.021727
vt 0.720534 0.026376
vt 0.787338 0.026710
vt 0.807425 0.016145
vt 0.885750 0.098830
vt 0.840145 0.112576
vt 0.825760 0.012961
vt 0.830089 0.095215
vt 0.811030 0.095533
vt 0.833126 0.085003
vt 0.834222 0.083272
vt 0.806877 0.086079
vt 0.828524 0.075604
vt 0.168948 0.686322
vt 0.235931 0.691337
vt 0.162377 0.692978
vt 0.284435 0.771552
vt 0.241940 0.702907
vt 0.590746 0.114313
vt 0.562314 0.110903
vt 0.277951 0.786851
vt 0.262176 0.803441
vt 0.559360 0.110424
vt 0.357579 0.803527
vt 0.281525 0.757771
vt 0.277899 0.756547
vt 0.560410 0.389751
vt 0.255918 0.712194
vt 0.256222 0.705337
vt 0.320189 0.782695
vt 0.557286 0.389872
vt 0.558943 0.378228
vt 0.338895 0.795891
vt 0.346842 0.842792
vt 0.349101 0.865589
vt 0.357031 0.912766
vt 0.249433 0.766371
vt 0.245339 0.814572
vt 0.352784 0.889395
vt 0.279579 0.763135
vt 0.556232 0.378587
vt 0.561857 0.389805
vt 0.560278 0.377982
vt 0.743906 0.372939
vt 0.719212 0.200427
vt 0.815499 0.296800
vt 0.818465 0.243820
vt 0.822212 0.249642
vt 0.833804 0.265709
vt 0.810733 0.275340
vt 0.811063 0.236225
vt 0.789331 0.218290
vt 0.737914 0.180432
vt 0.794491 0.353350
vt 0.781477 0.211559
vt 0.564180 0.099437
vt 0.561053 0.099272
vt 0.559727 0.098853
vt 0.565641 0.099426
vt 0.521650 0.091961
vt 0.516848 0.396241
vt 0.515106 0.396636
vt 0.517621 0.090834
vt 0.496158 0.084286
vt 0.279726 0.480077
vt 0.247719 0.482980
vt 0.097225 0.447654
vt 0.129022 0.457153
vt 0.132285 0.464160
vt 0.687940 0.053696
vt 0.638363 0.399285
vt 0.027844 0.399923
vt 0.000000 0.389735
vt 0.039648 0.406097
vt 0.160331 0.473350
vt 0.195295 0.480202
vt 0.298944 0.477003
vt 0.345374 0.465220
vt 0.388223 0.449572
vt 0.420253 0.048207
vt 0.469347 0.411729
vt 0.286699 0.241805
vt 0.271723 0.241828
vt 0.317254 0.242099
vt 0.313360 0.242015
vt 0.307461 0.241914
vt 0.301383 0.241849
vt 0.024546 0.605579
vt 0.021620 0.606523
vt 0.032358 0.584600
vt 0.034814 0.585261
vt 0.051714 0.624614
vt 0.050751 0.626879
vt 0.076290 0.637714
vt 0.075361 0.640008
vt 0.094699 0.646450
vt 0.093222 0.648478
vt 0.121983 0.657648
vt 0.121807 0.660812
vt 0.126259 0.654893
vt 0.128643 0.657168
vt 0.136331 0.648395
vt 0.140492 0.648733
vt 0.116634 0.626494
vt 0.118652 0.624999
vt 0.098846 0.608508
vt 0.101131 0.607208
vt 0.075206 0.576526
vt 0.076908 0.574556
vt 0.059532 0.551503
vt 0.061415 0.549942
vt 0.035259 0.573537
vt 0.037679 0.573865
vt 0.056943 0.546017
vt 0.058900 0.544350
vt 0.036614 0.556481
vt 0.034210 0.557843
vt 0.031178 0.522477
vt 0.033527 0.522074
vt 0.052675 0.528436
vt 0.050773 0.530197
vt 0.047186 0.517837
vt 0.049288 0.517036
vt 0.045238 0.506055
vt 0.047476 0.505734
vt 0.031604 0.505121
vt 0.034008 0.505712
vt 0.035231 0.491173
vt 0.037389 0.492429
vt 0.045461 0.494940
vt 0.047872 0.494815
vt 0.046213 0.477356
vt 0.045274 0.480722
vt 0.105702 0.639121
vt 0.085706 0.622304
vt 0.060940 0.603871
vt 0.045398 0.481706
vt 0.155414 0.518634
vt 0.157098 0.517095
vt 0.164330 0.553272
vt 0.162274 0.553096
vt 0.134644 0.520250
vt 0.135027 0.518356
vt 0.163716 0.583356
vt 0.161707 0.582182
vt 0.165688 0.605310
vt 0.163683 0.603670
vt 0.163335 0.634882
vt 0.161592 0.631916
vt 0.156590 0.640155
vt 0.155353 0.636739
vt 0.146176 0.642097
vt 0.145866 0.646086
vt 0.134481 0.617290
vt 0.135047 0.614919
vt 0.126726 0.594044
vt 0.125918 0.595805
vt 0.108206 0.555968
vt 0.109557 0.555342
vt 0.088362 0.528296
vt 0.090083 0.528233
vt 0.085708 0.524985
vt 0.087531 0.524946
vt 0.080149 0.516009
vt 0.078165 0.515587
vt 0.069336 0.508004
vt 0.071479 0.508508
vt 0.062357 0.501801
vt 0.064772 0.502393
vt 0.054851 0.494358
vt 0.057851 0.494915
vt 0.046344 0.481071
vt 0.049171 0.481742
vt 0.049527 0.479471
vt 0.064679 0.488779
vt 0.066760 0.490371
vt 0.120857 0.518016
vt 0.121046 0.516105
vt 0.099527 0.508007
vt 0.099745 0.509667
vt 0.082603 0.500607
vt 0.081344 0.498873
vt 0.073515 0.495293
vt 0.071733 0.493548
vt 0.150847 0.612602
vt 0.144891 0.587150
vt 0.136815 0.554353
vt 0.038733 0.652140
vt 0.005282 0.638177
vt 0.068218 0.659709
vt 0.090804 0.661631
vt 0.120596 0.664142
vt 0.165187 0.638089
vt 0.161140 0.644298
vt 0.148807 0.651148
vt 0.060654 0.474516
vt 0.071226 0.472588
vt 0.084003 0.470500
vt 0.138582 0.478031
vt 0.128134 0.476772
vt 0.114599 0.474442
vt 0.161570 0.480840
vt 0.194391 0.902143
vt 0.151257 0.916652
vt 0.150841 0.914850
vt 0.193695 0.900373
vt 0.198041 0.900766
vt 0.232128 0.980471
vt 0.230293 0.981067
vt 0.196252 0.901540
vt 0.228347 0.981427
vt 0.196986 0.899071
vt 0.217299 0.889211
vt 0.218271 0.890892
vt 0.229270 0.983472
vt 0.157346 0.988581
vt 0.157344 0.986367
vt 0.253505 0.972259
vt 0.254176 0.974272
vt 0.232679 0.982489
vt 0.105589 0.915276
vt 0.120684 0.917498
vt 0.120614 0.919335
vt 0.107965 0.917544
vt 0.105589 0.915354
vt 0.068605 0.913745
vt 0.049534 0.995933
vt 0.047535 0.995998
vt 0.066699 0.913405
vt 0.045598 0.995779
vt 0.064899 0.912881
vt 0.124210 0.917374
vt 0.147423 0.915407
vt 0.147370 0.917266
vt 0.124563 0.919173
vt 0.131572 0.988787
vt 0.129524 0.988874
vt 0.122573 0.919418
vt 0.127584 0.988874
vt 0.153557 0.987144
vt 0.153884 0.989143
vt 0.131562 0.991010
vt 0.155454 0.986817
vt 0.149361 0.917116
vt 0.107161 0.991338
vt 0.195569 0.900141
vt 0.230886 0.982622
vt 0.067174 0.911983
vt 0.068902 0.911857
vt 0.065890 0.911137
vt 0.048966 0.998112
vt 0.047352 0.997692
vt 0.045750 0.997959
vt 0.122412 0.917942
vt 0.129645 0.990620
vt 0.127918 0.991038
vt 0.149226 0.915656
vt 0.155595 0.988457
vt 0.089780 0.914526
vt 0.102311 0.916344
vt 0.092818 0.916001
vt 0.094172 0.921402
vt 0.100058 0.921414
vt 0.099241 0.987628
vt 0.087869 0.987801
vt 0.087333 0.916239
vt 0.080302 0.992733
vt 0.082370 0.994535
vt 0.082329 0.994866
vt 0.089780 0.917033
vt 0.091900 0.921144
vt 0.085623 0.987792
vt 0.082807 0.991873
vt 0.104715 0.991027
vt 0.101574 0.988171
vt 0.102281 0.921184
vt 0.105481 0.917792
vt 0.104911 0.993984
vt 0.104919 0.993656
vt 0.101910 0.992513
vt 0.085679 0.993265
vt 0.829044 0.979111
vt 0.826694 0.983139
vt 0.819042 0.975266
vt 0.823931 0.975085
vt 0.863529 0.985886
vt 0.864916 0.990382
vt 0.897235 0.980945
vt 0.903971 0.983545
vt 0.793178 0.894291
vt 0.797641 0.895625
vt 0.893205 0.976025
vt 0.898000 0.975303
vt 0.828405 0.895186
vt 0.831164 0.891196
vt 0.811910 0.896819
vt 0.809587 0.891500
vt 0.786814 0.886928
vt 0.792814 0.887481
vt 0.797106 0.880306
vt 0.797018 0.885333
vt 0.859072 0.977098
vt 0.930988 0.954445
vt 0.933150 0.963868
vt 0.924661 0.955076
vt 0.926615 0.949408
vt 0.939247 0.923327
vt 0.943597 0.927728
vt 0.942582 0.894867
vt 0.948410 0.893237
vt 0.936418 0.886646
vt 0.938433 0.881320
vt 0.867683 0.844499
vt 0.869535 0.838754
vt 0.862084 0.839282
vt 0.859050 0.831904
vt 0.865300 0.852909
vt 0.859179 0.853129
vt 0.856074 0.840606
vt 0.861034 0.841599
vt 0.861650 0.873703
vt 0.856069 0.875024
vt 0.932523 0.911816
vt 0.977210 0.933453
vt 0.965381 0.971440
vt 0.793613 0.984166
vt 0.800768 0.996898
vt 0.768340 0.904578
vt 0.977519 0.895386
vt 0.828448 0.868577
vt 0.829374 0.848508
vt 0.843435 0.826099
vt 0.838644 0.835437
vt 0.771182 0.892728
vt 0.692939 0.642063
vt 0.686133 0.624070
vt 0.691466 0.621575
vt 0.697051 0.638297
vt 0.698838 0.642387
vt 0.714205 0.659702
vt 0.709731 0.661812
vt 0.715701 0.634191
vt 0.717497 0.639393
vt 0.712589 0.618176
vt 0.718601 0.618127
vt 0.721006 0.633170
vt 0.722976 0.638227
vt 0.728111 0.653742
vt 0.722672 0.656126
vt 0.744347 0.628181
vt 0.745827 0.632725
vt 0.757727 0.624821
vt 0.758802 0.619625
vt 0.767224 0.623460
vt 0.764573 0.624779
vt 0.758739 0.628781
vt 0.750844 0.631602
vt 0.749387 0.627174
vt 0.764852 0.625636
vt 0.759745 0.630279
vt 0.765104 0.626557
vt 0.767211 0.625867
vt 0.768422 0.634168
vt 0.763969 0.633777
vt 0.760679 0.645377
vt 0.756599 0.642054
vt 0.760906 0.631774
vt 0.719214 0.685564
vt 0.727263 0.700650
vt 0.722100 0.702894
vt 0.713614 0.686287
vt 0.717386 0.681754
vt 0.728615 0.673278
vt 0.731271 0.677987
vt 0.770638 0.645366
vt 0.770405 0.651415
vt 0.760648 0.651206
vt 0.749293 0.640200
vt 0.753275 0.636751
vt 0.755905 0.653651
vt 0.744684 0.666115
vt 0.733435 0.669886
vt 0.753086 0.647733
vt 0.763100 0.654727
vt 0.758965 0.657714
vt 0.763387 0.661852
vt 0.766327 0.665791
vt 0.761781 0.669294
vt 0.758978 0.665264
vt 0.736084 0.675123
vt 0.758088 0.659936
vt 0.743463 0.686886
vt 0.739201 0.690987
vt 0.743508 0.619707
vt 0.748998 0.619170
vt 0.837276 0.642935
vt 0.821848 0.664392
vt 0.817234 0.662030
vt 0.831935 0.642603
vt 0.813576 0.641113
vt 0.815142 0.635769
vt 0.834232 0.637582
vt 0.808103 0.640141
vt 0.785796 0.634302
vt 0.787383 0.630080
vt 0.809899 0.635140
vt 0.808464 0.658072
vt 0.802980 0.655457
vt 0.793834 0.675955
vt 0.771145 0.665342
vt 0.772753 0.660192
vt 0.796763 0.671062
vt 0.801099 0.675009
vt 0.810798 0.685031
vt 0.808219 0.689813
vt 0.798035 0.679459
vt 0.775124 0.653797
vt 0.778144 0.648342
vt 0.781089 0.632721
vt 0.773649 0.628785
vt 0.775254 0.625064
vt 0.782943 0.628651
vt 0.782164 0.641285
vt 0.778432 0.637363
vt 0.772021 0.657857
vt 0.767947 0.654957
vt 0.771372 0.631746
vt 0.774979 0.642189
vt 0.772564 0.630214
vt 0.767264 0.624694
vt 0.767657 0.660654
vt 0.852483 0.651880
vt 0.838401 0.672392
vt 0.814359 0.689139
vt 0.830941 0.695611
vt 0.763063 0.660564
vt 0.176922 0.629873
vt 0.186047 0.607955
vt 0.183441 0.607456
vt 0.173951 0.631078
vt 0.205805 0.650020
vt 0.206634 0.647590
vt 0.232406 0.661791
vt 0.233196 0.659334
vt 0.251629 0.669234
vt 0.253010 0.667011
vt 0.282302 0.679873
vt 0.282243 0.676570
vt 0.289133 0.675561
vt 0.286479 0.673378
vt 0.300810 0.665881
vt 0.296457 0.665849
vt 0.276281 0.642869
vt 0.274296 0.644579
vt 0.256697 0.625707
vt 0.254420 0.627233
vt 0.229006 0.593602
vt 0.227387 0.595780
vt 0.211009 0.569188
vt 0.209171 0.570955
vt 0.188154 0.595884
vt 0.185613 0.595728
vt 0.207966 0.563565
vt 0.206059 0.565448
vt 0.185717 0.577886
vt 0.179873 0.542339
vt 0.177461 0.542937
vt 0.183321 0.579486
vt 0.200274 0.547490
vt 0.195879 0.535893
vt 0.193755 0.536887
vt 0.198431 0.549467
vt 0.193131 0.524277
vt 0.190828 0.524782
vt 0.179122 0.525285
vt 0.176576 0.524854
vt 0.181622 0.511211
vt 0.179281 0.510071
vt 0.192707 0.512891
vt 0.190208 0.513205
vt 0.188926 0.498432
vt 0.189645 0.494860
vt 0.263893 0.658547
vt 0.241809 0.642587
vt 0.214642 0.625311
vt 0.189130 0.499447
vt 0.306375 0.529434
vt 0.316147 0.564751
vt 0.318298 0.564776
vt 0.308009 0.527705
vt 0.285151 0.530706
vt 0.284898 0.532704
vt 0.317782 0.595044
vt 0.319962 0.596111
vt 0.321481 0.617241
vt 0.323692 0.618793
vt 0.321468 0.646777
vt 0.323508 0.649729
vt 0.315348 0.652271
vt 0.316896 0.655729
vt 0.306214 0.658546
vt 0.292560 0.631131
vt 0.292153 0.633640
vt 0.306197 0.662717
vt 0.282309 0.610058
vt 0.261492 0.571120
vt 0.260135 0.571875
vt 0.281603 0.611951
vt 0.239164 0.544416
vt 0.237379 0.544614
vt 0.236258 0.541193
vt 0.234366 0.541373
vt 0.227897 0.532463
vt 0.218306 0.525325
vt 0.216039 0.524966
vt 0.225801 0.532176
vt 0.210862 0.519479
vt 0.208306 0.519049
vt 0.203093 0.512231
vt 0.199930 0.511882
vt 0.193057 0.499196
vt 0.190066 0.498714
vt 0.193254 0.496806
vt 0.212011 0.506824
vt 0.209724 0.505327
vt 0.270438 0.529434
vt 0.270388 0.531436
vt 0.247439 0.522658
vt 0.227829 0.514550
vt 0.229271 0.516257
vt 0.247792 0.524368
vt 0.217426 0.509747
vt 0.219412 0.511426
vt 0.308815 0.627513
vt 0.300674 0.601497
vt 0.289764 0.568007
vt 0.195239 0.677211
vt 0.159382 0.665248
vt 0.226484 0.682827
vt 0.250121 0.683098
vt 0.281297 0.683430
vt 0.325679 0.652922
vt 0.321946 0.659690
vt 0.309643 0.667757
vt 0.204447 0.490801
vt 0.215295 0.487988
vt 0.228424 0.484839
vt 0.285762 0.488495
vt 0.274800 0.487984
vt 0.260545 0.486597
vt 0.309885 0.489657
vt 0.117317 0.854759
vt 0.119738 0.854102
vt 0.105719 0.800063
vt 0.103289 0.800372
vt 0.118702 0.859377
vt 0.117892 0.857102
vt 0.008759 0.889979
vt 0.009328 0.892290
vt 0.008516 0.887558
vt 0.121067 0.858273
vt 0.129336 0.885223
vt 0.131673 0.884219
vt 0.005704 0.888461
vt 0.010452 0.800124
vt 0.007526 0.799883
vt 0.006596 0.892741
vt 0.014890 0.919955
vt 0.017630 0.919356
vt 0.110550 0.744640
vt 0.110447 0.744632
vt 0.107271 0.747298
vt 0.103396 0.762578
vt 0.105815 0.762866
vt 0.116982 0.699551
vt 0.117659 0.697256
vt 0.010818 0.664687
vt 0.010665 0.667140
vt 0.118565 0.695112
vt 0.011338 0.662340
vt 0.105559 0.767195
vt 0.103140 0.767429
vt 0.102940 0.795548
vt 0.105390 0.795819
vt 0.103054 0.764966
vt 0.010456 0.765804
vt 0.010327 0.768320
vt 0.010687 0.763430
vt 0.007391 0.768062
vt 0.007196 0.795584
vt 0.009878 0.795404
vt 0.102902 0.798001
vt 0.010083 0.797762
vt 0.009866 0.738166
vt 0.119822 0.856421
vt 0.006634 0.890533
vt 0.119441 0.700122
vt 0.119480 0.697994
vt 0.120751 0.696517
vt 0.007853 0.666204
vt 0.008601 0.664275
vt 0.008439 0.662285
vt 0.105022 0.764933
vt 0.008134 0.765760
vt 0.007788 0.763600
vt 0.104847 0.797997
vt 0.007899 0.797754
vt 0.113426 0.725377
vt 0.111115 0.728932
vt 0.109530 0.740510
vt 0.103817 0.729993
vt 0.016839 0.714948
vt 0.015713 0.728884
vt 0.103101 0.737194
vt 0.111455 0.722194
vt 0.011224 0.705145
vt 0.008165 0.707389
vt 0.008598 0.707476
vt 0.110114 0.725100
vt 0.012062 0.708305
vt 0.017118 0.712201
vt 0.104430 0.727240
vt 0.010569 0.735208
vt 0.107239 0.744230
vt 0.103138 0.739940
vt 0.014717 0.731679
vt 0.007071 0.735166
vt 0.006639 0.735121
vt 0.009881 0.711666
vt 0.008940 0.731610
vt 0.969602 0.769669
vt 0.968492 0.775332
vt 0.970613 0.779116
vt 0.973730 0.769894
vt 0.963987 0.736805
vt 0.961000 0.739718
vt 0.942798 0.708754
vt 0.943471 0.715121
vt 0.916426 0.828212
vt 0.917178 0.832273
vt 0.938709 0.716799
vt 0.941218 0.720291
vt 0.899374 0.803552
vt 0.903638 0.804115
vt 0.908341 0.820454
vt 0.911598 0.816469
vt 0.913943 0.840272
vt 0.911952 0.835314
vt 0.908557 0.832866
vt 0.904555 0.834830
vt 0.955869 0.746789
vt 0.908910 0.699205
vt 0.906704 0.704693
vt 0.911966 0.703942
vt 0.915470 0.693688
vt 0.882729 0.700061
vt 0.881015 0.705273
vt 0.853567 0.710212
vt 0.857211 0.714151
vt 0.848199 0.722904
vt 0.853216 0.722340
vt 0.842476 0.794483
vt 0.847758 0.793621
vt 0.841311 0.805527
vt 0.845906 0.800149
vt 0.855358 0.792100
vt 0.848159 0.800040
vt 0.849382 0.804356
vt 0.858007 0.796841
vt 0.876542 0.790440
vt 0.873242 0.786571
vt 0.874652 0.715234
vt 0.908410 0.665193
vt 0.873652 0.671223
vt 0.987919 0.795582
vt 0.995072 0.784787
vt 0.935341 0.847711
vt 0.843490 0.686375
vt 0.866415 0.822227
vt 0.882625 0.814842
vt 0.843046 0.820195
vt 0.852352 0.820199
vt 0.924841 0.850261
vt 0.803248 0.709260
vt 0.807197 0.712621
vt 0.821989 0.705540
vt 0.819072 0.700904
vt 0.803628 0.714741
vt 0.786953 0.727033
vt 0.789416 0.730919
vt 0.808541 0.731619
vt 0.813135 0.729363
vt 0.814689 0.734141
vt 0.828296 0.730188
vt 0.827559 0.724645
vt 0.810248 0.736542
vt 0.793692 0.738323
vt 0.796519 0.743069
vt 0.817958 0.757000
vt 0.821982 0.755110
vt 0.826624 0.767073
vt 0.827452 0.773387
vt 0.828974 0.775682
vt 0.831544 0.767467
vt 0.823086 0.768464
vt 0.823492 0.759646
vt 0.819573 0.761501
vt 0.821819 0.769564
vt 0.826693 0.773744
vt 0.825872 0.774082
vt 0.819077 0.773866
vt 0.819229 0.778021
vt 0.826752 0.775948
vt 0.820573 0.770808
vt 0.810588 0.768017
vt 0.807992 0.772166
vt 0.766123 0.738522
vt 0.764810 0.733436
vt 0.750459 0.743182
vt 0.753125 0.747689
vt 0.769428 0.736396
vt 0.774504 0.748778
vt 0.778545 0.745784
vt 0.802607 0.772808
vt 0.803539 0.781838
vt 0.809148 0.781357
vt 0.811459 0.761060
vt 0.815101 0.764338
vt 0.799804 0.768713
vt 0.804942 0.765429
vt 0.782231 0.749842
vt 0.787008 0.759790
vt 0.796407 0.772004
vt 0.799640 0.775477
vt 0.793097 0.776563
vt 0.789439 0.772887
vt 0.786043 0.775938
vt 0.789800 0.779730
vt 0.794255 0.771451
vt 0.777703 0.752890
vt 0.763419 0.757595
vt 0.767695 0.761056
vt 0.830835 0.758366
vt 0.829707 0.753360
vt 0.819068 0.842584
vt 0.818759 0.837616
vt 0.799135 0.826284
vt 0.797486 0.830816
vt 0.823658 0.839158
vt 0.823133 0.821329
vt 0.818020 0.820499
vt 0.818286 0.815336
vt 0.823110 0.816417
vt 0.825186 0.795051
vt 0.821107 0.794073
vt 0.803560 0.812370
vt 0.801778 0.817734
vt 0.783586 0.806290
vt 0.788440 0.808430
vt 0.795707 0.785017
vt 0.790769 0.784125
vt 0.785296 0.812886
vt 0.780837 0.810571
vt 0.772452 0.821164
vt 0.777163 0.822993
vt 0.807266 0.788627
vt 0.801884 0.786469
vt 0.822024 0.789546
vt 0.825994 0.790789
vt 0.828419 0.783279
vt 0.824800 0.782225
vt 0.817433 0.787628
vt 0.814243 0.791525
vt 0.799986 0.779978
vt 0.797778 0.784072
vt 0.812581 0.784998
vt 0.821805 0.780465
vt 0.827840 0.775862
vt 0.823356 0.781389
vt 0.794694 0.780366
vt 0.792008 0.847016
vt 0.812563 0.857651
vt 0.773782 0.826753
vt 0.769718 0.842804
vt 0.794248 0.776115
vt 0.254497 0.774160
vt 0.251623 0.771586
vt 0.233956 0.741786
vt 0.251875 0.707676
vt 0.237098 0.746595
vt 0.283440 0.762061
vt 0.254990 0.704307
vt 0.186244 0.759754
vt 0.181802 0.757793
vt 0.160822 0.741550
vt 0.197739 0.768341
vt 0.213562 0.779019
vt 0.210033 0.775677
vt 0.236727 0.791854
vt 0.179990 0.769496
vt 0.175903 0.768000
vt 0.149884 0.772913
vt 0.192125 0.776881
vt 0.206545 0.788613
vt 0.203547 0.785442
vt 0.212864 0.814684
vt 0.141714 0.774794
vt 0.151429 0.779319
vt 0.143559 0.783846
vt 0.154013 0.817555
vt 0.174094 0.774363
vt 0.220389 0.834866
vt 0.130991 0.785356
vt 0.137507 0.820115
vt 0.214669 0.822902
vt 0.118783 0.787748
vt 0.206325 0.815904
vt 0.201505 0.792874
vt 0.197190 0.790034
vt 0.257176 0.782158
vt 0.159876 0.723239
vt 0.248248 0.778364
vt 0.167710 0.723226
vt 0.159193 0.738517
vt 0.240130 0.791947
vt 0.145067 0.735569
vt 0.281040 0.979640
vt 0.283249 0.982528
vt 0.353138 0.975650
vt 0.354741 0.972387
vt 0.355754 0.986595
vt 0.303964 0.977485
vt 0.316027 0.957074
vt 0.296983 0.960172
vt 0.264209 0.989206
vt 0.282130 0.988309
vt 0.302518 0.959418
vt 0.317698 0.974054
vt 0.282624 0.948948
vt 0.329733 0.956740
vt 0.331838 0.974742
vt 0.355002 0.986036
vt 0.347204 0.942592
vt 0.362537 0.937059
vt 0.352502 0.940982
vt 0.373114 0.978489
vt 0.355462 0.992314
vt 0.330532 0.979916
vt 0.329832 0.978777
vt 0.320468 0.978010
vt 0.315752 0.978474
vt 0.306717 0.981052
vt 0.284218 0.999325
vt 0.283446 0.993078
vt 0.306252 0.982305
vt 0.335309 0.956401
vt 0.205399 0.825031
vt 0.121178 0.823561
vt 0.178385 0.777174
vt 0.128608 0.775041
vt 0.248864 0.803399
vt 0.159861 0.718088
vt 0.279957 0.770233
vt 0.252691 0.784729
vt 0.188546 0.782335
vt 0.210937 0.837101
vt 0.160497 0.689163
vt 0.968671 0.686356
vt 0.931407 0.131749
vt 0.941877 0.422299
vt 0.937041 0.454037
vt 0.956433 0.637482
vt 0.946877 0.512883
vt 0.896285 0.150098
vt 0.939374 0.172315
vt 0.939175 0.188450
vt 0.919676 0.227958
vt 0.918238 0.179882
vt 0.889066 0.242201
vt 0.913862 0.278974
vt 0.919585 0.306084
vt 0.886268 0.280741
vt 0.892990 0.313762
vt 0.929582 0.333079
vt 0.933423 0.343650
vt 0.932995 0.359342
vt 0.932801 0.383339
vt 0.910853 0.350406
vt 0.967442 0.394438
vt 0.948776 0.362808
vt 0.949968 0.341579
vt 0.975783 0.364192
vt 0.971981 0.339669
vt 0.943017 0.323258
vt 0.958751 0.314274
vt 0.934918 0.301528
vt 0.950660 0.296718
vt 0.930722 0.277491
vt 0.936121 0.233710
vt 0.947615 0.275608
vt 0.951560 0.238498
vt 0.955646 0.193776
vt 0.955890 0.169651
vt 0.963518 0.196945
vt 0.947892 0.387439
vt 0.956581 0.423806
vt 0.924519 0.417358
vt 0.915503 0.379972
vt 0.950743 0.126780
vt 0.964334 0.169876
vt 0.952968 0.683069
vt 0.940650 0.644907
vt 0.957892 0.650213
vt 0.915027 0.618191
vt 0.914964 0.595940
vt 0.911314 0.565103
vt 0.940056 0.606260
vt 0.933433 0.565515
vt 0.915507 0.538350
vt 0.937124 0.543541
vt 0.944178 0.521509
vt 0.928512 0.508282
vt 0.945962 0.500302
vt 0.931167 0.484378
vt 0.980134 0.494848
vt 0.956896 0.477203
vt 0.958504 0.496944
vt 0.977975 0.514674
vt 0.968280 0.535542
vt 0.960234 0.513942
vt 0.962424 0.549931
vt 0.955321 0.528903
vt 0.960749 0.566989
vt 0.949625 0.546646
vt 0.947218 0.566100
vt 0.965268 0.596638
vt 0.976379 0.629563
vt 0.953048 0.601044
vt 0.970175 0.632393
vt 0.978018 0.651264
vt 0.950795 0.449438
vt 0.972335 0.470871
vt 0.944930 0.481044
vt 0.916364 0.465086
vt 0.971247 0.651752
vt 0.976829 0.686041
vt 0.238539 0.269630
vt 0.212707 0.276670
vt 0.209061 0.257588
vt 0.222023 0.254288
vt 0.185873 0.275807
vt 0.195845 0.257602
vt 0.164439 0.276436
vt 0.185088 0.258260
vt 0.150626 0.259446
vt 0.178057 0.249457
vt 0.145498 0.240969
vt 0.175257 0.239993
vt 0.257941 0.258232
vt 0.232011 0.248811
vt 0.266524 0.234621
vt 0.236605 0.236802
vt 0.208608 0.200087
vt 0.234430 0.203956
vt 0.220136 0.221243
vt 0.207051 0.219409
vt 0.182695 0.203455
vt 0.194080 0.220714
vt 0.161617 0.204379
vt 0.183404 0.221004
vt 0.149221 0.222225
vt 0.177213 0.230336
vt 0.254855 0.212541
vt 0.230608 0.225466
vt 0.205114 0.238701
vn -0.000000 0.993700 0.112076
vn 0.000000 0.999449 -0.033181
vn 0.541153 0.840833 -0.012402
vn 0.469081 0.875250 0.117900
vn 0.830091 0.557575 0.007742
vn 0.779966 0.612514 0.128372
vn 0.950808 0.309711 -0.006626
vn 0.926887 0.354930 0.122086
vn 0.570079 0.754418 -0.325368
vn 0.872334 0.423752 -0.243859
vn 0.952384 0.150935 -0.264921
vn 0.984827 0.165907 -0.050892
vn 0.943255 -0.009054 -0.331946
vn 0.934993 -0.119946 -0.333768
vn 0.993955 0.004301 -0.109708
vn 0.934676 -0.101961 -0.340565
vn 0.974709 -0.141261 -0.173170
vn 0.947565 -0.206636 -0.243766
vn 0.915501 -0.054742 -0.398574
vn 0.839234 -0.406806 -0.360826
vn 0.832287 -0.200613 -0.516771
vn 0.976816 0.184711 0.108226
vn 0.996472 0.028211 0.079049
vn 0.975215 -0.220914 0.012386
vn 0.862392 -0.498206 -0.089835
vn 0.665371 -0.724501 -0.179943
vn 0.599337 -0.768164 -0.225209
vn 0.627902 -0.740525 -0.239506
vn 0.992806 -0.116091 0.029318
vn 0.985134 0.098978 -0.140411
vn 0.453095 0.855597 0.250317
vn 0.726959 0.660186 0.188907
vn 0.949616 0.282536 0.135658
vn 0.931626 0.060667 0.358318
vn 0.499050 0.696663 0.515374
vn 0.237128 0.622849 0.745540
vn 0.570886 0.508538 0.644576
vn 0.730680 0.526515 0.434614
vn 0.865954 0.471757 0.166042
vn 0.677155 0.679601 0.282142
vn 0.286406 0.802405 0.523562
vn 0.872427 0.453802 0.181480
vn 0.999945 -0.003291 0.009962
vn 0.943823 0.292395 0.153957
vn 0.990496 -0.084392 0.108609
vn 0.966039 -0.256906 -0.027711
vn 0.874646 -0.484039 -0.026458
vn 0.909808 -0.412873 0.042260
vn 0.704481 -0.709603 0.013014
vn 0.718210 -0.695780 -0.008029
vn 0.540337 -0.841291 -0.016283
vn 0.612854 -0.788605 0.050123
vn 0.793766 -0.546562 0.266842
vn 0.282856 -0.958829 0.025307
vn 0.249488 -0.804447 0.539092
vn 0.100145 -0.994768 0.020181
vn 0.000444 -0.999995 -0.003123
vn -0.003287 -0.823169 0.567786
vn 0.976636 -0.178843 0.119153
vn 0.887563 -0.416884 0.196063
vn 0.904871 0.419472 0.072474
vn 0.785545 0.596562 0.164416
vn 0.432253 0.830147 0.352154
vn 0.897550 0.440128 0.026297
vn 0.970514 -0.234966 0.053797
vn 0.945995 -0.322308 0.034794
vn 0.890300 -0.451041 0.062672
vn 0.740734 -0.658806 0.131483
vn 0.570469 -0.799530 0.187928
vn 0.834930 0.533785 0.134035
vn 0.553297 0.780597 0.290741
vn 0.914165 0.391517 0.104960
vn 0.908919 0.409752 0.077260
vn 0.919614 0.378581 0.104820
vn 0.896017 0.437474 0.075957
vn 0.867764 0.492533 0.066314
vn 0.761548 0.603251 0.236926
vn -0.000000 0.899142 0.437656
vn -0.000000 0.784360 0.620306
vn 0.000000 0.920214 0.391415
vn 0.000000 0.819887 0.572526
vn 0.944730 -0.272059 0.182945
vn 0.872647 -0.440934 0.209916
vn 0.920726 -0.345238 0.181865
vn 0.916622 -0.367335 0.157699
vn 0.865099 -0.475841 0.158679
vn 0.725394 -0.661133 0.191589
vn 0.580498 -0.784195 0.219229
vn 0.393479 -0.891345 0.225118
vn 0.856401 -0.513717 -0.051690
vn 0.207800 -0.944732 0.253577
vn 0.492363 -0.686307 -0.535314
vn 0.001235 -0.959130 0.282965
vn -0.008430 -0.743524 -0.668657
vn 0.931165 -0.318307 0.177802
vn 0.868849 -0.447183 0.212437
vn 0.886161 -0.430682 0.170973
vn 0.882640 -0.448392 0.141037
vn 0.816082 -0.558721 0.147790
vn 0.676313 -0.717015 0.168789
vn 0.528255 -0.828723 0.184838
vn 0.381164 -0.900930 0.207460
vn 0.212805 -0.951009 0.224267
vn 0.000005 -0.971165 0.238407
vn 0.901894 -0.394223 0.176564
vn 0.827931 -0.514171 0.223961
vn 0.851781 -0.502016 0.149834
vn 0.850880 -0.510355 0.124666
vn 0.782928 -0.608391 0.129936
vn 0.835206 -0.507084 0.212832
vn 0.780487 -0.571199 0.254111
vn 0.813333 -0.552217 0.183157
vn 0.827050 -0.536823 0.166761
vn 0.757009 -0.631269 0.168632
vn 0.607714 -0.776203 0.167907
vn 0.641489 -0.750911 0.156923
vn 0.779180 -0.621317 0.082728
vn 0.836310 -0.537792 0.106607
vn 0.851845 -0.519237 -0.068948
vn 0.770051 -0.634120 -0.070098
vn 0.836393 -0.524429 -0.159439
vn 0.743055 -0.660132 -0.109979
vn 0.791304 -0.568603 -0.224787
vn 0.700006 -0.691835 -0.177075
vn 0.711161 -0.638795 -0.293584
vn 0.800007 -0.556049 -0.225387
vn 0.198031 -0.969444 0.144780
vn 0.358033 -0.919645 0.161445
vn 0.495526 -0.851616 0.170891
vn -0.000370 -0.990470 0.137727
vn 0.424601 -0.892109 0.154450
vn 0.258595 -0.958173 0.122613
vn 0.126369 -0.987524 0.093953
vn -0.000730 -0.996592 0.082490
vn 0.798085 -0.548682 -0.249017
vn 0.835137 -0.527778 -0.154909
vn 0.834171 -0.549885 -0.042253
vn 0.819430 -0.564927 0.096917
vn 0.691016 -0.641782 -0.332585
vn 0.803989 -0.594471 -0.014383
vn 0.771034 -0.622690 -0.133279
vn 0.818222 -0.564060 0.111129
vn 0.707287 -0.697484 0.115159
vn 0.642718 -0.766095 -0.003401
vn 0.522414 -0.847245 0.096226
vn 0.418234 -0.908328 -0.004445
vn 0.223966 -0.974416 -0.018756
vn 0.319494 -0.945606 0.061257
vn 0.095624 -0.994878 -0.032767
vn 0.159398 -0.986654 0.033255
vn 0.023954 -0.998736 -0.044185
vn 0.061798 -0.997984 0.014455
vn -0.000245 -0.998872 -0.047476
vn -0.001477 -0.999943 0.010586
vn 0.707163 -0.661287 -0.250241
vn 0.563983 -0.817748 -0.114942
vn 0.486347 -0.843738 -0.227097
vn 0.252183 -0.948795 -0.190242
vn 0.311835 -0.944863 -0.099961
vn 0.145180 -0.985217 -0.090938
vn 0.041226 -0.995489 -0.085454
vn -0.012784 -0.996487 -0.082764
vn 0.004283 -0.997118 -0.075744
vn 0.113762 -0.980074 -0.162829
vn 0.014912 -0.989257 -0.145422
vn -0.014048 -0.990429 -0.137309
vn 0.007373 -0.992301 -0.123634
vn 0.000768 -0.968293 -0.249818
vn 0.022779 -0.959906 -0.279394
vn 0.000009 -0.952248 -0.305326
vn -0.015007 -0.951775 -0.306431
vn 0.148740 -0.928589 -0.339998
vn 0.415543 -0.835828 -0.358770
vn 0.649149 -0.738957 -0.180411
vn 0.570081 -0.782389 -0.250751
vn 0.602311 -0.711661 -0.361607
vn 0.105778 -0.934077 -0.341046
vn 0.369395 -0.866279 -0.336317
vn 0.487306 -0.818082 -0.305409
vn 0.246614 0.817747 0.520069
vn 0.000000 0.960364 0.278749
vn 0.890945 0.452570 -0.037369
vn 0.750886 0.603890 0.267371
vn 0.862578 0.499002 -0.083404
vn 0.905683 0.423897 0.007038
vn 0.871145 0.291040 -0.395477
vn 0.987490 -0.123357 -0.098219
vn 0.966999 0.229645 -0.110346
vn 0.156856 0.976186 -0.149855
vn -0.000000 0.993564 -0.113276
vn 0.922962 0.379732 -0.062806
vn 0.800557 0.589812 -0.105977
vn 0.938768 0.337169 -0.070938
vn 0.930273 0.364643 -0.040347
vn 0.893963 0.437650 -0.096400
vn 0.699033 0.698261 -0.154220
vn -0.185894 0.926698 -0.326610
vn -0.000000 0.949178 -0.314739
vn 0.858512 0.506547 -0.079793
vn 0.605982 0.787149 -0.114819
vn 0.845968 0.528759 -0.068939
vn 0.568299 0.816206 -0.104141
vn 0.829806 0.554171 -0.065698
vn 0.490795 0.864666 -0.107115
vn 0.780539 0.620348 -0.076985
vn 0.416133 0.901305 -0.120345
vn 0.673373 0.736551 -0.063729
vn 0.321940 0.936904 -0.136255
vn 0.740956 0.669338 0.054504
vn 0.251799 0.960061 -0.121987
vn -0.592588 0.626913 -0.505786
vn 0.723609 0.634702 -0.271188
vn 0.681764 0.731298 -0.020024
vn 0.026480 0.600651 -0.799073
vn 0.682484 0.663410 -0.306761
vn 0.340003 0.249120 -0.906828
vn -0.507792 0.843323 -0.175937
vn 0.687458 0.723543 -0.062351
vn 0.721058 0.689246 -0.070819
vn -0.703384 0.708763 0.053913
vn 0.740716 0.670353 -0.044357
vn 0.532659 0.846309 -0.006029
vn 0.754300 0.626128 -0.197473
vn 0.489865 0.871012 -0.037012
vn 0.667089 0.712901 -0.216251
vn 0.946292 0.245535 -0.210343
vn 0.592142 0.739886 -0.319275
vn -0.497388 0.628520 0.597970
vn -0.208109 0.587176 0.782250
vn 0.230671 0.973026 0.003425
vn 0.000000 0.999565 0.029505
vn 0.000000 0.387086 0.922044
vn -0.615646 0.121932 -0.778533
vn -0.273294 0.061789 -0.959944
vn 0.000000 0.017529 -0.999846
vn 0.000000 0.044286 -0.999019
vn -0.218842 -0.100278 -0.970594
vn -0.320325 -0.499605 -0.804852
vn -0.115210 -0.918935 -0.377206
vn 0.000000 -0.029488 -0.999565
vn -0.000000 -0.492249 -0.870454
vn 0.000000 -0.928265 -0.371920
vn 0.403148 0.906573 0.124887
vn 0.168757 0.967881 0.186353
vn 0.382609 0.406082 -0.829884
vn 0.548384 0.105244 -0.829577
vn -0.000000 0.997802 -0.066261
vn 0.318930 0.944946 -0.073216
vn 0.308675 0.919761 -0.242404
vn 0.000000 0.974605 -0.223931
vn 0.704312 0.619307 -0.346992
vn 0.318123 0.852598 -0.414577
vn -0.000000 0.896320 -0.443408
vn 0.271133 -0.962369 0.018248
vn 0.477018 -0.878628 0.021604
vn 0.116256 -0.992947 0.023274
vn 0.000000 -0.999677 0.025418
vn 0.736511 -0.675736 0.030548
vn 0.976902 -0.155619 0.146445
vn 0.959443 0.255660 0.118772
vn 0.688607 0.725016 -0.013079
vn 0.298148 0.954413 -0.014275
vn 0.000000 0.999328 -0.036659
vn 0.129927 0.753743 0.644198
vn 0.332581 0.677716 0.655814
vn -0.000000 0.836231 0.548377
vn 0.526611 0.382460 0.759214
vn 0.652017 -0.028068 0.757685
vn 0.523722 -0.540054 0.658831
vn 0.375250 -0.797019 0.473231
vn 0.245985 -0.871819 0.423584
vn 0.104367 -0.911618 0.397568
vn 0.000000 -0.928131 0.372253
vn 0.194332 0.979905 -0.044951
vn 0.271461 0.961793 -0.035544
vn 0.602162 0.798327 -0.008716
vn 0.563155 0.825723 -0.032219
vn 0.994745 0.049495 0.089624
vn 0.997961 0.041236 0.048715
vn 0.868988 0.494074 0.027406
vn 0.875203 0.477765 0.075902
vn 0.872515 -0.484882 0.060057
vn 0.877102 -0.477003 0.056213
vn 0.612649 -0.789830 0.028811
vn 0.614540 -0.787141 0.052438
vn 0.337197 -0.941408 -0.007050
vn 0.365788 -0.929408 0.048986
vn 0.163536 -0.986488 -0.009829
vn 0.177582 -0.982790 0.050885
vn 0.000000 -0.999934 -0.011463
vn 0.000000 -0.998705 0.050883
vn 0.352782 0.934752 0.042242
vn 0.640028 0.763030 0.090270
vn 0.995902 -0.011056 0.089762
vn 0.886792 0.457732 0.063884
vn 0.863980 -0.490531 0.113660
vn 0.613058 -0.779359 0.129462
vn 0.379957 -0.914249 0.140647
vn 0.184356 -0.972238 0.144104
vn -0.000000 -0.989289 0.145972
vn 0.433380 0.896936 0.087680
vn 0.716920 0.675261 0.173345
vn 0.982159 -0.076788 0.171663
vn 0.913758 0.379554 0.144861
vn 0.843571 -0.500350 0.195033
vn 0.607699 -0.764739 0.214185
vn 0.383683 -0.895649 0.224945
vn 0.185141 -0.955802 0.228398
vn -0.000000 -0.973371 0.229234
vn 0.988721 -0.149511 0.008786
vn 0.960834 0.276942 -0.010065
vn 0.856246 -0.516235 0.018528
vn 0.632038 -0.773175 0.052227
vn 0.401992 -0.911739 0.084469
vn 0.191981 -0.975937 0.103391
vn -0.000000 -0.994434 0.105359
vn 0.000000 -0.994716 -0.102662
vn 0.194288 -0.975204 -0.105968
vn 0.404062 -0.905327 -0.130831
vn 0.629078 -0.756554 -0.178566
vn 0.831939 -0.499437 -0.241746
vn 0.941114 -0.180254 -0.286031
vn 0.932782 0.247091 -0.262418
vn 0.795262 0.552482 -0.249646
vn 0.829688 0.556084 0.048874
vn 0.568857 0.696746 -0.436975
vn 0.676801 0.703194 -0.217852
vn 0.853868 0.519836 -0.026067
vn 0.678560 0.652408 -0.337521
vn 0.302381 0.789161 -0.534594
vn 0.445913 0.797586 -0.406224
vn 0.000000 -0.637461 0.770483
vn 0.316843 -0.578636 0.751526
vn 0.313356 -0.393280 0.864372
vn 0.000000 -0.405613 0.914045
vn 0.483406 -0.106225 0.868928
vn 0.000000 -0.073777 0.997275
vn 0.495862 0.128084 0.858903
vn -0.000000 0.166239 0.986086
vn -0.000000 0.500299 0.865853
vn 0.507924 0.430173 0.746300
vn 0.000000 0.713407 0.700750
vn 0.487395 0.646532 0.586892
vn -0.000000 0.920677 0.390326
vn 0.358047 0.862653 0.357257
vn 0.529917 -0.747024 -0.401426
vn -0.476658 0.671789 -0.567006
vn -0.663026 0.508830 -0.549081
vn 0.729018 -0.563982 -0.387888
vn -0.787352 0.265227 -0.556535
vn 0.874422 -0.312061 -0.371490
vn -0.000000 -0.903639 -0.428294
vn -0.000001 0.826267 -0.563278
vn -0.264408 0.777093 -0.571152
vn 0.279820 -0.863040 -0.420550
vn 0.929391 -0.068954 -0.362600
vn -0.848695 0.073746 -0.523716
vn -0.823768 -0.118842 -0.554331
vn 0.920335 0.167608 -0.353400
vn -0.744906 -0.364932 -0.558516
vn 0.841255 0.401473 -0.362090
vn -0.658689 -0.533550 -0.530522
vn 0.720839 0.578988 -0.381004
vn -0.462397 -0.677183 -0.572375
vn 0.527374 0.756174 -0.387400
vn -0.245659 -0.800263 -0.547020
vn 0.296485 0.871815 -0.389917
vn 0.000000 -0.816826 -0.576884
vn 0.000000 0.920227 -0.391386
vn -0.510646 0.718569 -0.472123
vn -0.696004 0.540039 -0.473219
vn -0.843991 0.291302 -0.450359
vn 0.000003 0.864163 -0.503213
vn -0.274854 0.828450 -0.487981
vn -0.878877 0.080132 -0.470271
vn -0.886931 -0.119249 -0.446243
vn -0.805013 -0.394509 -0.443077
vn -0.688394 -0.557525 -0.463982
vn -0.512965 -0.742678 -0.430461
vn -0.265804 -0.851886 -0.451263
vn -0.000001 -0.904006 -0.427520
vn 0.000000 -0.015355 -0.999882
vn 0.310172 0.328769 -0.892023
vn 0.000000 0.518187 -0.855267
vn -0.000000 0.951585 -0.307386
vn 0.557415 0.730825 -0.393934
vn 0.824772 0.351991 -0.442553
vn 0.620156 -0.045071 -0.783183
vn 0.885894 0.130261 -0.445224
vn 0.693180 -0.304138 -0.653454
vn 0.963505 -0.005372 -0.267638
vn 0.722266 -0.326401 -0.609750
vn 0.999314 -0.036556 0.005981
vn 0.792856 -0.298005 -0.531576
vn 0.998633 0.010094 0.051290
vn 0.810679 -0.100808 -0.576747
vn 0.999992 0.003757 0.001195
vn 0.773249 0.106092 -0.625164
vn 0.949356 -0.243171 -0.198974
vn 0.566245 0.030925 -0.823657
vn 0.398608 -0.776932 -0.487328
vn 0.226683 -0.275389 -0.934225
vn 0.000000 -0.870602 -0.491988
vn 0.000000 -0.358239 -0.933630
vn 0.467582 -0.579509 -0.667485
vn -0.000000 -0.769800 -0.638285
vn -0.000000 0.774714 0.632311
vn 0.125416 0.746326 0.653658
vn 0.226992 0.967994 0.107059
vn 0.000000 0.990633 0.136551
vn 0.207426 0.619113 0.757412
vn 0.299551 0.353610 0.886132
vn 0.772931 0.492410 0.400137
vn 0.584403 0.761765 0.279619
vn 0.330742 0.033266 0.943135
vn 0.934812 -0.032059 0.353692
vn 0.240971 -0.261963 0.934510
vn 0.811264 -0.530600 0.245589
vn 0.092112 -0.295428 0.950914
vn 0.568530 -0.807635 0.156521
vn 0.032845 -0.045228 0.998437
vn 0.305870 -0.944761 0.117775
vn 0.001299 0.000508 0.999999
vn 0.144911 -0.983904 0.104567
vn 0.000000 0.029211 0.999573
vn -0.000000 -0.995427 0.095531
vn 0.000000 0.492968 0.870048
vn 0.149278 -0.781127 -0.606264
vn -0.000000 -0.806539 -0.591180
vn -0.000000 -0.941847 -0.336041
vn 0.208974 -0.915912 -0.342688
vn 0.401504 -0.817691 -0.412524
vn 0.314485 -0.728072 -0.609106
vn 0.615003 -0.636348 -0.465653
vn 0.508084 -0.570418 -0.645348
vn 0.849142 -0.346530 -0.398591
vn 0.613169 -0.289101 -0.735149
vn 0.918610 -0.048025 -0.392237
vn 0.657226 -0.052699 -0.751849
vn 0.895482 0.176959 -0.408409
vn 0.665873 0.145623 -0.731715
vn 0.802528 0.425698 -0.418007
vn 0.613556 0.411382 -0.674028
vn 0.608895 0.684607 -0.400700
vn 0.502120 0.602021 -0.620843
vn 0.413971 0.817027 -0.401367
vn 0.375623 0.682166 -0.627341
vn 0.218680 0.898395 -0.380874
vn 0.184186 0.720029 -0.669055
vn -0.000000 0.925831 -0.377937
vn -0.000000 0.736372 -0.676577
vn 0.172451 -0.889931 -0.422236
vn -0.000000 -0.907378 -0.420316
vn 0.359186 -0.826832 -0.432821
vn 0.574742 -0.652042 -0.494483
vn 0.715261 -0.374825 -0.589837
vn 0.755484 -0.084771 -0.649660
vn 0.753039 0.186235 -0.631069
vn 0.690743 0.479562 -0.541197
vn 0.583710 0.684290 -0.437070
vn 0.464803 0.775517 -0.427237
vn 0.242988 0.861074 -0.446664
vn -0.000000 -0.988681 0.150036
vn 0.233705 -0.965201 0.117345
vn 0.458254 -0.886524 0.063856
vn 0.750161 -0.660875 0.022427
vn 0.936270 -0.350560 0.022523
vn 0.996779 -0.050450 0.062339
vn 0.971628 0.223522 0.077316
vn 0.875219 0.478898 0.068177
vn 0.682809 0.722757 0.106739
vn 0.455249 0.876950 0.153969
vn 0.237691 0.951194 0.196806
vn -0.000000 0.982301 0.187310
vn 0.905051 0.421875 0.053899
vn 0.911825 0.407955 0.046353
vn 0.634063 -0.725245 0.268298
vn 0.579276 -0.776035 0.249416
vn 0.439847 -0.854332 0.276860
vn 0.950486 0.285011 0.123875
vn 0.409087 -0.865003 0.290546
vn 0.970606 0.215501 0.107156
vn 0.856896 0.375753 0.352901
vn 0.685692 -0.465891 0.559260
vn 0.474333 0.414979 0.776403
vn 0.459995 -0.139629 0.876874
vn 0.000000 0.547525 0.836789
vn 0.000001 0.206137 0.978523
vn 0.484234 -0.819495 0.306506
vn 0.960930 0.273496 0.042577
vn 0.536100 -0.839967 0.083977
vn 0.567465 -0.822485 -0.038767
vn 0.958384 0.278316 -0.063560
vn 0.953267 0.302125 -0.001559
vn 0.580096 -0.813604 -0.039204
vn 0.640842 -0.744151 -0.188575
vn 0.913135 -0.014111 -0.407413
vn 0.968786 0.120224 -0.216794
vn 0.921557 0.117480 -0.370042
vn 0.916557 0.398028 0.038698
vn 0.975932 -0.165788 -0.141674
vn 0.995752 -0.091972 0.004496
vn 0.615652 0.786628 -0.046795
vn 0.810245 0.562002 -0.166304
vn 0.585146 0.808137 -0.067220
vn 0.991331 -0.120724 0.051857
vn 0.853758 0.290972 -0.431779
vn 0.920217 -0.226065 -0.319524
vn 0.856707 0.307151 -0.414381
vn 0.000000 0.965003 0.262238
vn -0.000000 0.946559 -0.322531
vn -0.847761 0.509601 -0.146998
vn -0.811314 0.577599 -0.090275
vn 0.000000 0.987990 -0.154515
vn 0.000000 0.978939 -0.204155
vn -0.788003 0.609942 -0.083793
vn -0.797472 0.598107 -0.079409
vn 0.000000 0.991302 -0.131606
vn 0.000000 0.990690 -0.136138
vn -0.789162 0.607988 -0.087029
vn 0.000000 0.989909 -0.141704
vn -0.796452 0.596859 -0.097076
vn 0.000000 0.987028 -0.160552
vn -0.741071 0.661637 -0.114242
vn 0.000000 0.985419 -0.170148
vn -0.000000 0.973957 -0.226733
vn -0.783559 0.605140 -0.140858
vn -0.811267 0.527033 -0.253144
vn -0.000000 0.901285 -0.433226
vn -0.783410 0.563050 -0.263142
vn 0.000000 0.774936 -0.632040
vn -0.606639 0.785630 -0.121552
vn -0.649831 0.753071 -0.102970
vn -0.593141 0.798161 -0.105461
vn -0.620584 0.776254 -0.110927
vn -0.608921 0.783183 -0.125855
vn 0.067019 0.771476 -0.632719
vn -0.464114 0.800573 -0.379053
vn -0.915174 0.365698 -0.169475
vn -0.024406 0.746144 -0.665337
vn -0.000000 0.544610 -0.838690
vn 0.000000 0.695778 0.718256
vn -0.000000 -0.841366 -0.540465
vn 0.444501 -0.709897 -0.546319
vn 0.000000 0.913577 -0.406666
vn -0.000000 0.720799 0.693145
vn -0.859367 0.499960 -0.107373
vn -0.802139 0.517273 -0.298331
vn -0.858169 0.507634 0.076507
vn -0.697313 0.545065 0.465466
vn -0.321399 0.601464 0.731398
vn 0.000000 0.637395 0.770538
vn -0.527613 0.568393 -0.631311
vn -0.000000 0.572648 -0.819801
vn -0.863980 0.492061 -0.106839
vn -0.595519 0.791932 -0.134912
vn 0.387777 0.914303 -0.116954
vn 0.704161 0.708011 -0.053647
vn 0.036170 0.557580 0.829335
vn 0.294721 0.333363 -0.895550
vn -0.352078 0.313769 -0.881811
vn -0.444755 0.410612 0.795984
vn -0.736903 0.605245 -0.301086
vn -0.063876 0.395545 -0.916223
vn -0.967798 0.116484 -0.223158
vn 0.276627 0.653775 -0.704312
vn 0.353112 0.307791 -0.883502
vn 0.933200 -0.352655 0.069080
vn 0.990462 0.096660 -0.098189
vn -0.175681 0.928350 0.327570
vn -0.236681 0.592822 0.769769
vn -0.815718 0.571482 -0.089510
vn -0.974408 0.114327 0.193540
vn 0.911164 -0.288159 0.294525
vn 0.282169 0.366125 0.886754
vn 0.961847 0.127630 0.241996
vn -0.561637 0.815520 -0.139610
vn 0.454088 0.888303 0.068709
vn 0.748719 0.615807 0.245359
vn 0.607936 0.793141 0.036618
vn 0.351032 0.934353 -0.061323
vn 0.251014 0.967257 -0.037503
vn 0.972332 0.230429 -0.038391
vn 0.975536 0.219070 0.018389
vn 0.227955 0.973591 -0.012523
vn 0.566250 0.810897 -0.147671
vn 0.896818 0.199549 -0.394838
vn 0.970691 0.193047 0.143150
vn 0.148060 0.988613 0.026892
vn 0.657666 0.752455 0.035872
vn -0.404279 0.904870 -0.133297
vn -0.399279 0.701554 -0.590253
vn 0.352301 0.930097 -0.103943
vn 0.659634 0.751570 0.005090
vn -0.660038 0.748810 -0.060271
vn 0.690524 0.722273 0.038696
vn -0.599703 0.789696 -0.129372
vn 0.907252 0.258624 0.331674
vn 0.156570 0.858446 0.488421
vn 0.753864 0.646252 0.118522
vn -0.552775 0.803859 -0.219660
vn -0.402468 0.914755 -0.035241
vn 0.520150 0.853849 0.019636
vn 0.543764 0.240358 -0.804083
vn 0.236421 0.409926 -0.880946
vn 0.446661 0.894476 0.020175
vn 0.489704 0.695785 0.525427
vn 0.602114 0.785008 -0.145671
vn 0.848122 0.281525 0.448813
vn 0.307576 0.823849 0.476098
vn 0.758076 0.643947 -0.103216
vn 0.000000 0.999956 -0.009372
vn -0.000000 0.999348 -0.036106
vn -0.000000 0.999806 0.019675
vn 0.581993 0.788329 -0.199557
vn 0.678964 0.712082 -0.178736
vn -0.000000 0.875896 0.482500
vn 0.343136 0.896543 0.280122
vn 0.391618 0.877060 0.278211
vn 0.307103 0.888742 0.340332
vn 0.526414 0.744505 0.410609
vn 0.700744 0.602159 -0.382573
vn 0.465647 0.729670 -0.500754
vn 0.915483 0.363738 0.172006
vn -0.812173 0.572946 -0.110039
vn 0.000000 0.982026 -0.188744
vn 0.982674 0.177386 -0.053731
vn -0.117757 -0.992901 -0.016764
vn -0.198848 -0.979892 0.016448
vn 0.998078 0.034494 -0.051487
vn -0.222993 -0.972783 0.062980
vn 0.997041 -0.074676 -0.018263
vn -0.227304 -0.968770 0.099081
vn 0.952780 -0.302154 0.030229
vn -0.174816 -0.976558 0.125593
vn 0.928108 -0.368853 0.050632
vn -0.032164 -0.951832 0.304929
vn 0.971949 -0.182667 0.148150
vn 0.017080 -0.836633 0.547498
vn 0.955134 0.125164 0.268427
vn 0.000000 -0.999988 -0.004861
vn -0.000000 -0.999771 0.021393
vn -0.000000 -0.844454 0.535628
vn 0.000000 -0.994777 0.102077
vn 0.000000 -0.997761 0.066877
vn -0.000000 -0.957298 0.289105
vn -0.000000 -0.991999 0.126250
vn 0.728031 -0.567973 -0.383898
vn 0.524409 -0.752710 -0.398023
vn 0.871839 -0.319146 -0.371540
vn 0.275527 -0.871324 -0.406054
vn -0.000000 -0.911437 -0.411439
vn 0.917174 0.183512 -0.353716
vn 0.930279 -0.062399 -0.361508
vn 0.842521 0.404364 -0.355877
vn 0.726135 0.585862 -0.359851
vn 0.528582 0.765346 -0.367216
vn 0.295946 0.882113 -0.366461
vn 0.000000 0.929839 -0.367968
vn 0.000000 0.926946 -0.375194
vn 0.275361 0.878002 -0.391521
vn 0.514810 0.749345 -0.416478
vn 0.709169 0.562580 -0.424952
vn 0.809441 0.397968 -0.431771
vn 0.875079 0.198303 -0.441490
vn 0.895018 -0.067080 -0.440957
vn 0.844713 -0.313537 -0.433767
vn 0.712088 -0.550735 -0.435455
vn 0.514610 -0.740259 -0.432659
vn 0.259864 -0.869277 -0.420510
vn -0.000001 -0.913359 -0.407156
vn 0.000000 0.955737 -0.294222
vn 0.000000 0.572736 0.819740
vn 0.181254 0.593824 0.783913
vn 0.291872 0.899958 -0.323863
vn 0.000000 -0.554856 0.831947
vn -0.000001 -0.950612 -0.310382
vn 0.270935 -0.900449 -0.340275
vn 0.156598 -0.583943 0.796547
vn 0.615705 0.348189 0.706875
vn 0.828659 0.415596 -0.374971
vn 0.732309 0.573406 -0.367329
vn 0.503395 0.462732 0.729707
vn 0.724552 0.161664 0.669992
vn 0.896163 0.205825 -0.393101
vn 0.769276 -0.044002 0.637399
vn 0.918450 -0.078934 -0.387581
vn 0.353304 0.552435 0.754979
vn 0.537771 0.764252 -0.355979
vn 0.709836 -0.258530 0.655206
vn 0.872752 -0.320489 -0.368225
vn 0.571477 -0.459354 0.680005
vn 0.739905 -0.558934 -0.374343
vn 0.372809 -0.555264 0.743435
vn 0.538452 -0.759075 -0.365889
vn 0.173598 0.779581 -0.601762
vn 0.481591 0.795617 -0.367510
vn 0.976759 0.144096 0.158679
vn 0.969135 0.058822 0.239411
vn 0.579921 0.656874 -0.481880
vn 0.996691 0.062512 0.051947
vn 0.485537 0.860020 -0.156908
vn 0.860491 0.509025 -0.021169
vn 0.891418 0.451499 -0.039034
vn 0.867088 0.494114 -0.063325
vn 0.907254 0.368656 -0.202441
vn 0.912548 -0.362039 -0.190221
vn 0.968467 0.104469 -0.226182
vn 0.730581 0.329510 -0.598060
vn 0.439802 0.842488 -0.311109
vn 0.241578 0.948983 -0.202661
vn -0.000000 0.596273 -0.802782
vn -0.000000 0.973065 0.230532
vn -0.000000 0.984633 -0.174635
vn 0.243173 0.868600 0.431743
vn 0.965768 0.239854 0.098807
vn 0.976128 0.088650 0.198282
vn 0.435520 0.402392 0.805235
vn 0.261989 0.936917 0.231405
vn 0.975502 0.174083 0.134502
vn 0.245226 0.968444 0.044511
vn 0.979580 0.198115 0.034250
vn 0.155233 0.979793 -0.126129
vn 0.983006 0.172349 -0.063202
vn 0.988635 -0.119318 -0.091458
vn 0.470294 -0.766545 -0.437302
vn 0.544690 -0.549816 -0.633257
vn 0.963254 -0.171527 -0.206691
vn 0.986221 -0.162791 0.029466
vn 0.476317 -0.866718 -0.148062
vn 0.976354 -0.190616 0.101969
vn 0.484863 -0.873212 0.049086
vn 0.998215 -0.041732 -0.042724
vn 0.491797 -0.868720 0.058834
vn 0.974184 0.184203 -0.130515
vn 0.562278 0.393291 -0.727437
vn 0.329538 0.401208 -0.854656
vn 0.329616 0.175712 -0.927620
vn 0.254247 -0.670431 0.697051
vn 0.994422 0.094906 0.046019
vn 0.296468 -0.811411 0.503705
vn 0.004135 0.445093 0.895475
vn 0.005117 -0.668954 -0.743286
vn -0.000000 0.889083 0.457746
vn -0.000000 0.972896 0.231241
vn -0.000000 0.999355 0.035903
vn 0.000000 -0.859501 -0.511134
vn 0.000000 -0.974371 -0.224946
vn -0.000000 -0.999697 0.024610
vn 0.000000 -0.812273 0.583278
vn 0.000000 -0.702530 0.711655
vn -0.008729 0.994106 -0.108060
vn -0.000000 -0.996351 0.085353
vn 0.507576 -0.861023 0.031700
vn -0.137434 0.181465 -0.973747
vn 0.030308 -0.871494 0.489469
vn -0.469081 0.875250 0.117900
vn -0.541153 0.840833 -0.012402
vn -0.779966 0.612514 0.128372
vn -0.830091 0.557574 0.007742
vn -0.926887 0.354930 0.122086
vn -0.950808 0.309711 -0.006626
vn -0.570079 0.754418 -0.325368
vn -0.872334 0.423752 -0.243859
vn -0.952384 0.150934 -0.264921
vn -0.984827 0.165907 -0.050892
vn -0.943255 -0.009054 -0.331946
vn -0.993939 0.004608 -0.109833
vn -0.934993 -0.119946 -0.333769
vn -0.974595 -0.140250 -0.174629
vn -0.934676 -0.101961 -0.340565
vn -0.947294 -0.203758 -0.247219
vn -0.915501 -0.054742 -0.398574
vn -0.839338 -0.401839 -0.366112
vn -0.832287 -0.200613 -0.516772
vn -0.976816 0.184711 0.108226
vn -0.996478 0.028153 0.078989
vn -0.974616 -0.223534 0.012519
vn -0.863003 -0.497102 -0.090090
vn -0.671339 -0.717552 -0.185535
vn -0.608988 -0.758498 -0.231981
vn -0.984141 0.084423 -0.156011
vn -0.991559 -0.125815 0.031314
vn -0.640181 -0.726772 -0.248938
vn -0.453095 0.855597 0.250318
vn -0.931626 0.060666 0.358318
vn -0.949616 0.282536 0.135658
vn -0.726959 0.660186 0.188907
vn -0.499050 0.696663 0.515374
vn -0.730680 0.526515 0.434614
vn -0.570885 0.508538 0.644576
vn -0.237128 0.622849 0.745540
vn -0.677155 0.679601 0.282142
vn -0.865954 0.471757 0.166042
vn -0.286406 0.802405 0.523562
vn -0.872427 0.453802 0.181481
vn -0.999945 -0.003292 0.009962
vn -0.943823 0.292395 0.153957
vn -0.966039 -0.256906 -0.027711
vn -0.990496 -0.084392 0.108609
vn -0.874647 -0.484039 -0.026458
vn -0.909808 -0.412873 0.042260
vn -0.704481 -0.709603 0.013014
vn -0.718210 -0.695780 -0.008029
vn -0.819128 -0.500230 0.280712
vn -0.541310 -0.840750 -0.011068
vn -0.656490 -0.753112 0.042935
vn -0.281333 -0.959073 0.032099
vn -0.254858 -0.801230 0.541366
vn -0.101343 -0.994663 0.019377
vn -0.887563 -0.416884 0.196063
vn -0.976636 -0.178843 0.119153
vn -0.785545 0.596562 0.164416
vn -0.904871 0.419472 0.072474
vn -0.432253 0.830147 0.352155
vn -0.897550 0.440128 0.026297
vn -0.970513 -0.234968 0.053796
vn -0.945994 -0.322311 0.034790
vn -0.890302 -0.451039 0.062666
vn -0.740733 -0.658808 0.131482
vn -0.618027 -0.765506 0.179005
vn -0.873636 -0.484697 -0.042763
vn -0.553297 0.780597 0.290741
vn -0.834930 0.533785 0.134035
vn -0.914165 0.391517 0.104960
vn -0.908919 0.409752 0.077260
vn -0.919614 0.378581 0.104820
vn -0.896017 0.437474 0.075957
vn -0.867764 0.492533 0.066314
vn -0.761548 0.603251 0.236926
vn -0.944731 -0.272063 0.182937
vn -0.872556 -0.441099 0.209948
vn -0.920747 -0.345202 0.181828
vn -0.916628 -0.367330 0.157679
vn -0.865114 -0.475819 0.158666
vn -0.725388 -0.661140 0.191587
vn -0.592753 -0.776950 0.212115
vn -0.397961 -0.893605 0.207598
vn -0.210395 -0.945255 0.249455
vn -0.498677 -0.686992 -0.528549
vn -0.931319 -0.317982 0.177575
vn -0.868274 -0.448191 0.212661
vn -0.886591 -0.429915 0.170672
vn -0.883487 -0.446610 0.141385
vn -0.816126 -0.558259 0.149283
vn -0.674807 -0.718139 0.170032
vn -0.528082 -0.828814 0.184924
vn -0.381167 -0.900931 0.207448
vn -0.212789 -0.951014 0.224261
vn -0.826204 -0.516666 0.224594
vn -0.902453 -0.392987 0.176465
vn -0.852463 -0.500911 0.149651
vn -0.852393 -0.508036 0.123797
vn -0.782779 -0.608713 0.129329
vn -0.780731 -0.570836 0.254176
vn -0.835406 -0.506669 0.213035
vn -0.813864 -0.551434 0.183154
vn -0.827158 -0.536939 0.165854
vn -0.757018 -0.631689 0.167009
vn -0.607694 -0.776418 0.166982
vn -0.639268 -0.752780 0.157032
vn -0.779205 -0.621283 0.082750
vn -0.770051 -0.634120 -0.070098
vn -0.851844 -0.519238 -0.068947
vn -0.836321 -0.537773 0.106619
vn -0.836393 -0.524430 -0.159439
vn -0.743055 -0.660132 -0.109979
vn -0.700006 -0.691835 -0.177075
vn -0.791304 -0.568603 -0.224787
vn -0.800007 -0.556049 -0.225387
vn -0.711161 -0.638795 -0.293583
vn -0.357692 -0.919801 0.161319
vn -0.198058 -0.969473 0.144549
vn -0.495043 -0.851883 0.170961
vn -0.424067 -0.892370 0.154414
vn -0.257672 -0.958426 0.122579
vn -0.126507 -0.987503 0.093987
vn -0.798084 -0.548683 -0.249017
vn -0.835132 -0.527788 -0.154904
vn -0.834158 -0.549906 -0.042241
vn -0.819450 -0.564890 0.096956
vn -0.691016 -0.641783 -0.332584
vn -0.771027 -0.622701 -0.133267
vn -0.803977 -0.594487 -0.014356
vn -0.817745 -0.564663 0.111574
vn -0.642618 -0.766179 -0.003374
vn -0.707291 -0.697354 0.115917
vn -0.417778 -0.908538 -0.004590
vn -0.523323 -0.846653 0.096501
vn -0.222518 -0.974740 -0.019173
vn -0.318771 -0.945859 0.061113
vn -0.096497 -0.994797 -0.032668
vn -0.157777 -0.986931 0.032758
vn -0.025771 -0.998729 -0.043314
vn -0.062255 -0.997964 0.013880
vn -0.707165 -0.661288 -0.250233
vn -0.485800 -0.844084 -0.226982
vn -0.563500 -0.818082 -0.114939
vn -0.252877 -0.948605 -0.190268
vn -0.311658 -0.944931 -0.099871
vn -0.145220 -0.985268 -0.090323
vn -0.045407 -0.995352 -0.084925
vn 0.011255 -0.996604 -0.081567
vn -0.116114 -0.979875 -0.162368
vn -0.015525 -0.989281 -0.145196
vn 0.013146 -0.990318 -0.138196
vn -0.023341 -0.959759 -0.279852
vn 0.015013 -0.951770 -0.306444
vn -0.148792 -0.928590 -0.339974
vn -0.415354 -0.835954 -0.358695
vn -0.649149 -0.738957 -0.180411
vn -0.570081 -0.782389 -0.250751
vn -0.602312 -0.711660 -0.361608
vn -0.105775 -0.934075 -0.341051
vn -0.369384 -0.866282 -0.336320
vn -0.487306 -0.818082 -0.305409
vn -0.246614 0.817747 0.520069
vn -0.750886 0.603890 0.267371
vn -0.890945 0.452570 -0.037369
vn -0.862578 0.499002 -0.083404
vn -0.905683 0.423897 0.007038
vn -0.871145 0.291040 -0.395477
vn -0.966999 0.229645 -0.110346
vn -0.987490 -0.123357 -0.098219
vn -0.156856 0.976186 -0.149855
vn -0.800557 0.589812 -0.105977
vn -0.922962 0.379732 -0.062806
vn -0.930273 0.364643 -0.040347
vn -0.938768 0.337169 -0.070938
vn -0.699033 0.698261 -0.154220
vn -0.893963 0.437650 -0.096400
vn 0.185894 0.926698 -0.326610
vn -0.605982 0.787149 -0.114819
vn -0.858512 0.506547 -0.079793
vn -0.568299 0.816206 -0.104141
vn -0.845968 0.528759 -0.068939
vn -0.490795 0.864666 -0.107115
vn -0.829806 0.554171 -0.065698
vn -0.416133 0.901305 -0.120346
vn -0.780539 0.620348 -0.076985
vn -0.673373 0.736551 -0.063729
vn -0.321941 0.936904 -0.136255
vn -0.251799 0.960061 -0.121987
vn -0.740956 0.669338 0.054503
vn 0.592589 0.626912 -0.505786
vn 0.507792 0.843323 -0.175937
vn -0.687458 0.723543 -0.062351
vn -0.681764 0.731298 -0.020024
vn -0.026480 0.600651 -0.799073
vn -0.682484 0.663410 -0.306761
vn -0.340002 0.249120 -0.906828
vn 0.703384 0.708762 0.053913
vn -0.721058 0.689246 -0.070819
vn -0.532659 0.846309 -0.006030
vn -0.740716 0.670352 -0.044357
vn -0.754300 0.626128 -0.197472
vn -0.489865 0.871012 -0.037012
vn -0.667089 0.712901 -0.216251
vn -0.592142 0.739886 -0.319275
vn -0.946292 0.245535 -0.210343
vn 0.497388 0.628520 0.597970
vn 0.208109 0.587176 0.782250
vn -0.230671 0.973026 0.003425
vn 0.615646 0.121933 -0.778533
vn 0.273294 0.061789 -0.959944
vn 0.218842 -0.100278 -0.970594
vn 0.115211 -0.918935 -0.377206
vn 0.320326 -0.499605 -0.804852
vn -0.403148 0.906573 0.124887
vn -0.548384 0.105244 -0.829577
vn -0.382610 0.406082 -0.829884
vn -0.168757 0.967881 0.186353
vn -0.308675 0.919761 -0.242404
vn -0.318930 0.944946 -0.073216
vn -0.704312 0.619307 -0.346992
vn -0.318123 0.852598 -0.414577
vn -0.271133 -0.962369 0.018248
vn -0.477018 -0.878628 0.021604
vn -0.116256 -0.992947 0.023274
vn -0.736511 -0.675736 0.030548
vn -0.976902 -0.155619 0.146445
vn -0.921557 0.117480 -0.370041
vn -0.688607 0.725017 -0.013079
vn -0.959443 0.255661 0.118772
vn -0.298148 0.954413 -0.014275
vn -0.129927 0.753743 0.644198
vn -0.332580 0.677716 0.655814
vn -0.526611 0.382460 0.759214
vn -0.652017 -0.028068 0.757685
vn -0.523721 -0.540054 0.658831
vn -0.375250 -0.797019 0.473231
vn -0.245985 -0.871819 0.423584
vn -0.104367 -0.911618 0.397568
vn -0.194332 0.979905 -0.044951
vn -0.563155 0.825723 -0.032219
vn -0.602162 0.798327 -0.008716
vn -0.271461 0.961793 -0.035544
vn -0.994745 0.049495 0.089624
vn -0.875203 0.477765 0.075902
vn -0.868988 0.494074 0.027406
vn -0.997961 0.041236 0.048715
vn -0.872515 -0.484882 0.060057
vn -0.877102 -0.477003 0.056213
vn -0.612649 -0.789830 0.028811
vn -0.614540 -0.787141 0.052438
vn -0.337197 -0.941408 -0.007050
vn -0.365788 -0.929408 0.048986
vn -0.163536 -0.986488 -0.009828
vn -0.177582 -0.982790 0.050885
vn -0.640029 0.763030 0.090270
vn -0.352782 0.934752 0.042242
vn -0.886792 0.457732 0.063884
vn -0.995902 -0.011056 0.089762
vn -0.863980 -0.490531 0.113660
vn -0.613057 -0.779359 0.129462
vn -0.379957 -0.914249 0.140647
vn -0.184356 -0.972238 0.144104
vn -0.433380 0.896936 0.087680
vn -0.716920 0.675261 0.173344
vn -0.982159 -0.076788 0.171663
vn -0.913758 0.379554 0.144861
vn -0.843571 -0.500350 0.195033
vn -0.607699 -0.764739 0.214185
vn -0.383683 -0.895649 0.224945
vn -0.185141 -0.955802 0.228398
vn -0.960834 0.276942 -0.010065
vn -0.988721 -0.149511 0.008786
vn -0.856246 -0.516235 0.018528
vn -0.632038 -0.773175 0.052227
vn -0.401992 -0.911738 0.084469
vn -0.191981 -0.975937 0.103391
vn -0.194288 -0.975204 -0.105968
vn -0.404062 -0.905327 -0.130830
vn -0.629079 -0.756554 -0.178566
vn -0.831939 -0.499437 -0.241746
vn -0.941114 -0.180254 -0.286031
vn -0.932783 0.247090 -0.262417
vn -0.795262 0.552481 -0.249645
vn -0.829688 0.556084 0.048874
vn -0.568857 0.696746 -0.436975
vn -0.678560 0.652408 -0.337520
vn -0.853868 0.519836 -0.026067
vn -0.676800 0.703194 -0.217852
vn -0.302380 0.789161 -0.534594
vn -0.445912 0.797587 -0.406225
vn -0.313356 -0.393280 0.864372
vn -0.317785 -0.580078 0.750015
vn -0.483112 -0.106321 0.869079
vn -0.495565 0.128116 0.859070
vn -0.507793 0.430250 0.746345
vn -0.487376 0.646545 0.586893
vn -0.358047 0.862653 0.357257
vn -0.529916 -0.747025 -0.401426
vn -0.729018 -0.563982 -0.387888
vn 0.663028 0.508829 -0.549079
vn 0.476661 0.671788 -0.567005
vn -0.874422 -0.312061 -0.371490
vn 0.787353 0.265226 -0.556534
vn -0.279820 -0.863041 -0.420550
vn 0.264408 0.777093 -0.571152
vn -0.929391 -0.068954 -0.362600
vn -0.920335 0.167608 -0.353399
vn 0.823768 -0.118842 -0.554331
vn 0.848695 0.073746 -0.523716
vn -0.841255 0.401473 -0.362090
vn 0.744906 -0.364931 -0.558516
vn -0.720838 0.578989 -0.381004
vn 0.658689 -0.533550 -0.530522
vn -0.527374 0.756174 -0.387400
vn 0.462399 -0.677182 -0.572374
vn -0.296484 0.871815 -0.389917
vn 0.245662 -0.800262 -0.547020
vn 0.696004 0.540039 -0.473219
vn 0.510647 0.718568 -0.472123
vn 0.843991 0.291301 -0.450359
vn 0.274858 0.828449 -0.487981
vn 0.886931 -0.119249 -0.446243
vn 0.878877 0.080131 -0.470271
vn 0.805012 -0.394509 -0.443078
vn 0.688393 -0.557527 -0.463982
vn 0.512963 -0.742679 -0.430461
vn 0.265802 -0.851887 -0.451263
vn -0.310172 0.328769 -0.892023
vn -0.557415 0.730825 -0.393934
vn -0.620155 -0.045071 -0.783183
vn -0.824772 0.351991 -0.442553
vn -0.693179 -0.304138 -0.653455
vn -0.885894 0.130261 -0.445224
vn -0.722266 -0.326401 -0.609750
vn -0.963482 -0.005383 -0.267717
vn -0.792856 -0.298005 -0.531575
vn -0.999315 -0.036581 0.005666
vn -0.810679 -0.100808 -0.576747
vn -0.998647 0.010038 0.051030
vn -0.773249 0.106092 -0.625164
vn -0.999993 0.003657 0.000998
vn -0.566242 0.030925 -0.823659
vn -0.949356 -0.243171 -0.198974
vn -0.226680 -0.275389 -0.934225
vn -0.398607 -0.776932 -0.487328
vn -0.467582 -0.579509 -0.667486
vn -0.226992 0.967994 0.107059
vn -0.125416 0.746326 0.653658
vn -0.207426 0.619113 0.757412
vn -0.584403 0.761765 0.279619
vn -0.772932 0.492410 0.400137
vn -0.299551 0.353610 0.886132
vn -0.934812 -0.032059 0.353692
vn -0.330742 0.033266 0.943135
vn -0.811264 -0.530600 0.245589
vn -0.240971 -0.261963 0.934510
vn -0.568530 -0.807635 0.156522
vn -0.092111 -0.295428 0.950914
vn -0.305870 -0.944761 0.117775
vn -0.032845 -0.045228 0.998437
vn -0.144911 -0.983904 0.104567
vn -0.001299 0.000508 0.999999
vn -0.149278 -0.781128 -0.606264
vn -0.208974 -0.915912 -0.342688
vn -0.314485 -0.728072 -0.609106
vn -0.401504 -0.817691 -0.412524
vn -0.508084 -0.570418 -0.645348
vn -0.615003 -0.636348 -0.465653
vn -0.613169 -0.289101 -0.735150
vn -0.849142 -0.346530 -0.398591
vn -0.657226 -0.052699 -0.751849
vn -0.918610 -0.048025 -0.392237
vn -0.665872 0.145623 -0.731716
vn -0.895482 0.176959 -0.408409
vn -0.613556 0.411382 -0.674028
vn -0.802528 0.425698 -0.418008
vn -0.502120 0.602021 -0.620843
vn -0.608895 0.684607 -0.400700
vn -0.375624 0.682166 -0.627341
vn -0.413971 0.817027 -0.401367
vn -0.184186 0.720028 -0.669055
vn -0.218680 0.898395 -0.380874
vn -0.172452 -0.889931 -0.422236
vn -0.359186 -0.826832 -0.432820
vn -0.574742 -0.652042 -0.494482
vn -0.715261 -0.374825 -0.589837
vn -0.755484 -0.084771 -0.649660
vn -0.753040 0.186235 -0.631069
vn -0.690743 0.479562 -0.541197
vn -0.583710 0.684289 -0.437070
vn -0.464803 0.775517 -0.427237
vn -0.242988 0.861074 -0.446664
vn -0.233705 -0.965201 0.117345
vn -0.458254 -0.886524 0.063856
vn -0.750161 -0.660875 0.022427
vn -0.936269 -0.350560 0.022523
vn -0.996779 -0.050450 0.062339
vn -0.971628 0.223522 0.077316
vn -0.875219 0.478898 0.068178
vn -0.682810 0.722757 0.106739
vn -0.455250 0.876950 0.153969
vn -0.237691 0.951194 0.196806
vn -0.905051 0.421874 0.053899
vn -0.579277 -0.776035 0.249416
vn -0.634063 -0.725245 0.268298
vn -0.911825 0.407955 0.046353
vn -0.950486 0.285011 0.123875
vn -0.439847 -0.854332 0.276860
vn -0.970606 0.215501 0.107156
vn -0.409088 -0.865003 0.290546
vn -0.685692 -0.465891 0.559261
vn -0.856896 0.375753 0.352901
vn -0.459995 -0.139629 0.876875
vn -0.474332 0.414979 0.776403
vn -0.960930 0.273496 0.042577
vn -0.484234 -0.819495 0.306506
vn -0.536099 -0.839967 0.083977
vn -0.953267 0.302125 -0.001559
vn -0.958384 0.278316 -0.063560
vn -0.567465 -0.822485 -0.038767
vn -0.580096 -0.813604 -0.039204
vn -0.968786 0.120224 -0.216794
vn -0.913135 -0.014111 -0.407413
vn -0.640842 -0.744151 -0.188575
vn -0.916556 0.398028 0.038698
vn -0.975932 -0.165788 -0.141674
vn -0.810245 0.562002 -0.166304
vn -0.615652 0.786628 -0.046795
vn -0.995752 -0.091972 0.004496
vn -0.585146 0.808137 -0.067220
vn -0.991331 -0.120724 0.051857
vn -0.920217 -0.226065 -0.319524
vn -0.853758 0.290972 -0.431779
vn -0.856707 0.307151 -0.414381
vn 0.847761 0.509601 -0.146998
vn 0.811314 0.577599 -0.090275
vn 0.788003 0.609942 -0.083793
vn 0.797472 0.598107 -0.079409
vn 0.789162 0.607988 -0.087029
vn 0.796452 0.596859 -0.097076
vn 0.741071 0.661637 -0.114242
vn 0.811268 0.527032 -0.253143
vn 0.783559 0.605140 -0.140858
vn 0.783411 0.563049 -0.263142
vn 0.606640 0.785629 -0.121552
vn 0.649831 0.753071 -0.102970
vn 0.593142 0.798161 -0.105461
vn 0.620584 0.776254 -0.110927
vn 0.608921 0.783183 -0.125855
vn -0.067019 0.771476 -0.632719
vn 0.024405 0.746144 -0.665337
vn 0.915174 0.365698 -0.169475
vn 0.464115 0.800573 -0.379052
vn -0.444501 -0.709897 -0.546319
vn 0.802139 0.517273 -0.298331
vn 0.859367 0.499960 -0.107373
vn 0.858169 0.507634 0.076507
vn 0.697313 0.545065 0.465466
vn 0.321399 0.601464 0.731398
vn 0.527613 0.568393 -0.631311
vn 0.863980 0.492062 -0.106839
vn 0.595519 0.791932 -0.134912
vn -0.387777 0.914303 -0.116954
vn -0.704161 0.708011 -0.053647
vn -0.036170 0.557579 0.829335
vn 0.444760 0.410611 0.795982
vn 0.352079 0.313769 -0.881810
vn -0.294718 0.333363 -0.895550
vn 0.063877 0.395545 -0.916223
vn 0.736903 0.605245 -0.301085
vn 0.967798 0.116484 -0.223157
vn -0.933200 -0.352655 0.069080
vn -0.353111 0.307792 -0.883503
vn -0.276625 0.653776 -0.704312
vn -0.990462 0.096660 -0.098190
vn 0.815718 0.571482 -0.089510
vn 0.236684 0.592822 0.769768
vn 0.175682 0.928350 0.327570
vn 0.974408 0.114327 0.193540
vn -0.282168 0.366125 0.886755
vn -0.911164 -0.288159 0.294525
vn -0.961846 0.127630 0.241996
vn 0.561637 0.815520 -0.139610
vn -0.454088 0.888303 0.068709
vn -0.748719 0.615807 0.245359
vn -0.607936 0.793141 0.036618
vn -0.351032 0.934353 -0.061323
vn -0.251014 0.967257 -0.037503
vn -0.227955 0.973591 -0.012523
vn -0.975536 0.219070 0.018389
vn -0.972332 0.230428 -0.038391
vn -0.896819 0.199549 -0.394838
vn -0.566250 0.810897 -0.147671
vn -0.148060 0.988613 0.026892
vn -0.970691 0.193047 0.143150
vn -0.657666 0.752455 0.035872
vn -0.352299 0.930098 -0.103943
vn 0.399279 0.701554 -0.590252
vn 0.404279 0.904870 -0.133297
vn 0.660038 0.748810 -0.060271
vn -0.659634 0.751570 0.005090
vn 0.599703 0.789695 -0.129372
vn -0.690524 0.722273 0.038696
vn -0.156570 0.858446 0.488421
vn -0.907252 0.258624 0.331674
vn 0.552775 0.803859 -0.219660
vn -0.753864 0.646252 0.118522
vn 0.402467 0.914756 -0.035242
vn -0.543766 0.240357 -0.804082
vn -0.520150 0.853850 0.019636
vn -0.446660 0.894476 0.020175
vn -0.236422 0.409926 -0.880946
vn -0.489705 0.695784 0.525427
vn -0.848122 0.281524 0.448813
vn -0.602115 0.785008 -0.145671
vn -0.758075 0.643947 -0.103216
vn -0.307578 0.823849 0.476098
vn -0.678965 0.712082 -0.178736
vn -0.581993 0.788328 -0.199557
vn -0.343137 0.896543 0.280122
vn -0.391618 0.877060 0.278211
vn -0.307105 0.888741 0.340332
vn -0.526415 0.744505 0.410609
vn -0.700744 0.602160 -0.382573
vn -0.465648 0.729670 -0.500753
vn -0.915483 0.363738 0.172006
vn 0.812173 0.572946 -0.110039
vn -0.982673 0.177386 -0.053731
vn -0.998078 0.034494 -0.051487
vn 0.198848 -0.979892 0.016448
vn 0.117757 -0.992901 -0.016764
vn -0.997041 -0.074676 -0.018263
vn 0.222993 -0.972783 0.062980
vn -0.952780 -0.302154 0.030229
vn 0.227304 -0.968770 0.099081
vn -0.928108 -0.368852 0.050632
vn 0.174816 -0.976558 0.125593
vn -0.971949 -0.182666 0.148150
vn 0.032164 -0.951832 0.304929
vn -0.955134 0.125164 0.268426
vn -0.017080 -0.836633 0.547498
vn -0.524409 -0.752710 -0.398023
vn -0.728031 -0.567973 -0.383898
vn -0.871839 -0.319146 -0.371540
vn -0.275527 -0.871324 -0.406054
vn -0.917174 0.183512 -0.353716
vn -0.930279 -0.062399 -0.361508
vn -0.842521 0.404364 -0.355877
vn -0.726135 0.585863 -0.359851
vn -0.528582 0.765346 -0.367216
vn -0.295946 0.882113 -0.366461
vn -0.275361 0.878002 -0.391521
vn -0.514809 0.749345 -0.416478
vn -0.709169 0.562580 -0.424951
vn -0.809441 0.397968 -0.431772
vn -0.875078 0.198303 -0.441490
vn -0.895018 -0.067080 -0.440957
vn -0.844713 -0.313537 -0.433768
vn -0.712088 -0.550736 -0.435455
vn -0.514610 -0.740259 -0.432659
vn -0.259865 -0.869277 -0.420510
vn -0.291872 0.899958 -0.323863
vn -0.181254 0.593824 0.783913
vn -0.156596 -0.583943 0.796548
vn -0.270935 -0.900448 -0.340275
vn -0.615703 0.348189 0.706877
vn -0.503398 0.462732 0.729706
vn -0.732309 0.573406 -0.367329
vn -0.828659 0.415597 -0.374971
vn -0.896163 0.205825 -0.393101
vn -0.724550 0.161664 0.669994
vn -0.918450 -0.078934 -0.387581
vn -0.769278 -0.044001 0.637398
vn -0.353308 0.552434 0.754977
vn -0.537771 0.764252 -0.355979
vn -0.872752 -0.320489 -0.368225
vn -0.709837 -0.258529 0.655205
vn -0.739905 -0.558934 -0.374343
vn -0.571475 -0.459356 0.680007
vn -0.538452 -0.759075 -0.365889
vn -0.372808 -0.555264 0.743435
vn -0.173596 0.779581 -0.601762
vn -0.481591 0.795617 -0.367510
vn -0.579921 0.656874 -0.481880
vn -0.969135 0.058822 0.239412
vn -0.976759 0.144096 0.158679
vn -0.996691 0.062512 0.051947
vn -0.485536 0.860020 -0.156908
vn -0.860492 0.509025 -0.021169
vn -0.891417 0.451499 -0.039034
vn -0.867088 0.494114 -0.063325
vn -0.907254 0.368656 -0.202441
vn -0.912548 -0.362039 -0.190221
vn -0.730581 0.329509 -0.598060
vn -0.968467 0.104469 -0.226182
vn -0.439802 0.842488 -0.311109
vn -0.241578 0.948983 -0.202661
vn -0.723609 0.634703 -0.271189
vn -0.243173 0.868599 0.431743
vn -0.425585 0.368124 0.826657
vn -0.968394 0.036204 0.246786
vn -0.965768 0.239854 0.098807
vn -0.975502 0.174083 0.134502
vn -0.261989 0.936917 0.231406
vn -0.979580 0.198115 0.034250
vn -0.245226 0.968444 0.044512
vn -0.982440 0.176323 -0.061002
vn -0.180898 0.975993 -0.121300
vn -0.988635 -0.119318 -0.091458
vn -0.960109 -0.211253 -0.183202
vn -0.534105 -0.575053 -0.619715
vn -0.470294 -0.766545 -0.437302
vn -0.476317 -0.866718 -0.148062
vn -0.986221 -0.162791 0.029465
vn -0.484863 -0.873212 0.049086
vn -0.976354 -0.190616 0.101969
vn -0.491797 -0.868720 0.058834
vn -0.998444 -0.037242 -0.041514
vn -0.974237 0.186058 -0.127455
vn -0.540622 0.136222 -0.830163
vn -0.513186 0.358847 -0.779659
vn -0.666634 0.379669 -0.641444
vn -0.254247 -0.670431 0.697051
vn -0.296469 -0.811411 0.503705
vn -0.994978 0.087570 0.048482
vn -0.502998 -0.864226 0.010266
vn 0.000000 0.844921 -0.534891
vn 0.000000 0.768776 0.639518
vn -0.236072 0.709038 0.664481
vn -0.261666 0.800797 -0.538754
vn 0.261667 0.800797 -0.538753
vn 0.236073 0.709038 0.664481
vn -0.451187 0.525255 0.721483
vn -0.568181 0.609058 -0.553370
vn 0.568181 0.609058 -0.553370
vn 0.451187 0.525255 0.721483
vn 0.792541 0.319508 -0.519417
vn 0.602614 0.283654 0.745920
vn 0.859916 0.018074 -0.510116
vn 0.666437 0.090241 0.740080
vn 0.759950 -0.265191 -0.593422
vn 0.694057 -0.143887 0.705395
vn 0.608388 -0.485911 -0.627499
vn 0.638992 -0.436163 0.633602
vn 0.478854 -0.560726 -0.675489
vn 0.477487 -0.718069 0.506343
vn 0.359631 -0.641417 -0.677679
vn 0.285614 -0.837279 0.466249
vn 0.151131 -0.683127 -0.714491
vn 0.167678 -0.894103 0.415288
vn -0.000001 -0.685234 -0.728323
vn 0.000000 -0.920446 0.390870
vn -0.151131 -0.683127 -0.714491
vn -0.167677 -0.894103 0.415288
vn -0.359630 -0.641418 -0.677680
vn -0.285613 -0.837279 0.466249
vn -0.602613 0.283654 0.745920
vn -0.792540 0.319508 -0.519418
vn -0.666436 0.090241 0.740081
vn -0.859914 0.018074 -0.510119
vn -0.694108 -0.143946 0.705332
vn -0.759983 -0.265245 -0.593356
vn -0.639073 -0.436224 0.633477
vn -0.608460 -0.485959 -0.627391
vn -0.477541 -0.718083 0.506272
vn -0.478912 -0.560757 -0.675422
vn 0.357154 0.931716 0.065927
vn -0.000000 0.999230 0.039245
vn -0.000000 0.993895 0.110328
vn 0.352540 0.925942 0.135451
vn 0.332134 0.931188 0.150252
vn 0.644779 0.741865 0.184109
vn 0.702542 0.685948 0.189497
vn 0.698460 0.705861 0.117961
vn 0.905582 0.357950 0.227580
vn 0.910699 0.392641 0.128298
vn 0.909484 0.365754 0.197643
vn 0.988105 0.121185 0.094669
vn 0.982548 0.095389 0.159686
vn 0.980323 -0.015113 0.196819
vn 0.984170 -0.175249 0.026420
vn 0.972785 -0.216751 0.081900
vn 0.920251 -0.368779 0.130920
vn 0.850609 -0.525757 -0.006576
vn 0.861250 -0.503278 -0.070427
vn 0.736378 -0.674441 0.053637
vn 0.680560 -0.728879 -0.074657
vn 0.670394 -0.725046 -0.157735
vn 0.544998 -0.838424 -0.004833
vn 0.487561 -0.837871 -0.245473
vn 0.498468 -0.854144 -0.148219
vn 0.266222 -0.936841 -0.226836
vn 0.256578 -0.910634 -0.323904
vn 0.169796 -0.982581 -0.075523
vn 0.000000 -0.996503 -0.083559
vn 0.353874 -0.934011 -0.048951
vn -0.000000 0.988461 0.151473
vn -0.022325 -0.969450 -0.244272
vn -0.020881 -0.936969 -0.348788
vn -0.357155 0.931716 0.065927
vn -0.352540 0.925942 0.135451
vn -0.332134 0.931188 0.150252
vn -0.644779 0.741865 0.184109
vn -0.702542 0.685948 0.189497
vn -0.698460 0.705861 0.117961
vn -0.905582 0.357950 0.227580
vn -0.910699 0.392641 0.128298
vn -0.909484 0.365754 0.197643
vn -0.988105 0.121185 0.094669
vn -0.982548 0.095389 0.159686
vn -0.980323 -0.015113 0.196819
vn -0.984170 -0.175247 0.026421
vn -0.972785 -0.216751 0.081900
vn -0.920252 -0.368776 0.130922
vn -0.844679 -0.535167 -0.010666
vn -0.858843 -0.507451 -0.069876
vn -0.736377 -0.674442 0.053636
vn -0.658392 -0.750812 -0.052937
vn -0.662055 -0.733944 -0.151690
vn -0.544996 -0.838425 -0.004832
vn -0.479576 -0.847673 -0.226840
vn -0.468916 -0.878070 -0.095448
vn -0.271656 -0.944878 -0.182779
vn -0.272067 -0.914576 -0.299217
vn -0.169796 -0.982581 -0.075523
vn -0.353874 -0.934011 -0.048951
vn -0.737828 -0.660043 -0.141256
vn -0.533333 -0.822373 -0.198137
vn -0.933398 -0.354150 -0.057837
vn -0.999163 -0.020322 0.035509
vn -0.976306 0.194824 0.094184
vn -0.915978 0.383714 0.117250
vn -0.760853 0.640727 0.102822
vn -0.446533 0.893110 0.054438
vn -0.000000 0.999585 0.028815
vn 0.446533 0.893110 0.054438
vn 0.760853 0.640727 0.102822
vn 0.915978 0.383714 0.117251
vn 0.976306 0.194824 0.094184
vn 0.999163 -0.020209 0.035564
vn 0.932209 -0.357220 -0.058147
vn 0.744677 -0.651466 -0.145081
vn 0.529383 -0.824073 -0.201639
vn 0.166599 -0.936366 0.308971
vn 0.512944 -0.788273 0.339874
vn 0.736446 -0.310807 -0.600872
vn 0.708888 -0.316494 -0.630325
vn 0.756729 -0.354826 -0.549053
vn 0.800119 -0.380995 0.463305
vn 0.872573 -0.206195 -0.442831
vn 0.845166 0.010162 0.534407
vn 0.793026 0.223173 0.566837
vn 0.924045 0.027734 -0.381277
vn 0.705703 0.381463 0.597051
vn 0.885935 0.257239 -0.385938
vn 0.551864 0.568796 0.609850
vn 0.708289 0.550164 -0.442319
vn 0.353620 0.792489 -0.496904
vn 0.324569 0.740789 0.588122
vn 0.000002 0.827968 0.560775
vn 0.000001 0.844414 -0.535691
vn -0.324565 0.740788 0.588125
vn -0.353615 0.792490 -0.496907
vn -0.708288 0.550164 -0.442321
vn -0.551862 0.568796 0.609852
vn -0.705703 0.381462 0.597051
vn -0.885934 0.257240 -0.385940
vn -0.793026 0.223172 0.566836
vn -0.924045 0.027734 -0.381277
vn -0.845164 0.010170 0.534410
vn -0.872575 -0.206199 -0.442827
vn -0.744326 -0.418265 -0.520608
vn -0.809986 -0.346228 0.473338
vn -0.694620 -0.392864 -0.602629
vn -0.406513 -0.802705 0.436362
vn -0.054107 -0.894370 0.444043
vn -0.703611 -0.390306 -0.593796
vn 0.534183 -0.744787 -0.399926
vn 0.097435 -0.914972 -0.391577
vn 0.089070 -0.294225 -0.951577
vn 0.421389 -0.337521 -0.841730
vn -0.509159 -0.735821 -0.446459
vn -0.504660 -0.239584 -0.829408
vn -0.941782 -0.218318 -0.255701
vn -0.515099 -0.451745 -0.728422
vn 0.056661 -0.895486 0.441469
vn -0.116049 -0.457602 -0.881551
vn 0.031392 -0.957443 0.286911
vn 0.420461 -0.412631 -0.808052
vn 0.056048 -0.940887 0.334051
vn -0.075126 0.648294 -0.757675
vn 0.931327 -0.230484 -0.281970
vn 0.027101 -0.823440 0.566756
vn 0.807901 -0.529944 0.257788
vn 0.906797 0.163621 -0.388521
vn -0.064121 0.626212 -0.777011
vn -0.910768 0.179867 -0.371685
vn -0.791000 -0.552087 0.263665
vn 0.768606 -0.612176 0.185704
vn 0.014436 -0.920552 0.390353
vn 0.032854 -0.973241 0.227425
vn 0.796133 -0.604259 0.032302
vn 0.002251 0.876014 -0.482281
vn 0.903162 0.301472 -0.305635
vn 0.744098 0.545862 -0.385166
vn 0.007098 0.884656 -0.466190
vn -0.779093 -0.598057 0.187994
vn -0.905576 0.302548 -0.297316
vn -0.783104 0.503480 -0.365041
vn -0.795572 -0.603634 0.051876
vn 0.825400 -0.509347 0.243474
vn 0.852782 0.209354 -0.478471
vn 0.001537 -0.822532 0.568717
vn -0.022111 0.605103 -0.795840
vn -0.852473 0.243241 -0.462735
vn -0.832903 -0.499776 0.237691
vn 0.145573 0.970453 0.192430
vn 0.939381 -0.016691 0.342470
vn 0.931737 0.027590 -0.362083
vn 0.032895 0.999234 0.021189
vn 0.074380 0.963822 0.255958
vn 0.485172 -0.020881 0.874169
vn 0.051822 0.953572 0.296674
vn 0.417258 -0.039325 0.907937
vn 0.055419 0.924986 0.375937
vn 0.420742 0.003433 0.907174
vn 0.058225 0.850810 0.522238
vn 0.290293 0.067134 0.954580
vn -0.131702 0.970794 0.200532
vn -0.417067 0.272152 0.867173
vn -0.326470 0.944687 0.031364
vn -0.882421 0.147199 -0.446840
vn -0.230898 0.972848 -0.015884
vn -0.743920 0.159853 -0.648868
vn -0.191859 0.981072 -0.026223
vn -0.759686 0.106875 -0.641448
vn -0.100988 0.992997 -0.061303
vn -0.788322 0.058726 -0.612454
vn -0.067462 0.993817 -0.088182
vn -0.803809 0.018817 -0.594590
vn 0.997454 0.015457 0.069622
vn 0.100859 0.992325 -0.071547
vn -0.051969 0.988537 -0.141752
vn -0.784861 0.021831 -0.619287
vn 0.092329 0.991977 -0.086351
vn 0.957232 0.019039 0.288695
vn 0.903562 0.044025 0.426190
vn 0.085646 0.982395 -0.166025
vn -0.769847 -0.012815 -0.638100
vn -0.088888 0.974600 -0.205557
vn -0.051590 0.954686 -0.293111
vn -0.685678 -0.022199 -0.727567
vn 0.041709 0.885297 -0.463153
vn -0.500236 -0.006957 -0.865861
vn 0.783615 0.085415 0.615347
vn 0.186838 0.940193 -0.284832
vn 0.628692 0.136485 0.765584
vn 0.220981 0.929654 -0.294807
vn 0.066516 0.814896 -0.575778
vn -0.223639 -0.038759 -0.973901
vn 0.676836 0.103100 0.728879
vn 0.327601 0.930621 -0.163165
vn -0.091156 0.984301 0.151139
vn -0.076586 0.991401 0.106107
vn -0.029769 0.997498 0.064119
vn 0.074784 0.796452 -0.600059
vn 0.038704 -0.989147 0.141737
vn 0.944562 -0.094271 0.314510
vn 0.478345 -0.118091 0.870196
vn -0.061568 -0.977681 0.200871
vn -0.016354 -0.999217 0.036018
vn 0.930485 -0.058865 -0.361571
vn 0.402387 -0.164795 0.900515
vn -0.129993 -0.962552 0.237899
vn 0.412138 -0.203727 0.888053
vn -0.083653 -0.961228 0.262761
vn 0.304711 -0.168192 0.937477
vn 0.012165 -0.949048 0.314898
vn -0.405045 -0.260330 0.876451
vn -0.037002 -0.970411 0.238608
vn -0.204539 -0.970295 0.129198
vn -0.909437 -0.021888 -0.415265
vn -0.757777 0.014336 -0.652356
vn -0.103826 -0.980048 0.169486
vn -0.170156 -0.978962 0.112608
vn -0.759130 0.032361 -0.650134
vn -0.788409 -0.009643 -0.615076
vn -0.099045 -0.995082 0.001627
vn -0.803024 -0.032038 -0.595085
vn -0.095310 -0.994146 -0.050894
vn -0.786794 -0.062616 -0.614031
vn -0.087662 -0.994855 -0.050778
vn 0.009978 -0.988295 -0.152227
vn -0.766505 -0.086609 -0.636372
vn -0.688435 -0.117901 -0.715651
vn 0.140800 -0.955293 -0.259982
vn -0.499319 -0.170238 -0.849529
vn 0.264207 -0.898414 -0.350781
vn -0.181275 -0.332309 -0.925586
vn 0.342284 -0.859851 -0.378812
vn 0.216694 -0.333957 -0.917342
vn 0.316496 -0.859041 -0.402340
vn 0.357900 -0.869335 -0.340828
vn 0.604378 -0.002819 0.796693
vn 0.359348 -0.863603 -0.353637
vn 0.021773 -0.999716 -0.009720
vn 0.994389 -0.055975 0.089758
vn 0.943646 -0.050768 0.327041
vn 0.033881 -0.998200 -0.049480
vn 0.210575 -0.961856 -0.174618
vn 0.902189 -0.039877 0.429495
vn 0.306394 -0.903369 -0.300079
vn 0.792150 -0.014197 0.610161
vn -0.056066 -0.975949 0.210664
vn -0.131527 -0.975250 0.177732
vn -0.085794 -0.991814 0.094577
vn 0.010013 -0.999891 0.010857
vn 0.006122 -0.999929 -0.010206
vn 0.390624 -0.916124 -0.090164
vn 0.393200 -0.916491 -0.073743
vn 0.288372 -0.030581 0.957030
vn 0.271168 -0.029097 0.962092
vn 0.198725 -0.680659 0.705132
vn 0.200919 -0.716979 0.667512
vn -0.011147 -0.999780 0.017775
vn 0.652543 -0.020327 0.757479
vn 0.653636 0.016893 0.756620
vn 0.288319 0.030662 0.957044
vn -0.341197 -0.939953 -0.008568
vn -0.343017 -0.939036 -0.023442
vn -0.010822 -0.999858 -0.012952
vn 0.271132 0.029483 0.962091
vn -0.112048 0.019866 0.993504
vn -0.112312 -0.019124 0.993489
vn 0.397161 0.913923 -0.083714
vn 0.395314 0.912108 -0.108565
vn 0.007828 0.999379 -0.034366
vn 0.019612 0.993897 0.108552
vn 0.353642 0.932403 -0.074577
vn 0.013887 0.999596 0.024802
vn -0.004975 0.999289 0.037380
vn 0.196184 0.688823 0.697879
vn 0.200118 0.718649 0.665956
vn 0.376579 0.019837 -0.926172
vn 0.376415 -0.019771 -0.926240
vn 0.051236 -0.030968 -0.998206
vn 0.051147 0.031006 -0.998210
vn 0.031900 0.030074 -0.999039
vn 0.022275 0.676000 -0.736565
vn 0.035349 0.702895 -0.710415
vn -0.011241 0.998985 -0.043623
vn 0.031686 -0.029360 -0.999067
vn -0.337002 -0.015405 -0.941378
vn -0.336987 0.023671 -0.941212
vn 0.023798 -0.679462 -0.733324
vn 0.035416 -0.716778 -0.696401
vn -0.011502 0.994219 0.106754
vn 0.547705 -0.650431 0.526269
vn -0.152901 -0.685030 0.712289
vn 0.551784 0.668856 0.498162
vn 0.390919 0.918170 -0.064391
vn -0.346781 0.937945 0.001588
vn -0.149281 0.681539 0.716394
vn 0.354556 0.643702 -0.678187
vn -0.327976 0.638992 -0.695788
vn -0.362419 0.931225 -0.038383
vn 0.351454 -0.644497 -0.679046
vn -0.307941 -0.680859 -0.664533
vn 0.294186 0.953730 -0.062078
vn -0.959011 0.199875 0.200867
vn -0.958668 0.201589 0.200794
vn -0.162811 0.976766 -0.139359
vn -0.116844 0.979275 0.165435
vn 0.219063 0.964471 0.147673
vn 0.212754 0.960968 -0.176849
vn -0.000121 0.998071 -0.062086
vn -0.021377 0.998430 -0.051774
vn -0.335929 0.941721 -0.017692
vn -0.355249 0.934585 -0.018695
vn -0.357073 0.270155 -0.894156
vn -0.359780 0.254844 -0.897560
vn 0.224162 0.246647 -0.942824
vn 0.206196 0.286869 -0.935516
vn 0.412110 0.231312 0.881284
vn 0.399554 0.247137 0.882768
vn -0.141453 0.260245 0.955125
vn -0.153380 0.243372 0.957729
vn -0.362620 0.931742 -0.019078
vn -0.339216 0.940539 -0.017860
vn 0.969234 0.240990 0.050087
vn 0.965269 0.256452 0.049877
vn 0.333759 0.862463 0.380476
vn 0.605068 0.033689 0.795461
vn 0.997484 0.058932 0.039400
vn 0.260485 0.964675 0.039375
vn 0.192629 0.843586 0.501255
vn 0.386677 0.050642 0.920824
vn 0.031419 0.790962 0.611058
vn -0.002714 -0.003197 0.999991
vn 0.999407 0.027214 -0.021080
vn 0.326406 0.945225 -0.002986
vn -0.272777 0.961692 -0.027212
vn -0.951859 0.044775 -0.303248
vn -0.177248 0.982123 -0.063381
vn -0.897664 0.063271 -0.436116
vn 0.094311 0.995543 -0.000625
vn -0.538897 0.156875 -0.827635
vn 0.831774 -0.068978 -0.550812
vn 0.207610 0.808363 -0.550861
vn -0.683885 0.031656 -0.728903
vn -0.065523 0.846730 -0.527972
vn 0.023269 0.999372 0.026740
vn 0.043680 -0.940220 0.337754
vn 0.059371 -0.097455 0.993468
vn -0.946114 -0.093306 -0.310101
vn -0.230390 -0.958680 -0.166894
vn 0.179344 -0.960666 0.212030
vn 0.390722 -0.111930 0.913678
vn 0.303208 -0.928081 0.216172
vn 0.606434 -0.096599 0.789244
vn 0.184483 -0.981102 -0.058343
vn 0.982532 -0.185421 0.015835
vn 0.266257 -0.960330 -0.082910
vn 0.985412 -0.168125 -0.026404
vn 0.332021 -0.814137 -0.476386
vn 0.810212 -0.214956 -0.545298
vn 0.009831 -0.995114 -0.098246
vn -0.542376 -0.143726 -0.827751
vn -0.691668 -0.123971 -0.711496
vn -0.245866 -0.793850 -0.556195
vn -0.117128 -0.983580 -0.137304
vn -0.904867 -0.089382 -0.416204
vn 0.024414 -0.996464 -0.080391
vn 0.182753 -0.104858 -0.977551
vn 0.182319 0.104582 -0.977662
vn 0.859420 0.162464 0.484770
vn 0.859757 -0.161779 0.484403
vn 0.182971 -0.970898 -0.154526
vn 0.029319 -0.992363 -0.119814
vn 0.375435 -0.155912 -0.913641
vn 0.751060 -0.199383 0.629408
vn 0.091882 -0.975537 0.199714
vn 0.750891 0.199580 0.629548
vn 0.741937 0.247434 0.623142
vn 0.742432 -0.247084 0.622691
vn 0.033166 -0.966894 0.253014
vn -0.108538 -0.982818 0.149290
vn -0.077288 -0.990548 0.113319
vn 0.741114 -0.266666 0.616149
vn 0.033822 -0.972154 0.231891
vn 0.662012 -0.401795 0.632694
vn 0.661755 0.401484 0.633160
vn 0.554569 0.370428 0.745142
vn 0.549295 -0.384685 0.741817
vn 0.071687 -0.959655 0.271889
vn 0.107844 -0.968995 0.222301
vn 0.686854 -0.411766 0.598899
vn -0.097793 -0.860121 0.500629
vn -0.065794 -0.979992 0.187849
vn -0.842844 -0.334394 0.421657
vn -0.818863 0.387727 0.423239
vn -0.918944 0.384777 0.086542
vn -0.921964 -0.375694 0.094009
vn -0.790295 -0.563474 0.240688
vn -0.211513 -0.969800 0.121451
vn -0.231589 -0.960884 0.151883
vn -0.935070 -0.168766 -0.311708
vn -0.935355 0.168352 -0.311077
vn 0.558450 0.102499 -0.823182
vn 0.557532 -0.102338 -0.823823
vn 0.024336 -0.967144 -0.253061
vn -0.266558 -0.959694 0.089074
vn -0.960551 -0.259509 -0.099983
vn -0.859657 0.456984 0.228375
vn -0.457740 0.555219 0.694411
vn -0.471990 -0.634171 0.612416
vn -0.095294 -0.986207 0.135330
vn -0.046810 -0.993511 0.103658
vn -0.152823 -0.974917 0.161812
vn -0.372312 -0.928105 -0.002070
vn -0.238903 -0.965462 0.103961
vn -0.125832 -0.981828 0.142059
vn -0.366996 -0.304984 0.878805
vn -0.184017 -0.939973 0.287382
vn -0.864616 -0.242410 0.440087
vn -0.882078 0.183749 0.433791
vn -0.897372 0.306471 -0.317487
vn -0.912185 -0.239148 -0.332755
vn -0.911920 -0.287174 -0.293144
vn -0.393819 -0.919120 0.011179
vn -0.897968 0.322972 -0.298901
vn -0.973031 0.208710 -0.098243
vn 0.740821 0.266522 0.616563
vn 0.686810 0.411922 0.598843
vn 0.375498 0.154437 -0.913866
vn 0.029491 0.992262 -0.120610
vn 0.182745 0.970710 -0.155971
vn 0.091135 0.975466 0.200400
vn 0.032184 0.966458 0.254799
vn 0.033198 0.971731 0.233747
vn -0.078039 0.990360 0.114439
vn -0.109326 0.982473 0.150982
vn -0.366905 0.930259 0.000020
vn -0.284400 0.956309 0.067745
vn -0.244830 0.964043 0.103345
vn 0.025531 0.966762 -0.254399
vn -0.093366 0.976933 0.192054
vn -0.106334 0.983763 0.144581
vn 0.109658 0.968624 0.223029
vn 0.073045 0.959044 0.273677
vn -0.095791 0.985946 0.136876
vn -0.044522 0.993538 0.104400
vn -0.110590 0.967657 0.226736
vn -0.349168 0.273013 0.896407
vn -0.243418 0.957353 0.155637
vn -0.213343 0.972664 0.091702
vn -0.065717 0.979472 0.190568
vn -0.105209 0.853680 0.510060
vn -0.145573 0.970453 0.192430
vn -0.032895 0.999234 0.021189
vn -0.931737 0.027590 -0.362083
vn -0.939381 -0.016691 0.342470
vn -0.485172 -0.020881 0.874169
vn -0.074380 0.963822 0.255958
vn -0.417258 -0.039325 0.907937
vn -0.051822 0.953572 0.296674
vn -0.420742 0.003434 0.907174
vn -0.055419 0.924986 0.375937
vn -0.290293 0.067134 0.954580
vn -0.058225 0.850810 0.522238
vn 0.417066 0.272152 0.867173
vn 0.131702 0.970794 0.200531
vn 0.882420 0.147201 -0.446841
vn 0.326470 0.944687 0.031364
vn 0.743920 0.159853 -0.648868
vn 0.230898 0.972848 -0.015884
vn 0.759686 0.106875 -0.641448
vn 0.191859 0.981072 -0.026223
vn 0.788322 0.058725 -0.612454
vn 0.100988 0.992997 -0.061303
vn 0.803809 0.018817 -0.594590
vn 0.067462 0.993817 -0.088182
vn -0.100859 0.992325 -0.071547
vn -0.997454 0.015457 0.069622
vn 0.784861 0.021831 -0.619287
vn 0.051970 0.988537 -0.141752
vn -0.092329 0.991977 -0.086351
vn -0.085646 0.982395 -0.166025
vn -0.903562 0.044025 0.426190
vn -0.957232 0.019039 0.288695
vn 0.769847 -0.012815 -0.638100
vn 0.685677 -0.022199 -0.727567
vn 0.051590 0.954686 -0.293111
vn 0.088888 0.974600 -0.205557
vn 0.500235 -0.006957 -0.865862
vn -0.041709 0.885297 -0.463153
vn -0.186838 0.940193 -0.284832
vn -0.783615 0.085415 0.615347
vn -0.220981 0.929654 -0.294807
vn -0.628692 0.136485 0.765584
vn 0.223639 -0.038759 -0.973901
vn -0.066516 0.814896 -0.575778
vn -0.327600 0.930621 -0.163165
vn -0.676836 0.103100 0.728879
vn 0.091156 0.984301 0.151139
vn 0.076586 0.991401 0.106107
vn 0.029769 0.997498 0.064119
vn -0.074784 0.796452 -0.600059
vn -0.038704 -0.989147 0.141737
vn 0.061568 -0.977681 0.200871
vn -0.478345 -0.118091 0.870196
vn -0.944562 -0.094271 0.314509
vn -0.930485 -0.058865 -0.361571
vn 0.016354 -0.999217 0.036018
vn 0.129993 -0.962552 0.237899
vn -0.402387 -0.164795 0.900515
vn 0.083653 -0.961228 0.262761
vn -0.412138 -0.203727 0.888053
vn -0.012165 -0.949048 0.314898
vn -0.304711 -0.168192 0.937477
vn 0.037002 -0.970411 0.238608
vn 0.405045 -0.260331 0.876451
vn 0.204539 -0.970295 0.129198
vn 0.103826 -0.980048 0.169486
vn 0.757777 0.014337 -0.652356
vn 0.909437 -0.021886 -0.415265
vn 0.170156 -0.978962 0.112608
vn 0.099045 -0.995082 0.001627
vn 0.788409 -0.009643 -0.615076
vn 0.759130 0.032360 -0.650134
vn 0.095311 -0.994146 -0.050894
vn 0.803024 -0.032038 -0.595085
vn 0.087662 -0.994855 -0.050778
vn 0.786794 -0.062616 -0.614031
vn -0.009978 -0.988295 -0.152227
vn -0.140801 -0.955293 -0.259981
vn 0.688434 -0.117901 -0.715652
vn 0.766505 -0.086609 -0.636372
vn -0.264207 -0.898414 -0.350781
vn 0.499319 -0.170238 -0.849529
vn -0.342284 -0.859850 -0.378812
vn 0.181274 -0.332309 -0.925587
vn -0.316496 -0.859042 -0.402341
vn -0.216694 -0.333957 -0.917342
vn -0.357899 -0.869335 -0.340829
vn -0.359349 -0.863603 -0.353637
vn -0.604379 -0.002818 0.796692
vn -0.994389 -0.055975 0.089758
vn -0.021773 -0.999716 -0.009720
vn -0.943646 -0.050768 0.327041
vn -0.902189 -0.039876 0.429495
vn -0.210575 -0.961856 -0.174618
vn -0.033881 -0.998200 -0.049480
vn -0.792150 -0.014198 0.610161
vn -0.306395 -0.903369 -0.300079
vn 0.056066 -0.975949 0.210664
vn 0.131527 -0.975250 0.177732
vn 0.085794 -0.991814 0.094577
vn -0.010013 -0.999891 0.010857
vn -0.393200 -0.916491 -0.073743
vn -0.390624 -0.916124 -0.090164
vn -0.006122 -0.999929 -0.010206
vn -0.288372 -0.030581 0.957030
vn -0.200919 -0.716979 0.667512
vn -0.198726 -0.680659 0.705132
vn -0.271168 -0.029097 0.962092
vn 0.011147 -0.999780 0.017775
vn -0.652542 -0.020327 0.757480
vn -0.288319 0.030662 0.957044
vn -0.653635 0.016892 0.756622
vn 0.341197 -0.939953 -0.008568
vn 0.010822 -0.999858 -0.012952
vn 0.343018 -0.939036 -0.023442
vn 0.112314 -0.019124 0.993489
vn 0.112050 0.019867 0.993504
vn -0.271132 0.029483 0.962091
vn -0.397161 0.913923 -0.083715
vn -0.353643 0.932403 -0.074578
vn -0.019612 0.993897 0.108552
vn -0.007828 0.999379 -0.034366
vn -0.395314 0.912108 -0.108565
vn -0.013887 0.999596 0.024802
vn -0.200118 0.718648 0.665956
vn -0.196184 0.688823 0.697879
vn 0.004975 0.999289 0.037380
vn -0.376581 0.019837 -0.926171
vn -0.051147 0.031006 -0.998210
vn -0.051236 -0.030968 -0.998206
vn -0.376418 -0.019771 -0.926239
vn -0.035349 0.702895 -0.710414
vn -0.022274 0.676000 -0.736565
vn -0.031900 0.030074 -0.999039
vn 0.011241 0.998985 -0.043623
vn 0.336986 0.023671 -0.941212
vn 0.337001 -0.015405 -0.941378
vn -0.031686 -0.029360 -0.999067
vn -0.035416 -0.716778 -0.696401
vn -0.023797 -0.679462 -0.733324
vn 0.011502 0.994219 0.106754
vn -0.547704 -0.650430 0.526271
vn 0.152900 -0.685029 0.712289
vn -0.390918 0.918170 -0.064391
vn -0.551786 0.668856 0.498161
vn 0.346782 0.937944 0.001588
vn 0.149282 0.681540 0.716393
vn -0.354554 0.643702 -0.678188
vn 0.327980 0.638993 -0.695785
vn 0.362419 0.931225 -0.038383
vn -0.351457 -0.644498 -0.679044
vn 0.307943 -0.680858 -0.664532
vn -0.294186 0.953730 -0.062079
vn 0.958668 0.201587 0.200794
vn 0.959011 0.199874 0.200867
vn 0.162811 0.976766 -0.139359
vn -0.212754 0.960968 -0.176849
vn -0.219063 0.964471 0.147673
vn 0.116844 0.979275 0.165435
vn 0.000121 0.998071 -0.062086
vn 0.021377 0.998430 -0.051774
vn 0.355249 0.934585 -0.018695
vn 0.335930 0.941721 -0.017692
vn 0.357073 0.270155 -0.894156
vn -0.206196 0.286870 -0.935515
vn -0.224162 0.246647 -0.942824
vn 0.359780 0.254844 -0.897560
vn -0.412110 0.231312 0.881283
vn 0.153380 0.243372 0.957729
vn 0.141454 0.260245 0.955125
vn -0.399554 0.247137 0.882768
vn 0.339216 0.940539 -0.017860
vn 0.362619 0.931742 -0.019078
vn -0.965269 0.256453 0.049877
vn -0.969234 0.240990 0.050087
vn -0.333759 0.862463 0.380476
vn -0.260485 0.964675 0.039374
vn -0.997484 0.058932 0.039400
vn -0.605068 0.033688 0.795461
vn -0.386677 0.050642 0.920824
vn -0.192629 0.843586 0.501255
vn 0.002713 -0.003197 0.999991
vn -0.031419 0.790962 0.611058
vn -0.326406 0.945225 -0.002986
vn -0.999407 0.027214 -0.021080
vn 0.951859 0.044775 -0.303248
vn 0.272777 0.961692 -0.027212
vn 0.897664 0.063271 -0.436116
vn 0.177248 0.982123 -0.063381
vn 0.538897 0.156875 -0.827635
vn -0.094311 0.995543 -0.000625
vn -0.831774 -0.068978 -0.550812
vn -0.207610 0.808363 -0.550861
vn 0.065523 0.846731 -0.527971
vn 0.683885 0.031656 -0.728903
vn -0.023269 0.999372 0.026740
vn -0.043680 -0.940220 0.337754
vn 0.230390 -0.958680 -0.166894
vn 0.946114 -0.093306 -0.310101
vn -0.059371 -0.097455 0.993468
vn -0.390722 -0.111930 0.913678
vn -0.179344 -0.960666 0.212030
vn -0.606434 -0.096599 0.789244
vn -0.303208 -0.928081 0.216172
vn -0.982532 -0.185421 0.015835
vn -0.184484 -0.981102 -0.058343
vn -0.985412 -0.168125 -0.026404
vn -0.266257 -0.960330 -0.082910
vn -0.810212 -0.214956 -0.545298
vn -0.332021 -0.814137 -0.476386
vn -0.009831 -0.995114 -0.098246
vn 0.245866 -0.793849 -0.556195
vn 0.691668 -0.123971 -0.711496
vn 0.542376 -0.143726 -0.827751
vn 0.904867 -0.089382 -0.416204
vn 0.117128 -0.983580 -0.137304
vn -0.024414 -0.996464 -0.080391
vn -0.182753 -0.104858 -0.977551
vn -0.859757 -0.161779 0.484403
vn -0.859420 0.162464 0.484770
vn -0.182319 0.104582 -0.977662
vn -0.182971 -0.970898 -0.154525
vn -0.375435 -0.155912 -0.913641
vn -0.029319 -0.992363 -0.119814
vn -0.091882 -0.975537 0.199714
vn -0.751060 -0.199383 0.629409
vn -0.742432 -0.247084 0.622691
vn -0.741937 0.247434 0.623142
vn -0.750891 0.199580 0.629548
vn -0.033166 -0.966894 0.253013
vn 0.077288 -0.990548 0.113319
vn 0.108538 -0.982818 0.149290
vn -0.033822 -0.972154 0.231891
vn -0.741114 -0.266666 0.616149
vn -0.662012 -0.401795 0.632693
vn -0.549296 -0.384681 0.741818
vn -0.554570 0.370428 0.745141
vn -0.661754 0.401485 0.633160
vn -0.071687 -0.959655 0.271889
vn -0.686854 -0.411766 0.598899
vn -0.107843 -0.968996 0.222300
vn 0.065794 -0.979992 0.187849
vn 0.097793 -0.860121 0.500628
vn 0.842844 -0.334396 0.421656
vn 0.921963 -0.375696 0.094009
vn 0.918944 0.384776 0.086542
vn 0.818862 0.387728 0.423239
vn 0.231589 -0.960884 0.151882
vn 0.211512 -0.969800 0.121450
vn 0.790294 -0.563476 0.240687
vn 0.935070 -0.168765 -0.311708
vn -0.557532 -0.102337 -0.823824
vn -0.558450 0.102500 -0.823182
vn 0.935355 0.168352 -0.311077
vn -0.024335 -0.967144 -0.253061
vn 0.960552 -0.259508 -0.099982
vn 0.266559 -0.959694 0.089074
vn 0.471989 -0.634172 0.612415
vn 0.457740 0.555217 0.694412
vn 0.859658 0.456983 0.228375
vn 0.095294 -0.986207 0.135330
vn 0.046810 -0.993511 0.103658
vn 0.152822 -0.974917 0.161811
vn 0.125832 -0.981828 0.142059
vn 0.238904 -0.965462 0.103961
vn 0.372311 -0.928106 -0.002070
vn 0.184016 -0.939974 0.287380
vn 0.366996 -0.304985 0.878805
vn 0.864616 -0.242409 0.440087
vn 0.912186 -0.239147 -0.332756
vn 0.897372 0.306472 -0.317487
vn 0.882078 0.183752 0.433791
vn 0.393818 -0.919121 0.011178
vn 0.911920 -0.287172 -0.293144
vn 0.973030 0.208711 -0.098243
vn 0.897968 0.322973 -0.298901
vn -0.686809 0.411924 0.598842
vn -0.740821 0.266522 0.616563
vn -0.182745 0.970710 -0.155971
vn -0.029491 0.992262 -0.120610
vn -0.375498 0.154437 -0.913866
vn -0.091135 0.975466 0.200400
vn -0.032184 0.966458 0.254799
vn -0.033198 0.971731 0.233747
vn 0.109326 0.982473 0.150982
vn 0.078039 0.990360 0.114439
vn 0.284400 0.956309 0.067745
vn 0.366904 0.930259 0.000020
vn 0.244830 0.964043 0.103345
vn -0.025531 0.966762 -0.254399
vn 0.106334 0.983763 0.144581
vn 0.093366 0.976933 0.192054
vn -0.109658 0.968625 0.223029
vn -0.073045 0.959044 0.273677
vn 0.044522 0.993538 0.104401
vn 0.095791 0.985946 0.136876
vn 0.349167 0.273015 0.896407
vn 0.110589 0.967657 0.226736
vn 0.213343 0.972664 0.091702
vn 0.243418 0.957353 0.155638
vn 0.105208 0.853681 0.510059
vn 0.065717 0.979472 0.190568
vn 0.190162 -0.528046 0.827651
vn 0.990260 0.132161 0.043793
vn 0.946847 0.251385 -0.200714
vn -0.000000 -0.555361 0.831609
vn -0.989355 0.138543 0.044526
vn -0.190162 -0.528046 0.827651
vn -0.939631 0.272272 -0.207272
vn 0.231164 -0.330240 0.915153
vn 0.990466 0.135323 0.025776
vn 0.946246 0.159335 -0.281481
vn 0.000000 -0.388754 0.921341
vn -0.990466 0.135324 0.025776
vn -0.231165 -0.330239 0.915153
vn -0.946246 0.159336 -0.281480
vn 0.151307 0.498761 -0.853431
vn 0.527860 -0.842468 -0.107760
vn 0.081020 -0.980019 -0.181654
vn 0.024281 -0.964363 0.263468
vn 0.558591 -0.829138 0.022524
vn 0.000000 0.522165 -0.852845
vn -0.000000 -0.991610 -0.129266
vn 0.000000 -0.978469 0.206394
vn -0.151307 0.498761 -0.853431
vn -0.081020 -0.980019 -0.181654
vn -0.527860 -0.842468 -0.107760
vn -0.558591 -0.829138 0.022524
vn -0.024281 -0.964363 0.263467
vn 0.065889 0.958301 -0.278062
vn 0.879610 0.338905 -0.333810
vn -0.883683 0.316763 -0.344625
vn -0.244238 0.941257 -0.233203
vn -0.118815 0.421654 -0.898939
vn -0.024833 0.967201 -0.252797
vn 0.151195 0.609060 -0.778579
vn 0.934988 -0.086932 -0.343862
vn -0.000000 0.617485 -0.786583
vn -0.000000 -0.960490 -0.278314
vn -0.193121 0.627434 -0.754341
vn -0.950887 -0.045269 -0.306209
vn 0.000000 -0.999999 -0.001331
vn 0.000000 -0.891565 0.452892
vn -0.325379 -0.796164 0.510149
vn -0.365682 -0.930347 0.027038
vn 0.362728 -0.931683 0.019882
vn 0.325156 -0.793984 0.513676
vn 0.896409 -0.392828 0.205275
vn 0.680726 -0.467515 0.563952
vn 0.721155 -0.233439 0.652259
vn 0.933769 -0.098282 0.344117
vn 0.945512 0.040196 0.323098
vn 0.825809 0.065729 0.560106
vn 0.970115 0.070561 0.232162
vn 0.840422 0.238676 0.486544
vn 0.993484 0.113046 -0.014520
vn 0.839394 0.373951 0.394435
vn 0.913714 0.276539 -0.297748
vn 0.814840 0.564922 0.129991
vn 0.809067 0.512261 -0.288096
vn 0.707284 0.702047 0.082947
vn 0.553690 0.800116 -0.230742
vn 0.433520 0.901129 -0.005310
vn -0.000000 0.985813 -0.167845
vn 0.000000 0.999024 -0.044180
vn -0.553690 0.800116 -0.230742
vn -0.433520 0.901129 -0.005310
vn -0.681099 -0.465935 0.564809
vn -0.891870 -0.397210 0.216317
vn -0.720641 -0.234879 0.652310
vn -0.930643 -0.104173 0.350788
vn -0.826018 0.065721 0.559800
vn -0.945375 0.040299 0.323483
vn -0.840631 0.238386 0.486325
vn -0.969953 0.070483 0.232858
vn -0.839430 0.373901 0.394405
vn -0.993485 0.113060 -0.014346
vn -0.814841 0.564922 0.129991
vn -0.913714 0.276539 -0.297748
vn -0.707284 0.702047 0.082947
vn -0.809067 0.512261 -0.288096
vn -0.295663 0.947724 -0.120016
vn -0.275963 0.945935 -0.170442
vn -0.246682 0.969024 -0.011827
vn -0.088524 0.970797 0.222971
vn -0.028859 0.958084 0.285029
vn -0.000000 0.963957 0.266059
vn -0.176400 0.952217 -0.249329
vn 0.000000 0.954895 -0.296943
vn 0.275963 0.945935 -0.170442
vn 0.295663 0.947724 -0.120016
vn 0.246682 0.969024 -0.011827
vn 0.088524 0.970797 0.222971
vn 0.028859 0.958084 0.285029
vn 0.176400 0.952217 -0.249329
vn -0.000000 0.999621 -0.027531
s 1
g Main_Body
usemtl initialShadingGroup
f 1697/1948/1697 1698/1949/1698 1802/1950/1699 1797/1951/1700
f 1797/1951/1700 1802/1950/1699 1803/1952/1701 1799/1953/1702
f 1799/1953/1702 1803/1952/1701 1804/1954/1703 1801/1955/1704
f 1805/1959/1705 1806/1962/1706 1803/1952/1701 1802/1950/1699
f 1806/1962/1706 1807/1964/1707 1804/1954/1703 1803/1952/1701
f 1809/1965/1708 1804/1954/1703 1807/1964/1707 1808/1967/1709
f 1808/1967/1709 1811/1969/1710 1810/1970/1711 1809/1965/1708
f 1811/1969/1710 1813/1971/1712 1812/1972/1713 1810/1970/1711
f 1815/1973/1714 1812/1972/1713 1813/1971/1712 1814/1974/1715
f 1817/1977/1716 1815/1973/1714 1814/1974/1715 1816/1978/1717
f 1818/1979/1718 1801/1955/1704 1804/1954/1703 1809/1965/1708
f 1809/1965/1708 1810/1970/1711 1820/1980/1719 1818/1979/1718
f 1810/1970/1711 1812/1972/1713 1822/1981/1720 1820/1980/1719
f 1812/1972/1713 1815/1973/1714 1824/1982/1721 1822/1981/1720
f 1815/1973/1714 1817/1977/1716 1826/1983/1722 1824/1982/1721
f 2441/1975/1723 2444/1976/1724 2443/2660/1725 2442/2661/1726
f 1796/1984/1727 1798/1985/1728 1831/1986/1729 1830/1987/1730
f 1833/1988/1731 1863/1989/1732 1862/1990/1733 1832/1991/1734
f 1833/1988/1731 1832/1991/1734 1835/1992/1735 1834/1993/1736
f 1834/1993/1736 1864/1994/1737 1863/1989/1732 1833/1988/1731
f 1861/1995/1738 1835/1992/1735 1832/1991/1734 1862/1990/1733
f 1836/1996/1739 1831/1986/1729 1798/1985/1728 1800/1997/1740
f 1800/1997/1740 1819/1998/1741 1837/1999/1742 1836/1996/1739
f 1838/2000/1743 1837/1999/1742 1819/1998/1741 1821/2002/1744
f 1839/2003/1745 1838/2000/1743 1821/2002/1744 1823/2004/1746
f 1825/2005/1747 3232/2006/1748 1839/2003/1745 1823/2004/1746
f 1840/2007/1749 1825/2005/1747 1829/2008/1750
f 1841/2009/1751 1840/2007/1749 1829/2008/1750 1828/2010/1752
f 1828/2010/1752 1700/2011/1753 1702/3697/1754 1841/2009/1751
f 1831/1986/1729 1843/2013/1755 1842/2014/1756 1830/1987/1730
f 1835/1992/1735 1845/2015/1757 1844/2016/1758 1834/1993/1736
f 1834/1993/1736 1844/2016/1758 1865/2017/1759 1864/1994/1737
f 1860/2018/1760 1845/2015/1757 1835/1992/1735 1861/1995/1738
f 1836/1996/1739 1846/2019/1761 1843/2013/1755 1831/1986/1729
f 1837/1999/1742 1847/2020/1762 1846/2019/1761 1836/1996/1739
f 1838/2000/1743 1848/2021/1763 1847/2020/1762 1837/1999/1742
f 1839/2003/1745 1849/2022/1764 1848/2021/1763 1838/2000/1743
f 3232/2006/1748 3233/2023/1765 1849/2022/1764 1839/2003/1745
f 1865/2017/1759 1844/2016/1758 1852/2024/1766 1866/2025/1767
f 1844/2016/1758 1845/2015/1757 1853/2026/1768 1852/2024/1766
f 1853/2026/1768 1845/2015/1757 1860/2018/1760 1859/2027/1769
f 1858/2028/1770 1855/2029/1771 1853/2026/1768 1859/2027/1769
f 1855/2029/1771 1857/2030/1772 1852/2024/1766 1853/2026/1768
f 1866/2025/1767 1852/2024/1766 1857/2030/1772 1867/2031/1773
f 1865/2017/1759 1703/2032/1774 1701/2033/1775 1864/1994/1737
f 1703/2032/1774 1865/2017/1759 1866/2025/1767 1705/2034/1776
f 1705/2034/1776 1866/2025/1767 1867/2031/1773 1706/2035/1777
f 1868/2036/1778 1854/2037/1779 1842/2014/1756 1843/2013/1755
f 1843/2013/1755 1846/2019/1761 1869/2039/1780 1868/2036/1778
f 1846/2019/1761 1847/2020/1762 1870/2041/1781 1869/2039/1780
f 1871/2042/1782 1870/2041/1781 1847/2020/1762 1848/2021/1763
f 1848/2021/1763 1849/2022/1764 1872/2043/1783 1871/2042/1782
f 1849/2022/1764 3233/2023/1765 1873/2044/1784 1872/2043/1783
f 1874/2045/1785 1873/2044/1784 1850/2046/1786
f 1875/2047/1787 1874/2045/1785 1850/2046/1786 1851/2048/1788
f 1707/3695/1789 1875/2047/1787 1851/2048/1788 1704/2050/1790
f 1876/2051/1791 1856/2052/1792 1854/2037/1779 1868/2036/1778
f 1877/2053/1793 1876/2051/1791 1868/2036/1778 1869/2039/1780
f 1869/2039/1780 1870/2041/1781 1878/2054/1794 1877/2053/1793
f 1879/2055/1795 1878/2054/1794 1870/2041/1781 1871/2042/1782
f 1880/2056/1796 1879/2055/1795 1871/2042/1782 1872/2043/1783
f 1881/2057/1797 1880/2056/1796 1872/2043/1783 1873/2044/1784
f 1882/2058/1798 1881/2057/1797 1873/2044/1784 1874/2045/1785
f 1883/2059/1799 1882/2058/1798 1874/2045/1785 1875/2047/1787
f 1708/3694/1800 1883/2059/1799 1875/2047/1787 1707/3695/1789
f 1856/2052/1792 1876/2051/1791 1885/2061/1801 1884/2062/1802
f 1886/2063/1803 1885/2061/1801 1876/2051/1791 1877/2053/1793
f 1887/2064/1804 1886/2063/1803 1877/2053/1793 1878/2054/1794
f 1888/2065/1805 1887/2064/1804 1878/2054/1794 1879/2055/1795
f 1884/2062/1802 1885/2061/1801 2378/2066/1806 2379/2067/1807
f 2377/2068/1808 2378/2066/1806 1885/2061/1801 1886/2063/1803
f 2376/2069/1809 2377/2068/1808 1886/2063/1803 1887/2064/1804
f 2375/2070/1810 2376/2069/1809 1887/2064/1804 1888/2065/1805
f 2374/2071/1811 2375/2070/1810 1888/2065/1805 1894/2072/1812
f 1889/2073/1813 1890/2074/1814 1897/2075/1815 1896/2076/1816
f 1899/2077/1817 1898/2078/1818 1896/2076/1816 1897/2075/1815
f 1898/2078/1818 1899/2077/1817 1901/2079/1819 1900/2080/1820
f 1900/2080/1820 1901/2079/1819 1936/2081/1821 1902/2082/1822
f 1879/2055/1795 1880/2056/1796 1894/2072/1812 1888/2065/1805
f 1883/2059/1799 1905/2083/1823 1904/2084/1824 1882/2058/1798
f 1904/2084/1824 1906/2085/1825 1881/2057/1797 1882/2058/1798
f 1880/2056/1796 1881/2057/1797 1906/2085/1825 1894/2072/1812
f 1708/3694/1800 1709/3693/1826 1905/2083/1823 1883/2059/1799
f 2373/2087/1827 2374/2071/1811 1894/2072/1812 1906/2085/1825
f 1906/2085/1825 1904/2084/1824 2372/2088/1828 2373/2087/1827
f 1904/2084/1824 1905/2083/1823 2371/2089/1829 2372/2088/1828
f 2370/3681/1830 2371/2089/1829 1905/2083/1823 1709/3693/1826
f 1911/2091/1831 1901/2079/1819 1899/2077/1817 1910/2092/1832
f 1897/2075/1815 1912/2093/1833 1910/2092/1832 1899/2077/1817
f 1912/2093/1833 1897/2075/1815 1890/2074/1814 1891/2094/1834
f 1901/2079/1819 1911/2091/1831 1937/2095/1835 1936/2081/1821
f 1912/2093/1833 1915/2096/1836 1914/2097/1837 1910/2092/1832
f 1915/2096/1836 1912/2093/1833 1891/2094/1834 1892/2098/1838
f 1892/2098/1838 1893/2099/1839 1916/2100/1840 1915/2096/1836
f 1893/2099/1839 1895/2101/1841 1917/2102/1842 1916/2100/1840
f 1918/2103/1843 1917/2102/1842 1895/2101/1841 1907/2104/1844
f 1919/2105/1845 1918/2103/1843 1907/2104/1844 1908/2106/1846
f 1920/2107/1847 1919/2105/1845 1908/2106/1846 1909/2108/1848
f 1711/3692/1849 1920/2107/1847 1909/2108/1848 1710/3682/1850
f 1921/2111/1851 1911/2091/1831 1910/2092/1832 1914/2097/1837
f 1914/2097/1837 1923/2112/1852 1922/2113/1853 1921/2111/1851
f 1923/2112/1852 1914/2097/1837 1915/2096/1836 1916/2100/1840
f 1925/2114/1854 1922/2113/1853 1923/2112/1852 1924/2115/1855
f 1916/2100/1840 1917/2102/1842 1924/2115/1855 1923/2112/1852
f 1917/2102/1842 1918/2103/1843 1926/2116/1856 1924/2115/1855
f 1927/2117/1857 1926/2116/1856 1918/2103/1843 1919/2105/1845
f 1928/2118/1858 1927/2117/1857 1919/2105/1845 1920/2107/1847
f 1712/3691/1859 1928/2118/1858 1920/2107/1847 1711/3692/1849
f 1924/2115/1855 1926/2116/1856 1929/2120/1860 1925/2114/1854
f 1926/2116/1856 1927/2117/1857 1930/2121/1861 1929/2120/1860
f 1927/2117/1857 1928/2118/1858 1931/3684/1862 1930/2121/1861
f 1928/2118/1858 1712/3691/1859 1713/3685/1863 1931/3684/1862
f 1714/3683/1864 1932/2125/1865 1930/2121/1861 1931/3684/1862
f 1932/2125/1865 1929/2120/1860 1930/2121/1861
f 1714/3683/1864 1715/3690/1866 1933/2127/1867 1932/2125/1865
f 1925/2114/1854 1929/2120/1860 1932/2125/1865 1934/2128/1868
f 1922/2113/1853 1925/2114/1854 1934/2128/1868 1935/2129/1869
f 1936/2081/1821 1903/2130/1870 1902/2082/1822
f 1937/2095/1835 1913/2131/1871 1903/2130/1870 1936/2081/1821
f 1938/2132/1872 1937/2095/1835 1911/2091/1831 1921/2111/1851
f 1921/2111/1851 1922/2113/1853 1935/2129/1869 1938/2132/1872
f 1934/2128/1868 1932/2125/1865 1933/2127/1867 1939/2133/1873
f 1939/2133/1873 1940/2134/1874 1935/2129/1869 1934/2128/1868
f 1941/2137/1875 1913/2131/1871 1937/2095/1835 1938/2132/1872
f 1938/2132/1872 1935/2129/1869 1940/2134/1874 1941/2137/1875
f 1706/2035/1777 2334/2139/1876 1716/2157/1877
f 1857/2030/1772 1943/2158/1878 1942/2159/1879 1867/2031/1773
f 1943/2158/1878 1857/2030/1772 1855/2029/1771 1944/2160/1880
f 1858/2028/1770 2360/2161/1881 1944/2160/1880 1855/2029/1771
f 1950/2162/1882 2363/2163/1883 1951/2164/1884
f 2334/2139/1876 2335/2165/1885 1717/2166/1886 1716/2157/1877
f 1943/2158/1878 1953/2167/1887 1952/2168/1888 1942/2159/1879
f 1943/2158/1878 2269/2169/1889 2285/2170/1890 1953/2167/1887
f 1953/3587/1887 1954/2141/1891 1955/2142/1892 1952/2138/1888
f 1717/2136/1886 2335/2135/1885 2162/2143/1893 1768/2144/1894
f 1954/2141/1891 1956/2145/1895 1957/2146/1896 1955/2142/1892
f 1957/2146/1896 1956/2145/1895 1958/2147/1897 1959/2148/1898
f 1958/2147/1897 1960/2149/1899 1961/2150/1900 1959/2148/1898
f 1960/2149/1899 1962/2151/1901 1963/2152/1902 1961/2150/1900
f 1964/2153/1903 1965/2154/1904 1963/2152/1902 1962/2151/1901
f 1965/2154/1904 1964/2153/1903 2262/2155/1905 2263/2156/1906
f 1968/2171/1907 2354/2172/1908 2355/2173/1909
f 1969/2174/1910 1944/2160/1880 2353/2175/1911
f 1970/2176/1912 1943/2158/1878 1944/2160/1880 1969/2174/1910
f 1967/2177/1913 1946/2178/1914 1947/2179/1915 1971/2180/1916
f 1971/2180/1916 1947/2179/1915 1948/2181/1917 1972/2182/1918
f 1949/2183/1919 1973/2184/1920 1972/2182/1918 1948/2181/1917
f 2364/2186/1921 2362/2187/1922 1950/2162/1882 1974/2188/1923
f 1975/2189/1924 1971/2180/1916 1972/2182/1918 1973/2184/1920
f 1977/2190/1925 1975/2189/1924 1973/2184/1920 1976/2191/1926
f 1976/2191/1926 1719/2192/1927 1718/2193/1928 1977/2190/1925
f 1979/2194/1929 1978/2195/1930 1969/2174/1910 1968/2171/1907
f 1720/3698/1931 1721/3703/1932 1978/2195/1930 1979/2194/1929
f 1978/2195/1930 1980/2198/1933 1970/2176/1912 1969/2174/1910
f 1980/2198/1933 1981/2199/1934 2270/2200/1935 1970/2176/1912
f 1980/2198/1933 1978/2195/1930 1721/3703/1932 1722/3702/1936
f 1981/2199/1934 1980/2198/1933 1722/3702/1936 1723/3701/1937
f 1723/3701/1937 1724/3700/1938 2270/2200/1935 1981/2199/1934
f 2382/2204/1939 2383/2205/1940 2384/2206/1941 2385/2207/1942
f 2368/2208/1943 2367/2209/1944 1982/2219/1945 1725/2334/1946
f 1983/2404/1947 1974/2188/1923 1950/2162/1882 1951/2164/1884
f 1974/2188/1923 1983/2404/1947 1984/2405/1948 1982/2219/1945
f 1725/2334/1946 1982/2219/1945 1984/2405/1948 1726/2406/1949
f 1940/2134/1874 1939/2133/1873 1985/2407/1950
f 1913/2131/1871 1941/2137/1875 1986/2408/1951
f 1940/2134/1874 1985/2407/1950 1986/2408/1951 1941/2137/1875
f 1987/2409/1952 1933/2127/1867 1715/3690/1866 1727/3688/1953
f 1985/2407/1950 1939/2133/1873 1933/2127/1867 1987/2409/1952
f 1913/2131/1871 1986/2408/1951 1988/2411/1954 1903/2130/1870
f 1903/2130/1870 1988/2411/1954 1989/2412/1955 1902/2082/1822
f 1951/2164/1884 2363/2163/1883 1989/2412/1955 1990/2413/1956
f 1951/2164/1884 1990/2413/1956 1991/2414/1957 1983/2404/1947
f 1992/2415/1958 1984/2405/1948 1983/2404/1947 1991/2414/1957
f 1984/2405/1948 1992/2415/1958 1728/2416/1959 1726/2406/1949
f 1994/2417/1960 1992/2415/1958 1991/2414/1957 1993/2418/1961
f 1992/2415/1958 1994/2417/1960 1729/2419/1962 1728/2416/1959
f 1993/2418/1961 1991/2414/1957 1990/2413/1956 1995/2420/1963
f 1995/2420/1963 1990/2413/1956 1989/2412/1955 1996/2421/1964
f 1996/2421/1964 1989/2412/1955 1988/2411/1954 1997/2422/1965
f 1998/2423/1966 1997/2422/1965 1988/2411/1954 1986/2408/1951
f 1998/2423/1966 1986/2408/1951 1985/2407/1950 1999/2424/1967
f 1985/2407/1950 1987/2409/1952 2000/2425/1968 1999/2424/1967
f 1987/2409/1952 1727/3688/1953 1730/3689/1969 2000/2425/1968
f 2210/2220/1970 2211/2221/1971 2212/2222/1972 2213/2223/1973
f 2003/2224/1974 2009/2225/1975 2008/2226/1976 2002/2227/1977
f 2004/2228/1978 2010/2229/1979 2009/2225/1975 2003/2224/1974
f 2005/2230/1980 2011/2231/1981 2010/2229/1979 2004/2228/1978
f 2006/2232/1982 2012/2233/1983 2011/2231/1981 2005/2230/1980
f 2007/2234/1984 2013/2235/1985 2012/2233/1983 2006/2232/1982
f 1732/3538/1986 1734/3552/1987 2013/2235/1985 2007/2234/1984
f 2211/2221/1971 2214/2238/1988 2215/2239/1989 2212/2222/1972
f 2009/2225/1975 2015/2240/1990 2014/2241/1991 2008/2226/1976
f 2010/2229/1979 2016/2242/1992 2015/2240/1990 2009/2225/1975
f 2011/2231/1981 2017/2243/1993 2016/2242/1992 2010/2229/1979
f 2012/2233/1983 2018/2244/1994 2017/2243/1993 2011/2231/1981
f 2013/2235/1985 2019/2245/1995 2018/2244/1994 2012/2233/1983
f 1734/3552/1987 1735/3551/1996 2019/2245/1995 2013/2235/1985
f 2217/2247/1997 2216/2248/1998 2215/2239/1989 2214/2238/1988
f 2022/2249/1999 2021/2250/2000 2014/2241/1991 2015/2240/1990
f 2015/2240/1990 2016/2242/1992 2023/2251/2001 2022/2249/1999
f 2016/2242/1992 2017/2243/1993 2024/2252/2002 2023/2251/2001
f 2025/2253/2003 2024/2252/2002 2017/2243/1993 2018/2244/1994
f 2026/2254/2004 2025/2253/2003 2018/2244/1994 2019/2245/1995
f 1735/3551/1996 1736/3550/2005 2026/2254/2004 2019/2245/1995
f 2021/2250/2000 2022/2249/1999 2027/2256/2006 2020/2257/2007
f 2027/2256/2006 2022/2249/1999 2023/2251/2001 2028/2258/2008
f 2029/2259/2009 2028/2258/2008 2023/2251/2001 2024/2252/2002
f 2029/2259/2009 2024/2252/2002 2025/2253/2003 2030/2260/2010
f 2031/2261/2011 2026/2254/2004 1736/3550/2005 1737/3549/2012
f 1738/3537/2013 2032/2264/2014 2031/2261/2011 1737/3549/2012
f 2033/2265/2015 2034/2266/2016 2029/2259/2009 2030/2260/2010
f 2034/2266/2016 2035/2267/2017 2028/2258/2008 2029/2259/2009
f 2028/2258/2008 2035/2267/2017 2036/2268/2018 2027/2256/2006
f 2037/2269/2019 2020/2257/2007 2027/2256/2006 2036/2268/2018
f 2038/2270/2020 2221/2271/2021 2020/2257/2007 2037/2269/2019
f 2040/3535/2022 2001/2273/2023 2218/3530/2024 2039/3531/2025
f 2041/2276/2026 2190/3598/2027 2001/2273/2023 2040/3535/2022
f 1743/4490/2028 2062/4494/2029 2063/2279/2030 1744/3492/2031
f 2063/2279/2030 2064/4495/2032 1746/3499/2033 1744/3492/2031
f 2064/4495/2032 2065/4498/2034 1747/3498/2035 1746/3499/2033
f 1748/3497/2036 1747/3498/2035 2065/4498/2034 2066/4499/2037
f 1749/3496/2038 1748/3497/2036 2066/4499/2037 2067/4504/2039
f 1745/3493/2040 1749/3496/2038 2067/4504/2039 2068/4524/2041
f 2052/3574/2042 2070/2286/2043 2069/2287/2044 2053/3576/2045
f 2053/3576/2045 2069/2287/2044 2071/2289/2046 2054/3568/2047
f 1741/3565/2048 1757/2292/2049 2072/2293/2050 2055/3575/2051
f 2055/3575/2051 2072/2293/2050 2070/2286/2043 2052/3574/2042
f 2057/3567/2052 2074/2296/2053 2073/2297/2054 2056/3573/2055
f 2056/3573/2055 2073/2297/2054 2075/2299/2056 2058/3572/2057
f 2058/3572/2057 2075/2299/2056 2076/2301/2058 2059/3571/2059
f 2059/3571/2059 2076/2301/2058 2077/2303/2060 2060/3570/2061
f 2060/3570/2061 2077/2303/2060 2078/2305/2062 2061/3569/2063
f 2061/3569/2063 2078/2305/2062 1758/2307/2064 1742/2308/2065
f 2054/3568/2047 2071/2289/2046 2074/2296/2053 2057/3567/2052
f 2070/2286/2043 2080/2309/2066 2079/2310/2067 2069/2287/2044
f 2069/2287/2044 2079/2310/2067 2081/2311/2068 2071/2289/2046
f 1757/2292/2049 1759/2312/2069 2082/2313/2070 2072/2293/2050
f 2072/2293/2050 2082/2313/2070 2080/2309/2066 2070/2286/2043
f 2074/2296/2053 2084/2314/2071 2083/2315/2072 2073/2297/2054
f 2073/2297/2054 2083/2315/2072 2085/2316/2073 2075/2299/2056
f 2075/2299/2056 2085/2316/2073 2086/2317/2074 2076/2301/2058
f 2076/2301/2058 2086/2317/2074 2087/2318/2075 2077/2303/2060
f 2077/2303/2060 2087/2318/2075 2088/2319/2076 2078/2305/2062
f 2078/2305/2062 2088/2319/2076 1760/2320/2077 1758/2307/2064
f 2071/2289/2046 2081/2311/2068 2084/2314/2071 2074/2296/2053
f 2080/2309/2066 1761/2321/2078 2079/2310/2067
f 2079/2310/2067 1761/2321/2078 2081/2311/2068
f 1759/2312/2069 1761/2321/2078 2082/2313/2070
f 2082/2313/2070 1761/2321/2078 2080/2309/2066
f 2084/2314/2071 1761/2321/2078 2083/2315/2072
f 2083/2315/2072 1761/2321/2078 2085/2316/2073
f 2085/2316/2073 1761/2321/2078 2086/2317/2074
f 2086/2317/2074 1761/2321/2078 2087/2318/2075
f 2087/2318/2075 1761/2321/2078 2088/2319/2076
f 2088/2319/2076 1761/2321/2078 1760/2320/2077
f 2081/2311/2068 1761/2321/2078 2084/2314/2071
f 2089/2322/2079 1784/3495/2080 1783/4522/2081 2090/4505/2082
f 2090/4505/2082 2092/4508/2083 2091/2325/2084 2089/2322/2079
f 2092/4508/2083 2094/4509/2085 2093/2326/2086 2091/2325/2084
f 2094/4509/2085 2096/4511/2087 2095/2327/2088 2093/2326/2086
f 2096/4511/2087 2098/4513/2089 2097/2328/2090 2095/2327/2088
f 2098/4513/2089 2100/4516/2091 2099/2329/2092 2097/2328/2090
f 2100/4516/2091 2102/4517/2093 2101/2330/2094 2099/2329/2092
f 2102/4517/2093 2104/4520/2095 2103/2331/2096 2101/2330/2094
f 2104/4520/2095 2106/4526/2097 2105/2332/2098 2103/2331/2096
f 2106/4526/2097 1786/3481/2099 1785/3491/2100 2105/2332/2098
f 1805/1956/1705 2089/2322/2079 2091/2325/2084 1806/1957/1706
f 1806/1957/1706 2091/2325/2084 2093/2326/2086 1807/1958/1707
f 1807/1958/1707 2093/2326/2086 2095/2327/2088 1808/1960/1709
f 1808/1960/1709 2095/2327/2088 2097/2328/2090 1811/1961/1710
f 1811/1961/1710 2097/2328/2090 2099/2329/2092 1813/1963/1712
f 1813/1963/1712 2099/2329/2092 2101/2330/2094 1814/1966/1715
f 1814/1966/1715 2101/2330/2094 2103/2331/2096 1816/1968/1717
f 1816/1968/1717 2103/2331/2096 2105/2332/2098 1827/3482/2101
f 1827/3482/2101 2105/2332/2098 1785/3491/2100 1780/3471/2102
f 1762/2336/2103 2107/2337/2104 2228/2338/2105 1763/2339/2106
f 2108/2340/2107 2109/2341/2108 2110/2342/2109 2225/2343/2110
f 2109/2341/2108 2111/2344/2111 2112/2345/2112 2110/2342/2109
f 2111/2344/2111 2113/2346/2113 2114/2347/2114 2112/2345/2112
f 2113/2346/2113 2115/2348/2115 2116/2349/2116 2114/2347/2114
f 2115/2348/2115 2117/2350/2117 2118/2351/2118 2116/2349/2116
f 2117/2350/2117 2119/2352/2119 2120/2353/2120 2118/2351/2118
f 2119/2352/2119 1788/3546/2121 1787/3539/2122 2120/2353/2120
f 1994/2210/1960 2107/2337/2104 1762/2336/2103 1729/2212/1962
f 1993/2211/1961 2108/2340/2107 2107/2337/2104 1994/2210/1960
f 1995/2213/1963 2109/2341/2108 2108/2340/2107 1993/2211/1961
f 1996/2214/1964 2111/2344/2111 2109/2341/2108 1995/2213/1963
f 2111/2344/2111 1996/2214/1964 1997/2215/1965 2113/2346/2113
f 2113/2346/2113 1997/2215/1965 1998/2216/1966 2115/2348/2115
f 1999/2217/1967 2117/2350/2117 2115/2348/2115 1998/2216/1966
f 1999/2217/1967 2000/2218/1968 2119/2352/2119 2117/2350/2117
f 2000/2218/1968 1730/3501/1969 1789/3554/2123 1788/3546/2121 2119/2352/2119
f 2002/2227/1977 2110/2342/2109 2112/2345/2112 2003/2224/1974
f 2003/2224/1974 2112/2345/2112 2114/2347/2114 2004/2228/1978
f 2004/2228/1978 2114/2347/2114 2116/2349/2116 2005/2230/1980
f 2005/2230/1980 2116/2349/2116 2118/2351/2118 2006/2232/1982
f 2006/2232/1982 2118/2351/2118 2120/2353/2120 2007/2234/1984
f 2121/2357/2124 1764/3548/2125 1765/3547/2126 2122/2360/2127
f 2122/2360/2127 2124/2361/2128 2123/2362/2129 2121/2357/2124
f 2124/2361/2128 2126/2363/2130 2125/2364/2131 2123/2362/2129
f 2126/2363/2130 2128/2365/2132 2127/2366/2133 2125/2364/2131
f 2128/2365/2132 2130/2367/2134 2129/2368/2135 2127/2366/2133
f 2130/2367/2134 2132/2369/2136 2131/2370/2137 2129/2368/2135
f 2132/2369/2136 2134/2371/2138 2133/2372/2139 2131/2370/2137
f 2134/2371/2138 2136/2373/2140 2135/2374/2141 2133/2372/2139
f 2136/2373/2140 2138/2375/2142 2137/2376/2143 2135/2374/2141
f 2138/2375/2142 2140/2377/2144 2139/2378/2145 2137/2376/2143
f 2140/2377/2144 1767/2379/2146 1766/2380/2147 2139/2378/2145
f 1764/3548/2125 2121/2357/2124 2349/2381/2148 2350/3536/2149
f 2121/2357/2124 2123/2362/2129 2348/2383/2150 2349/2381/2148
f 2347/2384/2151 2348/2383/2150 2123/2362/2129 2125/2364/2131
f 2125/2364/2131 2127/2366/2133 2346/2385/2152 2347/2384/2151
f 2127/2366/2133 2129/2368/2135 2345/2386/2153 2346/2385/2152
f 2129/2368/2135 2131/2370/2137 2344/2387/2154 2345/2386/2153
f 2131/2370/2137 2133/2372/2139 2343/2388/2155 2344/2387/2154
f 2342/2389/2156 2343/2388/2155 2133/2372/2139 2135/2374/2141
f 2135/2374/2141 2137/2376/2143 2341/2390/2157 2342/2389/2156
f 2137/2376/2143 2139/2378/2145 2340/2391/2158 2341/2390/2157
f 1765/3547/2126 1739/3543/2159 2042/2393/2160 2122/2360/2127
f 2122/2360/2127 2042/2393/2160 2043/2394/2161 2124/2361/2128
f 2124/2361/2128 2043/2394/2161 2044/2395/2162 2126/2363/2130
f 2126/2363/2130 2044/2395/2162 2045/2396/2163 2128/2365/2132
f 2128/2365/2132 2045/2396/2163 2046/2397/2164 2130/2367/2134
f 2130/2367/2134 2046/2397/2164 2047/2398/2165 2132/2369/2136
f 2132/2369/2136 2047/2398/2165 2048/2399/2166 2134/2371/2138
f 2134/2371/2138 2048/2399/2166 2049/2400/2167 2136/2373/2140
f 2136/2373/2140 2049/2400/2167 2050/2401/2168 2138/2375/2142
f 2138/2375/2142 2050/2401/2168 2051/2402/2169 2140/2377/2144
f 2140/2377/2144 2051/2402/2169 1740/2403/2170 1767/2379/2146
f 2141/2427/2171 2145/2428/2172 2146/2429/2173 2142/2430/2174
f 2142/2430/2174 2143/2431/2175 2144/2432/2176 2141/2427/2171
f 2143/2431/2175 2151/2433/2177 2152/2434/2178 2144/2432/2176
f 2145/2428/2172 2147/2435/2179 2148/2436/2180 2146/2429/2173
f 2147/2435/2179 2149/2437/2181 2150/2438/2182 2148/2436/2180
f 2149/2437/2181 1791/2439/2183 1792/2472/2184 2150/2438/2182
f 2151/2433/2177 2380/2473/2185 2381/2474/2186 2152/2434/2178
f 2153/2475/2187 2158/2476/2188 2157/2477/2189 2154/2478/2190
f 2155/2479/2191 2159/2480/2192 2160/2481/2193 2156/2482/2194
f 2156/2482/2194 2157/2477/2189 2158/2476/2188 2155/2479/2191
f 2159/2480/2192 1902/2082/1822 2161/2483/2195 2160/2481/2193
f 2141/2427/2171 2144/2432/2176 1858/2028/1770 1859/2027/1769
f 1860/2018/1760 2145/2428/2172 2141/2427/2171 1859/2027/1769
f 2147/2435/2179 2145/2428/2172 1860/2018/1760 1861/1995/1738
f 2147/2435/2179 1861/1995/1738 1862/1990/1733 2149/2437/2181
f 1863/1989/1732 1791/2439/2183 2149/2437/2181 1862/1990/1733
f 2144/2432/2176 2152/2434/2178 1945/2626/2196 1858/2028/1770
f 2387/2627/2197 2386/2628/2198 2388/2629/2199 2389/2630/2200
f 2390/2631/2201 2388/2629/2199 2386/2628/2198 2391/2632/2202
f 2387/2627/2197 2389/2630/2200 2392/2633/2203 2393/2634/2204
f 2161/2483/2195 2359/2635/2205 2160/2481/2193
f 1856/2052/1792 2143/2431/2175 2142/2430/2174 1854/2037/1779
f 1854/2037/1779 2142/2430/2174 2146/2429/2173 1842/2014/1756
f 1842/2014/1756 2146/2429/2173 2148/2436/2180 1830/1987/1730
f 1830/1987/1730 2148/2436/2180 2150/2438/2182 1796/1984/1727
f 1796/1984/1727 2150/2438/2182 1792/2472/2184 1778/2636/2206
f 1884/2062/1802 2151/2433/2177 2143/2431/2175 1856/2052/1792
f 2379/2067/1807 2380/2473/2185 2151/2433/2177 1884/2062/1802
f 1898/2078/1818 2155/2479/2191 2158/2476/2188 1896/2076/1816
f 1896/2076/1816 2158/2476/2188 2153/2475/2187 1889/2073/1813
f 1900/2080/1820 2159/2480/2192 2155/2479/2191 1898/2078/1818
f 1902/2082/1822 2159/2480/2192 1900/2080/1820
f 1769/2440/2207 2340/2391/2158 2139/2378/2145 1766/2380/2147
f 2169/2441/2208 2170/2442/2209 1795/2443/2210 1793/2444/2211
f 2171/2445/2212 2172/2446/2213 1772/2447/2214 1771/2448/2215
f 2172/2446/2213 2173/2449/2216 1773/2450/2217 1772/2447/2214
f 2173/2449/2216 2174/2451/2218 1774/2452/2219 1773/2450/2217
f 2174/2451/2218 2265/2453/2220 2266/2454/2221 1774/2452/2219
f 2336/2455/2222 2337/2456/2223 2176/2457/2224 1776/2458/2225
f 2176/2457/2224 2177/2459/2226 1777/3525/2227 1776/2458/2225
f 2162/2143/1893 1955/2142/1892 1957/2146/1896 2163/2461/2228
f 1959/2148/1898 2164/2462/2229 2163/2461/2228 1957/2146/1896
f 1959/2148/1898 1961/2150/1900 2165/2463/2230 2164/2462/2229
f 1961/2150/1900 1963/2152/1902 2166/2464/2231 2165/2463/2230
f 2166/2464/2231 1963/2152/1902 1965/2154/1904 2167/2465/2232
f 2338/2466/2233 2168/2467/2234 2187/3601/2235 2186/2469/2236
f 2169/2441/2208 1793/2444/2211 1794/2470/2237
f 1770/2471/2238 1777/2460/2227 2177/3533/2226
f 2163/2461/2228 2170/2442/2209 2169/2441/2208 2162/2143/1893
f 2164/2462/2229 2171/2445/2212 2170/2442/2209 2163/2461/2228
f 2165/2463/2230 2172/2446/2213 2171/2445/2212 2164/2462/2229
f 2166/2464/2231 2173/2449/2216 2172/2446/2213 2165/2463/2230
f 2167/2465/2232 2174/2451/2218 2173/2449/2216 2166/2464/2231
f 2168/2467/2234 2177/2459/2226 2176/2457/2224 2187/3601/2235
f 1769/2440/2207 1770/2471/2238 2177/3533/2226 2168/3532/2234
f 2448/3687/2239 2445/2638/2240 1827/2639/2101 1780/2640/2102
f 1784/3495/2080 2089/2322/2079 1805/1956/1705 1779/3470/2241
f 1791/2439/2183 1863/1989/1732 1790/2641/2242
f 1968/2171/1907 1967/2177/1913 2181/2642/2243 2180/2643/2244
f 1967/2177/1913 1971/2180/1916 2182/2674/2245 2181/2642/2243
f 1971/2180/1916 1975/2189/1924 2183/2676/2246 2182/2674/2245
f 1975/2189/1924 1977/2190/1925 2184/2677/2247 2183/2676/2246
f 1977/2190/1925 1718/2193/1928 2178/2678/2248 2184/2677/2247
f 1979/2194/1929 1968/2171/1907 2180/2643/2244 2185/2679/2249
f 1720/3698/1931 1979/2194/1929 2185/2679/2249 2179/2680/2250
f 2187/3601/2235 2176/2457/2224 2337/2456/2223 2194/2484/2251
f 2264/2485/2252 2265/2453/2220 2174/2451/2218 2167/2465/2232
f 2263/2156/1906 2264/2485/2252 2167/2465/2232 1965/2154/1904
f 2199/2486/2253 1966/2487/2254 2001/2273/2023 2190/3598/2027
f 2209/2488/2255 2205/2489/2256 2203/2490/2257 2206/2491/2258
f 2186/3602/2236 2187/2468/2235 2189/2492/2259 2188/2493/2260
f 2188/2493/2260 2189/2492/2259 2202/2494/2261 2203/2490/2257
f 2190/2277/2027 2191/3599/2262 2193/3621/2263 2192/2497/2264
f 2192/2497/2264 2193/3621/2263 2205/3622/2256 2204/2498/2265
f 2194/3596/2251 2196/2499/2266 2198/2500/2267 2197/2501/2268
f 2197/2501/2268 2198/2500/2267 2206/3627/2258 2207/2502/2269
f 2199/3600/2253 2201/2503/2270 2200/2504/2271
f 2200/2504/2271 2201/2503/2270 2208/2505/2272 2209/3624/2255
f 2193/2496/2263 2191/3623/2262 2186/3602/2236 2188/2493/2260
f 2189/2492/2259 2187/2468/2235 2194/3596/2251 2197/2501/2268
f 2198/2500/2267 2196/2499/2266 2199/3600/2253 2200/2504/2271
f 2201/2503/2270 2199/3600/2253 2190/2277/2027 2192/2497/2264
f 2193/2496/2263 2188/2493/2260 2203/2490/2257 2205/2489/2256
f 2189/2492/2259 2197/2501/2268 2207/2502/2269 2202/2494/2261
f 2198/2500/2267 2200/2504/2271 2209/3624/2255 2206/3627/2258
f 2201/2503/2270 2192/2497/2264 2204/2498/2265 2208/2505/2272
f 2194/2484/2251 2195/2506/2273 2196/3597/2266
f 2206/2491/2258 2203/2490/2257 2202/3629/2261 2207/3626/2269
f 2204/3628/2265 2205/2489/2256 2209/2488/2255 2208/3625/2272
f 2222/2507/2274 2219/2508/2275 2216/2248/1998 2217/2247/1997
f 2231/2509/2276 2227/2510/2277 2210/2220/1970 2213/2223/1973
f 2232/2511/2278 2233/2512/2279 2235/2513/2280 2234/2514/2281
f 2233/2512/2279 2232/2511/2278 2248/2515/2282 2247/2516/2283
f 2234/2514/2281 2235/2513/2280 2241/2517/2284 2240/2518/2285
f 2236/2519/2286 2237/2520/2287 2250/2521/2288 2249/2522/2289
f 2237/2520/2287 2236/2519/2286 2238/2523/2290 2239/2524/2291
f 2239/2524/2291 2238/2523/2290 2242/2525/2292 2243/2526/2293
f 2240/2518/2285 2241/2517/2284 2246/2527/2294 2282/3528/2295
f 2243/2526/2293 2242/2525/2292 2245/2529/2296 2244/2530/2297
f 2244/2530/2297 2245/2529/2296 2221/2271/2021 2256/2531/2298
f 2247/2516/2283 2248/2515/2282 2259/2532/2299 2260/2533/2300
f 2249/2522/2289 2250/2521/2288 2257/2534/2301 2258/2535/2302
f 2251/2536/2303 2252/2537/2304 2218/2274/2024 2255/2538/2305
f 2252/2537/2304 2251/2536/2303 2254/2539/2306 2253/2540/2307
f 2253/2540/2307 2254/2539/2306 2256/2531/2298 2221/2271/2021
f 2258/2535/2302 2257/2534/2301 2260/2533/2300 2259/2532/2299
f 2232/2511/2278 2234/2514/2281 1733/2541/2308 1731/2542/2309
f 2002/2227/1977 2008/2226/1976 2238/2523/2290 2236/2519/2286
f 2234/2514/2281 2240/2518/2285 1782/2543/2310 1733/2541/2308
f 2008/2226/1976 2014/2241/1991 2242/2525/2292 2238/2523/2290
f 2245/2529/2296 2021/2250/2000 2020/2257/2007 2221/2271/2021
f 2021/2250/2000 2245/2529/2296 2242/2525/2292 2014/2241/1991
f 2038/2270/2020 2039/2275/2025 2351/2544/2311 2352/2545/2312
f 2240/2518/2285 2282/3528/2295 1756/3523/2313 1782/2543/2310
f 2229/2547/2314 2224/2548/2315 2258/2535/2302 2259/2532/2299
f 2236/2519/2286 2225/2343/2110 2110/2342/2109 2002/2227/1977
f 2237/2520/2287 2239/2524/2291 2211/2221/1971 2210/2220/1970
f 2235/2513/2280 2233/2512/2279 2213/2223/1973 2212/2222/1972
f 2239/2524/2291 2243/2526/2293 2214/2238/1988 2211/2221/1971
f 2241/2517/2284 2235/2513/2280 2212/2222/1972 2215/2239/1989
f 2223/2549/2316 2254/2539/2306 2251/2536/2303 2220/2550/2317
f 2219/2508/2275 2255/2538/2305 2246/2527/2294 2216/2248/1998
f 2244/2530/2297 2256/2531/2298 2222/2507/2274 2217/2247/1997
f 2246/2527/2294 2241/2517/2284 2215/2239/1989 2216/2248/1998
f 2243/2526/2293 2244/2530/2297 2217/2247/1997 2214/2238/1988
f 2227/2510/2277 2250/2521/2288 2237/2520/2287 2210/2220/1970
f 2233/2512/2279 2247/2516/2283 2231/2509/2276 2213/2223/1973
f 2230/2551/2318 2260/2533/2300 2257/2534/2301 2226/2552/2319
f 2218/3530/2024 2001/2273/2023 1966/2487/2254 2281/2553/2320
f 2251/2536/2303 2255/2538/2305 2219/2508/2275 2220/2550/2317
f 2256/2531/2298 2254/2539/2306 2223/2549/2316 2222/2507/2274
f 2228/2338/2105 2232/2511/2278 1731/2542/2309 1763/2339/2106
f 2257/2534/2301 2250/2521/2288 2227/2510/2277 2226/2552/2319
f 2247/2516/2283 2260/2533/2300 2230/2551/2318 2231/2509/2276
f 2258/2535/2302 2224/2548/2315 2225/2343/2110 2249/2522/2289
f 2248/2515/2282 2228/2338/2105 2229/2547/2314 2259/2532/2299
f 2263/2156/1906 2262/2155/1905 1966/2487/2254 2199/2486/2253
f 2199/2486/2253 2196/3597/2266 2195/2506/2273
f 2195/2506/2273 2175/2554/2321 2265/2453/2220 2264/2485/2252
f 2266/2454/2221 2265/2453/2220 2175/2554/2321 1775/2555/2322
f 2270/2200/1935 2269/2169/1889 1943/2158/1878 1970/2176/1912
f 2281/3529/2320 2246/2527/2294 2255/2538/2305 2218/2274/2024
f 2268/2556/2323 2267/2557/2324 2272/2558/2325 2271/2559/2326
f 2271/2559/2326 2272/2558/2325 2274/2560/2327 2273/2561/2328
f 2273/2561/2328 2274/2560/2327 2276/2562/2329 2275/2563/2330
f 2275/2563/2330 2276/2562/2329 2278/2564/2331 2277/2565/2332
f 2277/2565/2332 2278/2564/2331 2280/2566/2333 2279/2567/2334
f 2279/2567/2334 2280/2566/2333 2283/2568/2335 2284/2569/2336
f 2282/2528/2295 2281/2553/2320 2284/2569/2336 2283/2568/2335
f 1954/2141/1891 2268/2556/2323 2271/2559/2326 1956/2145/1895
f 2273/2561/2328 1958/2147/1897 1956/2145/1895 2271/2559/2326
f 2273/2561/2328 2275/2563/2330 1960/2149/1899 1958/2147/1897
f 2275/2563/2330 2277/2565/2332 1962/2151/1901 1960/2149/1899
f 1962/2151/1901 2277/2565/2332 2279/2567/2334 1964/2153/1903
f 2272/2558/2325 2267/2557/2324 1751/3604/2337 1750/3610/2338
f 1756/3607/2313 2282/2528/2295 2283/2568/2335 2261/3605/2339
f 1753/3608/2340 2276/2562/2329 2274/2560/2327 1752/3611/2341
f 1752/3611/2341 2274/2560/2327 2272/2558/2325 1750/3610/2338
f 1755/3606/2342 2280/2566/2333 2278/2564/2331 1754/3609/2343
f 1754/3609/2343 2278/2564/2331 2276/2562/2329 1753/3608/2340
f 2284/2569/2336 2281/2553/2320 1966/2487/2254 2262/2155/1905
f 2261/3605/2339 2283/2568/2335 2280/2566/2333 1755/3606/2342
f 2284/2569/2336 2262/2155/1905 1964/2153/1903 2279/2567/2334
f 2270/2200/1935 2285/2170/1890 2269/2169/1889
f 2281/3529/2320 2282/3528/2295 2246/2527/2294
f 2267/2557/2324 2268/2556/2323 2285/2140/1890 2270/2185/1935
f 1953/3587/1887 2285/2140/1890 2268/2556/2323 1954/2141/1891
f 2031/2261/2011 2032/2264/2014 2033/2265/2015 2030/2260/2010
f 2026/2254/2004 2031/2261/2011 2030/2260/2010 2025/2253/2003
f 2053/2288/2045 2302/2577/2344 2304/2578/2345 2052/2285/2042
f 2300/2579/2346 2302/2577/2344 2053/2288/2045 2054/2290/2047
f 1741/3545/2048 2055/2294/2051 2306/2580/2347 2308/3544/2348
f 2304/2578/2345 2306/2580/2347 2055/2294/2051 2052/2285/2042
f 2296/2582/2349 2298/2583/2350 2057/2295/2052 2056/2298/2055
f 2294/2584/2351 2296/2582/2349 2056/2298/2055 2058/2300/2057
f 2292/2585/2352 2294/2584/2351 2058/2300/2057 2059/2302/2059
f 2059/2302/2059 2060/2304/2061 2290/2586/2353 2292/2585/2352
f 2060/2304/2061 2061/2306/2063 2288/2587/2354 2290/2586/2353
f 2061/2306/2063 1742/3557/2065 2286/2588/2355 2288/2587/2354
f 2054/2290/2047 2057/2295/2052 2298/2583/2350 2300/2579/2346
f 2287/2589/2356 2289/2590/2357 2288/2587/2354 2286/2588/2355
f 2289/2590/2357 2291/2591/2358 2290/2586/2353 2288/2587/2354
f 2291/2591/2358 2293/2592/2359 2292/2585/2352 2290/2586/2353
f 2293/2592/2359 2295/2593/2360 2294/2584/2351 2292/2585/2352
f 2295/2593/2360 2297/2594/2361 2296/2582/2349 2294/2584/2351
f 2297/2594/2361 2299/2595/2362 2298/2583/2350 2296/2582/2349
f 2299/2595/2362 2301/2596/2363 2300/2579/2346 2298/2583/2350
f 2301/2596/2363 2303/2597/2364 2302/2577/2344 2300/2579/2346
f 2303/2597/2364 2305/2598/2365 2304/2578/2345 2302/2577/2344
f 2305/2598/2365 2307/2599/2366 2306/2580/2347 2304/2578/2345
f 2307/2599/2366 2309/3541/2367 2308/3544/2348 2306/2580/2347
f 2311/2601/2368 2310/2602/2369 2322/2603/2370 2323/2604/2371
f 2312/3542/2372 2313/3540/2373 2333/2607/2374 2332/2608/2375
f 2314/2609/2376 2315/2610/2377 2321/2611/2378 2320/2612/2379
f 2315/2610/2377 2314/2609/2376 2316/2613/2380 2317/2614/2381
f 2317/2614/2381 2316/2613/2380 2324/2615/2382 2325/2616/2383
f 2318/2617/2384 2319/2618/2385 2323/2604/2371 2322/2603/2370
f 2319/2618/2385 2318/2617/2384 2320/2612/2379 2321/2611/2378
f 2325/2616/2383 2324/2615/2382 2326/2619/2386 2327/2620/2387
f 2327/2620/2387 2326/2619/2386 2328/2621/2388 2329/2622/2389
f 2329/2622/2389 2328/2621/2388 2330/2623/2390 2331/2624/2391
f 2331/2624/2391 2330/2623/2390 2332/2608/2375 2333/2607/2374
f 2047/2398/2165 2316/2613/2380 2314/2609/2376 2048/2399/2166
f 2049/2400/2167 2320/2612/2379 2318/2617/2384 2050/2401/2168
f 2320/2612/2379 2049/2400/2167 2048/2399/2166 2314/2609/2376
f 2050/2401/2168 2318/2617/2384 2322/2603/2370 2051/2402/2169
f 2051/2402/2169 2322/2603/2370 2310/2602/2369 1740/2403/2170
f 2045/2396/2163 2326/2619/2386 2324/2615/2382 2046/2397/2164
f 2046/2397/2164 2324/2615/2382 2316/2613/2380 2047/2398/2165
f 2044/2395/2162 2328/2621/2388 2326/2619/2386 2045/2396/2163
f 2043/2394/2161 2330/2623/2390 2328/2621/2388 2044/2395/2162
f 2330/2623/2390 2043/2394/2161 2042/2393/2160 2332/2608/2375
f 1739/3543/2159 2312/3542/2372 2332/2608/2375 2042/2393/2160
f 2289/2590/2357 2287/2589/2356 2311/2601/2368 2323/2604/2371
f 2291/2591/2358 2289/2590/2357 2323/2604/2371 2319/2618/2385
f 2293/2592/2359 2291/2591/2358 2319/2618/2385 2321/2611/2378
f 2321/2611/2378 2315/2610/2377 2295/2593/2360 2293/2592/2359
f 2315/2610/2377 2317/2614/2381 2297/2594/2361 2295/2593/2360
f 2317/2614/2381 2325/2616/2383 2299/2595/2362 2297/2594/2361
f 2301/2596/2363 2299/2595/2362 2325/2616/2383 2327/2620/2387
f 2327/2620/2387 2329/2622/2389 2303/2597/2364 2301/2596/2363
f 2305/2598/2365 2303/2597/2364 2329/2622/2389 2331/2624/2391
f 2331/2624/2391 2333/2607/2374 2307/2599/2366 2305/2598/2365
f 2309/3541/2367 2307/2599/2366 2333/2607/2374 2313/3540/2373
f 1706/2035/1777 1867/2031/1773 1942/2159/1879 2334/2139/1876
f 1942/2159/1879 1952/2168/1888 2335/2165/1885 2334/2139/1876
f 2162/2143/1893 2335/2135/1885 1952/2138/1888 1955/2142/1892
f 1768/2144/1894 2162/2143/1893 2169/2441/2208 1794/2470/2237
f 2199/2486/2253 2195/2506/2273 2264/2485/2252 2263/2156/1906
f 1732/3538/1986 2007/2234/1984 2120/2353/2120 1787/3539/2122
f 2175/2554/2321 2337/2456/2223 2336/2455/2222 1775/2555/2322
f 2194/2484/2251 2337/2456/2223 2175/2554/2321 2195/2506/2273
f 2191/2495/2262 2339/2625/2392 2338/2466/2233 2186/2469/2236
f 2041/2276/2026 2168/2467/2234 2338/2466/2233 2339/2625/2392
f 2041/2276/2026 2339/2625/2392 2191/2495/2262 2190/3598/2027
f 2168/3532/2234 2041/3534/2026 2340/2391/2158 1769/2440/2207
f 2342/2389/2156 2341/2390/2157 2040/2272/2022 2039/2275/2025
f 2039/2275/2025 2038/2270/2020 2343/2388/2155 2342/2389/2156
f 2344/2387/2154 2343/2388/2155 2038/2270/2020 2037/2269/2019
f 2345/2386/2153 2344/2387/2154 2037/2269/2019 2036/2268/2018
f 2346/2385/2152 2345/2386/2153 2036/2268/2018 2035/2267/2017
f 2347/2384/2151 2346/2385/2152 2035/2267/2017 2034/2266/2016
f 2034/2266/2016 2033/2265/2015 2348/2383/2150 2347/2384/2151
f 2349/2381/2148 2348/2383/2150 2033/2265/2015 2032/2264/2014
f 2350/3536/2149 2349/2381/2148 2032/2264/2014 1738/3537/2013
f 2341/2390/2157 2340/2391/2158 2041/3534/2026 2040/2272/2022
f 2222/2507/2274 2223/2549/2316 2220/2550/2317 2219/2508/2275
f 2226/2552/2319 2227/2510/2277 2231/2509/2276 2230/2551/2318
f 1864/1994/1737 1701/2033/1775 1790/2641/2242 1863/1989/1732
f 1802/1950/1699 1698/1949/1698 1779/2681/2241 1805/1959/1705
f 1795/2443/2210 2170/2442/2209 2171/2445/2212 1771/2448/2215
f 2253/2540/2307 2352/2545/2312 2351/2544/2311 2252/2537/2304
f 2351/2544/2311 2039/2275/2025 2218/2274/2024 2252/2537/2304
f 2038/2270/2020 2352/2545/2312 2253/2540/2307 2221/2271/2021
f 2236/2519/2286 2249/2522/2289 2225/2343/2110
f 2108/2340/2107 2225/2343/2110 2224/2548/2315
f 2107/2337/2104 2108/2340/2107 2224/2548/2315 2229/2547/2314
f 2228/2338/2105 2107/2337/2104 2229/2547/2314
f 2228/2338/2105 2248/2515/2282 2232/2511/2278
f 1724/3581/1938 1751/3604/2337 2267/2557/2324 2270/2185/1935
f 2394/2685/2393 2395/2687/2394 2396/2689/2395 2397/2691/2396
f 2398/2693/2397 2395/2687/2394 2394/2685/2393 2399/2694/2398
f 2356/2695/2399 2361/2696/2400 2381/2474/2186 2154/2478/2190
f 2157/2477/2189 2357/2697/2401 2356/2695/2399 2154/2478/2190
f 2358/2698/2402 2357/2697/2401 2157/2477/2189 2156/2482/2194
f 2359/2635/2205 2358/2698/2402 2156/2482/2194 2160/2481/2193
f 1950/2162/1882 2362/2187/1922 2363/2163/1883
f 2401/2699/2403 2400/2700/2404 2392/2633/2203 2402/2703/2405
f 1973/2184/1920 1949/2183/1919 2365/2704/2406
f 2385/2207/1942 2393/2634/2204 2400/2700/2404 2382/2204/1939
f 2365/2704/2406 2366/2705/2407 1976/2191/1926 1973/2184/1920
f 1974/2188/1923 1982/2219/1945 2367/2209/1944 2364/2186/1921
f 2403/2706/2408 2384/2206/1941 2383/2205/1940 2404/2707/2409
f 1719/2192/1927 1976/2191/1926 2366/2705/2407 2369/2708/2410
f 1944/2160/1880 2397/2691/2396 2396/2689/2395
f 2391/2632/2202 2398/2693/2397 2399/2694/2398 2390/2631/2201
f 1710/3682/1850 1909/2108/1848 2371/2089/1829 2370/3681/1830
f 2372/2088/1828 2371/2089/1829 1909/2108/1848 1908/2106/1846
f 2373/2087/1827 2372/2088/1828 1908/2106/1846 1907/2104/1844
f 1907/2104/1844 1895/2101/1841 2374/2071/1811 2373/2087/1827
f 1895/2101/1841 1893/2099/1839 2375/2070/1810 2374/2071/1811
f 1893/2099/1839 1892/2098/1838 2376/2069/1809 2375/2070/1810
f 1892/2098/1838 1891/2094/1834 2377/2068/1808 2376/2069/1809
f 1891/2094/1834 1890/2074/1814 2378/2066/1806 2377/2068/1808
f 2379/2067/1807 2378/2066/1806 1890/2074/1814 1889/2073/1813
f 1889/2073/1813 2153/2475/2187 2380/2473/2185 2379/2067/1807
f 2381/2474/2186 2380/2473/2185 2153/2475/2187 2154/2478/2190
f 2381/2474/2186 2361/2696/2400 1945/2626/2196 2152/2434/2178
f 1945/2626/2196 2360/2161/1881 1858/2028/1770
f 2392/2633/2203 2400/2700/2404 2393/2634/2204
f 1969/2174/1910 2353/2175/1911 2354/2172/1908 1968/2171/1907
f 2364/2186/1921 2367/2209/1944 2383/2205/1940 2382/2204/1939
f 2366/2705/2407 2365/2704/2406 2385/2207/1942 2384/2206/1941
f 1948/2181/1917 1947/2179/1915 2386/2628/2198 2387/2627/2197
f 2357/2697/2401 2358/2698/2402 2389/2630/2200 2388/2629/2199
f 2356/2695/2399 2357/2697/2401 2388/2629/2199 2390/2631/2201
f 1947/2179/1915 1946/2178/1914 2391/2632/2202 2386/2628/2198
f 2358/2698/2402 2359/2635/2205 2392/2633/2203 2389/2630/2200
f 1949/2183/1919 1948/2181/1917 2387/2627/2197 2393/2634/2204
f 2354/2172/1908 2353/2175/1911 2396/2689/2395 2395/2687/2394
f 2360/2161/1881 1945/2626/2196 2394/2685/2393 2397/2691/2396
f 2355/2173/1909 2354/2172/1908 2395/2687/2394 2398/2693/2397
f 1945/2626/2196 2361/2696/2400 2399/2694/2398 2394/2685/2393
f 2363/2163/1883 2362/2187/1922 2400/2700/2404 2401/2699/2403
f 2359/2635/2205 2161/2483/2195 2402/2703/2405 2392/2633/2203
f 2161/2483/2195 2363/2163/1883 2401/2699/2403 2402/2703/2405
f 2365/2704/2406 1949/2183/1919 2393/2634/2204 2385/2207/1942
f 2362/2187/1922 2364/2186/1921 2382/2204/1939 2400/2700/2404
f 2369/2708/2410 2366/2705/2407 2384/2206/1941 2403/2706/2408
f 2367/2209/1944 2368/2208/1943 2404/2707/2409 2383/2205/1940
f 1944/2160/1880 2360/2161/1881 2397/2691/2396
f 2353/2175/1911 1944/2160/1880 2396/2689/2395
f 1946/2178/1914 2355/2173/1909 2398/2693/2397 2391/2632/2202
f 2361/2696/2400 2356/2695/2399 2390/2631/2201 2399/2694/2398
f 2445/2638/2240 1817/1977/1716 1816/1978/1717 1827/2639/2101
f 2416/2644/2411 2417/2645/2412 2419/2646/2413 2418/2647/2414
f 2417/2645/2412 2416/2644/2411 2420/2648/2415 2421/2649/2416
f 2418/2647/2414 2419/2646/2413 1840/3649/1749 1841/2001/1751
f 2421/2649/2416 2420/2648/2415 2423/2650/2417 2422/2651/2418
f 2422/2651/2418 2423/2650/2417 2432/4461/2419 2433/4459/2420
f 2424/2652/2421 2425/2653/2422 2427/2654/2423 2426/2655/2424
f 2425/2653/2422 2424/2652/2421 2428/2656/2425 2429/2657/2426
f 2426/2655/2424 2427/2654/2423 1851/2038/1788 1850/3646/1786
f 2429/2657/2426 2428/2656/2425 2431/2658/2427 2430/2659/2428
f 2430/2659/2428 2431/2658/2427 2435/4472/2429 2436/4456/2430
f 2434/2662/2431 3900/2671/2432 3899/2672/2433 2439/2701/2434 2442/2661/1726
f 2437/2702/2435 2438/3274/2436 2443/2660/1725 2446/3275/2437
f 2408/3650/2438 2418/2647/2414 1841/2001/1751 1702/3640/1754
f 2419/2646/2413 2426/2655/2424 1850/3646/1786 1840/3649/1749
f 2427/2654/2423 2412/2664/2439 1704/2040/1790 1851/2038/1788
f 2416/2644/2411 2418/2647/2414 2408/3650/2438 2407/3651/2440
f 2423/2650/2417 2420/2648/2415 2406/3655/2441 2405/3652/2442
f 2420/2648/2415 2416/2644/2411 2407/3651/2440 2406/3655/2441
f 2419/2646/2413 2417/2645/2412 2424/2652/2421 2426/2655/2424
f 2417/2645/2412 2421/2649/2416 2428/2656/2425 2424/2652/2421
f 2421/2649/2416 2422/2651/2418 2431/2658/2427 2428/2656/2425
f 2427/2654/2423 2425/2653/2422 2411/2668/2443 2412/2664/2439
f 2425/2653/2422 2429/2657/2426 2410/2669/2444 2411/2668/2443
f 2429/2657/2426 2430/2659/2428 2409/2670/2445 2410/2669/2444
f 2434/2662/2431 2442/2661/1726 2443/2660/1725 2438/3274/2436
f 2437/2702/2435 2446/3275/2437 1781/3276/2446 2414/3277/2447
f 2413/4460/2448 2432/4461/2419 2423/2650/2417 2405/3652/2442
f 2433/4459/2420 2435/4472/2429 2431/2658/2427 2422/2651/2418
f 2436/4456/2430 2415/4449/2449 2409/2670/2445 2430/2659/2428
f 2439/2701/2434 2440/3630/2450 2441/1975/1723 2442/2661/1726
f 2443/2660/1725 2444/1976/1724 2445/3631/2240 2446/3275/2437
f 2440/3630/2450 2439/2701/2434 1699/3632/2451 2447/4483/2452
f 1781/3276/2446 2446/3275/2437 2445/3631/2240 2448/3634/2239
f 1826/1983/1722 1817/1977/1716 2444/2709/1724 2441/2710/1723
f 1697/1948/1697 2450/2711/2453 2455/2712/2454 1698/1949/1698
f 2450/2711/2453 2452/2713/2455 2456/2714/2456 2455/2712/2454
f 2452/2713/2455 2454/2715/2457 2457/2716/2458 2456/2714/2456
f 2458/2717/2459 2455/2712/2454 2456/2714/2456 2459/2718/2460
f 2459/2718/2460 2456/2714/2456 2457/2716/2458 2460/2719/2461
f 2462/2720/2462 2461/2721/2463 2460/2719/2461 2457/2716/2458
f 2461/2721/2463 2462/2720/2462 2463/2722/2464 2464/2723/2465
f 2464/2723/2465 2463/2722/2464 2465/2724/2466 2466/2725/2467
f 2468/2726/2468 2467/2727/2469 2466/2725/2467 2465/2724/2466
f 2470/2729/2470 2469/2730/2471 2467/2727/2469 2468/2726/2468
f 2471/2731/2472 2462/2720/2462 2457/2716/2458 2454/2715/2457
f 2462/2720/2462 2471/2731/2472 2473/2732/2473 2463/2722/2464
f 2463/2722/2464 2473/2732/2473 2475/2733/2474 2465/2724/2466
f 2465/2724/2466 2475/2733/2474 2477/2734/2475 2468/2726/2468
f 2468/2726/2468 2477/2734/2475 2479/2735/2476 2470/2729/2470
f 3064/3641/2477 3065/3642/2478 3066/3644/2479 3067/3645/2480
f 2449/2736/2481 2483/2737/2482 2484/2738/2483 2451/2739/2484
f 2486/2740/2485 2485/2741/2486 2515/2742/2487 2516/2743/2488
f 2486/2740/2485 2487/2744/2489 2488/2745/2490 2485/2741/2486
f 2487/2744/2489 2486/2740/2485 2516/2743/2488 2517/2746/2491
f 2514/2747/2492 2515/2742/2487 2485/2741/2486 2488/2745/2490
f 2489/2748/2493 2453/2749/2494 2451/2739/2484 2484/2738/2483
f 2453/2749/2494 2489/2748/2493 2490/2750/2495 2472/2751/2496
f 2491/2752/2497 2474/2753/2498 2472/2751/2496 2490/2750/2495
f 2492/2754/2499 2476/2755/2500 2474/2753/2498 2491/2752/2497
f 2493/2756/2501 2478/2757/2502 3230/2758/2503
f 2493/2756/2501 2482/2760/2504 2478/2757/2502
f 2494/2761/2505 2481/2762/2506 2482/2760/2504 2493/2756/2501
f 2481/2762/2506 2494/2761/2505 1702/2012/1754 1700/3680/1753
f 2484/2738/2483 2483/2737/2482 2495/2763/2507 2496/2764/2508
f 2488/2745/2490 2487/2744/2489 2497/2765/2509 2498/2766/2510
f 2487/2744/2489 2517/2746/2491 2518/2767/2511 2497/2765/2509
f 2513/2768/2512 2514/2747/2492 2488/2745/2490 2498/2766/2510
f 2489/2748/2493 2484/2738/2483 2496/2764/2508 2499/2769/2513
f 2490/2750/2495 2489/2748/2493 2499/2769/2513 2500/2770/2514
f 2491/2752/2497 2490/2750/2495 2500/2770/2514 2501/2771/2515
f 2492/2754/2499 2491/2752/2497 2501/2771/2515 2502/2772/2516
f 2493/2756/2501 3230/2758/2503 3231/2773/2517 2503/2774/2518
f 2518/2767/2511 2519/2775/2519 2505/2776/2520 2497/2765/2509
f 2497/2765/2509 2505/2776/2520 2506/2777/2521 2498/2766/2510
f 2506/2777/2521 2512/2778/2522 2513/2768/2512 2498/2766/2510
f 2511/2779/2523 2512/2778/2522 2506/2777/2521 2508/2780/2524
f 2508/2780/2524 2506/2777/2521 2505/2776/2520 2510/2781/2525
f 2519/2775/2519 2520/2782/2526 2510/2781/2525 2505/2776/2520
f 2518/2767/2511 2517/2746/2491 1701/2033/1775 1703/2032/1774
f 1703/2032/1774 1705/2034/1776 2519/2775/2519 2518/2767/2511
f 1705/2034/1776 1706/2035/1777 2520/2782/2526 2519/2775/2519
f 2521/2783/2527 2496/2764/2508 2495/2763/2507 2507/2784/2528
f 2496/2764/2508 2521/2783/2527 2522/2785/2529 2499/2769/2513
f 2499/2769/2513 2522/2785/2529 2523/2786/2530 2500/2770/2514
f 2524/2787/2531 2501/2771/2515 2500/2770/2514 2523/2786/2530
f 2501/2771/2515 2524/2787/2531 2525/2788/2532 2502/2772/2516
f 3231/2773/2517 2526/2789/2533 2503/2774/2518
f 2527/2790/2534 2503/2774/2518 2526/2789/2533
f 2528/2791/2535 2504/2792/2536 2503/2774/2518 2527/2790/2534
f 1707/2049/1789 1704/3696/1790 2504/2792/2536 2528/2791/2535
f 2529/2793/2537 2521/2783/2527 2507/2784/2528 2509/2794/2538
f 2530/2795/2539 2522/2785/2529 2521/2783/2527 2529/2793/2537
f 2522/2785/2529 2530/2795/2539 2531/2796/2540 2523/2786/2530
f 2532/2797/2541 2524/2787/2531 2523/2786/2530 2531/2796/2540
f 2533/2798/2542 2525/2788/2532 2524/2787/2531 2532/2797/2541
f 2534/2799/2543 2526/2789/2533 2525/2788/2532 2533/2798/2542
f 2535/2800/2544 2527/2790/2534 2526/2789/2533 2534/2799/2543
f 2536/2801/2545 2528/2791/2535 2527/2790/2534 2535/2800/2544
f 1708/2060/1800 1707/2049/1789 2528/2791/2535 2536/2801/2545
f 2509/2794/2538 2537/2802/2546 2538/2803/2547 2529/2793/2537
f 2539/2804/2548 2530/2795/2539 2529/2793/2537 2538/2803/2547
f 2540/2805/2549 2531/2796/2540 2530/2795/2539 2539/2804/2548
f 2541/2806/2550 2532/2797/2541 2531/2796/2540 2540/2805/2549
f 2537/2802/2546 3015/2807/2551 3014/2808/2552 2538/2803/2547
f 3013/2809/2553 2539/2804/2548 2538/2803/2547 3014/2808/2552
f 3012/2810/2554 2540/2805/2549 2539/2804/2548 3013/2809/2553
f 3011/2811/2555 2541/2806/2550 2540/2805/2549 3012/2810/2554
f 3010/2812/2556 2547/2813/2557 2541/2806/2550 3011/2811/2555
f 2542/2814/2558 2549/2815/2559 2550/2816/2560 2543/2817/2561
f 2552/2818/2562 2550/2816/2560 2549/2815/2559 2551/2819/2563
f 2551/2819/2563 2553/2820/2564 2554/2821/2565 2552/2818/2562
f 2553/2820/2564 2555/2822/2566 2589/2823/2567 2554/2821/2565
f 2532/2797/2541 2541/2806/2550 2547/2813/2557 2533/2798/2542
f 2536/2801/2545 2535/2800/2544 2557/2824/2568 2558/2825/2569
f 2557/2824/2568 2535/2800/2544 2534/2799/2543 2559/2826/2570
f 2533/2798/2542 2547/2813/2557 2559/2826/2570 2534/2799/2543
f 1708/2060/1800 2536/2801/2545 2558/2825/2569 1709/2086/1826
f 3009/2827/2571 2559/2826/2570 2547/2813/2557 3010/2812/2556
f 2559/2826/2570 3009/2827/2571 3008/2828/2572 2557/2824/2568
f 2557/2824/2568 3008/2828/2572 3007/2829/2573 2558/2825/2569
f 2370/2090/1830 1709/2086/1826 2558/2825/2569 3007/2829/2573
f 2564/2830/2574 2563/2831/2575 2552/2818/2562 2554/2821/2565
f 2550/2816/2560 2552/2818/2562 2563/2831/2575 2565/2832/2576
f 2565/2832/2576 2544/2833/2577 2543/2817/2561 2550/2816/2560
f 2554/2821/2565 2589/2823/2567 2590/2834/2578 2564/2830/2574
f 2565/2832/2576 2563/2831/2575 2567/2835/2579 2568/2836/2580
f 2568/2836/2580 2545/2837/2581 2544/2833/2577 2565/2832/2576
f 2545/2837/2581 2568/2836/2580 2569/2838/2582 2546/2839/2583
f 2546/2839/2583 2569/2838/2582 2570/2840/2584 2548/2841/2585
f 2571/2842/2586 2560/2843/2587 2548/2841/2585 2570/2840/2584
f 2572/2845/2588 2561/2848/2589 2560/2843/2587 2571/2842/2586
f 2573/2864/2590 2562/2865/2591 2561/2848/2589 2572/2845/2588
f 1711/2109/1849 1710/2110/1850 2562/2865/2591 2573/2864/2590
f 2574/2866/2592 2567/2835/2579 2563/2831/2575 2564/2830/2574
f 2567/2835/2579 2574/2866/2592 2575/2867/2593 2576/2868/2594
f 2576/2868/2594 2569/2838/2582 2568/2836/2580 2567/2835/2579
f 2578/2869/2595 2577/2870/2596 2576/2868/2594 2575/2867/2593
f 2569/2838/2582 2576/2868/2594 2577/2870/2596 2570/2840/2584
f 2570/2840/2584 2577/2870/2596 2579/2871/2597 2571/2842/2586
f 2580/2872/2598 2572/2845/2588 2571/2842/2586 2579/2871/2597
f 2581/2873/2599 2573/2864/2590 2572/2845/2588 2580/2872/2598
f 1712/2119/1859 1711/2109/1849 2573/2864/2590 2581/2873/2599
f 2577/2870/2596 2578/2869/2595 2582/2874/2600 2579/2871/2597
f 2579/2871/2597 2582/2874/2600 2583/2875/2601 2580/2872/2598
f 2580/2872/2598 2583/2875/2601 2584/2876/2602 2581/2873/2599
f 2581/2873/2599 2584/2876/2602 1713/2123/1863 1712/2119/1859
f 1714/2124/1864 2584/2876/2602 2583/2875/2601 2585/2877/2603
f 2585/2877/2603 2583/2875/2601 2582/2874/2600
f 1713/2123/1863 2584/2876/2602 1714/2124/1864 1931/2122/1862
f 1714/2124/1864 2585/2877/2603 2586/2878/2604 1715/2126/1866
f 2578/2869/2595 2587/2879/2605 2585/2877/2603 2582/2874/2600
f 2575/2867/2593 2588/2880/2606 2587/2879/2605 2578/2869/2595
f 2589/2823/2567 2555/2822/2566 2556/2881/2607
f 2590/2834/2578 2589/2823/2567 2556/2881/2607 2566/2882/2608
f 2591/2883/2609 2574/2866/2592 2564/2830/2574 2590/2834/2578
f 2574/2866/2592 2591/2883/2609 2588/2880/2606 2575/2867/2593
f 2587/2879/2605 2592/2884/2610 2586/2878/2604 2585/2877/2603
f 2592/2884/2610 2587/2879/2605 2588/2880/2606 2593/2885/2611
f 2594/2887/2612 2591/2883/2609 2590/2834/2578 2566/2882/2608
f 2591/2883/2609 2594/2887/2612 2593/2885/2611 2588/2880/2606
f 1706/2035/1777 1716/2157/1877 2975/2888/2613
f 2510/2781/2525 2520/2782/2526 2595/2889/2614 2596/2890/2615
f 2596/2890/2615 2597/2891/2616 2508/2780/2524 2510/2781/2525
f 2511/2779/2523 2508/2780/2524 2597/2891/2616 2999/2892/2617
f 2603/2893/2618 2604/2894/2619 3002/2895/2620
f 2975/2888/2613 1716/2157/1877 1717/2166/1886 2976/2896/2621
f 2596/2890/2615 2595/2889/2614 2605/2897/2622 2606/2898/2623
f 2596/2890/2615 2606/2898/2623 2934/2899/2624 2918/2900/2625
f 2606/2846/2623 2605/3578/2622 2608/2849/2626 2607/2850/2627
f 1717/2136/1886 1768/2144/1894 2815/2851/2628 2976/2844/2621
f 2607/2850/2627 2608/2849/2626 2610/2852/2629 2609/2853/2630
f 2610/2852/2629 2612/2854/2631 2611/2855/2632 2609/2853/2630
f 2611/2855/2632 2612/2854/2631 2614/2856/2633 2613/2857/2634
f 2613/2857/2634 2614/2856/2633 2616/2858/2635 2615/2859/2636
f 2617/2860/2637 2615/2859/2636 2616/2858/2635 2618/2861/2638
f 2618/2861/2638 2913/2862/2639 2912/2863/2640 2617/2860/2637
f 2621/2901/2641 2620/2902/2642 2599/2903/2643 2994/2904/2644
f 2622/3004/2645 2992/3061/2646 2597/2891/2616
f 2623/3062/2647 2622/3004/2645 2597/2891/2616 2596/2890/2615
f 2620/2902/2642 2624/3063/2648 2600/3064/2649 2599/2903/2643
f 2624/3063/2648 2625/3065/2650 2601/3066/2651 2600/3064/2649
f 2602/3067/2652 2601/3066/2651 2625/3065/2650 2626/3068/2653
f 3003/3069/2654 2627/3070/2655 2603/2893/2618 3001/3071/2656
f 2628/3072/2657 2626/3068/2653 2625/3065/2650 2624/3063/2648
f 2630/3073/2658 2629/3074/2659 2626/3068/2653 2628/3072/2657
f 2629/3074/2659 2630/3073/2658 1718/2193/1928 1719/2192/1927
f 2632/3075/2660 2621/2901/2641 2622/3004/2645 2631/3076/2661
f 1720/2196/1931 2632/3075/2660 2631/3076/2661 1721/2197/1932
f 2631/3076/2661 2622/3004/2645 2623/3062/2647 2633/3077/2662
f 2633/3077/2662 2623/3062/2647 2919/3078/2663 2634/3079/2664
f 2633/3077/2662 1722/2201/1936 1721/2197/1932 2631/3076/2661
f 2634/3079/2664 1723/2202/1937 1722/2201/1936 2633/3077/2662
f 1723/2202/1937 2634/3079/2664 2919/3078/2663 1724/2203/1938
f 3018/3080/2665 3021/3081/2666 3020/3082/2667 3019/3083/2668
f 2368/2208/1943 1725/2334/1946 2635/3084/2669 3006/3085/2670
f 2636/3086/2671 2604/2894/2619 2603/2893/2618 2627/3070/2655
f 2627/3070/2655 2635/3084/2669 2637/3087/2672 2636/3086/2671
f 1725/2334/1946 1726/2406/1949 2637/3087/2672 2635/3084/2669
f 2593/2885/2611 2638/3088/2673 2592/2884/2610
f 2566/2882/2608 2639/3089/2674 2594/2887/2612
f 2593/2885/2611 2594/2887/2612 2639/3089/2674 2638/3088/2673
f 2640/3090/2675 1727/2410/1953 1715/2126/1866 2586/2878/2604
f 2638/3088/2673 2640/3090/2675 2586/2878/2604 2592/2884/2610
f 2566/2882/2608 2556/2881/2607 2641/3091/2676 2639/3089/2674
f 2556/2881/2607 2555/2822/2566 2642/3092/2677 2641/3091/2676
f 3002/2895/2620 2642/3092/2677 2555/2822/2566 2814/3112/2678
f 2604/2894/2619 2636/3086/2671 2644/3113/2679 2643/3114/2680
f 2645/3115/2681 2644/3113/2679 2636/3086/2671 2637/3087/2672
f 2637/3087/2672 1726/2406/1949 1728/2416/1959 2645/3115/2681
f 2647/3116/2682 2646/3117/2683 2644/3113/2679 2645/3115/2681
f 2645/3115/2681 1728/2416/1959 1729/2419/1962 2647/3116/2682
f 2646/3117/2683 2648/3118/2684 2643/3114/2680 2644/3113/2679
f 2648/3118/2684 2649/3241/2685 2642/3092/2677 2643/3114/2680
f 2649/3241/2685 2650/3242/2686 2641/3091/2676 2642/3092/2677
f 2651/3243/2687 2639/3089/2674 2641/3091/2676 2650/3242/2686
f 2651/3243/2687 2652/3244/2688 2638/3088/2673 2639/3089/2674
f 2638/3088/2673 2652/3244/2688 2653/3245/2689 2640/3090/2675
f 2640/3090/2675 2653/3245/2689 1730/2426/1969 1727/2410/1953
f 2861/2913/2690 2864/2914/2691 2863/2915/2692 2862/2916/2693
f 2656/2917/2694 2655/2918/2695 2661/2919/2696 2662/2920/2697
f 2657/2921/2698 2656/2917/2694 2662/2920/2697 2663/2922/2699
f 2658/2923/2700 2657/2921/2698 2663/2922/2699 2664/2924/2701
f 2659/2925/2702 2658/2923/2700 2664/2924/2701 2665/2926/2703
f 2660/2927/2704 2659/2925/2702 2665/2926/2703 2666/2928/2705
f 1732/2236/1986 2660/2927/2704 2666/2928/2705 1734/2237/1987
f 2862/2916/2693 2863/2915/2692 2866/2929/2706 2865/2930/2707
f 2662/2920/2697 2661/2919/2696 2667/2931/2708 2668/2932/2709
f 2663/2922/2699 2662/2920/2697 2668/2932/2709 2669/2933/2710
f 2664/2924/2701 2663/2922/2699 2669/2933/2710 2670/2934/2711
f 2665/2926/2703 2664/2924/2701 2670/2934/2711 2671/2935/2712
f 2666/2928/2705 2665/2926/2703 2671/2935/2712 2672/2936/2713
f 1734/2237/1987 2666/2928/2705 2672/2936/2713 1735/2246/1996
f 2868/2937/2714 2865/2930/2707 2866/2929/2706 2867/2938/2715
f 2675/2939/2716 2668/2932/2709 2667/2931/2708 2674/2940/2717
f 2668/2932/2709 2675/2939/2716 2676/2941/2718 2669/2933/2710
f 2669/2933/2710 2676/2941/2718 2677/2942/2719 2670/2934/2711
f 2678/2943/2720 2671/2935/2712 2670/2934/2711 2677/2942/2719
f 2679/2944/2721 2672/2936/2713 2671/2935/2712 2678/2943/2720
f 1735/2246/1996 2672/2936/2713 2679/2944/2721 1736/2255/2005
f 2674/2940/2717 2673/2945/2722 2680/2946/2723 2675/2939/2716
f 2680/2946/2723 2681/2947/2724 2676/2941/2718 2675/2939/2716
f 2682/2948/2725 2677/2942/2719 2676/2941/2718 2681/2947/2724
f 2682/2948/2725 2683/2949/2726 2678/2943/2720 2677/2942/2719
f 2684/2950/2727 1737/2262/2012 1736/2255/2005 2679/2944/2721
f 1738/2263/2013 1737/2262/2012 2684/2950/2727 2685/2951/2728
f 2686/2952/2729 2683/2949/2726 2682/2948/2725 2687/2953/2730
f 2687/2953/2730 2682/2948/2725 2681/2947/2724 2688/2954/2731
f 2681/2947/2724 2680/2946/2723 2689/2955/2732 2688/2954/2731
f 2690/2956/2733 2689/2955/2732 2680/2946/2723 2673/2945/2722
f 2691/2957/2734 2690/2956/2733 2673/2945/2722 2872/2958/2735
f 2693/3526/2736 2692/3527/2737 2869/3522/2738 2654/2962/2739
f 2694/3519/2740 2693/3526/2736 2654/2962/2739 2841/3594/2741
f 1743/2278/2028 1744/2280/2031 2716/4530/2742 2715/4528/2743
f 2716/4530/2742 1744/2280/2031 1746/2281/2033 2717/4531/2744
f 2717/4531/2744 1746/2281/2033 1747/2282/2035 2718/4532/2745
f 1748/2283/2036 2719/4535/2746 2718/4532/2745 1747/2282/2035
f 1749/2284/2038 2720/4538/2747 2719/4535/2746 1748/2283/2036
f 1745/4560/2040 2721/4540/2748 2720/4538/2747 1749/2284/2038
f 2705/3563/2749 2706/3566/2750 2722/2967/2751 2723/2968/2752
f 2706/3566/2750 2707/3556/2753 2724/2970/2754 2722/2967/2751
f 1741/3565/2048 2708/3564/2755 2725/2972/2756 1757/2292/2049
f 2708/3564/2755 2705/3563/2749 2723/2968/2752 2725/2972/2756
f 2710/3555/2757 2709/3562/2758 2726/2975/2759 2727/2976/2760
f 2709/3562/2758 2711/3561/2761 2728/2978/2762 2726/2975/2759
f 2711/3561/2761 2712/3560/2763 2729/2980/2764 2728/2978/2762
f 2712/3560/2763 2713/3559/2765 2730/2982/2766 2729/2980/2764
f 2713/3559/2765 2714/3558/2767 2731/2984/2768 2730/2982/2766
f 2714/3558/2767 1742/2308/2065 1758/2307/2064 2731/2984/2768
f 2707/3556/2753 2710/3555/2757 2727/2976/2760 2724/2970/2754
f 2723/2968/2752 2722/2967/2751 2732/2985/2769 2733/2986/2770
f 2722/2967/2751 2724/2970/2754 2734/2987/2771 2732/2985/2769
f 1757/2292/2049 2725/2972/2756 2735/2988/2772 1759/2312/2069
f 2725/2972/2756 2723/2968/2752 2733/2986/2770 2735/2988/2772
f 2727/2976/2760 2726/2975/2759 2736/2989/2773 2737/2990/2774
f 2726/2975/2759 2728/2978/2762 2738/2991/2775 2736/2989/2773
f 2728/2978/2762 2729/2980/2764 2739/2992/2776 2738/2991/2775
f 2729/2980/2764 2730/2982/2766 2740/2993/2777 2739/2992/2776
f 2730/2982/2766 2731/2984/2768 2741/2994/2778 2740/2993/2777
f 2731/2984/2768 1758/2307/2064 1760/2320/2077 2741/2994/2778
f 2724/2970/2754 2727/2976/2760 2737/2990/2774 2734/2987/2771
f 2733/2986/2770 2732/2985/2769 1761/2321/2078
f 2732/2985/2769 2734/2987/2771 1761/2321/2078
f 1759/2312/2069 2735/2988/2772 1761/2321/2078
f 2735/2988/2772 2733/2986/2770 1761/2321/2078
f 2737/2990/2774 2736/2989/2773 1761/2321/2078
f 2736/2989/2773 2738/2991/2775 1761/2321/2078
f 2738/2991/2775 2739/2992/2776 1761/2321/2078
f 2739/2992/2776 2740/2993/2777 1761/2321/2078
f 2740/2993/2777 2741/2994/2778 1761/2321/2078
f 2741/2994/2778 1760/2320/2077 1761/2321/2078
f 2734/2987/2771 2737/2990/2774 1761/2321/2078
f 2742/2995/2779 2743/4558/2780 1783/2324/2081 1784/2323/2080
f 2743/4558/2780 2742/2995/2779 2744/2996/2781 2745/4541/2782
f 2745/4541/2782 2744/2996/2781 2746/2997/2783 2747/4544/2784
f 2747/4544/2784 2746/2997/2783 2748/2998/2785 2749/4545/2786
f 2749/4545/2786 2748/2998/2785 2750/2999/2787 2751/4547/2788
f 2751/4547/2788 2750/2999/2787 2752/3000/2789 2753/4549/2790
f 2753/4549/2790 2752/3000/2789 2754/3001/2791 2755/4552/2792
f 2755/4552/2792 2754/3001/2791 2756/3002/2793 2757/4553/2794
f 2757/4553/2794 2756/3002/2793 2758/3003/2795 2759/4556/2796
f 2759/4556/2796 2758/3003/2795 1785/2333/2100 1786/4562/2099
f 2458/2682/2459 2459/2683/2460 2744/2996/2781 2742/2995/2779
f 2459/2683/2460 2460/2684/2461 2746/2997/2783 2744/2996/2781
f 2460/2684/2461 2461/2686/2463 2748/2998/2785 2746/2997/2783
f 2461/2686/2463 2464/2688/2465 2750/2999/2787 2748/2998/2785
f 2464/2688/2465 2466/2690/2467 2752/3000/2789 2750/2999/2787
f 2466/2690/2467 2467/2692/2469 2754/3001/2791 2752/3000/2789
f 2467/2692/2469 2469/3474/2471 2756/3002/2793 2754/3001/2791
f 2469/3474/2471 2480/3473/2797 2758/3003/2795 2756/3002/2793
f 2480/3473/2797 1780/2335/2102 1785/2333/2100 2758/3003/2795
f 1762/2336/2103 1763/2339/2106 2879/3005/2798 2760/3006/2799
f 2761/3007/2800 2876/3008/2801 2763/3009/2802 2762/3010/2803
f 2762/3010/2803 2763/3009/2802 2765/3011/2804 2764/3012/2805
f 2764/3012/2805 2765/3011/2804 2767/3013/2806 2766/3014/2807
f 2766/3014/2807 2767/3013/2806 2769/3015/2808 2768/3016/2809
f 2768/3016/2809 2769/3015/2808 2771/3017/2810 2770/3018/2811
f 2770/3018/2811 2771/3017/2810 2773/3019/2812 2772/3020/2813
f 2772/3020/2813 2773/3019/2812 1787/2355/2122 1788/2354/2121
f 2647/2905/2682 1729/2212/1962 1762/2336/2103 2760/3006/2799
f 2646/2906/2683 2647/2905/2682 2760/3006/2799 2761/3007/2800
f 2648/2907/2684 2646/2906/2683 2761/3007/2800 2762/3010/2803
f 2649/2908/2685 2648/2907/2684 2762/3010/2803 2764/3012/2805
f 2764/3012/2805 2766/3014/2807 2650/2909/2686 2649/2908/2685
f 2766/3014/2807 2768/3016/2809 2651/2910/2687 2650/2909/2686
f 2652/2911/2688 2651/2910/2687 2768/3016/2809 2770/3018/2811
f 2652/2911/2688 2770/3018/2811 2772/3020/2813 2653/2912/2689
f 2653/2912/2689 2772/3020/2813 1788/2354/2121 1789/2356/2123 1730/3553/1969
f 2655/2918/2695 2656/2917/2694 2765/3011/2804 2763/3009/2802
f 2656/2917/2694 2657/2921/2698 2767/3013/2806 2765/3011/2804
f 2657/2921/2698 2658/2923/2700 2769/3015/2808 2767/3013/2806
f 2658/2923/2700 2659/2925/2702 2771/3017/2810 2769/3015/2808
f 2659/2925/2702 2660/2927/2704 2773/3019/2812 2771/3017/2810
f 2774/3021/2814 2775/3022/2815 1765/2359/2126 1764/2358/2125
f 2775/3022/2815 2774/3021/2814 2776/3023/2816 2777/3024/2817
f 2777/3024/2817 2776/3023/2816 2778/3025/2818 2779/3026/2819
f 2779/3026/2819 2778/3025/2818 2780/3027/2820 2781/3028/2821
f 2781/3028/2821 2780/3027/2820 2782/3029/2822 2783/3030/2823
f 2783/3030/2823 2782/3029/2822 2784/3031/2824 2785/3032/2825
f 2785/3032/2825 2784/3031/2824 2786/3033/2826 2787/3034/2827
f 2787/3034/2827 2786/3033/2826 2788/3035/2828 2789/3036/2829
f 2789/3036/2829 2788/3035/2828 2790/3037/2830 2791/3038/2831
f 2791/3038/2831 2790/3037/2830 2792/3039/2832 2793/3040/2833
f 2793/3040/2833 2792/3039/2832 1766/2380/2147 1767/2379/2146
f 1764/2358/2125 2350/2382/2149 2989/3041/2834 2774/3021/2814
f 2774/3021/2814 2989/3041/2834 2988/3042/2835 2776/3023/2816
f 2987/3043/2836 2778/3025/2818 2776/3023/2816 2988/3042/2835
f 2778/3025/2818 2987/3043/2836 2986/3044/2837 2780/3027/2820
f 2780/3027/2820 2986/3044/2837 2985/3045/2838 2782/3029/2822
f 2782/3029/2822 2985/3045/2838 2984/3046/2839 2784/3031/2824
f 2784/3031/2824 2984/3046/2839 2983/3047/2840 2786/3033/2826
f 2982/3048/2841 2788/3035/2828 2786/3033/2826 2983/3047/2840
f 2788/3035/2828 2982/3048/2841 2981/3049/2842 2790/3037/2830
f 2790/3037/2830 2981/3049/2842 2980/3050/2843 2792/3039/2832
f 1765/2359/2126 2775/3022/2815 2695/3051/2844 1739/2392/2159
f 2775/3022/2815 2777/3024/2817 2696/3052/2845 2695/3051/2844
f 2777/3024/2817 2779/3026/2819 2697/3053/2846 2696/3052/2845
f 2779/3026/2819 2781/3028/2821 2698/3054/2847 2697/3053/2846
f 2781/3028/2821 2783/3030/2823 2699/3055/2848 2698/3054/2847
f 2783/3030/2823 2785/3032/2825 2700/3056/2849 2699/3055/2848
f 2785/3032/2825 2787/3034/2827 2701/3057/2850 2700/3056/2849
f 2787/3034/2827 2789/3036/2829 2702/3058/2851 2701/3057/2850
f 2789/3036/2829 2791/3038/2831 2703/3059/2852 2702/3058/2851
f 2791/3038/2831 2793/3040/2833 2704/3060/2853 2703/3059/2852
f 2793/3040/2833 1767/2379/2146 1740/2403/2170 2704/3060/2853
f 2794/3246/2854 2795/3247/2855 2799/3248/2856 2798/3249/2857
f 2795/3247/2855 2794/3246/2854 2797/3250/2858 2796/3251/2859
f 2796/3251/2859 2797/3250/2858 2805/3252/2860 2804/3253/2861
f 2798/3249/2857 2799/3248/2856 2801/3254/2862 2800/3255/2863
f 2800/3255/2863 2801/3254/2862 2803/3256/2864 2802/3278/2865
f 2802/3278/2865 2803/3256/2864 1792/2472/2184 1791/2439/2183
f 2804/3253/2861 2805/3252/2860 3017/3279/2866 3016/3280/2867
f 2806/3281/2868 2807/3282/2869 2810/3283/2870 2811/3284/2871
f 2808/3285/2872 2809/3286/2873 2813/3287/2874 2812/3288/2875
f 2809/3286/2873 2808/3285/2872 2811/3284/2871 2810/3283/2870
f 2812/3288/2875 2813/3287/2874 2814/3112/2678 2555/2822/2566
f 2794/3246/2854 2512/2778/2522 2511/2779/2523 2797/3250/2858
f 2513/2768/2512 2512/2778/2522 2794/3246/2854 2798/3249/2857
f 2800/3255/2863 2514/2747/2492 2513/2768/2512 2798/3249/2857
f 2800/3255/2863 2802/3278/2865 2515/2742/2487 2514/2747/2492
f 2516/2743/2488 2515/2742/2487 2802/3278/2865 1791/2439/2183
f 2797/3250/2858 2511/2779/2523 2598/3289/2876 2805/3252/2860
f 3023/3290/2877 3025/3291/2878 3024/3292/2879 3022/3293/2880
f 3026/3294/2881 3027/3295/2882 3022/3293/2880 3024/3292/2879
f 3023/3290/2877 3029/3296/2883 3028/3297/2884 3025/3291/2878
f 2814/3112/2678 2813/3287/2874 2998/3298/2885
f 2509/2794/2538 2507/2784/2528 2795/3247/2855 2796/3251/2859
f 2507/2784/2528 2495/2763/2507 2799/3248/2856 2795/3247/2855
f 2495/2763/2507 2483/2737/2482 2801/3254/2862 2799/3248/2856
f 2483/2737/2482 2449/2736/2481 2803/3256/2864 2801/3254/2862
f 2449/2736/2481 1778/2636/2206 1792/2472/2184 2803/3256/2864
f 2537/2802/2546 2509/2794/2538 2796/3251/2859 2804/3253/2861
f 3015/2807/2551 2537/2802/2546 2804/3253/2861 3016/3280/2867
f 2551/2819/2563 2549/2815/2559 2811/3284/2871 2808/3285/2872
f 2549/2815/2559 2542/2814/2558 2806/3281/2868 2811/3284/2871
f 2553/2820/2564 2551/2819/2563 2808/3285/2872 2812/3288/2875
f 2555/2822/2566 2553/2820/2564 2812/3288/2875
f 1769/2440/2207 1766/2380/2147 2792/3039/2832 2980/3050/2843
f 2822/3093/2886 1793/2444/2211 1795/2443/2210 2823/3094/2887
f 2824/3095/2888 1771/2448/2215 1772/2447/2214 2825/3096/2889
f 2825/3096/2889 1772/2447/2214 1773/2450/2217 2826/3097/2890
f 2826/3097/2890 1773/2450/2217 1774/2452/2219 2827/3098/2891
f 2827/3098/2891 1774/2452/2219 2266/2454/2221 2915/3099/2892
f 2336/2455/2222 1776/2458/2225 2829/3100/2893 2977/3101/2894
f 2829/3100/2893 1776/2458/2225 1777/3525/2227 2830/3524/2895
f 2815/2851/2628 2816/3103/2896 2610/2852/2629 2608/2849/2626
f 2612/2854/2631 2610/2852/2629 2816/3103/2896 2817/3104/2897
f 2612/2854/2631 2817/3104/2897 2818/3105/2898 2614/2856/2633
f 2614/2856/2633 2818/3105/2898 2819/3106/2899 2616/2858/2635
f 2819/3106/2899 2820/3107/2900 2618/2861/2638 2616/2858/2635
f 2978/3108/2901 2837/3109/2902 2838/3595/2903 2821/3518/2904
f 2822/3093/2886 1794/2470/2237 1793/2444/2211
f 1770/2471/2238 2830/3102/2895 1777/2460/2227
f 2816/3103/2896 2815/2851/2628 2822/3093/2886 2823/3094/2887
f 2817/3104/2897 2816/3103/2896 2823/3094/2887 2824/3095/2888
f 2818/3105/2898 2817/3104/2897 2824/3095/2888 2825/3096/2889
f 2819/3106/2899 2818/3105/2898 2825/3096/2889 2826/3097/2890
f 2820/3107/2900 2819/3106/2899 2826/3097/2890 2827/3098/2891
f 2821/3518/2904 2838/3595/2903 2829/3100/2893 2830/3524/2895
f 1769/2440/2207 2821/3111/2904 2830/3102/2895 1770/2471/2238
f 2448/2637/2239 1780/3686/2102 2480/3299/2797 3068/3300/2905
f 1784/2323/2080 1779/3494/2241 2458/2682/2459 2742/2995/2779
f 1791/2439/2183 1790/2641/2242 2516/2743/2488
f 2621/2901/2641 2831/3301/2906 2832/3302/2907 2620/2902/2642
f 2620/2902/2642 2832/3302/2907 2833/3303/2908 2624/3063/2648
f 2624/3063/2648 2833/3303/2908 2834/3304/2909 2628/3072/2657
f 2628/3072/2657 2834/3304/2909 2835/3305/2910 2630/3073/2658
f 2630/3073/2658 2835/3305/2910 2178/2678/2248 1718/2193/1928
f 2632/3075/2660 2836/3306/2911 2831/3301/2906 2621/2901/2641
f 1720/2196/1931 2179/3699/2250 2836/3306/2911 2632/3075/2660
f 2838/3595/2903 2845/3119/2912 2977/3101/2894 2829/3100/2893
f 2914/3120/2913 2820/3107/2900 2827/3098/2891 2915/3099/2892
f 2913/2862/2639 2618/2861/2638 2820/3107/2900 2914/3120/2913
f 2850/3121/2914 2841/3594/2741 2654/2962/2739 2619/3122/2915
f 2860/3616/2916 2857/3617/2917 2854/3125/2918 2856/3618/2919
f 2837/3591/2902 2839/3127/2920 2840/3128/2921 2838/3110/2903
f 2839/3127/2920 2854/3125/2918 2853/3614/2922 2840/3128/2921
f 2841/2964/2741 2843/3130/2923 2844/3619/2924 2842/3620/2925
f 2843/3130/2923 2855/3133/2926 2856/3126/2919 2844/3619/2924
f 2845/3593/2912 2848/3134/2927 2849/3135/2928 2847/3589/2929
f 2848/3134/2927 2858/3137/2930 2857/3124/2917 2849/3135/2928
f 2850/3590/2914 2851/3138/2931 2852/3139/2932
f 2851/3138/2931 2860/3123/2916 2859/3613/2933 2852/3139/2932
f 2844/3131/2924 2839/3127/2920 2837/3591/2902 2842/3592/2925
f 2840/3128/2921 2848/3134/2927 2845/3593/2912 2838/3110/2903
f 2849/3135/2928 2851/3138/2931 2850/3590/2914 2847/3589/2929
f 2852/3139/2932 2843/3130/2923 2841/2964/2741 2850/3590/2914
f 2844/3131/2924 2856/3618/2919 2854/3125/2918 2839/3127/2920
f 2840/3128/2921 2853/3614/2922 2858/3137/2930 2848/3134/2927
f 2849/3135/2928 2857/3124/2917 2860/3123/2916 2851/3138/2931
f 2852/3139/2932 2859/3613/2933 2855/3133/2926 2843/3130/2923
f 2845/3119/2912 2847/3136/2929 2846/3141/2934
f 2857/3617/2917 2858/3615/2930 2853/3129/2922 2854/3125/2918
f 2855/3612/2926 2859/3140/2933 2860/3616/2916 2856/3618/2919
f 2873/3142/2935 2868/2937/2714 2867/2938/2715 2870/3143/2936
f 2882/3144/2937 2864/2914/2691 2861/2913/2690 2878/3145/2938
f 2883/3146/2939 2885/3147/2940 2886/3148/2941 2884/3149/2942
f 2884/3149/2942 2898/3150/2943 2899/3151/2944 2883/3146/2939
f 2885/3147/2940 2891/3152/2945 2892/3153/2946 2886/3148/2941
f 2887/3154/2947 2900/3155/2948 2901/3156/2949 2888/3157/2950
f 2888/3157/2950 2890/3158/2951 2889/3159/2952 2887/3154/2947
f 2890/3158/2951 2894/3160/2953 2893/3161/2954 2889/3159/2952
f 2891/3152/2945 2931/3520/2955 2897/3163/2956 2892/3153/2946
f 2894/3160/2953 2895/3164/2957 2896/3165/2958 2893/3161/2954
f 2895/3164/2957 2907/3166/2959 2872/2958/2735 2896/3165/2958
f 2898/3150/2943 2911/3167/2960 2910/3168/2961 2899/3151/2944
f 2900/3155/2948 2909/3169/2962 2908/3170/2963 2901/3156/2949
f 2902/3171/2964 2906/3172/2965 2869/2961/2738 2903/3173/2966
f 2903/3173/2966 2904/3174/2967 2905/3175/2968 2902/3171/2964
f 2904/3174/2967 2872/2958/2735 2907/3166/2959 2905/3175/2968
f 2909/3169/2962 2910/3168/2961 2911/3167/2960 2908/3170/2963
f 2883/3146/2939 1731/2542/2309 1733/2541/2308 2885/3147/2940
f 2655/2918/2695 2887/3154/2947 2889/3159/2952 2661/2919/2696
f 2885/3147/2940 1733/2541/2308 1782/2543/2310 2891/3152/2945
f 2661/2919/2696 2889/3159/2952 2893/3161/2954 2667/2931/2708
f 2896/3165/2958 2872/2958/2735 2673/2945/2722 2674/2940/2717
f 2674/2940/2717 2667/2931/2708 2893/3161/2954 2896/3165/2958
f 2691/2957/2734 2991/3176/2969 2990/3177/2970 2692/2960/2737
f 2891/3152/2945 1782/2543/2310 1756/3523/2313 2931/3520/2955
f 2880/3178/2971 2910/3168/2961 2909/3169/2962 2875/3179/2972
f 2887/3154/2947 2655/2918/2695 2763/3009/2802 2876/3008/2801
f 2888/3157/2950 2861/2913/2690 2862/2916/2693 2890/3158/2951
f 2886/3148/2941 2863/2915/2692 2864/2914/2691 2884/3149/2942
f 2890/3158/2951 2862/2916/2693 2865/2930/2707 2894/3160/2953
f 2892/3153/2946 2866/2929/2706 2863/2915/2692 2886/3148/2941
f 2874/3180/2973 2871/3181/2974 2902/3171/2964 2905/3175/2968
f 2870/3143/2936 2867/2938/2715 2897/3163/2956 2906/3172/2965
f 2895/3164/2957 2868/2937/2714 2873/3142/2935 2907/3166/2959
f 2897/3163/2956 2867/2938/2715 2866/2929/2706 2892/3153/2946
f 2894/3160/2953 2865/2930/2707 2868/2937/2714 2895/3164/2957
f 2878/3145/2938 2861/2913/2690 2888/3157/2950 2901/3156/2949
f 2884/3149/2942 2864/2914/2691 2882/3144/2937 2898/3150/2943
f 2881/3182/2975 2877/3183/2976 2908/3170/2963 2911/3167/2960
f 2869/3522/2738 2930/3184/2977 2619/3122/2915 2654/2962/2739
f 2902/3171/2964 2871/3181/2974 2870/3143/2936 2906/3172/2965
f 2907/3166/2959 2873/3142/2935 2874/3180/2973 2905/3175/2968
f 2879/3005/2798 1763/2339/2106 1731/2542/2309 2883/3146/2939
f 2908/3170/2963 2877/3183/2976 2878/3145/2938 2901/3156/2949
f 2898/3150/2943 2882/3144/2937 2881/3182/2975 2911/3167/2960
f 2909/3169/2962 2900/3155/2948 2876/3008/2801 2875/3179/2972
f 2899/3151/2944 2910/3168/2961 2880/3178/2971 2879/3005/2798
f 2913/2862/2639 2850/3121/2914 2619/3122/2915 2912/2863/2640
f 2850/3121/2914 2846/3141/2934 2847/3136/2929
f 2846/3141/2934 2914/3120/2913 2915/3099/2892 2828/3185/2978
f 2266/2454/2221 1775/2555/2322 2828/3185/2978 2915/3099/2892
f 2919/3078/2663 2623/3062/2647 2596/2890/2615 2918/2900/2625
f 2930/3521/2977 2869/2961/2738 2906/3172/2965 2897/3163/2956
f 2917/3186/2979 2920/3187/2980 2921/3188/2981 2916/3189/2982
f 2920/3187/2980 2922/3190/2983 2923/3191/2984 2921/3188/2981
f 2922/3190/2983 2924/3192/2985 2925/3193/2986 2923/3191/2984
f 2924/3192/2985 2926/3194/2987 2927/3195/2988 2925/3193/2986
f 2926/3194/2987 2928/3196/2989 2929/3197/2990 2927/3195/2988
f 2928/3196/2989 2933/3198/2991 2932/3199/2992 2929/3197/2990
f 2931/3162/2955 2932/3199/2992 2933/3198/2991 2930/3184/2977
f 2607/2850/2627 2609/2853/2630 2920/3187/2980 2917/3186/2979
f 2922/3190/2983 2920/3187/2980 2609/2853/2630 2611/2855/2632
f 2922/3190/2983 2611/2855/2632 2613/2857/2634 2924/3192/2985
f 2924/3192/2985 2613/2857/2634 2615/2859/2636 2926/3194/2987
f 2615/2859/2636 2617/2860/2637 2928/3196/2989 2926/3194/2987
f 2921/3188/2981 1750/2571/2338 1751/2570/2337 2916/3189/2982
f 1756/2546/2313 2261/2572/2339 2932/3199/2992 2931/3162/2955
f 1753/2573/2340 1752/2574/2341 2923/3191/2984 2925/3193/2986
f 1752/2574/2341 1750/2571/2338 2921/3188/2981 2923/3191/2984
f 1755/2575/2342 1754/2576/2343 2927/3195/2988 2929/3197/2990
f 1754/2576/2343 1753/2573/2340 2925/3193/2986 2927/3195/2988
f 2933/3198/2991 2912/2863/2640 2619/3122/2915 2930/3184/2977
f 2261/2572/2339 1755/2575/2342 2929/3197/2990 2932/3199/2992
f 2933/3198/2991 2928/3196/2989 2617/2860/2637 2912/2863/2640
f 2919/3078/2663 2918/2900/2625 2934/2899/2624
f 2930/3521/2977 2897/3163/2956 2931/3520/2955
f 2916/3189/2982 2919/2886/2663 2934/2847/2624 2917/3186/2979
f 2606/2846/2623 2607/2850/2627 2917/3186/2979 2934/2847/2624
f 2684/2950/2727 2683/2949/2726 2686/2952/2729 2685/2951/2728
f 2679/2944/2721 2678/2943/2720 2683/2949/2726 2684/2950/2727
f 2706/2966/2750 2705/2965/2749 2951/3200/2993 2949/3201/2994
f 2947/3202/2995 2707/2969/2753 2706/2966/2750 2949/3201/2994
f 1741/2291/2048 2308/2581/2348 2953/3203/2996 2708/2971/2755
f 2951/3200/2993 2705/2965/2749 2708/2971/2755 2953/3203/2996
f 2943/3204/2997 2709/2974/2758 2710/2973/2757 2945/3205/2998
f 2941/3206/2999 2711/2977/2761 2709/2974/2758 2943/3204/2997
f 2939/3207/3000 2712/2979/2763 2711/2977/2761 2941/3206/2999
f 2712/2979/2763 2939/3207/3000 2937/3208/3001 2713/2981/2765
f 2713/2981/2765 2937/3208/3001 2935/3209/3002 2714/2983/2767
f 2714/2983/2767 2935/3209/3002 2286/2588/2355 1742/3557/2065
f 2707/2969/2753 2947/3202/2995 2945/3205/2998 2710/2973/2757
f 2287/2589/2356 2286/2588/2355 2935/3209/3002 2936/3210/3003
f 2936/3210/3003 2935/3209/3002 2937/3208/3001 2938/3211/3004
f 2938/3211/3004 2937/3208/3001 2939/3207/3000 2940/3212/3005
f 2940/3212/3005 2939/3207/3000 2941/3206/2999 2942/3213/3006
f 2942/3213/3006 2941/3206/2999 2943/3204/2997 2944/3214/3007
f 2944/3214/3007 2943/3204/2997 2945/3205/2998 2946/3215/3008
f 2946/3215/3008 2945/3205/2998 2947/3202/2995 2948/3216/3009
f 2948/3216/3009 2947/3202/2995 2949/3201/2994 2950/3217/3010
f 2950/3217/3010 2949/3201/2994 2951/3200/2993 2952/3218/3011
f 2952/3218/3011 2951/3200/2993 2953/3203/2996 2954/3219/3012
f 2954/3219/3012 2953/3203/2996 2308/2581/2348 2309/2600/2367
f 2311/2601/2368 2964/3220/3013 2963/3221/3014 2310/2602/2369
f 2312/2605/2372 2973/3222/3015 2974/3223/3016 2313/2606/2373
f 2955/3224/3017 2961/3225/3018 2962/3226/3019 2956/3227/3020
f 2956/3227/3020 2958/3228/3021 2957/3229/3022 2955/3224/3017
f 2958/3228/3021 2966/3230/3023 2965/3231/3024 2957/3229/3022
f 2959/3232/3025 2963/3221/3014 2964/3220/3013 2960/3233/3026
f 2960/3233/3026 2962/3226/3019 2961/3225/3018 2959/3232/3025
f 2966/3230/3023 2968/3234/3027 2967/3235/3028 2965/3231/3024
f 2968/3234/3027 2970/3236/3029 2969/3237/3030 2967/3235/3028
f 2970/3236/3029 2972/3238/3031 2971/3239/3032 2969/3237/3030
f 2972/3238/3031 2974/3223/3016 2973/3222/3015 2971/3239/3032
f 2700/3056/2849 2701/3057/2850 2955/3224/3017 2957/3229/3022
f 2702/3058/2851 2703/3059/2852 2959/3232/3025 2961/3225/3018
f 2961/3225/3018 2955/3224/3017 2701/3057/2850 2702/3058/2851
f 2703/3059/2852 2704/3060/2853 2963/3221/3014 2959/3232/3025
f 2704/3060/2853 1740/2403/2170 2310/2602/2369 2963/3221/3014
f 2698/3054/2847 2699/3055/2848 2965/3231/3024 2967/3235/3028
f 2699/3055/2848 2700/3056/2849 2957/3229/3022 2965/3231/3024
f 2697/3053/2846 2698/3054/2847 2967/3235/3028 2969/3237/3030
f 2696/3052/2845 2697/3053/2846 2969/3237/3030 2971/3239/3032
f 2971/3239/3032 2973/3222/3015 2695/3051/2844 2696/3052/2845
f 1739/2392/2159 2695/3051/2844 2973/3222/3015 2312/2605/2372
f 2936/3210/3003 2964/3220/3013 2311/2601/2368 2287/2589/2356
f 2938/3211/3004 2960/3233/3026 2964/3220/3013 2936/3210/3003
f 2940/3212/3005 2962/3226/3019 2960/3233/3026 2938/3211/3004
f 2962/3226/3019 2940/3212/3005 2942/3213/3006 2956/3227/3020
f 2956/3227/3020 2942/3213/3006 2944/3214/3007 2958/3228/3021
f 2958/3228/3021 2944/3214/3007 2946/3215/3008 2966/3230/3023
f 2948/3216/3009 2968/3234/3027 2966/3230/3023 2946/3215/3008
f 2968/3234/3027 2948/3216/3009 2950/3217/3010 2970/3236/3029
f 2952/3218/3011 2972/3238/3031 2970/3236/3029 2950/3217/3010
f 2972/3238/3031 2952/3218/3011 2954/3219/3012 2974/3223/3016
f 2309/2600/2367 2313/2606/2373 2974/3223/3016 2954/3219/3012
f 1706/2035/1777 2975/2888/2613 2595/2889/2614 2520/2782/2526
f 2595/2889/2614 2975/2888/2613 2976/2896/2621 2605/2897/2622
f 2815/2851/2628 2608/2849/2626 2605/3578/2622 2976/2844/2621
f 1768/2144/1894 1794/2470/2237 2822/3093/2886 2815/2851/2628
f 2850/3121/2914 2913/2862/2639 2914/3120/2913 2846/3141/2934
f 1732/2236/1986 1787/2355/2122 2773/3019/2812 2660/2927/2704
f 2828/3185/2978 1775/2555/2322 2336/2455/2222 2977/3101/2894
f 2845/3119/2912 2846/3141/2934 2828/3185/2978 2977/3101/2894
f 2842/3132/2925 2837/3109/2902 2978/3108/2901 2979/3240/3033
f 2694/3519/2740 2979/3240/3033 2978/3108/2901 2821/3518/2904
f 2694/3519/2740 2841/3594/2741 2842/3132/2925 2979/3240/3033
f 2821/3111/2904 1769/2440/2207 2980/3050/2843 2694/2963/2740
f 2982/3048/2841 2692/2960/2737 2693/2959/2736 2981/3049/2842
f 2692/2960/2737 2982/3048/2841 2983/3047/2840 2691/2957/2734
f 2984/3046/2839 2690/2956/2733 2691/2957/2734 2983/3047/2840
f 2985/3045/2838 2689/2955/2732 2690/2956/2733 2984/3046/2839
f 2986/3044/2837 2688/2954/2731 2689/2955/2732 2985/3045/2838
f 2987/3043/2836 2687/2953/2730 2688/2954/2731 2986/3044/2837
f 2687/2953/2730 2987/3043/2836 2988/3042/2835 2686/2952/2729
f 2989/3041/2834 2685/2951/2728 2686/2952/2729 2988/3042/2835
f 2350/2382/2149 1738/2263/2013 2685/2951/2728 2989/3041/2834
f 2981/3049/2842 2693/2959/2736 2694/2963/2740 2980/3050/2843
f 2873/3142/2935 2870/3143/2936 2871/3181/2974 2874/3180/2973
f 2877/3183/2976 2881/3182/2975 2882/3144/2937 2878/3145/2938
f 2517/2746/2491 2516/2743/2488 1790/2641/2242 1701/2033/1775
f 2455/2712/2454 2458/2717/2459 1779/2681/2241 1698/1949/1698
f 1795/2443/2210 1771/2448/2215 2824/3095/2888 2823/3094/2887
f 2904/3174/2967 2903/3173/2966 2990/3177/2970 2991/3176/2969
f 2990/3177/2970 2903/3173/2966 2869/2961/2738 2692/2960/2737
f 2691/2957/2734 2872/2958/2735 2904/3174/2967 2991/3176/2969
f 2887/3154/2947 2876/3008/2801 2900/3155/2948
f 2761/3007/2800 2875/3179/2972 2876/3008/2801
f 2760/3006/2799 2880/3178/2971 2875/3179/2972 2761/3007/2800
f 2879/3005/2798 2880/3178/2971 2760/3006/2799
f 2879/3005/2798 2883/3146/2939 2899/3151/2944
f 1724/3603/1938 2919/2886/2663 2916/3189/2982 1751/2570/2337
f 3030/3307/3034 3033/3308/3035 3032/3309/3036 3031/3310/3037
f 3034/3311/3038 3035/3312/3039 3030/3307/3034 3031/3310/3037
f 2995/3313/3040 2807/3282/2869 3017/3279/2866 3000/3314/3041
f 2810/3283/2870 2807/3282/2869 2995/3313/3040 2996/3315/3042
f 2997/3316/3043 2809/3286/2873 2810/3283/2870 2996/3315/3042
f 2998/3298/2885 2813/3287/2874 2809/3286/2873 2997/3316/3043
f 2603/2893/2618 3002/2895/2620 3001/3071/2656
f 3037/3317/3044 3038/3318/3045 3028/3297/2884 3036/3319/3046
f 2626/3068/2653 3004/3320/3047 2602/3067/2652
f 3021/3081/2666 3018/3080/2665 3036/3319/3046 3029/3296/2883
f 3004/3320/3047 2626/3068/2653 2629/3074/2659 3005/3321/3048
f 2627/3070/2655 3003/3069/2654 3006/3085/2670 2635/3084/2669
f 2403/2706/2408 2404/2707/2409 3019/3083/2668 3020/3082/2667
f 1719/2192/1927 2369/2708/2410 3005/3321/3048 2629/3074/2659
f 2597/2891/2616 3032/3309/3036 3033/3308/3035
f 3027/3295/2882 3026/3294/2881 3035/3312/3039 3034/3311/3038
f 1710/2110/1850 2370/2090/1830 3007/2829/2573 2562/2865/2591
f 3008/2828/2572 2561/2848/2589 2562/2865/2591 3007/2829/2573
f 3009/2827/2571 2560/2843/2587 2561/2848/2589 3008/2828/2572
f 2560/2843/2587 3009/2827/2571 3010/2812/2556 2548/2841/2585
f 2548/2841/2585 3010/2812/2556 3011/2811/2555 2546/2839/2583
f 2546/2839/2583 3011/2811/2555 3012/2810/2554 2545/2837/2581
f 2545/2837/2581 3012/2810/2554 3013/2809/2553 2544/2833/2577
f 2544/2833/2577 3013/2809/2553 3014/2808/2552 2543/2817/2561
f 3015/2807/2551 2542/2814/2558 2543/2817/2561 3014/2808/2552
f 2542/2814/2558 3015/2807/2551 3016/3280/2867 2806/3281/2868
f 3017/3279/2866 2807/3282/2869 2806/3281/2868 3016/3280/2867
f 3017/3279/2866 2805/3252/2860 2598/3289/2876 3000/3314/3041
f 2598/3289/2876 2511/2779/2523 2999/2892/2617
f 3028/3297/2884 3029/3296/2883 3036/3319/3046
f 2622/3004/2645 2621/2901/2641 2993/3322/3049 2992/3061/2646
f 3003/3069/2654 3018/3080/2665 3019/3083/2668 3006/3085/2670
f 3005/3321/3048 3020/3082/2667 3021/3081/2666 3004/3320/3047
f 2601/3066/2651 3023/3290/2877 3022/3293/2880 2600/3064/2649
f 2996/3315/3042 3024/3292/2879 3025/3291/2878 2997/3316/3043
f 2995/3313/3040 3026/3294/2881 3024/3292/2879 2996/3315/3042
f 2600/3064/2649 3022/3293/2880 3027/3295/2882 2599/2903/2643
f 2997/3316/3043 3025/3291/2878 3028/3297/2884 2998/3298/2885
f 2602/3067/2652 3029/3296/2883 3023/3290/2877 2601/3066/2651
f 2993/3322/3049 3031/3310/3037 3032/3309/3036 2992/3061/2646
f 2999/2892/2617 3033/3308/3035 3030/3307/3034 2598/3289/2876
f 2994/2904/2644 3034/3311/3038 3031/3310/3037 2993/3322/3049
f 2598/3289/2876 3030/3307/3034 3035/3312/3039 3000/3314/3041
f 3002/2895/2620 3037/3317/3044 3036/3319/3046 3001/3071/2656
f 2998/3298/2885 3028/3297/2884 3038/3318/3045 2814/3112/2678
f 2814/3112/2678 3038/3318/3045 3037/3317/3044 3002/2895/2620
f 3004/3320/3047 3021/3081/2666 3029/3296/2883 2602/3067/2652
f 3001/3071/2656 3036/3319/3046 3018/3080/2665 3003/3069/2654
f 2369/2708/2410 2403/2706/2408 3020/3082/2667 3005/3321/3048
f 3006/3085/2670 3019/3083/2668 2404/2707/2409 2368/2208/1943
f 2597/2891/2616 3033/3308/3035 2999/2892/2617
f 2992/3061/2646 3032/3309/3036 2597/2891/2616
f 2599/2903/2643 3027/3295/2882 3034/3311/3038 2994/2904/2644
f 3000/3314/3041 3035/3312/3039 3026/3294/2881 2995/3313/3040
f 3068/3300/2905 2470/2729/2470 3067/3323/2480
f 3039/3257/3050 3041/3258/3051 3042/3259/3052 3040/3260/3053
f 3040/3260/3053 3044/3261/3054 3043/3262/3055 3039/3257/3050
f 3041/3258/3051 2494/2728/2505 2493/3638/2501 3042/3259/3052
f 3044/3261/3054 3045/3263/3056 3046/3264/3057 3043/3262/3055
f 3045/3263/3056 3056/4455/3058 3055/3265/3059 3046/3264/3057
f 3047/3266/3060 3049/3267/3061 3050/3268/3062 3048/3269/3063
f 3048/3269/3063 3052/3270/3064 3051/3271/3065 3047/3266/3060
f 3049/3267/3061 2503/3637/2518 2504/2759/2536 3050/3268/3062
f 3052/3270/3064 3053/3272/3066 3054/3273/3067 3051/3271/3065
f 3053/3272/3066 3059/4453/3068 3058/4450/3069 3054/3273/3067
f 3057/3653/3070 3065/3642/2478 3062/3656/3071 3906/4402/3072 3905/4403/3073
f 3060/4404/3074 3069/4405/3075 3066/3644/2479 3061/4406/3076
f 2408/2663/2438 1702/3654/1754 2494/2728/2505 3041/3258/3051
f 3042/3259/3052 2493/3638/2501 2503/3637/2518 3049/3267/3061
f 3050/3268/3062 2504/2759/2536 1704/2040/1790 2412/2664/2439
f 3039/3257/3050 2407/2665/2440 2408/2663/2438 3041/3258/3051
f 3046/3264/3057 2405/2667/2442 2406/2666/2441 3043/3262/3055
f 3043/3262/3055 2406/2666/2441 2407/2665/2440 3039/3257/3050
f 3042/3259/3052 3049/3267/3061 3047/3266/3060 3040/3260/3053
f 3040/3260/3053 3047/3266/3060 3051/3271/3065 3044/3261/3054
f 3044/3261/3054 3051/3271/3065 3054/3273/3067 3045/3263/3056
f 3050/3268/3062 2412/2664/2439 2411/2668/2443 3048/3269/3063
f 3048/3269/3063 2411/2668/2443 2410/2669/2444 3052/3270/3064
f 3052/3270/3064 2410/2669/2444 2409/2670/2445 3053/3272/3066
f 3057/3653/3070 3061/4406/3076 3066/3644/2479 3065/3642/2478
f 3060/4404/3074 2414/3277/2447 1781/3276/2446 3069/4405/3075
f 2413/2673/2448 2405/2667/2442 3046/3264/3057 3055/3265/3059
f 3056/4455/3058 3045/3263/3056 3054/3273/3067 3058/4450/3069
f 3059/4453/3068 3053/3272/3066 2409/2670/2445 2415/4449/2449
f 3062/3656/3071 3065/3642/2478 3064/3641/2477 3063/4407/3077
f 3066/3644/2479 3069/4405/3075 3068/4408/2905 3067/3645/2480
f 3063/4407/3077 2447/3633/2452 1699/4479/2451 3062/3656/3071
f 1781/3276/2446 2448/3634/2239 3068/4408/2905 3069/4405/3075
f 2479/2735/2476 3064/3324/2477 3067/3323/2480 2470/2729/2470
f 3110/3325/3078 3111/3326/3079 3112/3327/3080 3113/3328/3081
f 3111/3326/3079 3110/3325/3078 3114/3329/3082 3115/3330/3083
f 3113/3328/3081 3112/3327/3080 3116/3331/3084 3117/3332/3085
f 3115/3330/3083 3114/3329/3082 3118/3333/3086 3119/3334/3087
f 3119/3334/3087 3118/3333/3086 3120/3335/3088 3121/3336/3089
f 3121/3336/3089 3120/3335/3088 3122/3337/3090 3123/3338/3091
f 3123/3338/3091 3122/3337/3090 3124/3339/3092 3125/3340/3093
f 3125/3340/3093 3124/3339/3092 3126/3341/3094 3127/3342/3095
f 3127/3342/3095 3126/3341/3094 3128/3343/3096 3129/3344/3097
f 3129/3344/3097 3128/3343/3096 3130/3345/3098 3131/3346/3099
f 3131/3346/3099 3130/3345/3098 3132/3347/3100 3133/3348/3101
f 3133/3348/3101 3132/3347/3100 3134/3677/3102 3135/3678/3103
f 3135/3350/3103 3134/3349/3102 3136/3351/3104 3137/3352/3105
f 3137/3352/3105 3136/3351/3104 3138/3353/3106 3139/3354/3107
f 3117/3332/3085 3116/3331/3084 3140/3355/3108 3141/3356/3109
f 3141/3356/3109 3140/3355/3108 3142/3357/3110 3143/3358/3111
f 3143/3358/3111 3142/3357/3110 3144/3359/3112 3145/3360/3113
f 3145/3360/3113 3144/3359/3112 3146/3361/3114 3147/3362/3115
f 3147/3362/3115 3146/3361/3114 3148/3363/3116 3149/3364/3117
f 3149/3364/3117 3148/3363/3116 3139/3354/3107 3138/3353/3106
f 3074/3365/3118 3070/3366/3119 3158/3367/3120 3159/3368/3121
f 3075/3369/3122 3076/3370/3123 1798/1985/1728 1796/1984/1727
f 3159/3368/3121 3160/3371/3124 3077/3372/3125 3074/3365/3118
f 3076/3370/3123 3078/3373/3126 1800/1997/1740 1798/1985/1728
f 3079/3374/3127 3077/3372/3125 3160/3371/3124 3161/3375/3128
f 3080/3376/3129 3079/3374/3127 3161/3375/3128 3162/3377/3130
f 3078/3373/3126 3081/3378/3131 1819/1998/1741 1800/1997/1740
f 3082/3379/3132 3080/3376/3129 3162/3377/3130 3163/3380/3133
f 1821/2002/1744 1819/1998/1741 3081/3378/3131 3083/3381/3134
f 3163/3380/3133 3164/3382/3135 3084/3383/3136 3082/3379/3132
f 1823/2004/1746 1821/2002/1744 3083/3381/3134 3085/3384/3137
f 3164/3382/3135 3165/3385/3138 3086/3386/3139 3084/3383/3136
f 1825/2005/1747 1823/2004/1746 3085/3384/3137 3087/3387/3140
f 3088/3388/3141 3086/3386/3139 3165/3385/3138 3166/3389/3142
f 3166/3389/3142 3184/3390/3143 3090/3391/3144 3088/3388/3141
f 1700/2011/1753 1828/2010/1752 3091/3392/3145 3092/3393/3146
f 3089/3394/3147 3091/3392/3145 1828/2010/1752 1829/2008/1750
f 3087/3387/3140 3089/3394/3147 1829/2008/1750 1825/2005/1747
f 1796/1984/1727 1778/2636/2206 3071/3395/3148 3075/3369/3122
f 3184/3390/3143 3185/3396/3149 3093/3397/3150 3090/3391/3144
f 3072/3398/3151 3157/3399/3152 3158/3367/3120 3070/3366/3119
f 3073/3400/3153 2449/2736/2481 2451/2739/2484 3096/3401/3154
f 3156/3402/3155 3157/3399/3152 3072/3398/3151 3097/3403/3156
f 3096/3401/3154 2451/2739/2484 2453/2749/2494 3098/3404/3157
f 3099/3405/3158 3155/3406/3159 3156/3402/3155 3097/3403/3156
f 3100/3407/3160 3154/3408/3161 3155/3406/3159 3099/3405/3158
f 3098/3404/3157 2453/2749/2494 2472/2751/2496 3101/3409/3162
f 3102/3410/3163 3153/3411/3164 3154/3408/3161 3100/3407/3160
f 2474/2753/2498 3103/3412/3165 3101/3409/3162 2472/2751/2496
f 3152/3413/3166 3153/3411/3164 3102/3410/3163 3104/3414/3167
f 2476/2755/2500 3105/3415/3168 3103/3412/3165 2474/2753/2498
f 3151/3416/3169 3152/3413/3166 3104/3414/3167 3106/3417/3170
f 2478/2757/2502 3107/3418/3171 3105/3415/3168 2476/2755/2500
f 3108/3419/3172 3150/3420/3173 3151/3416/3169 3106/3417/3170
f 3186/3421/3174 3150/3420/3173 3108/3419/3172 3094/3422/3175
f 1700/3680/1753 3092/3679/3146 3095/3423/3176 2481/2762/2506
f 3109/3424/3177 2482/2760/2504 2481/2762/2506 3095/3423/3176
f 3107/3418/3171 2478/2757/2502 2482/2760/2504 3109/3424/3177
f 2449/2736/2481 3073/3400/3153 3071/3395/3148 1778/2636/2206
f 3185/3674/3149 3186/3421/3174 3094/3422/3175 3093/3676/3150
f 3071/3395/3148 3073/3400/3153 3112/3327/3080 3111/3326/3079
f 3072/3398/3151 3070/3366/3119 3110/3325/3078 3113/3328/3081
f 3070/3366/3119 3074/3365/3118 3114/3329/3082 3110/3325/3078
f 3075/3369/3122 3071/3395/3148 3111/3326/3079 3115/3330/3083
f 3073/3400/3153 3096/3401/3154 3116/3331/3084 3112/3327/3080
f 3097/3403/3156 3072/3398/3151 3113/3328/3081 3117/3332/3085
f 3074/3365/3118 3077/3372/3125 3118/3333/3086 3114/3329/3082
f 3076/3370/3123 3075/3369/3122 3115/3330/3083 3119/3334/3087
f 3077/3372/3125 3079/3374/3127 3120/3335/3088 3118/3333/3086
f 3078/3373/3126 3076/3370/3123 3119/3334/3087 3121/3336/3089
f 3079/3374/3127 3080/3376/3129 3122/3337/3090 3120/3335/3088
f 3081/3378/3131 3078/3373/3126 3121/3336/3089 3123/3338/3091
f 3080/3376/3129 3082/3379/3132 3124/3339/3092 3122/3337/3090
f 3083/3381/3134 3081/3378/3131 3123/3338/3091 3125/3340/3093
f 3082/3379/3132 3084/3383/3136 3126/3341/3094 3124/3339/3092
f 3085/3384/3137 3083/3381/3134 3125/3340/3093 3127/3342/3095
f 3084/3383/3136 3086/3386/3139 3128/3343/3096 3126/3341/3094
f 3087/3387/3140 3085/3384/3137 3127/3342/3095 3129/3344/3097
f 3086/3386/3139 3088/3388/3141 3130/3345/3098 3128/3343/3096
f 3089/3394/3147 3087/3387/3140 3129/3344/3097 3131/3346/3099
f 3088/3388/3141 3090/3391/3144 3132/3347/3100 3130/3345/3098
f 3091/3392/3145 3089/3394/3147 3131/3346/3099 3133/3348/3101
f 3090/3391/3144 3093/3397/3150 3134/3677/3102 3132/3347/3100
f 3092/3393/3146 3091/3392/3145 3133/3348/3101 3135/3678/3103
f 3093/3676/3150 3094/3422/3175 3136/3351/3104 3134/3349/3102
f 3095/3423/3176 3092/3679/3146 3135/3350/3103 3137/3352/3105
f 3094/3422/3175 3108/3419/3172 3138/3353/3106 3136/3351/3104
f 3109/3424/3177 3095/3423/3176 3137/3352/3105 3139/3354/3107
f 3096/3401/3154 3098/3404/3157 3140/3355/3108 3116/3331/3084
f 3099/3405/3158 3097/3403/3156 3117/3332/3085 3141/3356/3109
f 3098/3404/3157 3101/3409/3162 3142/3357/3110 3140/3355/3108
f 3100/3407/3160 3099/3405/3158 3141/3356/3109 3143/3358/3111
f 3101/3409/3162 3103/3412/3165 3144/3359/3112 3142/3357/3110
f 3102/3410/3163 3100/3407/3160 3143/3358/3111 3145/3360/3113
f 3103/3412/3165 3105/3415/3168 3146/3361/3114 3144/3359/3112
f 3104/3414/3167 3102/3410/3163 3145/3360/3113 3147/3362/3115
f 3105/3415/3168 3107/3418/3171 3148/3363/3116 3146/3361/3114
f 3106/3417/3170 3104/3414/3167 3147/3362/3115 3149/3364/3117
f 3107/3418/3171 3109/3424/3177 3139/3354/3107 3148/3363/3116
f 3108/3419/3172 3106/3417/3170 3149/3364/3117 3138/3353/3106
f 3182/3425/3178 3183/3426/3179 2479/2735/2476 2477/2734/2475
f 2475/2733/2474 3181/3427/3180 3182/3425/3178 2477/2734/2475
f 2473/2732/2473 3180/3428/3181 3181/3427/3180 2475/2733/2474
f 3179/3429/3182 3180/3428/3181 2473/2732/2473 2471/2731/2472
f 3178/3437/3183 3179/3429/3182 2471/2731/2472 2454/2715/2457
f 3177/3438/3184 3178/3437/3183 2454/2715/2457 2452/2713/2455
f 2450/2711/2453 3176/3439/3185 3177/3438/3184 2452/2713/2455
f 3175/3440/3186 3176/3439/3185 2450/2711/2453 1697/1948/1697
f 3174/3441/3187 3175/3440/3186 1697/1948/1697 1797/1951/1700
f 1797/1951/1700 1799/1953/1702 3173/3442/3188 3174/3441/3187
f 3172/3469/3189 3173/3442/3188 1799/1953/1702 1801/1955/1704
f 3171/3472/3190 3172/3469/3189 1801/1955/1704 1818/1979/1718
f 3170/3475/3191 3171/3472/3190 1818/1979/1718 1820/1980/1719
f 1820/1980/1719 1822/1981/1720 3169/3476/3192 3170/3475/3191
f 1822/1981/1720 1824/1982/1721 3168/3477/3193 3169/3476/3192
f 3167/3478/3194 3168/3477/3193 1824/1982/1721 1826/1983/1722
f 3191/3479/3195 3190/3480/3196 3192/3483/3197 3193/3484/3198
f 3194/3485/3199 3192/3483/3197 3190/3480/3196 3195/3486/3200
f 3196/3487/3201 3194/3485/3199 3195/3486/3200 3197/3488/3202
f 3197/3488/3202 3198/3489/3203 3199/3490/3204 3196/3487/3201
f 3198/3489/3203 3200/3500/3205 3201/3502/3206 3199/3490/3204
f 3200/3500/3205 3202/3503/3207 3203/3504/3208 3201/3502/3206
f 3204/3505/3209 3203/3504/3208 3202/3503/3207 3205/3506/3210
f 3205/3506/3210 3206/3507/3211 3207/3508/3212 3204/3505/3209
f 3206/3507/3211 3208/3509/3213 3209/3510/3214 3207/3508/3212
f 3210/3511/3215 3209/3510/3214 3208/3509/3213 3211/3512/3216
f 3211/3512/3216 3212/3513/3217 3213/3514/3218 3210/3511/3215
f 3212/3513/3217 3214/3515/3219 3215/3516/3220 3213/3514/3218
f 3214/3515/3219 3216/3517/3221 3217/3577/3222 3215/3516/3220
f 3218/3579/3223 3217/3577/3222 3216/3517/3221 3219/3580/3224
f 3220/3582/3225 3218/3579/3223 3219/3580/3224 3221/3583/3226
f 3221/3583/3226 3222/3584/3227 3223/3585/3228 3220/3582/3225
f 1826/1983/1722 2441/2710/1723 2440/3586/2450
f 3258/3430/3229 3259/3664/3230 3260/3432/3231 3261/3433/3232
f 3263/3434/3233 3262/3665/3234 3260/3432/3231 3259/3664/3230
f 2479/2735/2476 3183/3426/3179 3187/3588/3235 3063/3635/3077
f 3224/3636/3236 3223/3585/3228 3222/3584/3227 3225/3639/3237
f 3226/3672/3238 3224/3636/3236 3225/3639/3237 3227/3673/3239
f 3228/3648/3240 3226/3643/3238 3227/3647/3239 3229/3657/3241
f 3193/3484/3198 3228/3648/3240 3229/3657/3241 3191/3479/3195
f 3166/3389/3142 3165/3385/3138 3190/3480/3196 3191/3479/3195
f 3168/3477/3193 3167/3478/3194 3193/3484/3198 3192/3483/3197
f 3169/3476/3192 3168/3477/3193 3192/3483/3197 3194/3485/3199
f 3165/3385/3138 3164/3382/3135 3195/3486/3200 3190/3480/3196
f 3170/3475/3191 3169/3476/3192 3194/3485/3199 3196/3487/3201
f 3164/3382/3135 3163/3380/3133 3197/3488/3202 3195/3486/3200
f 3163/3380/3133 3162/3377/3130 3198/3489/3203 3197/3488/3202
f 3171/3472/3190 3170/3475/3191 3196/3487/3201 3199/3490/3204
f 3162/3377/3130 3161/3375/3128 3200/3500/3205 3198/3489/3203
f 3172/3469/3189 3171/3472/3190 3199/3490/3204 3201/3502/3206
f 3161/3375/3128 3160/3371/3124 3202/3503/3207 3200/3500/3205
f 3173/3442/3188 3172/3469/3189 3201/3502/3206 3203/3504/3208
f 3174/3441/3187 3173/3442/3188 3203/3504/3208 3204/3505/3209
f 3160/3371/3124 3159/3368/3121 3205/3506/3210 3202/3503/3207
f 3159/3368/3121 3158/3367/3120 3206/3507/3211 3205/3506/3210
f 3175/3440/3186 3174/3441/3187 3204/3505/3209 3207/3508/3212
f 3158/3367/3120 3157/3399/3152 3208/3509/3213 3206/3507/3211
f 3176/3439/3185 3175/3440/3186 3207/3508/3212 3209/3510/3214
f 3177/3438/3184 3176/3439/3185 3209/3510/3214 3210/3511/3215
f 3157/3399/3152 3156/3402/3155 3211/3512/3216 3208/3509/3213
f 3156/3402/3155 3155/3406/3159 3212/3513/3217 3211/3512/3216
f 3178/3437/3183 3177/3438/3184 3210/3511/3215 3213/3514/3218
f 3155/3406/3159 3154/3408/3161 3214/3515/3219 3212/3513/3217
f 3179/3429/3182 3178/3437/3183 3213/3514/3218 3215/3516/3220
f 3154/3408/3161 3153/3411/3164 3216/3517/3221 3214/3515/3219
f 3180/3428/3181 3179/3429/3182 3215/3516/3220 3217/3577/3222
f 3181/3427/3180 3180/3428/3181 3217/3577/3222 3218/3579/3223
f 3153/3411/3164 3152/3413/3166 3219/3580/3224 3216/3517/3221
f 3182/3425/3178 3181/3427/3180 3218/3579/3223 3220/3582/3225
f 3152/3413/3166 3151/3416/3169 3221/3583/3226 3219/3580/3224
f 3222/3584/3227 3221/3583/3226 3151/3416/3169 3150/3420/3173 3186/3421/3174 3225/3639/3237
f 3183/3426/3179 3182/3425/3178 3220/3582/3225 3223/3585/3228
f 3187/3588/3235 3183/3426/3179 3223/3585/3228 3224/3636/3236
f 3188/3675/3242 3187/3588/3235 3224/3636/3236 3226/3672/3238
f 3186/3421/3174 3185/3674/3149 3227/3673/3239 3225/3639/3237
f 3189/3659/3243 3188/3658/3242 3226/3643/3238 3228/3648/3240
f 3185/3396/3149 3184/3390/3143 3229/3657/3241 3227/3647/3239
f 3167/3478/3194 3189/3659/3243 3228/3648/3240 3193/3484/3198
f 3229/3657/3241 3184/3390/3143 3166/3389/3142 3191/3479/3195
f 3230/2758/2503 2478/2757/2502 2476/2755/2500 2492/2754/2499
f 3231/2773/2517 3230/2758/2503 2492/2754/2499 2502/2772/2516
f 2502/2772/2516 2525/2788/2532 2526/2789/2533 3231/2773/2517
f 1840/2007/1749 3232/2006/1748 1825/2005/1747
f 1840/2007/1749 1850/2046/1786 3233/2023/1765 3232/2006/1748
f 1873/2044/1784 3233/2023/1765 1850/2046/1786
f 2440/3661/2450 2447/3669/2452 3243/3445/3244 3240/3446/3245
f 3188/3443/3242 3189/3444/3243 3249/3447/3246 3246/3448/3247
f 3189/3444/3243 2440/3661/2450 3240/3446/3245 3249/3447/3246
f 3063/3660/3077 3187/3436/3235 3252/3449/3248 3255/3450/3249
f 3187/3436/3235 3188/3443/3242 3246/3448/3247 3252/3449/3248
f 2447/2675/2452 3063/3660/3077 3255/3450/3249 3243/3670/3244
f 3242/3451/3250 3245/3668/3251 3235/3667/3252 3234/3454/3253
f 3248/3455/3254 3251/3456/3255 3237/3457/3256 3236/3458/3257
f 3251/3456/3255 3242/3451/3250 3234/3454/3253 3237/3457/3256
f 3257/3459/3258 3254/3460/3259 3238/3461/3260 3239/3462/3261
f 3254/3460/3259 3248/3455/3254 3236/3458/3257 3238/3461/3260
f 3245/3452/3251 3257/3459/3258 3239/3462/3261 3235/3453/3252
f 3240/3446/3245 3241/3463/3262 3250/3464/3263 3249/3447/3246
f 3241/3463/3262 3242/3451/3250 3251/3456/3255 3250/3464/3263
f 3242/3451/3250 3241/3463/3262 3244/3671/3264 3245/3668/3251
f 3241/3463/3262 3240/3446/3245 3243/3445/3244 3244/3671/3264
f 3246/3448/3247 3247/3466/3265 3253/3467/3266 3252/3449/3248
f 3247/3466/3265 3248/3455/3254 3254/3460/3259 3253/3467/3266
f 3248/3455/3254 3247/3466/3265 3250/3464/3263 3251/3456/3255
f 3247/3466/3265 3246/3448/3247 3249/3447/3246 3250/3464/3263
f 3252/3449/3248 3253/3467/3266 3256/3468/3267 3255/3450/3249
f 3253/3467/3266 3254/3460/3259 3257/3459/3258 3256/3468/3267
f 3245/3452/3251 3244/3465/3264 3256/3468/3267 3257/3459/3258
f 3244/3465/3264 3243/3670/3244 3255/3450/3249 3256/3468/3267
f 3234/3454/3253 3235/3667/3252 3259/3663/3230 3258/3430/3229
f 3236/3458/3257 3237/3457/3256 3261/3433/3232 3260/3666/3231
f 3237/3457/3256 3234/3454/3253 3258/3430/3229 3261/3433/3232
f 3239/3462/3261 3238/3461/3260 3262/3435/3234 3263/3662/3233
f 3238/3461/3260 3236/3458/3257 3260/3666/3231 3262/3435/3234
f 3235/3453/3252 3239/3462/3261 3263/3662/3233 3259/3431/3230
f 2621/2901/2641 2994/2904/2644 2993/3322/3049
f 1968/2171/1907 2355/2173/1909 1946/2178/1914 1967/2177/1913
f 2604/2894/2619 2643/3114/2680 2642/3092/2677 3002/2895/2620
f 1989/2412/1955 2363/2163/1883 2161/2483/2195 1902/2082/1822
f 1826/1983/1722 2440/3586/2450 3189/3659/3243 3167/3478/3194
f 2479/2735/2476 3063/3635/3077 3064/3324/2477
f 2445/2638/2240 2444/2709/1724 1817/1977/1716
f 3068/3300/2905 2480/3299/2797 2469/2730/2471 2470/2729/2470
s 67
f 3270/3704/3268 3271/3705/3269 3291/3706/3270 3290/3707/3271
f 3271/3705/3269 3270/3704/3268 3273/3708/3272 3272/3709/3273
f 3272/3709/3273 3273/3708/3272 3275/3710/3274 3274/3711/3275
f 3274/3711/3275 3275/3710/3274 3277/3712/3276 3276/3713/3277
f 3276/3713/3277 3277/3712/3276 3279/3714/3278 3278/3715/3279
f 3278/3715/3279 3279/3714/3278 3280/3716/3280 3281/3717/3281
f 3281/3717/3281 3280/3716/3280 3282/3718/3282 3283/3719/3283
f 3283/3719/3283 3282/3718/3282 3284/3720/3284 3285/3721/3285
f 3285/3721/3285 3284/3720/3284 3286/3722/3286 3287/3723/3287
f 3287/3723/3287 3286/3722/3286 3288/3724/3288 3289/3725/3289
f 3289/3725/3289 3288/3724/3288 3293/3726/3290 3292/3727/3291
f 3290/3707/3271 3291/3706/3270 3356/3728/3292 3363/3729/3293
f 3292/3727/3291 3293/3726/3290 3362/3730/3294 3361/3731/3295
f 3294/3732/3296 3295/3733/3297 3301/3734/3298 3300/3735/3299
f 3297/3736/3300 3296/3737/3301 3299/3738/3302 3298/3739/3303
f 3298/3739/3303 3299/3738/3302 3304/3740/3304 3305/3741/3305
f 3300/3735/3299 3301/3734/3298 3303/3742/3306 3302/3743/3307
f 3302/3743/3307 3303/3742/3306 3309/3744/3308 3308/3745/3309
f 3305/3741/3305 3304/3740/3304 3306/3746/3310 3307/3747/3311
f 3308/3745/3309 3309/3744/3308 3311/3748/3312 3310/3749/3313
f 3266/3750/3314 3280/3716/3280 3279/3714/3278 3277/3712/3276
f 3275/3710/3274 3265/3751/3315 3266/3750/3314 3277/3712/3276
f 3264/3752/3316 3265/3751/3315 3275/3710/3274 3273/3708/3272
f 3286/3722/3286 3265/3751/3315 3264/3752/3316 3288/3724/3288
f 3266/3750/3314 3265/3751/3315 3286/3722/3286 3284/3720/3284
f 3284/3720/3284 3282/3718/3282 3280/3716/3280 3266/3750/3314
f 3290/3707/3271 3264/3752/3316 3273/3708/3272 3270/3704/3268
f 3290/3707/3271 3293/3726/3290 3288/3724/3288 3264/3752/3316
f 3290/3707/3271 3363/3729/3293 3362/3730/3294 3293/3726/3290
f 3300/3735/3299 3299/3738/3302 3296/3737/3301 3294/3732/3296
f 3299/3738/3302 3300/3735/3299 3302/3743/3307 3304/3740/3304
f 3308/3745/3309 3306/3746/3310 3304/3740/3304 3302/3743/3307
f 3308/3745/3309 3310/3749/3313 3312/3753/3317 3306/3746/3310
f 3313/3754/3318 3314/3755/3319 3316/3756/3320 3315/3757/3321
f 3314/3755/3319 3313/3754/3318 3346/3758/3322 3347/3759/3323
f 3315/3757/3321 3316/3756/3320 3318/3760/3324 3317/3761/3325
f 3317/3761/3325 3318/3760/3324 3320/3762/3326 3319/3763/3327
f 3319/3763/3327 3320/3762/3326 3322/3764/3328 3321/3765/3329
f 3321/3765/3329 3322/3764/3328 3326/3766/3330 3325/3767/3331
f 3323/3768/3332 3324/3769/3333 3330/3770/3334 3329/3771/3335
f 3324/3769/3333 3323/3768/3332 3325/3767/3331 3326/3766/3330
f 3327/3772/3336 3328/3773/3337 3332/3774/3338 3331/3775/3339
f 3328/3773/3337 3327/3772/3336 3329/3771/3335 3330/3770/3334
f 3331/3775/3339 3332/3774/3338 3334/3776/3340 3333/3777/3341
f 3333/3777/3341 3334/3776/3340 3360/3778/3342 3359/3779/3343
f 3335/3780/3344 3336/3781/3345 3338/3782/3346 3337/3783/3347
f 3337/3783/3347 3338/3782/3346 3340/3784/3348 3339/3785/3349
f 3339/3785/3349 3340/3784/3348 3342/3786/3350 3341/3787/3351
f 3341/3787/3351 3342/3786/3350 3344/3788/3352 3343/3789/3353
f 3343/3789/3353 3344/3788/3352 3311/3748/3312 3345/3790/3354
f 3345/3790/3354 3311/3748/3312 3355/3791/3355 3354/3792/3356
f 3347/3759/3323 3346/3758/3322 3358/3793/3357 3357/3794/3358
f 3349/3795/3359 3348/3796/3360 3350/3797/3361 3351/3798/3362
f 3351/3798/3362 3350/3797/3361 3352/3799/3363 3353/3800/3364
f 3353/3800/3364 3352/3799/3363 3354/3792/3356 3355/3791/3355
f 3319/3763/3327 3321/3765/3329 3325/3767/3331 3267/3801/3365
f 3267/3801/3365 3325/3767/3331 3323/3768/3332 3329/3771/3335
f 3317/3761/3325 3319/3763/3327 3267/3801/3365 3268/3802/3366
f 3268/3802/3366 3267/3801/3365 3329/3771/3335 3327/3772/3336
f 3315/3757/3321 3317/3761/3325 3268/3802/3366 3269/3803/3367
f 3269/3803/3367 3268/3802/3366 3327/3772/3336 3331/3775/3339
f 3346/3758/3322 3269/3803/3367 3331/3775/3339 3333/3777/3341
f 3313/3754/3318 3315/3757/3321 3269/3803/3367 3346/3758/3322
f 3358/3793/3357 3346/3758/3322 3333/3777/3341 3359/3779/3343
f 3348/3796/3360 3335/3780/3344 3337/3783/3347 3350/3797/3361
f 3339/3785/3349 3352/3799/3363 3350/3797/3361 3337/3783/3347
f 3341/3787/3351 3354/3792/3356 3352/3799/3363 3339/3785/3349
f 3341/3787/3351 3343/3789/3353 3345/3790/3354 3354/3792/3356
f 3307/3747/3311 3306/3746/3310 3312/3753/3317 3344/3788/3352
f 3310/3749/3313 3311/3748/3312 3344/3788/3352 3312/3753/3317
f 3316/3804/3320 3314/3805/3319 3271/3705/3269 3272/3709/3273
f 3318/3806/3324 3316/3804/3320 3272/3709/3273 3274/3711/3275
f 3274/3711/3275 3276/3713/3277 3320/3807/3326 3318/3806/3324
f 3322/3808/3328 3320/3807/3326 3276/3713/3277 3278/3715/3279
f 3278/3809/3279 3281/3810/3281 3326/3766/3330 3322/3764/3328
f 3326/3766/3330 3281/3810/3281 3283/3811/3283 3324/3769/3333
f 3285/3721/3285 3287/3723/3287 3328/3773/3337 3330/3770/3334
f 3330/3770/3334 3324/3769/3333 3283/3719/3283 3285/3721/3285
f 3332/3774/3338 3328/3773/3337 3287/3723/3287 3289/3725/3289
f 3332/3774/3338 3289/3725/3289 3292/3727/3291 3334/3776/3340
f 3292/3727/3291 3361/3731/3295 3360/3778/3342 3334/3776/3340
f 3298/3739/3303 3338/3782/3346 3336/3781/3345 3297/3736/3300
f 3305/3741/3305 3340/3784/3348 3338/3782/3346 3298/3739/3303
f 3307/3747/3311 3342/3786/3350 3340/3784/3348 3305/3741/3305
f 3307/3747/3311 3344/3788/3352 3342/3786/3350
f 3355/3791/3355 3311/3748/3312 3309/3812/3308
f 3353/3800/3364 3355/3791/3355 3309/3812/3308 3303/3813/3306
f 3353/3800/3364 3303/3813/3306 3301/3814/3298 3351/3798/3362
f 3291/3815/3270 3347/3759/3323 3357/3794/3358 3356/3816/3292
f 3295/3817/3297 3349/3795/3359 3351/3798/3362 3301/3814/3298
f 3271/3818/3269 3314/3755/3319 3347/3759/3323 3291/3815/3270
f 3357/3794/3358 3349/3795/3359 3295/3817/3297 3356/3816/3292
f 3358/3793/3357 3348/3796/3360 3349/3795/3359 3357/3794/3358
f 3348/3796/3360 3358/3793/3357 3359/3779/3343 3335/3780/3344
f 3360/3778/3342 3336/3781/3345 3335/3780/3344 3359/3779/3343
f 3361/3731/3295 3297/3736/3300 3336/3781/3345 3360/3778/3342
f 3362/3730/3294 3296/3737/3301 3297/3736/3300 3361/3731/3295
f 3363/3729/3293 3294/3732/3296 3296/3737/3301 3362/3730/3294
f 3356/3728/3292 3295/3733/3297 3294/3732/3296 3363/3729/3293
s 69
f 3365/3819/3368 3398/3820/3369 3394/3821/3370 3364/3822/3371
f 3367/3823/3372 3371/3824/3373 3372/3825/3374 3366/3826/3375
f 3366/3826/3375 3372/3825/3374 3373/3827/3376 3365/3819/3368
f 3368/3828/3377 3375/3829/3378 3376/3830/3379 3367/3823/3372
f 3369/3831/3380 3399/3832/3381 3400/3833/3382 3373/3827/3376
f 3371/3824/3373 3382/3834/3383 3383/3835/3384 3370/3836/3385
f 3412/3837/3386 3385/3838/3387 3386/3839/3388 3417/3840/3389 3418/3841/3390
f 3378/3842/3391 3380/3843/3392 3381/3844/3393 3377/3845/3394
f 3377/3845/3394 3381/3844/3393 3382/3846/3383 3376/3847/3379
f 3384/3848/3395 3395/3849/3396 3396/3850/3397 3388/3851/3398
f 3388/3851/3398 3390/3852/3399 3391/3853/3400 3387/3854/3401
f 3387/3854/3401 3391/3853/3400 3392/3855/3402 3386/3839/3388
f 3390/3852/3399 3402/3856/3403 3403/3857/3404 3389/3858/3405
f 3398/3820/3369 3400/3833/3382 3401/3859/3406 3397/3860/3407
f 3397/3860/3407 3401/3859/3406 3402/3856/3403 3396/3850/3397
f 3367/3823/3372 3376/3830/3379 3382/3834/3383 3371/3824/3373
f 3417/3840/3389 3386/3839/3388 3392/3855/3402 3423/3861/3408
f 3388/3851/3398 3396/3850/3397 3402/3856/3403 3390/3852/3399
f 3398/3820/3369 3365/3819/3368 3373/3827/3376 3400/3833/3382
f 3364/3822/3371 3404/3862/3409 3366/3826/3375 3365/3819/3368
f 3366/3826/3375 3404/3862/3409 3368/3828/3377 3367/3823/3372
f 3372/3825/3374 3405/3863/3410 3369/3831/3380 3373/3827/3376
f 3370/3836/3385 3405/3863/3410 3372/3825/3374 3371/3824/3373
f 3377/3845/3394 3406/3864/3411 3374/3865/3412 3378/3842/3391
f 3375/3866/3378 3406/3864/3411 3377/3845/3394 3376/3847/3379
f 3379/3867/3413 3407/3868/3414 3381/3844/3393 3380/3843/3392
f 3381/3844/3393 3407/3868/3414 3383/3869/3384 3382/3846/3383
f 3387/3854/3401 3408/3870/3415 3384/3848/3395 3388/3851/3398
f 3385/3838/3387 3408/3870/3415 3387/3854/3401 3386/3839/3388
f 3389/3858/3405 3409/3871/3416 3391/3853/3400 3390/3852/3399
f 3391/3853/3400 3409/3871/3416 3393/3872/3417 3392/3855/3402
f 3397/3860/3407 3410/3873/3418 3394/3821/3370 3398/3820/3369
f 3395/3849/3396 3410/3873/3418 3397/3860/3407 3396/3850/3397
f 3399/3832/3381 3411/3874/3419 3401/3859/3406 3400/3833/3382
f 3401/3859/3406 3411/3874/3419 3403/3857/3404 3402/3856/3403
f 3414/3875/3420 3412/3837/3386 3418/3841/3390 3419/3876/3421 3425/3877/3422
f 3431/3878/3423 3437/3879/3424 3435/3880/3425 3433/3881/3426
f 3374/3865/3412 3414/3875/3420 3426/3882/3427 3378/3842/3391
f 3378/3842/3391 3426/3882/3427 3428/3883/3428 3380/3843/3392
f 3380/3843/3392 3428/3883/3428 3429/3884/3429 3415/3885/3430 3379/3867/3413
f 3424/3886/3431 3432/3887/3432 3434/3888/3433 3427/3889/3434
f 3420/3890/3435 3436/3891/3436 3438/3892/3437 3416/3893/3438
f 3416/3893/3438 3438/3892/3437 3437/3879/3424 3431/3878/3423 3432/3887/3432 3424/3886/3431 3425/3877/3422 3419/3876/3421
f 3423/3861/3408 3392/3855/3402 3393/3872/3417 3413/3894/3439 3422/3895/3440
f 3427/3889/3434 3434/3888/3433 3433/3881/3426 3435/3880/3425 3436/3891/3436 3420/3890/3435 3421/3896/3441 3430/3897/3442
f 3430/3897/3442 3421/3896/3441 3422/3895/3440 3413/3894/3439 3415/3885/3430 3429/3884/3429
f 3417/3840/3389 3423/3861/3408 3420/3890/3435 3416/3893/3438
f 3424/3886/3431 3427/3889/3434 3428/3883/3428 3426/3882/3427
f 3431/3878/3423 3433/3881/3426 3434/3888/3433 3432/3887/3432
f 3435/3880/3425 3437/3879/3424 3438/3892/3437 3436/3891/3436
f 3416/3893/3438 3419/3876/3421 3418/3841/3390 3417/3840/3389
f 3420/3890/3435 3423/3861/3408 3422/3895/3440 3421/3896/3441
f 3424/3886/3431 3426/3882/3427 3414/3875/3420 3425/3877/3422
f 3427/3889/3434 3430/3897/3442 3429/3884/3429 3428/3883/3428
s 76
f 3443/3898/3443 3444/3899/3444 3448/3900/3445 3447/3901/3446
f 3444/3899/3444 3443/3898/3443 3446/3902/3447 3445/3903/3448
f 3445/3903/3448 3446/3902/3447 3449/3904/3449 3450/3905/3450
f 3447/3901/3446 3448/3900/3445 3441/3906/3451 3459/3907/3452
f 3450/3905/3450 3449/3904/3449 3451/3908/3453 3452/3909/3454
f 3452/3909/3454 3451/3908/3453 3454/3910/3455 3453/3911/3456
f 3453/3911/3456 3454/3910/3455 3460/3912/3457 3442/3913/3458
f 3455/3914/3459 3456/3915/3460 3459/3907/3452 3441/3906/3451
f 3456/3915/3460 3455/3914/3459 3458/3916/3461 3457/3917/3462
f 3457/3917/3462 3458/3916/3461 3442/3913/3458 3460/3912/3457
f 3446/3902/3447 3439/3918/3463 3451/3908/3453 3449/3904/3449
f 3439/3918/3463 3460/3912/3457 3454/3910/3455 3451/3908/3453
f 3447/3901/3446 3439/3918/3463 3446/3902/3447 3443/3898/3443
f 3447/3901/3446 3459/3907/3452 3460/3912/3457 3439/3918/3463
f 3460/3912/3457 3459/3907/3452 3456/3915/3460 3457/3917/3462
f 3461/3919/3464 3462/3920/3465 3476/3921/3466 3475/3922/3467
f 3462/3920/3465 3461/3919/3464 3463/3923/3468 3464/3924/3469
f 3464/3924/3469 3463/3923/3468 3465/3925/3470 3466/3926/3471
f 3466/3926/3471 3465/3925/3470 3467/3927/3472 3468/3928/3473
f 3468/3928/3473 3467/3927/3472 3470/3929/3474 3469/3930/3475
f 3469/3930/3475 3470/3929/3474 3477/3931/3476 3478/3932/3477
f 3471/3933/3478 3472/3934/3479 3480/3935/3480 3479/3936/3481
f 3472/3934/3479 3471/3933/3478 3473/3937/3482 3474/3938/3483
f 3474/3938/3483 3473/3937/3482 3475/3922/3467 3476/3921/3466
f 3478/3932/3477 3477/3931/3476 3479/3936/3481 3480/3935/3480
f 3475/3922/3467 3473/3937/3482 3471/3933/3478 3440/3939/3484
f 3440/3939/3484 3471/3933/3478 3470/3929/3474 3467/3927/3472
f 3465/3925/3470 3463/3923/3468 3440/3939/3484 3467/3927/3472
f 3463/3923/3468 3461/3919/3464 3475/3922/3467 3440/3939/3484
f 3470/3929/3474 3471/3933/3478 3479/3936/3481 3477/3931/3476
f 3462/3920/3465 3464/3924/3469 3445/3940/3448 3450/3941/3450
f 3468/3942/3473 3448/3900/3445 3444/3899/3444 3466/3943/3471
f 3468/3942/3473 3469/3944/3475 3441/3906/3451 3448/3900/3445
f 3445/3940/3448 3464/3924/3469 3466/3926/3471 3444/3945/3444
f 3474/3938/3483 3453/3946/3456 3442/3947/3458 3472/3934/3479
f 3455/3948/3459 3478/3932/3477 3480/3935/3480 3458/3949/3461
f 3476/3921/3466 3452/3909/3454 3453/3911/3456 3474/3938/3483
f 3462/3920/3465 3450/3905/3450 3452/3909/3454 3476/3921/3466
f 3472/3934/3479 3442/3947/3458 3458/3949/3461 3480/3935/3480
f 3441/3906/3451 3469/3944/3475 3478/3950/3477 3455/3914/3459
s 79
f 3481/3951/3485 3516/3952/3486 3517/3953/3487 3483/3954/3488
f 3482/3955/3489 3551/3956/3490 3550/3957/3491 3481/3951/3485
f 3483/3954/3488 3484/3958/3492 3485/3959/3493 3482/3955/3489
f 3484/3958/3492 3521/3960/3494 3522/3961/3495 3487/3962/3496
f 3486/3963/3497 3553/3964/3498 3552/3965/3499 3485/3959/3493
f 3487/3962/3496 3512/3966/3500 3513/3967/3501 3486/3963/3497
f 3488/3968/3502 3540/3969/3503 3541/3970/3504 3490/3971/3505
f 3489/3972/3506 3514/3973/3507 3515/3974/3508 3488/3968/3502
f 3490/3971/3505 3557/3975/3509 3556/3976/3510 3489/3972/3506
f 3491/3977/3511 3543/3978/3512 3544/3979/3513 3493/3980/3514
f 3493/3980/3514 3497/3981/3515 3498/3982/3516 3492/3983/3517
f 3494/3984/3518 3528/3985/3519 3529/3986/3520 3496/3987/3521
f 3495/3988/3522 3510/3989/3523 3511/3990/3524 3494/3984/3518
f 3497/3981/3515 3537/3991/3525 3538/3992/3526 3501/3993/3527
f 3554/3994/3528 3513/3967/3501 3514/3973/3507 3555/3995/3529
f 3500/3996/3530 3508/3997/3531 3509/3998/3532 3499/3999/3533
f 3501/3993/3527 3502/4000/3534 3503/4001/3535 3500/3996/3530
f 3504/4002/3536 3547/4003/3537 3549/4004/3538 3506/4005/3539
f 3506/4005/3539 3507/4006/3540 3508/3997/3531 3505/4007/3541
f 3507/4006/3540 3523/4008/3542 3524/4009/3543 3511/3990/3524
f 3512/3966/3500 3532/4010/3544 3533/4011/3545 3515/3974/3508
f 3516/4012/3486 3565/4013/3546 3564/4014/3547 3518/4015/3548
f 3518/4015/3548 3520/4016/3549 3521/4017/3494 3517/4018/3487
f 3519/4019/3550 3531/4020/3551 3532/4021/3544 3522/4022/3495
f 3520/4016/3549 3563/4023/3552 3562/4024/3553 3519/4019/3550
f 3523/4025/3542 3549/4026/3538 3548/4027/3554 3526/4028/3555
f 3525/4029/3556 3527/4030/3557 3528/4031/3519 3524/4032/3543
f 3526/4028/3555 3534/4033/3558 3535/4034/3559
f 3530/4035/3560 3539/4036/3561 3540/4037/3503 3533/4038/3545
f 3531/4020/3551 3561/4039/3562 3560/4040/3563 3530/4035/3560
f 3534/4033/3558 3545/4041/3564 3546/4042/3565 3538/3992/3526
f 3537/3991/3525 3544/3979/3513 3542/4043/3566 3536/4044/3567
f 3539/4036/3561 3559/4045/3568 3558/4046/3569 3541/3970/3504
f 3545/4041/3564 3548/4027/3554 3547/4047/3537
f 3518/4015/3548 3564/4014/3547 3563/4023/3552 3520/4016/3549
f 3561/4039/3562 3531/4020/3551 3519/4019/3550 3562/4024/3553
f 3559/4045/3568 3539/4036/3561 3530/4035/3560 3560/4040/3563
f 3526/4028/3555 3548/4027/3554 3545/4041/3564 3534/4033/3558
f 3482/3955/3489 3485/3959/3493 3552/3965/3499 3551/3956/3490
f 3553/3964/3498 3486/3963/3497 3513/3967/3501 3554/3994/3528
f 3555/3995/3529 3514/3973/3507 3489/3972/3506 3556/3976/3510
f 3508/3997/3531 3500/3996/3530 3503/4001/3535 3505/4007/3541
f 3483/3954/3488 3517/3953/3487 3521/3960/3494 3484/3958/3492
f 3511/3990/3524 3524/4009/3543 3528/3985/3519 3494/3984/3518
f 3565/4013/3546 3516/4012/3486 3481/4048/3485 3550/4049/3491
f 3487/3962/3496 3522/3961/3495 3532/4010/3544 3512/3966/3500
f 3515/3974/3508 3533/4011/3545 3540/3969/3503 3488/3968/3502
f 3490/3971/3505 3541/3970/3504 3558/4046/3569 3557/3975/3509
f 3493/3980/3514 3544/3979/3513 3537/3991/3525 3497/3981/3515
f 3501/3993/3527 3538/3992/3526 3546/4042/3565 3502/4000/3534
f 3506/4005/3539 3549/4004/3538 3523/4008/3542 3507/4006/3540
f 3481/3951/3485 3483/3954/3488 3482/3955/3489
f 3484/3958/3492 3487/3962/3496 3486/3963/3497 3485/3959/3493
f 3488/3968/3502 3490/3971/3505 3489/3972/3506
f 3491/3977/3511 3493/3980/3514 3492/3983/3517
f 3494/3984/3518 3496/3987/3521 3495/3988/3522
f 3497/3981/3515 3501/3993/3527 3500/3996/3530 3499/3999/3533 3498/3982/3516
f 3504/4002/3536 3506/4005/3539 3505/4007/3541
f 3507/4006/3540 3511/3990/3524 3510/3989/3523 3509/3998/3532 3508/3997/3531
f 3512/3966/3500 3515/3974/3508 3514/3973/3507 3513/3967/3501
f 3516/4012/3486 3518/4015/3548 3517/4018/3487
f 3519/4019/3550 3522/4022/3495 3521/4017/3494 3520/4016/3549
f 3523/4025/3542 3526/4028/3555 3525/4029/3556 3524/4032/3543
f 3527/4030/3557 3529/4050/3520 3528/4031/3519
f 3530/4035/3560 3533/4038/3545 3532/4021/3544 3531/4020/3551
f 3537/3991/3525 3536/4044/3567 3535/4034/3559
f 3539/4036/3561 3541/3970/3504 3540/4037/3503
f 3542/4043/3566 3544/3979/3513 3543/3978/3512
f 3545/4041/3564 3547/4047/3537 3546/4042/3565
f 3548/4027/3554 3549/4026/3538 3547/4047/3537
f 3551/3956/3490 3495/3988/3522 3496/3987/3521 3550/3957/3491
f 3552/3965/3499 3510/3989/3523 3495/3988/3522 3551/3956/3490
f 3553/3964/3498 3509/3998/3532 3510/3989/3523 3552/3965/3499
f 3509/3998/3532 3553/3964/3498 3554/3994/3528 3499/3999/3533
f 3499/3999/3533 3554/3994/3528 3555/3995/3529 3498/3982/3516
f 3498/3982/3516 3555/3995/3529 3556/3976/3510 3492/3983/3517
f 3557/3975/3509 3491/3977/3511 3492/3983/3517 3556/3976/3510
f 3558/4046/3569 3543/3978/3512 3491/3977/3511 3557/3975/3509
f 3559/4045/3568 3542/4043/3566 3543/3978/3512 3558/4046/3569
f 3536/4044/3567 3542/4043/3566 3559/4045/3568 3560/4040/3563
f 3561/4039/3562 3535/4034/3559 3536/4044/3567 3560/4040/3563
f 3526/4028/3555 3535/4034/3559 3561/4039/3562 3562/4024/3553
f 3563/4023/3552 3525/4029/3556 3526/4028/3555 3562/4024/3553
f 3564/4014/3547 3527/4030/3557 3525/4029/3556 3563/4023/3552
f 3565/4013/3546 3529/4050/3520 3527/4030/3557 3564/4014/3547
f 3496/4051/3521 3529/4050/3520 3565/4013/3546 3550/4049/3491
f 3534/4033/3558 3538/3992/3526 3537/3991/3525 3535/4034/3559
f 3502/4000/3534 3546/4042/3565 3547/4047/3537 3504/4052/3536
f 3504/4052/3536 3505/4007/3541 3503/4001/3535 3502/4000/3534
s 92
f 3572/4053/3570 3592/4054/3571 3593/4055/3572 3573/4056/3573
f 3573/4056/3573 3574/4057/3574 3575/4058/3575 3572/4053/3570
f 3574/4057/3574 3576/4059/3576 3577/4060/3577 3575/4058/3575
f 3576/4059/3576 3578/4061/3578 3579/4062/3579 3577/4060/3577
f 3578/4061/3578 3580/4063/3580 3581/4064/3581 3579/4062/3579
f 3580/4063/3580 3583/4065/3582 3582/4066/3583 3581/4064/3581
f 3583/4065/3582 3585/4067/3584 3584/4068/3585 3582/4066/3583
f 3585/4067/3584 3587/4069/3586 3586/4070/3587 3584/4068/3585
f 3587/4069/3586 3589/4071/3588 3588/4072/3589 3586/4070/3587
f 3589/4071/3588 3591/4073/3590 3590/4074/3591 3588/4072/3589
f 3591/4073/3590 3594/4075/3592 3595/4076/3593 3590/4074/3591
f 3592/4054/3571 3665/4077/3594 3658/4078/3595 3593/4055/3572
f 3594/4075/3592 3663/4079/3596 3664/4080/3597 3595/4076/3593
f 3596/4081/3598 3602/4082/3599 3603/4083/3600 3597/4084/3601
f 3599/4085/3602 3600/4086/3603 3601/4087/3604 3598/4088/3605
f 3600/4086/3603 3607/4089/3606 3606/4090/3607 3601/4087/3604
f 3602/4082/3599 3604/4091/3608 3605/4092/3609 3603/4083/3600
f 3604/4091/3608 3610/4093/3610 3611/4094/3611 3605/4092/3609
f 3607/4089/3606 3609/4095/3612 3608/4096/3613 3606/4090/3607
f 3610/4093/3610 3612/4097/3614 3613/4098/3615 3611/4094/3611
f 3568/4099/3616 3579/4062/3579 3581/4064/3581 3582/4066/3583
f 3577/4060/3577 3579/4062/3579 3568/4099/3616 3567/4100/3617
f 3566/4101/3618 3575/4058/3575 3577/4060/3577 3567/4100/3617
f 3588/4072/3589 3590/4074/3591 3566/4101/3618 3567/4100/3617
f 3568/4099/3616 3586/4070/3587 3588/4072/3589 3567/4100/3617
f 3586/4070/3587 3568/4099/3616 3582/4066/3583 3584/4068/3585
f 3592/4054/3571 3572/4053/3570 3575/4058/3575 3566/4101/3618
f 3592/4054/3571 3566/4101/3618 3590/4074/3591 3595/4076/3593
f 3592/4054/3571 3595/4076/3593 3664/4080/3597 3665/4077/3594
f 3602/4082/3599 3596/4081/3598 3598/4088/3605 3601/4087/3604
f 3601/4087/3604 3606/4090/3607 3604/4091/3608 3602/4082/3599
f 3610/4093/3610 3604/4091/3608 3606/4090/3607 3608/4096/3613
f 3610/4093/3610 3608/4096/3613 3614/4102/3619 3612/4097/3614
f 3615/4103/3620 3617/4104/3621 3618/4105/3622 3616/4106/3623
f 3616/4106/3623 3649/4107/3624 3648/4108/3625 3615/4103/3620
f 3617/4104/3621 3619/4109/3626 3620/4110/3627 3618/4105/3622
f 3619/4109/3626 3621/4111/3628 3622/4112/3629 3620/4110/3627
f 3621/4111/3628 3623/4113/3630 3624/4114/3631 3622/4112/3629
f 3623/4113/3630 3627/4115/3632 3628/4116/3633 3624/4114/3631
f 3625/4117/3634 3631/4118/3635 3632/4119/3636 3626/4120/3637
f 3626/4120/3637 3628/4116/3633 3627/4115/3632 3625/4117/3634
f 3629/4121/3638 3633/4122/3639 3634/4123/3640 3630/4124/3641
f 3630/4124/3641 3632/4119/3636 3631/4118/3635 3629/4121/3638
f 3633/4122/3639 3635/4125/3642 3636/4126/3643 3634/4123/3640
f 3635/4125/3642 3661/4127/3644 3662/4128/3645 3636/4126/3643
f 3637/4129/3646 3639/4130/3647 3640/4131/3648 3638/4132/3649
f 3639/4130/3647 3641/4133/3650 3642/4134/3651 3640/4131/3648
f 3641/4133/3650 3643/4135/3652 3644/4136/3653 3642/4134/3651
f 3643/4135/3652 3645/4137/3654 3646/4138/3655 3644/4136/3653
f 3645/4137/3654 3647/4139/3656 3613/4098/3615 3646/4138/3655
f 3647/4139/3656 3656/4140/3657 3657/4141/3658 3613/4098/3615
f 3649/4107/3624 3659/4142/3659 3660/4143/3660 3648/4108/3625
f 3651/4144/3661 3653/4145/3662 3652/4146/3663 3650/4147/3664
f 3653/4145/3662 3655/4148/3665 3654/4149/3666 3652/4146/3663
f 3655/4148/3665 3657/4141/3658 3656/4140/3657 3654/4149/3666
f 3621/4111/3628 3569/4150/3667 3627/4115/3632 3623/4113/3630
f 3569/4150/3667 3631/4118/3635 3625/4117/3634 3627/4115/3632
f 3619/4109/3626 3570/4151/3668 3569/4150/3667 3621/4111/3628
f 3570/4151/3668 3629/4121/3638 3631/4118/3635 3569/4150/3667
f 3617/4104/3621 3571/4152/3669 3570/4151/3668 3619/4109/3626
f 3571/4152/3669 3633/4122/3639 3629/4121/3638 3570/4151/3668
f 3648/4108/3625 3635/4125/3642 3633/4122/3639 3571/4152/3669
f 3615/4103/3620 3648/4108/3625 3571/4152/3669 3617/4104/3621
f 3660/4143/3660 3661/4127/3644 3635/4125/3642 3648/4108/3625
f 3650/4147/3664 3652/4146/3663 3639/4130/3647 3637/4129/3646
f 3641/4133/3650 3639/4130/3647 3652/4146/3663 3654/4149/3666
f 3643/4135/3652 3641/4133/3650 3654/4149/3666 3656/4140/3657
f 3643/4135/3652 3656/4140/3657 3647/4139/3656 3645/4137/3654
f 3609/4095/3612 3646/4138/3655 3614/4102/3619 3608/4096/3613
f 3612/4097/3614 3614/4102/3619 3646/4138/3655 3613/4098/3615
f 3618/4153/3622 3574/4057/3574 3573/4056/3573 3616/4154/3623
f 3620/4155/3627 3576/4059/3576 3574/4057/3574 3618/4153/3622
f 3576/4059/3576 3620/4155/3627 3622/4156/3629 3578/4061/3578
f 3624/4157/3631 3580/4063/3580 3578/4061/3578 3622/4156/3629
f 3580/4158/3580 3624/4114/3631 3628/4116/3633 3583/4159/3582
f 3628/4116/3633 3626/4120/3637 3585/4160/3584 3583/4159/3582
f 3587/4069/3586 3632/4119/3636 3630/4124/3641 3589/4071/3588
f 3632/4119/3636 3587/4069/3586 3585/4067/3584 3626/4120/3637
f 3634/4123/3640 3591/4073/3590 3589/4071/3588 3630/4124/3641
f 3634/4123/3640 3636/4126/3643 3594/4075/3592 3591/4073/3590
f 3594/4075/3592 3636/4126/3643 3662/4128/3645 3663/4079/3596
f 3600/4086/3603 3599/4085/3602 3638/4132/3649 3640/4131/3648
f 3607/4089/3606 3600/4086/3603 3640/4131/3648 3642/4134/3651
f 3609/4095/3612 3607/4089/3606 3642/4134/3651 3644/4136/3653
f 3609/4095/3612 3644/4136/3653 3646/4138/3655
f 3657/4141/3658 3611/4161/3611 3613/4098/3615
f 3655/4148/3665 3605/4162/3609 3611/4161/3611 3657/4141/3658
f 3655/4148/3665 3653/4145/3662 3603/4163/3600 3605/4162/3609
f 3593/4164/3572 3658/4165/3595 3659/4142/3659 3649/4107/3624
f 3597/4166/3601 3603/4163/3600 3653/4145/3662 3651/4144/3661
f 3573/4167/3573 3593/4164/3572 3649/4107/3624 3616/4106/3623
f 3659/4142/3659 3658/4165/3595 3597/4166/3601 3651/4144/3661
f 3660/4143/3660 3659/4142/3659 3651/4144/3661 3650/4147/3664
f 3650/4147/3664 3637/4129/3646 3661/4127/3644 3660/4143/3660
f 3662/4128/3645 3661/4127/3644 3637/4129/3646 3638/4132/3649
f 3663/4079/3596 3662/4128/3645 3638/4132/3649 3599/4085/3602
f 3664/4080/3597 3663/4079/3596 3599/4085/3602 3598/4088/3605
f 3665/4077/3594 3664/4080/3597 3598/4088/3605 3596/4081/3598
f 3658/4078/3595 3665/4077/3594 3596/4081/3598 3597/4084/3601
s 99
f 3667/4168/3670 3666/4169/3671 3696/4170/3672 3700/4171/3673
f 3669/4172/3674 3668/4173/3675 3674/4174/3676 3673/4175/3677
f 3668/4173/3675 3667/4168/3670 3675/4176/3678 3674/4174/3676
f 3670/4177/3679 3669/4172/3674 3678/4178/3680 3677/4179/3681
f 3671/4180/3682 3675/4176/3678 3702/4181/3683 3701/4182/3684
f 3673/4175/3677 3672/4183/3685 3685/4184/3686 3684/4185/3687
f 3714/4186/3688 3720/4187/3689 3719/4188/3690 3688/4189/3691 3687/4190/3692
f 3680/4191/3693 3679/4192/3694 3683/4193/3695 3682/4194/3696
f 3679/4192/3694 3678/4195/3680 3684/4196/3687 3683/4193/3695
f 3686/4197/3697 3690/4198/3698 3698/4199/3699 3697/4200/3700
f 3690/4198/3698 3689/4201/3701 3693/4202/3702 3692/4203/3703
f 3689/4201/3701 3688/4189/3691 3694/4204/3704 3693/4202/3702
f 3692/4203/3703 3691/4205/3705 3705/4206/3706 3704/4207/3707
f 3700/4171/3673 3699/4208/3708 3703/4209/3709 3702/4181/3683
f 3699/4208/3708 3698/4199/3699 3704/4207/3707 3703/4209/3709
f 3669/4172/3674 3673/4175/3677 3684/4185/3687 3678/4178/3680
f 3719/4188/3690 3725/4210/3710 3694/4204/3704 3688/4189/3691
f 3690/4198/3698 3692/4203/3703 3704/4207/3707 3698/4199/3699
f 3700/4171/3673 3702/4181/3683 3675/4176/3678 3667/4168/3670
f 3666/4169/3671 3667/4168/3670 3668/4173/3675 3706/4211/3711
f 3668/4173/3675 3669/4172/3674 3670/4177/3679 3706/4211/3711
f 3674/4174/3676 3675/4176/3678 3671/4180/3682 3707/4212/3712
f 3672/4183/3685 3673/4175/3677 3674/4174/3676 3707/4212/3712
f 3679/4192/3694 3680/4191/3693 3676/4213/3713 3708/4214/3714
f 3677/4215/3681 3678/4195/3680 3679/4192/3694 3708/4214/3714
f 3681/4216/3715 3682/4194/3696 3683/4193/3695 3709/4217/3716
f 3683/4193/3695 3684/4196/3687 3685/4218/3686 3709/4217/3716
f 3689/4201/3701 3690/4198/3698 3686/4197/3697 3710/4219/3717
f 3687/4190/3692 3688/4189/3691 3689/4201/3701 3710/4219/3717
f 3691/4205/3705 3692/4203/3703 3693/4202/3702 3711/4220/3718
f 3693/4202/3702 3694/4204/3704 3695/4221/3719 3711/4220/3718
f 3699/4208/3708 3700/4171/3673 3696/4170/3672 3712/4222/3720
f 3697/4200/3700 3698/4199/3699 3699/4208/3708 3712/4222/3720
f 3701/4182/3684 3702/4181/3683 3703/4209/3709 3713/4223/3721
f 3703/4209/3709 3704/4207/3707 3705/4206/3706 3713/4223/3721
f 3716/4224/3722 3727/4225/3723 3721/4226/3724 3720/4187/3689 3714/4186/3688
f 3733/4227/3725 3735/4228/3726 3737/4229/3727 3739/4230/3728
f 3676/4213/3713 3680/4191/3693 3728/4231/3729 3716/4224/3722
f 3680/4191/3693 3682/4194/3696 3730/4232/3730 3728/4231/3729
f 3682/4194/3696 3681/4216/3715 3717/4233/3731 3731/4234/3732 3730/4232/3730
f 3726/4235/3733 3729/4236/3734 3736/4237/3735 3734/4238/3736
f 3722/4239/3737 3718/4240/3738 3740/4241/3739 3738/4242/3740
f 3718/4240/3738 3721/4226/3724 3727/4225/3723 3726/4235/3733 3734/4238/3736 3733/4227/3725 3739/4230/3728 3740/4241/3739
f 3725/4210/3710 3724/4243/3741 3715/4244/3742 3695/4221/3719 3694/4204/3704
f 3729/4236/3734 3732/4245/3743 3723/4246/3744 3722/4239/3737 3738/4242/3740 3737/4229/3727 3735/4228/3726 3736/4237/3735
f 3732/4245/3743 3731/4234/3732 3717/4233/3731 3715/4244/3742 3724/4243/3741 3723/4246/3744
f 3719/4188/3690 3718/4240/3738 3722/4239/3737 3725/4210/3710
f 3726/4235/3733 3728/4231/3729 3730/4232/3730 3729/4236/3734
f 3733/4227/3725 3734/4238/3736 3736/4237/3735 3735/4228/3726
f 3737/4229/3727 3738/4242/3740 3740/4241/3739 3739/4230/3728
f 3718/4240/3738 3719/4188/3690 3720/4187/3689 3721/4226/3724
f 3722/4239/3737 3723/4246/3744 3724/4243/3741 3725/4210/3710
f 3726/4235/3733 3727/4225/3723 3716/4224/3722 3728/4231/3729
f 3729/4236/3734 3730/4232/3730 3731/4234/3732 3732/4245/3743
s 105
f 3745/4247/3745 3749/4248/3746 3750/4249/3747 3746/4250/3748
f 3746/4250/3748 3747/4251/3749 3748/4252/3750 3745/4247/3745
f 3747/4251/3749 3752/4253/3751 3751/4254/3752 3748/4252/3750
f 3749/4248/3746 3761/4255/3753 3743/4256/3754 3750/4249/3747
f 3752/4253/3751 3754/4257/3755 3753/4258/3756 3751/4254/3752
f 3754/4257/3755 3755/4259/3757 3756/4260/3758 3753/4258/3756
f 3755/4259/3757 3744/4261/3759 3762/4262/3760 3756/4260/3758
f 3757/4263/3761 3743/4256/3754 3761/4255/3753 3758/4264/3762
f 3758/4264/3762 3759/4265/3763 3760/4266/3764 3757/4263/3761
f 3759/4265/3763 3762/4262/3760 3744/4261/3759 3760/4266/3764
f 3748/4252/3750 3751/4254/3752 3753/4258/3756 3741/4267/3765
f 3741/4267/3765 3753/4258/3756 3756/4260/3758 3762/4262/3760
f 3749/4248/3746 3745/4247/3745 3748/4252/3750 3741/4267/3765
f 3749/4248/3746 3741/4267/3765 3762/4262/3760 3761/4255/3753
f 3762/4262/3760 3759/4265/3763 3758/4264/3762 3761/4255/3753
f 3763/4268/3766 3777/4269/3767 3778/4270/3768 3764/4271/3769
f 3764/4271/3769 3766/4272/3770 3765/4273/3771 3763/4268/3766
f 3766/4272/3770 3768/4274/3772 3767/4275/3773 3765/4273/3771
f 3768/4274/3772 3770/4276/3774 3769/4277/3775 3767/4275/3773
f 3770/4276/3774 3771/4278/3776 3772/4279/3777 3769/4277/3775
f 3771/4278/3776 3780/4280/3778 3779/4281/3779 3772/4279/3777
f 3773/4282/3780 3781/4283/3781 3782/4284/3782 3774/4285/3783
f 3774/4285/3783 3776/4286/3784 3775/4287/3785 3773/4282/3780
f 3776/4286/3784 3778/4270/3768 3777/4269/3767 3775/4287/3785
f 3780/4280/3778 3782/4284/3782 3781/4283/3781 3779/4281/3779
f 3777/4269/3767 3742/4288/3786 3773/4282/3780 3775/4287/3785
f 3742/4288/3786 3769/4277/3775 3772/4279/3777 3773/4282/3780
f 3767/4275/3773 3769/4277/3775 3742/4288/3786 3765/4273/3771
f 3765/4273/3771 3742/4288/3786 3777/4269/3767 3763/4268/3766
f 3772/4279/3777 3779/4281/3779 3781/4283/3781 3773/4282/3780
f 3764/4271/3769 3752/4289/3751 3747/4290/3749 3766/4272/3770
f 3770/4291/3774 3768/4292/3772 3746/4250/3748 3750/4249/3747
f 3770/4291/3774 3750/4249/3747 3743/4256/3754 3771/4293/3776
f 3747/4290/3749 3746/4294/3748 3768/4274/3772 3766/4272/3770
f 3776/4286/3784 3774/4285/3783 3744/4295/3759 3755/4296/3757
f 3757/4297/3761 3760/4298/3764 3782/4284/3782 3780/4280/3778
f 3778/4270/3768 3776/4286/3784 3755/4259/3757 3754/4257/3755
f 3764/4271/3769 3778/4270/3768 3754/4257/3755 3752/4253/3751
f 3774/4285/3783 3782/4284/3782 3760/4298/3764 3744/4295/3759
f 3743/4256/3754 3757/4263/3761 3780/4299/3778 3771/4293/3776
s 107
f 3783/4300/3787 3785/4301/3788 3819/4302/3789 3818/4303/3790
f 3784/4304/3791 3783/4300/3787 3852/4305/3792 3853/4306/3793
f 3785/4301/3788 3784/4304/3791 3787/4307/3794 3786/4308/3795
f 3786/4308/3795 3789/4309/3796 3824/4310/3797 3823/4311/3798
f 3788/4312/3799 3787/4307/3794 3854/4313/3800 3855/4314/3801
f 3789/4309/3796 3788/4312/3799 3815/4315/3802 3814/4316/3803
f 3790/4317/3804 3792/4318/3805 3843/4319/3806 3842/4320/3807
f 3791/4321/3808 3790/4317/3804 3817/4322/3809 3816/4323/3810
f 3792/4318/3805 3791/4321/3808 3858/4324/3811 3859/4325/3812
f 3793/4326/3813 3795/4327/3814 3846/4328/3815 3845/4329/3816
f 3795/4327/3814 3794/4330/3817 3800/4331/3818 3799/4332/3819
f 3796/4333/3820 3798/4334/3821 3831/4335/3822 3830/4336/3823
f 3797/4337/3824 3796/4333/3820 3813/4338/3825 3812/4339/3826
f 3799/4332/3819 3803/4340/3827 3840/4341/3828 3839/4342/3829
f 3856/4343/3830 3857/4344/3831 3816/4323/3810 3815/4315/3802
f 3802/4345/3832 3801/4346/3833 3811/4347/3834 3810/4348/3835
f 3803/4340/3827 3802/4345/3832 3805/4349/3836 3804/4350/3837
f 3806/4351/3838 3808/4352/3839 3851/4353/3840 3849/4354/3841
f 3808/4352/3839 3807/4355/3842 3810/4348/3835 3809/4356/3843
f 3809/4356/3843 3813/4338/3825 3826/4357/3844 3825/4358/3845
f 3814/4316/3803 3817/4322/3809 3835/4359/3846 3834/4360/3847
f 3818/4361/3790 3820/4362/3848 3866/4363/3849 3867/4364/3850
f 3820/4362/3848 3819/4365/3789 3823/4366/3798 3822/4367/3851
f 3821/4368/3852 3824/4369/3797 3834/4370/3847 3833/4371/3853
f 3822/4367/3851 3821/4368/3852 3864/4372/3854 3865/4373/3855
f 3825/4374/3845 3828/4375/3856 3850/4376/3857 3851/4377/3840
f 3827/4378/3858 3826/4379/3844 3830/4380/3823 3829/4381/3859
f 3828/4375/3856 3837/4382/3860 3836/4383/3861
f 3832/4384/3862 3835/4385/3846 3842/4386/3807 3841/4387/3863
f 3833/4371/3853 3832/4384/3862 3862/4388/3864 3863/4389/3865
f 3836/4383/3861 3840/4341/3828 3848/4390/3866 3847/4391/3867
f 3839/4342/3829 3838/4392/3868 3844/4393/3869 3846/4328/3815
f 3841/4387/3863 3843/4319/3806 3860/4394/3870 3861/4395/3871
f 3847/4391/3867 3849/4396/3841 3850/4376/3857
f 3820/4362/3848 3822/4367/3851 3865/4373/3855 3866/4363/3849
f 3863/4389/3865 3864/4372/3854 3821/4368/3852 3833/4371/3853
f 3861/4395/3871 3862/4388/3864 3832/4384/3862 3841/4387/3863
f 3828/4375/3856 3836/4383/3861 3847/4391/3867 3850/4376/3857
f 3784/4304/3791 3853/4306/3793 3854/4313/3800 3787/4307/3794
f 3855/4314/3801 3856/4343/3830 3815/4315/3802 3788/4312/3799
f 3857/4344/3831 3858/4324/3811 3791/4321/3808 3816/4323/3810
f 3810/4348/3835 3807/4355/3842 3805/4349/3836 3802/4345/3832
f 3785/4301/3788 3786/4308/3795 3823/4311/3798 3819/4302/3789
f 3813/4338/3825 3796/4333/3820 3830/4336/3823 3826/4357/3844
f 3867/4364/3850 3852/4397/3792 3783/4398/3787 3818/4361/3790
f 3789/4309/3796 3814/4316/3803 3834/4360/3847 3824/4310/3797
f 3817/4322/3809 3790/4317/3804 3842/4320/3807 3835/4359/3846
f 3792/4318/3805 3859/4325/3812 3860/4394/3870 3843/4319/3806
f 3795/4327/3814 3799/4332/3819 3839/4342/3829 3846/4328/3815
f 3803/4340/3827 3804/4350/3837 3848/4390/3866 3840/4341/3828
f 3808/4352/3839 3809/4356/3843 3825/4358/3845 3851/4353/3840
f 3783/4300/3787 3784/4304/3791 3785/4301/3788
f 3786/4308/3795 3787/4307/3794 3788/4312/3799 3789/4309/3796
f 3790/4317/3804 3791/4321/3808 3792/4318/3805
f 3793/4326/3813 3794/4330/3817 3795/4327/3814
f 3796/4333/3820 3797/4337/3824 3798/4334/3821
f 3799/4332/3819 3800/4331/3818 3801/4346/3833 3802/4345/3832 3803/4340/3827
f 3806/4351/3838 3807/4355/3842 3808/4352/3839
f 3809/4356/3843 3810/4348/3835 3811/4347/3834 3812/4339/3826 3813/4338/3825
f 3814/4316/3803 3815/4315/3802 3816/4323/3810 3817/4322/3809
f 3818/4361/3790 3819/4365/3789 3820/4362/3848
f 3821/4368/3852 3822/4367/3851 3823/4366/3798 3824/4369/3797
f 3825/4374/3845 3826/4379/3844 3827/4378/3858 3828/4375/3856
f 3829/4381/3859 3830/4380/3823 3831/4399/3822
f 3832/4384/3862 3833/4371/3853 3834/4370/3847 3835/4385/3846
f 3839/4342/3829 3837/4382/3860 3838/4392/3868
f 3841/4387/3863 3842/4386/3807 3843/4319/3806
f 3844/4393/3869 3845/4329/3816 3846/4328/3815
f 3847/4391/3867 3848/4390/3866 3849/4396/3841
f 3850/4376/3857 3849/4396/3841 3851/4377/3840
f 3853/4306/3793 3852/4305/3792 3798/4334/3821 3797/4337/3824
f 3854/4313/3800 3853/4306/3793 3797/4337/3824 3812/4339/3826
f 3855/4314/3801 3854/4313/3800 3812/4339/3826 3811/4347/3834
f 3811/4347/3834 3801/4346/3833 3856/4343/3830 3855/4314/3801
f 3801/4346/3833 3800/4331/3818 3857/4344/3831 3856/4343/3830
f 3800/4331/3818 3794/4330/3817 3858/4324/3811 3857/4344/3831
f 3859/4325/3812 3858/4324/3811 3794/4330/3817 3793/4326/3813
f 3860/4394/3870 3859/4325/3812 3793/4326/3813 3845/4329/3816
f 3861/4395/3871 3860/4394/3870 3845/4329/3816 3844/4393/3869
f 3838/4392/3868 3862/4388/3864 3861/4395/3871 3844/4393/3869
f 3863/4389/3865 3862/4388/3864 3838/4392/3868 3837/4382/3860
f 3828/4375/3856 3864/4372/3854 3863/4389/3865 3837/4382/3860
f 3865/4373/3855 3864/4372/3854 3828/4375/3856 3827/4378/3858
f 3866/4363/3849 3865/4373/3855 3827/4378/3858 3829/4381/3859
f 3867/4364/3850 3866/4363/3849 3829/4381/3859 3831/4399/3822
f 3798/4400/3821 3852/4397/3792 3867/4364/3850 3831/4399/3822
f 3836/4383/3861 3837/4382/3860 3839/4342/3829 3840/4341/3828
f 3804/4350/3837 3806/4401/3838 3849/4396/3841 3848/4390/3866
f 3806/4401/3838 3804/4350/3837 3805/4349/3836 3807/4355/3842
s 1
f 2438/3274/2436 2437/2702/2435 3870/4409/3872 3869/4410/3873
f 2434/2662/2431 2438/3274/2436 3869/4410/3873 3868/4411/3874
f 2437/2702/2435 2414/3277/2447 3871/4412/3875 3870/4409/3872
f 3060/4404/3074 3061/4406/3076 3873/4413/3876 3874/4414/3877
f 3061/4406/3076 3057/3653/3070 3872/4415/3878 3873/4413/3876
f 2414/3277/2447 3060/4404/3074 3874/4414/3877 3871/4412/3875
f 3869/4410/3873 3870/4409/3872 3878/4416/3879 3877/4417/3880
f 3868/4411/3874 3869/4410/3873 3877/4417/3880 3876/4418/3881
f 3870/4409/3872 3871/4412/3875 3880/4419/3882 3878/4416/3879
f 3874/4414/3877 3873/4413/3876 3883/4420/3883 3884/4421/3884
f 3873/4413/3876 3872/4415/3878 3882/4422/3885 3883/4420/3883
f 3871/4412/3875 3874/4414/3877 3884/4421/3884 3880/4419/3882
f 3875/4423/3886 3876/4418/3881 3886/4424/3887 3885/4425/3888
f 3877/4417/3880 3878/4416/3879 3888/4475/3889 3887/4427/3890
f 3879/4476/3891 3875/4423/3886 3885/4425/3888 3889/4429/3892
f 3876/4418/3881 3877/4417/3880 3887/4427/3890 3886/4424/3887
f 3878/4416/3879 3880/4419/3882 3890/4481/3893 3888/4475/3889
f 3882/4422/3885 3881/4431/3894 3891/4473/3895 3892/4433/3896
f 3884/4421/3884 3883/4420/3883 3893/4434/3897 3894/4435/3898
f 3881/4431/3894 3879/4428/3891 3889/4482/3892 3891/4473/3895
f 3883/4420/3883 3882/4422/3885 3892/4433/3896 3893/4434/3897
f 3880/4419/3882 3884/4421/3884 3894/4435/3898 3890/4481/3893
f 3886/4424/3887 3887/4427/3890 3888/4475/3889 3885/4425/3888
f 3898/4447/3899 3897/4458/3900 2433/4459/2420 2432/4461/2419
f 3908/4470/3901 3907/4452/3902 3055/3265/3059 3056/4455/3058
f 3895/4436/3903 3896/4480/3904 3907/4438/3902 3906/4402/3072
f 3896/4437/3904 3895/4478/3903 3899/2672/2433 3898/4439/3899
f 3897/4458/3900 3900/4463/2432 3902/4464/3905 3901/4457/3906
f 3901/4457/3906 3902/4465/3905 3904/4466/3907 3903/4454/3908
f 3903/4454/3908 3904/4467/3907 3910/4468/3909 3909/4448/3910
f 3905/4469/3073 3908/4470/3901 3909/4448/3910 3910/4471/3909
f 3901/4457/3906 2436/4456/2430 2435/4472/2429
f 1699/3632/2451 2439/2701/2434 3899/2672/2433 3895/4478/3903
f 3896/4462/3904 3898/4447/3899 2432/4461/2419 2413/4460/2448
f 2433/4459/2420 3897/4458/3900 3901/4457/3906 2435/4472/2429
f 2436/4456/2430 3901/4457/3906 3903/4454/3908 2415/4449/2449
f 3909/4448/3910 3058/4450/3069 3059/4453/3068
f 1699/4479/2451 3895/4436/3903 3906/4402/3072 3062/3656/3071
f 3907/4452/3902 3896/4451/3904 2413/2673/2448 3055/3265/3059
f 3056/4455/3058 3058/4450/3069 3909/4448/3910 3908/4470/3901
f 3059/4453/3068 2415/4449/2449 3903/4454/3908 3909/4448/3910
f 3902/4440/3905 3900/2671/2432 2434/2662/2431 3868/4411/3874
f 3057/3653/3070 3905/4403/3073 3910/4441/3909 3872/4415/3878
f 3902/4440/3905 3868/4411/3874 3876/4418/3881 3875/4423/3886
f 3904/4442/3907 3902/4440/3905 3875/4423/3886 3879/4476/3891
f 3872/4415/3878 3910/4441/3909 3881/4431/3894 3882/4422/3885
f 3910/4441/3909 3904/4477/3907 3879/4428/3891 3881/4431/3894
f 3897/4458/3900 3898/4447/3899 3899/4446/2433 3900/4445/2432
f 3905/4444/3073 3906/4443/3072 3907/4452/3902 3908/4470/3901
f 3891/4473/3895 3894/4435/3898 3893/4434/3897 3892/4433/3896
f 3889/4429/3892 3890/4430/3893 3894/4474/3898 3891/4432/3895
f 3885/4425/3888 3888/4426/3889 3890/4430/3893 3889/4429/3892
f 3911/4484/3911 3912/4527/3912 3933/4529/3913 3934/4561/3914
f 3912/4485/3912 3911/4525/3911 3914/4519/3915 3913/4491/3916
f 3913/4491/3916 3914/4519/3915 3918/4518/3917 3917/4492/3918
f 3915/4493/3919 3916/4515/3920 3920/4514/3921 3919/4496/3922
f 3916/4515/3920 3915/4493/3919 3917/4492/3918 3918/4518/3917
f 3919/4496/3922 3920/4514/3921 3922/4512/3923 3921/4497/3924
f 3921/4497/3924 3922/4512/3923 3924/4510/3925 3923/4500/3926
f 3923/4500/3926 3924/4510/3925 3926/4507/3927 3925/4501/3928
f 3925/4501/3928 3926/4507/3927 3928/4506/3929 3927/4502/3930
f 3927/4502/3930 3928/4506/3929 3930/4521/3931 3929/4503/3932
f 3929/4503/3932 3930/4521/3931 3932/4486/3933 3931/4523/3934
f 3931/4487/3934 3932/4557/3933 3949/4542/3935 3950/4559/3936
f 3934/4561/3914 3933/4529/3913 3935/4488/3937 3936/4555/3938
f 3936/4555/3938 3935/4488/3937 3937/4533/3939 3938/4554/3940
f 3938/4554/3940 3937/4533/3939 3939/4534/3941 3940/4551/3942
f 3940/4551/3942 3939/4534/3941 3941/4536/3943 3942/4550/3944
f 3942/4550/3944 3941/4536/3943 3943/4537/3945 3944/4548/3946
f 3944/4548/3946 3943/4537/3945 3947/4489/3947 3948/4546/3948
f 3945/4539/3949 3946/4543/3950 3948/4546/3948 3947/4489/3947
f 3946/4543/3950 3945/4539/3949 3950/4559/3936 3949/4542/3935
f 1743/4490/2028 3912/4485/3912 3913/4491/3916 2062/4494/2029
f 2062/4494/2029 3913/4491/3916 3917/4492/3918 3915/4493/3919
f 3915/4493/3919 2064/4495/2032 2063/2279/2030 2062/4494/2029
f 2064/4495/2032 3915/4493/3919 3919/4496/3922 2065/4498/2034
f 3921/4497/3924 2066/4499/2037 2065/4498/2034 3919/4496/3922
f 2066/4499/2037 3921/4497/3924 3923/4500/3926 2067/4504/2039
f 3925/4501/3928 3927/4502/3930 2067/4504/2039 3923/4500/3926
f 3927/4502/3930 3929/4503/3932 2068/4524/2041 2067/4504/2039
f 2090/4505/2082 3930/4521/3931 3928/4506/3929 2092/4508/2083
f 3928/4506/3929 3926/4507/3927 2094/4509/2085 2092/4508/2083
f 2094/4509/2085 3926/4507/3927 3924/4510/3925 2096/4511/2087
f 2096/4511/2087 3924/4510/3925 3922/4512/3923 2098/4513/2089
f 2098/4513/2089 3922/4512/3923 3920/4514/3921 2100/4516/2091
f 3916/4515/3920 2102/4517/2093 2100/4516/2091 3920/4514/3921
f 2102/4517/2093 3916/4515/3920 3918/4518/3917 2104/4520/2095
f 3914/4519/3915 2106/4526/2097 2104/4520/2095 3918/4518/3917
f 3932/4486/3933 3930/4521/3931 2090/4505/2082 1783/4522/2081
f 3929/4503/3932 3931/4523/3934 1745/3493/2040 2068/4524/2041
f 3914/4519/3915 3911/4525/3911 1786/3481/2099 2106/4526/2097
f 1743/2278/2028 2715/4528/2743 3933/4529/3913 3912/4527/3912
f 2715/4528/2743 3937/4533/3939 3935/4488/3937 3933/4529/3913
f 3937/4533/3939 2715/4528/2743 2716/4530/2742 2717/4531/2744
f 2717/4531/2744 2718/4532/2745 3939/4534/3941 3937/4533/3939
f 3941/4536/3943 3939/4534/3941 2718/4532/2745 2719/4535/2746
f 2719/4535/2746 2720/4538/2747 3943/4537/3945 3941/4536/3943
f 3947/4489/3947 3943/4537/3945 2720/4538/2747 3945/4539/3949
f 3945/4539/3949 2720/4538/2747 2721/4540/2748 3950/4559/3936
f 2743/4558/2780 2745/4541/2782 3946/4543/3950 3949/4542/3935
f 3946/4543/3950 2745/4541/2782 2747/4544/2784 3948/4546/3948
f 2747/4544/2784 2749/4545/2786 3944/4548/3946 3948/4546/3948
f 2749/4545/2786 2751/4547/2788 3942/4550/3944 3944/4548/3946
f 2751/4547/2788 2753/4549/2790 3940/4551/3942 3942/4550/3944
f 3938/4554/3940 3940/4551/3942 2753/4549/2790 2755/4552/2792
f 2755/4552/2792 2757/4553/2794 3936/4555/3938 3938/4554/3940
f 3934/4561/3914 3936/4555/3938 2757/4553/2794 2759/4556/2796
f 3932/4557/3933 1783/2324/2081 2743/4558/2780 3949/4542/3935
f 3950/4559/3936 2721/4540/2748 1745/4560/2040 3931/4487/3934
f 3934/4561/3914 2759/4556/2796 1786/4562/2099 3911/4484/3911
f 2180/4563/2244 2181/4564/2243 3952/4565/3951 3951/4566/3952
f 2181/4564/2243 2182/4567/2245 3953/4568/3953 3952/4565/3951
f 2182/4567/2245 2183/4569/2246 3954/4570/3954 3953/4568/3953
f 2183/4569/2246 2184/4571/2247 3955/4572/3955 3954/4570/3954
f 2184/4571/2247 2178/4573/2248 3956/4574/3956 3955/4572/3955
f 2185/4575/2249 2180/4563/2244 3951/4566/3952 3957/4576/3957
f 2179/4577/2250 2185/4575/2249 3957/4576/3957 3958/4578/3958
f 2832/4579/2907 2831/4580/2906 3959/4581/3959 3960/4582/3960
f 2833/4583/2908 2832/4579/2907 3960/4582/3960 3961/4584/3961
f 2834/4585/2909 2833/4583/2908 3961/4584/3961 3962/4586/3962
f 2835/4587/2910 2834/4585/2909 3962/4586/3962 3963/4588/3963
f 2178/4573/2248 2835/4587/2910 3963/4588/3963 3956/4574/3956
f 2831/4580/2906 2836/4589/2911 3964/4590/3964 3959/4581/3959
f 2836/4589/2911 2179/4577/2250 3958/4578/3958 3964/4590/3964
f 3951/4566/3952 3952/4565/3951 3965/4591/3965
f 3952/4565/3951 3953/4568/3953 3965/4591/3965
f 3953/4568/3953 3954/4570/3954 3965/4591/3965
f 3954/4570/3954 3955/4572/3955 3965/4591/3965
f 3955/4572/3955 3956/4574/3956 3965/4591/3965
f 3957/4576/3957 3951/4566/3952 3965/4591/3965
f 3958/4578/3958 3957/4576/3957 3965/4591/3965
f 3960/4582/3960 3959/4581/3959 3965/4591/3965
f 3961/4584/3961 3960/4582/3960 3965/4591/3965
f 3962/4586/3962 3961/4584/3961 3965/4591/3965
f 3963/4588/3963 3962/4586/3962 3965/4591/3965
f 3956/4574/3956 3963/4588/3963 3965/4591/3965
f 3959/4581/3959 3964/4590/3964 3965/4591/3965
f 3964/4590/3964 3958/4578/3958 3965/4591/3965
g default
v -0.034172 0.642148 0.644690
v -0.034486 0.647191 0.645733
v -0.038037 0.645448 0.638862
v -0.041859 0.671814 0.590073
v -0.039351 0.667815 0.594892
v -0.034978 0.670029 0.599491
v -0.035639 0.673363 0.594945
v -0.037494 0.662135 0.548447
v -0.035465 0.658670 0.552984
v -0.039352 0.659302 0.560423
v -0.041901 0.662530 0.552466
v -0.038003 0.636515 0.606335
v -0.033931 0.633888 0.603161
v -0.033864 0.633271 0.608874
v -0.066464 0.691283 0.577730
v -0.062803 0.686524 0.577133
v -0.054641 0.686874 0.582879
v -0.062609 0.692526 0.582231
v -0.008087 0.692236 0.582100
v -0.061432 0.680684 0.535802
v -0.056303 0.675232 0.536752
v -0.062586 0.677050 0.539657
v -0.066059 0.682116 0.541210
v -0.082118 0.724745 0.592734
v -0.077902 0.724608 0.596727
v -0.079535 0.729567 0.594003
v -0.032657 0.729575 0.593689
v -0.031314 0.725136 0.596966
v -0.027432 0.726874 0.592579
v -0.032805 0.730348 0.562001
v -0.027812 0.727478 0.561241
v -0.031550 0.727263 0.557160
v -0.079562 0.730349 0.561962
v -0.078446 0.727178 0.557121
v -0.082849 0.726009 0.560997
v -0.007114 0.642149 0.644694
v -0.007114 0.647396 0.645319
v -0.007114 0.670104 0.599340
v -0.007114 0.673543 0.594785
v -0.007114 0.662109 0.548471
v -0.007114 0.658669 0.552986
v -0.007114 0.633908 0.603122
v -0.007114 0.633271 0.608874
v -0.007114 0.686716 0.583021
v -0.007114 0.690946 0.582317
v -0.007114 0.691955 0.581230
v -0.007114 0.698071 0.579796
v -0.007114 0.683771 0.537217
v -0.007114 0.691497 0.544511
v -0.007114 0.675330 0.536665
v -0.007114 0.680928 0.535914
v 0.019944 0.642148 0.644690
v 0.020258 0.647191 0.645733
v 0.023810 0.645448 0.638862
v 0.027631 0.671814 0.590073
v 0.025124 0.667815 0.594892
v 0.020750 0.670029 0.599491
v 0.021412 0.673363 0.594945
v 0.023267 0.662135 0.548447
v 0.021238 0.658670 0.552984
v 0.025125 0.659302 0.560423
v 0.027674 0.662530 0.552466
v 0.023775 0.636515 0.606335
v 0.019703 0.633888 0.603161
v 0.019637 0.633271 0.608874
v 0.052237 0.691283 0.577730
v 0.048575 0.686524 0.577133
v 0.040413 0.686874 0.582879
v 0.048381 0.692526 0.582231
v -0.006140 0.692236 0.582100
v 0.047205 0.680684 0.535802
v 0.042076 0.675232 0.536752
v 0.048358 0.677050 0.539657
v 0.051832 0.682116 0.541210
v 0.067891 0.724745 0.592734
v 0.063674 0.724608 0.596727
v 0.065307 0.729567 0.594003
v 0.018430 0.729575 0.593689
v 0.017087 0.725136 0.596966
v 0.013204 0.726874 0.592579
v 0.018578 0.730348 0.562001
v 0.013585 0.727478 0.561241
v 0.017323 0.727263 0.557160
v 0.065334 0.730349 0.561962
v 0.064219 0.727178 0.557121
v 0.068621 0.726009 0.560997
vt 0.488576 0.008859
vt 0.489856 0.011357
vt 0.486005 0.022443
vt 0.484239 0.021293
vt 0.810903 0.164341
vt 0.809316 0.163442
vt 0.813578 0.154799
vt 0.815284 0.155626
vt 0.490781 0.008566
vt 0.498183 0.025589
vt 0.496844 0.027747
vt 0.498307 0.029862
vt 0.498978 0.027165
vt 0.504556 0.034713
vt 0.504914 0.038096
vt 0.491494 0.042254
vt 0.491060 0.039218
vt 0.828914 0.173412
vt 0.827282 0.172353
vt 0.831850 0.163652
vt 0.833742 0.164569
vt 0.775384 0.148313
vt 0.775603 0.150428
vt 0.766191 0.154092
vt 0.766838 0.151626
vt 0.777527 0.148555
vt 0.780114 0.138586
vt 0.781934 0.139468
vt 0.489756 0.041850
vt 0.484221 0.023435
vt 0.797560 0.157620
vt 0.795708 0.156752
vt 0.799864 0.148154
vt 0.801721 0.149054
vt 0.507110 0.038620
vt 0.507878 0.036502
vt 0.522093 0.037710
vt 0.521641 0.039650
vt 0.499945 0.050050
vt 0.497737 0.049959
vt 0.831092 0.185687
vt 0.830879 0.182255
vt 0.839695 0.167453
vt 0.841118 0.168143
vt 0.841314 0.168754
vt 0.841557 0.168355
vt 0.843595 0.169343
vt 0.849067 0.181598
vt 0.847538 0.183044
vt 0.498241 0.051971
vt 0.517344 0.049696
vt 0.517037 0.051715
vt 0.523627 0.039727
vt 0.519160 0.050437
vt 0.525007 0.038089
vt 0.540152 0.044658
vt 0.538781 0.046160
vt 0.540642 0.047087
vt 0.536654 0.057487
vt 0.535013 0.056491
vt 0.535046 0.058594
vt 0.518838 0.052552
vt 0.838860 0.196954
vt 0.778666 0.151330
vt 0.829267 0.186830
vt 0.828430 0.184858
vt 0.495588 0.051407
vt 0.548753 0.069070
vt 0.548540 0.072348
vt 0.772616 0.134953
vt 0.774427 0.135831
vt 0.764268 0.152413
vt 0.549607 0.055964
vt 0.771613 0.134467
vt 0.745225 0.149927
vt 0.752477 0.134875
vt 0.616232 0.017170
vt 0.618920 0.030062
vt 0.617019 0.030973
vt 0.614638 0.019482
vt 0.819408 0.146787
vt 0.817719 0.146098
vt 0.605584 0.034827
vt 0.604536 0.032514
vt 0.614083 0.016594
vt 0.603859 0.036735
vt 0.596239 0.044042
vt 0.597034 0.040734
vt 0.603544 0.033973
vt 0.609832 0.046952
vt 0.609008 0.049905
vt 0.837690 0.155299
vt 0.835847 0.154674
vt 0.784816 0.128846
vt 0.782120 0.120085
vt 0.783655 0.118049
vt 0.786612 0.127706
vt 0.786334 0.130377
vt 0.618658 0.032188
vt 0.610784 0.049730
vt 0.805864 0.140481
vt 0.804035 0.139565
vt 0.593994 0.044277
vt 0.579453 0.043414
vt 0.579256 0.041432
vt 0.593507 0.042077
vt 0.601818 0.056736
vt 0.599617 0.056540
vt 0.848673 0.149401
vt 0.841720 0.167917
vt 0.845848 0.151361
vt 0.856792 0.163945
vt 0.856605 0.166041
vt 0.601057 0.058666
vt 0.582453 0.055975
vt 0.582410 0.053933
vt 0.580514 0.054432
vt 0.577473 0.043233
vt 0.561613 0.047647
vt 0.560448 0.045979
vt 0.576317 0.041430
vt 0.564010 0.058380
vt 0.562253 0.059153
vt 0.559648 0.048324
vt 0.580559 0.056571
vt 0.563704 0.060460
vt 0.862330 0.148514
vt 0.789218 0.129551
vt 0.848439 0.147261
vt 0.846373 0.147826
vt 0.603761 0.058451
vt 0.781145 0.117580
vt 0.760073 0.119196
vt 0.767391 0.104176
vn -0.084914 -0.929477 0.358974
vn -0.983672 0.035423 0.176449
vn -0.985384 -0.169715 -0.014710
vn -0.136405 -0.970667 0.197989
vn -0.079936 0.850416 0.520003
vn 0.000000 -0.933492 0.358598
vn -0.000000 0.852557 0.522634
vn -0.162395 0.873553 0.458839
vn -0.998187 0.007100 0.059763
vn -0.739766 -0.601314 0.301940
vn -0.060107 0.655151 0.753103
vn -0.161226 0.250616 0.954567
vn -0.668293 -0.709263 0.224344
vn -0.635632 -0.764482 0.107422
vn -0.914310 -0.395430 -0.087598
vn -0.000000 0.888322 0.459222
vn -0.000000 0.693952 0.720022
vn -0.052297 -0.717146 -0.694958
vn -0.658088 -0.746053 0.101610
vn -0.105997 -0.536042 -0.837510
vn -0.066192 -0.887723 -0.455595
vn -0.000000 -0.692845 -0.721087
vn -0.000000 -0.888144 -0.459566
vn -0.123346 -0.903019 -0.411513
vn -0.000000 -0.910025 -0.414554
vn -0.000000 -0.980813 0.194950
vn -0.886330 -0.446560 0.122489
vn -0.068898 -0.417206 0.906197
vn -0.082386 -0.300414 0.950244
vn -0.932803 -0.328224 0.148823
vn -0.922185 -0.351742 -0.160786
vn -0.000000 0.528677 0.848823
vn 0.000000 0.140186 0.990125
vn 0.142584 -0.200049 0.969356
vn -0.000000 0.243785 0.969829
vn -0.000000 0.988566 0.150792
vn 0.816019 0.566905 0.112837
vn 0.046078 -0.317003 0.947305
vn -0.040832 0.375088 -0.926090
vn -0.952687 -0.301518 -0.038400
vn -0.098456 0.442384 -0.891405
vn -0.079112 0.987818 0.134001
vn -0.093054 0.994344 -0.051200
vn 0.045269 0.985577 0.163059
vn 0.785695 0.604961 -0.129248
vn 0.050688 0.996444 -0.067311
vn 0.040831 0.465576 -0.884065
vn -0.000001 0.916575 -0.399864
vn -0.000000 0.422541 -0.906344
vn -0.000000 0.366009 -0.930611
vn -0.000000 -0.533699 -0.845675
vn 0.084914 -0.929477 0.358974
vn 0.136405 -0.970667 0.197987
vn 0.985384 -0.169715 -0.014710
vn 0.983672 0.035423 0.176449
vn 0.079936 0.850416 0.520003
vn 0.998187 0.007100 0.059763
vn 0.162395 0.873553 0.458839
vn 0.739766 -0.601314 0.301941
vn 0.668293 -0.709263 0.224343
vn 0.161226 0.250615 0.954567
vn 0.060107 0.655152 0.753102
vn 0.914310 -0.395430 -0.087598
vn 0.635632 -0.764482 0.107422
vn 0.052297 -0.717145 -0.694959
vn 0.105997 -0.536041 -0.837511
vn 0.658089 -0.746053 0.101610
vn 0.066192 -0.887723 -0.455595
vn 0.123346 -0.903019 -0.411514
vn 0.886330 -0.446560 0.122488
vn 0.932803 -0.328223 0.148822
vn 0.082385 -0.300413 0.950244
vn 0.068898 -0.417205 0.906197
vn 0.922185 -0.351742 -0.160787
vn -0.142584 -0.200049 0.969356
vn -0.046079 -0.317002 0.947305
vn -0.816019 0.566905 0.112836
vn 0.040833 0.375087 -0.926090
vn 0.098457 0.442384 -0.891405
vn 0.952687 -0.301518 -0.038401
vn 0.093054 0.994344 -0.051198
vn 0.079112 0.987818 0.134001
vn -0.045269 0.985577 0.163059
vn -0.050689 0.996444 -0.067308
vn -0.785696 0.604961 -0.129247
vn -0.040832 0.465577 -0.884065
s 1
g Moving_piece
usemtl initialShadingGroup
f 3966/4592/3966 3968/4593/3967 3977/4594/3968 3979/4595/3969
f 3967/4596/3970 3966/4597/3966 4001/4598/3971 4002/4599/3972
f 3968/4593/3967 3967/4600/3970 3971/4601/3973 3970/4602/3974
f 3969/4603/3975 3972/4604/3976 3982/4605/3977 3981/4606/3978
f 3970/4602/3974 3969/4603/3975 3976/4607/3979 3975/4608/3980
f 3972/4609/3976 3971/4610/3973 4003/4611/3981 4004/4612/3982
f 3973/4613/3983 3976/4614/3979 3987/4615/3984 3986/4616/3985
f 3974/4617/3986 3973/4613/3983 4005/4618/3987 4006/4619/3988
f 3975/4608/3980 3974/4620/3986 3978/4621/3989 3977/4594/3968
f 3979/4622/3969 3978/4623/3989 4007/4624/3990 4008/4625/3991
f 3980/4626/3992 3983/4627/3993 3990/4628/3994 3989/4629/3995
f 3981/4606/3978 3980/4626/3992 3988/4630/3996 3987/4631/3984
f 3983/4632/3993 3982/4633/3977 4009/4634/3997 4010/4635/3998 3984/4636/3999
f 3984/4636/3999 4011/4637/4000 4012/4638/4001 3994/4639/4002 3993/4640/4003
f 3985/4641/4004 3988/4630/3996 4000/4642/4005 3999/4643/4006
f 3989/4629/3995 3991/4644/4007 3998/4645/4008 4000/4642/4005
f 3991/4644/4007 3990/4646/3994 3993/4647/4003 3992/4648/4009
f 3992/4648/4009 3994/4649/4002 3996/4650/4010 3995/4651/4011
f 3995/4651/4011 3997/4652/4012 3999/4653/4006 3998/4645/4008
f 3967/4596/3970 4002/4599/3972 4003/4611/3981 3971/4610/3973
f 3991/4644/4007 3992/4648/4009 3995/4651/4011 3998/4645/4008
f 3974/4617/3986 4006/4619/3988 4007/4624/3990 3978/4623/3989
f 3979/4622/3969 4008/4625/3991 4001/4598/3971 3966/4597/3966
f 3977/4594/3968 3968/4593/3967 3970/4602/3974 3975/4608/3980
f 3972/4609/3976 4004/4612/3982 4009/4634/3997 3982/4633/3977
f 3976/4607/3979 3969/4603/3975 3981/4606/3978 3987/4631/3984
f 3983/4632/3993 3984/4636/3999 3993/4640/4003 3990/4654/3994
f 3988/4630/3996 3980/4626/3992 3989/4629/3995 4000/4642/4005
f 3966/4592/3966 3967/4600/3970 3968/4593/3967
f 3969/4603/3975 3970/4602/3974 3971/4601/3973 3972/4604/3976
f 3973/4613/3983 3974/4617/3986 3975/4655/3980 3976/4614/3979
f 3977/4594/3968 3978/4621/3989 3979/4595/3969
f 3980/4656/3992 3981/4657/3978 3982/4633/3977 3983/4632/3993
f 3984/4636/3999 4010/4635/3998 4011/4637/4000
f 3985/4641/4004 3986/4658/3985 3987/4631/3984 3988/4630/3996
f 3989/4629/3995 3990/4628/3994 3991/4644/4007
f 3992/4648/4009 3993/4647/4003 3994/4649/4002
f 3995/4651/4011 3996/4650/4010 3997/4652/4012
f 3998/4645/4008 3999/4643/4006 4000/4642/4005
f 4014/4659/4013 4013/4660/4014 3997/4652/4012 3996/4650/4010
f 4016/4661/4015 4015/4662/4016 3986/4616/3985 3985/4663/4004
f 4015/4662/4016 4005/4618/3987 3973/4613/3983 3986/4616/3985
f 4012/4664/4001 4014/4659/4013 3996/4650/4010 3994/4649/4002
f 4013/4665/4014 4016/4661/4015 3985/4663/4004 3999/4666/4006 3997/4667/4012
f 4017/4668/4017 4030/4669/4018 4028/4670/4019 4019/4671/4020
f 4018/4672/4021 4002/4599/3972 4001/4598/3971 4017/4673/4017
f 4019/4671/4020 4021/4674/4022 4022/4675/4023 4018/4676/4021
f 4020/4677/4024 4032/4678/4025 4033/4679/4026 4023/4680/4027
f 4021/4674/4022 4026/4681/4028 4027/4682/4029 4020/4677/4024
f 4023/4683/4027 4004/4612/3982 4003/4611/3981 4022/4684/4023
f 4024/4685/4030 4037/4686/4031 4038/4687/4032 4027/4688/4029
f 4025/4689/4033 4006/4619/3988 4005/4618/3987 4024/4685/4030
f 4026/4681/4028 4028/4670/4019 4029/4690/4034 4025/4691/4033
f 4030/4692/4018 4008/4625/3991 4007/4624/3990 4029/4693/4034
f 4031/4694/4035 4040/4695/4036 4041/4696/4037 4034/4697/4038
f 4032/4678/4025 4038/4698/4032 4039/4699/4039 4031/4694/4035
f 4034/4700/4038 4035/4701/4040 4010/4635/3998 4009/4634/3997 4033/4702/4026
f 4035/4701/4040 4044/4703/4041 4045/4704/4042 4012/4638/4001 4011/4637/4000
f 4036/4705/4043 4050/4706/4044 4051/4707/4045 4039/4699/4039
f 4040/4695/4036 4051/4707/4045 4049/4708/4046 4042/4709/4047
f 4042/4709/4047 4043/4710/4048 4044/4711/4041 4041/4712/4037
f 4043/4710/4048 4046/4713/4049 4047/4714/4050 4045/4715/4042
f 4046/4713/4049 4049/4708/4046 4050/4716/4044 4048/4717/4051
f 4018/4672/4021 4022/4684/4023 4003/4611/3981 4002/4599/3972
f 4042/4709/4047 4049/4708/4046 4046/4713/4049 4043/4710/4048
f 4025/4689/4033 4029/4693/4034 4007/4624/3990 4006/4619/3988
f 4030/4692/4018 4017/4673/4017 4001/4598/3971 4008/4625/3991
f 4028/4670/4019 4026/4681/4028 4021/4674/4022 4019/4671/4020
f 4023/4683/4027 4033/4702/4026 4009/4634/3997 4004/4612/3982
f 4027/4682/4029 4038/4698/4032 4032/4678/4025 4020/4677/4024
f 4034/4700/4038 4041/4718/4037 4044/4703/4041 4035/4701/4040
f 4039/4699/4039 4051/4707/4045 4040/4695/4036 4031/4694/4035
f 4017/4668/4017 4019/4671/4020 4018/4676/4021
f 4020/4677/4024 4023/4680/4027 4022/4675/4023 4021/4674/4022
f 4024/4685/4030 4027/4688/4029 4026/4719/4028 4025/4689/4033
f 4028/4670/4019 4030/4669/4018 4029/4690/4034
f 4031/4720/4035 4034/4700/4038 4033/4702/4026 4032/4721/4025
f 4035/4701/4040 4011/4637/4000 4010/4635/3998
f 4036/4705/4043 4039/4699/4039 4038/4698/4032 4037/4722/4031
f 4040/4695/4036 4042/4709/4047 4041/4696/4037
f 4043/4710/4048 4045/4715/4042 4044/4711/4041
f 4046/4713/4049 4048/4717/4051 4047/4714/4050
f 4049/4708/4046 4051/4707/4045 4050/4706/4044
f 4014/4659/4013 4047/4714/4050 4048/4717/4051 4013/4660/4014
f 4016/4661/4015 4036/4723/4043 4037/4686/4031 4015/4662/4016
f 4015/4662/4016 4037/4686/4031 4024/4685/4030 4005/4618/3987
f 4012/4664/4001 4045/4715/4042 4047/4714/4050 4014/4659/4013
f 4013/4665/4014 4048/4724/4051 4050/4725/4044 4036/4723/4043 4016/4661/4015
