# This file uses centimeters as units for non-parametric coordinates.

mtllib SeperatedFBX for unity.mtl
g default
v 0.000000 0.032079 2.647890
v -0.000000 -0.010975 2.962208
v 0.000000 -0.639346 2.613302
v 0.000000 -0.509689 1.961758
v -0.000000 0.316139 1.799254
v -0.013080 -0.537493 1.677772
v -0.000000 0.439318 1.603917
v -0.013115 -0.624003 1.382945
v 0.000000 0.532883 1.385673
v 0.000000 0.642489 1.169268
v -0.000000 -0.638375 1.346936
v 0.000000 -0.716888 1.085307
v 0.000019 -0.754524 0.867789
v 0.000035 -0.787161 0.433626
v 0.000049 -0.778671 0.229377
v 0.000036 -0.766377 0.038272
v 0.000029 -0.750183 -0.105968
v 0.000019 -0.709325 -0.401373
v 0.000000 -0.559196 -0.797939
v -0.000000 0.762855 1.067738
v 0.000000 0.747746 0.931560
v -0.000000 0.060358 -0.407233
v -0.000000 0.101736 -0.469952
v 0.000000 0.076672 0.887938
v 0.000000 0.302645 0.840404
v -0.000000 0.389524 0.864488
v -0.000000 0.475853 0.873989
v -0.000000 0.499844 0.825414
v -0.000000 0.051504 -0.989597
v 0.000000 0.019291 -1.007373
v 0.000000 -0.561670 -0.895890
v -0.000000 0.008682 -1.070318
v -0.000000 0.007221 -1.131711
v 0.000000 -0.566758 -1.110026
v 0.000000 0.087850 -1.263099
v -0.000000 -0.650236 -1.279351
v -0.000000 0.068664 -1.521494
v -0.000000 -0.652873 -1.515464
v -0.000000 -0.674252 -1.760564
v 0.000000 -0.722412 -1.994807
v 0.000000 -0.782441 -2.222946
v -0.000000 -0.772666 -2.460622
v -0.000000 -0.652715 -2.792883
v -0.000000 0.003773 -2.806988
v 0.000000 -0.415125 -3.432731
v 0.000000 -0.197612 -3.439246
v -0.000000 -1.071111 3.850323
v -0.000000 -0.815264 4.002401
v 0.000000 0.145338 3.642897
v -0.000000 -0.606463 4.051812
v -0.000000 -0.375128 4.061706
v -0.000000 -0.167406 4.000430
v -0.000000 0.015535 3.855126
v 0.000000 0.520996 0.537015
v -0.000000 0.504156 0.665323
v 0.000000 0.505304 0.075623
v 0.000000 0.451038 -0.463740
v 0.000000 0.358247 -1.374204
v 0.000000 0.246713 -1.868460
v -0.000000 0.059724 -2.167794
v 0.000000 -0.376342 -3.433893
v -0.000000 -0.236395 -3.438085
v -0.000000 -0.376342 -3.355608
v 0.000000 -0.236395 -3.359799
v 0.000000 -0.302282 -3.397246
v -0.000000 0.063887 -1.159418
v -0.000000 0.086483 -1.194413
v 0.000000 -0.705486 -2.607728
v -0.000000 -0.655864 -2.625606
v 0.000000 0.058132 -2.654612
v -0.000000 0.006646 -2.666725
v -0.000000 0.740692 0.838749
v 0.000000 0.093649 -2.586617
v 0.000000 0.050150 -2.555619
v -0.000000 0.546791 0.038425
v 0.000000 0.477940 -0.490061
v 0.000000 0.357953 -1.383964
v 0.000000 0.277810 -1.888119
v -0.000000 0.232647 -2.149686
v -0.000000 0.176478 -2.390966
v -0.000000 0.064110 -2.518974
v 0.000000 0.097615 1.967602
v -0.000000 0.065841 3.294368
v 0.000000 -1.084138 3.526144
v 0.000000 -0.803200 3.049812
v -0.000000 0.072036 -1.845537
v 0.000000 0.122186 3.331155
v 0.000000 0.101100 3.306852
v -0.000000 -1.155766 3.533569
v -0.000000 -1.180900 3.551141
v 0.000000 -0.657113 -1.098697
v 0.000000 -0.621921 -1.077688
v 0.000000 -0.597419 -1.092053
v 0.000000 0.202348 1.886917
v 0.000000 0.136685 1.975991
v 0.000000 0.118817 1.979640
v 0.000000 0.657320 0.745161
v -0.000000 0.685483 0.807751
v 0.000000 0.614466 0.503445
v 0.213863 0.034536 1.961757
v 0.131237 -0.005804 2.640028
v 0.314680 -0.031722 1.961758
v 0.215189 -0.087909 2.647981
v 0.382205 -0.115850 1.961758
v 0.258647 -0.180540 2.668620
v 0.115084 -0.044652 2.964910
v 0.197500 -0.126053 2.982824
v 0.237905 -0.220176 3.027417
v 0.142609 -0.007299 3.272547
v 0.230039 -0.133261 3.292496
v 0.282357 -0.231524 3.378712
v 0.344202 -0.325573 3.500335
v 0.248768 -0.313725 3.091802
v 0.255604 -0.402451 3.152867
v 0.387497 -0.403926 3.589868
v 0.257867 -0.504962 3.193396
v 0.385742 -0.517152 3.637628
v 0.375955 -0.731568 3.645519
v 0.243100 -0.622920 3.206496
v 0.360000 -0.886509 3.581105
v 0.200952 -0.707632 3.173530
v 0.282089 -0.274845 2.698312
v 0.383208 -0.232016 1.961758
v 0.293685 -0.368838 2.726211
v 0.361750 -0.330096 1.961758
v 0.283860 -0.465561 2.745139
v 0.295718 -0.404528 1.961758
v 0.235398 -0.549336 2.727632
v 0.222627 -0.456798 1.961758
v 0.167858 -0.599134 2.665159
v 0.247420 -1.058316 3.534031
v 0.072200 -0.505201 1.961758
v 0.145677 -0.488674 1.961758
v 0.375365 -0.006317 1.756404
v 0.388181 -0.076231 1.770909
v 0.282809 0.200922 1.803165
v 0.239202 0.239835 1.804012
v 0.257725 0.280496 1.708537
v 0.323961 0.197368 1.701215
v 0.400201 -0.161340 1.780160
v 0.383440 -0.254304 1.796439
v 0.342491 -0.334145 1.808003
v 0.287973 -0.399986 1.811242
v 0.093620 -0.559368 1.601378
v 0.040544 -0.540741 1.654456
v 0.413578 -0.048807 1.558496
v 0.395514 -0.124569 1.552761
v 0.268271 0.322980 1.532541
v 0.342396 0.193317 1.508717
v 0.375558 -0.194674 1.560980
v 0.352089 -0.282156 1.568234
v 0.324169 -0.363175 1.576220
v 0.287257 -0.431168 1.588219
v 0.097305 -0.600283 1.472167
v 0.046513 -0.617446 1.409609
v 0.262657 0.380743 1.309844
v 0.364705 0.179926 1.268624
v 0.447697 -0.102731 1.298212
v 0.391239 0.205927 1.045734
v 0.476669 -0.162456 1.029890
v 0.261876 0.412243 1.089159
v 0.464355 -0.007503 1.033765
v 0.412360 0.017330 1.275537
v 0.389320 0.069492 1.514057
v 0.362997 0.112469 1.712272
v 0.270186 0.154909 1.867867
v 0.164193 0.215948 1.871867
v 0.150996 0.322802 1.756900
v 0.154815 0.414056 1.575970
v 0.152414 0.497011 1.360409
v 0.161249 0.578073 1.141617
v 0.423655 -0.197269 1.304773
v 0.390080 -0.279241 1.312858
v 0.357196 -0.362799 1.325356
v 0.320049 -0.439370 1.339211
v 0.273788 -0.506809 1.355909
v 0.217542 -0.561538 1.367836
v 0.145638 -0.605551 1.360154
v 0.069746 -0.630355 1.351960
v 0.457427 -0.275374 1.043409
v 0.412198 -0.360289 1.065494
v 0.366521 -0.450429 1.081024
v 0.324967 -0.524683 1.099190
v 0.260993 -0.590929 1.107519
v 0.174106 -0.654770 1.095647
v 0.109323 -0.688590 1.089620
v 0.051697 -0.710659 1.081356
v 0.521310 -0.241417 0.728735
v 0.471786 -0.347930 0.788669
v 0.414261 -0.420427 0.828093
v 0.362211 -0.507023 0.845247
v 0.307861 -0.584192 0.860511
v 0.574535 -0.340088 0.393303
v 0.505736 -0.440667 0.417700
v 0.442240 -0.520391 0.393076
v 0.386925 -0.606996 0.401970
v 0.325251 -0.685096 0.417433
v 0.247564 -0.649454 0.870319
v 0.256526 -0.737293 0.427767
v 0.562348 -0.320816 0.091803
v 0.504387 -0.451356 0.109676
v 0.514414 -0.349530 -0.215378
v 0.433609 -0.480980 -0.178530
v 0.400769 -0.412488 -0.529334
v 0.351207 -0.505867 -0.446031
v 0.269985 -0.444924 -0.806349
v 0.212218 -0.492573 -0.797574
v 0.117256 -0.727776 0.870708
v 0.057750 -0.747413 0.867498
v 0.178450 -0.694087 0.872739
v 0.186235 -0.767662 0.431756
v 0.120752 -0.781944 0.435618
v 0.059042 -0.786772 0.432797
v 0.384037 -0.577995 -0.142495
v 0.318115 -0.582774 -0.394302
v 0.435769 -0.549912 0.134136
v 0.175682 -0.515336 -0.796443
v 0.340670 -0.657926 -0.111591
v 0.378903 -0.642968 0.165783
v 0.317070 -0.709262 0.174851
v 0.249585 -0.746161 0.185032
v 0.184816 -0.766400 0.194240
v 0.116344 -0.773760 0.211712
v 0.055928 -0.778717 0.222905
v 0.284392 -0.648279 -0.358266
v 0.236079 -0.691141 -0.328609
v 0.284589 -0.715860 -0.085748
v 0.223020 -0.747664 -0.058122
v 0.180515 -0.715301 -0.293892
v 0.160663 -0.761244 -0.030904
v 0.103365 -0.768002 -0.005816
v 0.048137 -0.767489 0.018087
v 0.126309 -0.728941 -0.247135
v 0.085396 -0.735864 -0.218665
v 0.033361 -0.742024 -0.177560
v 0.078545 -0.704043 -0.443406
v 0.047251 -0.556225 -0.797066
v 0.132559 -0.674059 -0.533401
v 0.176675 -0.641757 -0.565237
v 0.273019 -0.506802 -0.663676
v 0.244004 -0.560661 -0.611167
v 0.213080 -0.604777 -0.584852
v 0.091086 -0.550392 -0.795141
v 0.123490 -0.542070 -0.794473
v 0.152887 -0.527073 -0.795995
v 0.117515 0.749386 1.054842
v 0.226907 0.453581 0.899801
v 0.380408 0.217930 0.856600
v 0.508649 -0.007009 0.747123
v 0.512893 -0.053857 0.434342
v 0.530086 -0.093394 0.101540
v 0.519397 -0.092638 -0.204827
v 0.458102 -0.077802 -0.528313
v 0.304025 -0.126731 -0.909748
v 0.281069 -0.141194 -0.922152
v 0.123721 0.725588 0.892353
v 0.177562 0.569967 0.837591
v 0.179835 0.552998 0.708063
v 0.107351 0.688634 0.729704
v 0.170863 0.561728 0.539394
v 0.079735 0.662771 0.529210
v 0.159330 0.522654 0.072798
v 0.088271 0.592247 0.060558
v 0.164132 0.452968 -0.465315
v 0.091821 0.522032 -0.477517
v 0.167711 0.357063 -1.377615
v 0.095534 0.401528 -1.384772
v 0.177456 0.281180 -1.886390
v 0.093183 0.321852 -1.900002
v 0.236627 0.242251 -2.146816
v 0.403460 0.017863 0.282981
v 0.358776 0.065899 0.557467
v 0.317541 0.208599 0.799181
v 0.250017 0.373060 0.814431
v 0.387861 -0.014282 0.004329
v 0.424948 -0.048729 -0.143365
v 0.372105 0.011893 -0.454314
v 0.202056 -0.014875 -0.964076
v 0.314221 0.028130 -0.223351
v 0.200229 0.075172 -0.449650
v 0.200890 0.066547 -0.354966
v 0.160450 0.267306 0.854837
v 0.262461 0.068408 0.773598
v 0.170826 0.386884 0.848455
v 0.164467 0.421160 0.814239
v 0.119644 0.025020 -0.982486
v 0.197175 -0.042748 -0.968097
v 0.103442 0.004587 -0.996667
v 0.101616 -0.549064 -0.899242
v 0.167419 -0.524685 -0.902174
v 0.046251 -0.559530 -0.914514
v 0.248033 -0.465738 -0.927089
v 0.299942 -0.350741 -0.949894
v 0.297956 -0.172346 -0.994080
v 0.208467 -0.056153 -1.039785
v 0.115920 -0.007943 -1.058615
v 0.201129 -0.052395 -1.100649
v 0.136613 -0.000284 -1.128665
v 0.288558 -0.155927 -1.061934
v 0.320852 -0.303184 -1.048182
v 0.277837 -0.458624 -1.064716
v 0.154944 -0.534020 -1.102197
v 0.092203 -0.556203 -1.107233
v 0.041668 -0.564656 -1.109129
v 0.279419 0.140295 -2.381757
v 0.409504 -0.108751 -1.171731
v 0.462855 -0.280043 -1.168061
v 0.426176 -0.441322 -1.246905
v 0.307000 -0.566154 -1.274287
v 0.194268 -0.618345 -1.280689
v 0.091063 -0.643027 -1.283321
v 0.421803 -0.118116 -1.444260
v 0.476602 -0.284793 -1.448782
v 0.436011 -0.441751 -1.482268
v 0.330092 -0.554771 -1.505007
v 0.215235 -0.613787 -1.513916
v 0.105424 -0.643583 -1.516037
v 0.451945 -0.152143 -1.751712
v 0.491612 -0.309851 -1.741458
v 0.444729 -0.461123 -1.749470
v 0.343390 -0.568017 -1.756257
v 0.228315 -0.631214 -1.762135
v 0.113909 -0.663809 -1.759672
v 0.559401 -0.205243 -2.286926
v 0.498071 -0.185292 -2.033631
v 0.522762 -0.346891 -2.016287
v 0.466365 -0.502516 -2.009689
v 0.362960 -0.610506 -2.006097
v 0.245292 -0.675847 -2.000545
v 0.123321 -0.710835 -1.994882
v 0.571094 -0.375532 -2.256648
v 0.504850 -0.544312 -2.241903
v 0.392430 -0.661005 -2.233356
v 0.264396 -0.732727 -2.226975
v 0.132118 -0.770410 -2.222316
v 0.126429 -0.761150 -2.460614
v 0.245465 -0.720462 -2.471106
v 0.360962 -0.647685 -2.484536
v 0.458389 -0.528512 -2.504977
v 0.514290 -0.369274 -2.515118
v 0.515996 -0.208885 -2.498039
v 0.450009 -0.081046 -2.493138
v 0.340272 -0.006917 -2.507253
v 0.258067 0.052623 -2.524317
v 0.141436 0.097065 -2.544233
v 0.099636 -0.634426 -2.787675
v 0.175674 -0.604752 -2.787004
v 0.248936 -0.551306 -2.794703
v 0.314986 -0.453764 -2.797757
v 0.338004 -0.337760 -2.799292
v 0.328888 -0.239800 -2.801885
v 0.290857 -0.148469 -2.804080
v 0.245777 -0.082439 -2.807452
v 0.181435 -0.044036 -2.803944
v 0.100214 -0.006275 -2.807307
v 0.052881 -0.398702 -3.434700
v 0.079575 -0.373010 -3.435251
v 0.096200 -0.344179 -3.436259
v 0.026058 -0.410609 -3.434878
v 0.102399 -0.284377 -3.437783
v 0.101664 -0.311527 -3.436923
v 0.095205 -0.260170 -3.438140
v 0.080002 -0.238335 -3.437966
v 0.060192 -0.216835 -3.438255
v 0.030287 -0.203701 -3.438658
v 0.230095 -1.039193 3.815594
v 0.195108 -0.804208 3.974595
v 0.253644 -0.650681 3.994922
v 0.268897 -0.409732 3.980356
v 0.284458 -0.213758 3.901126
v 0.287978 -0.020280 3.729481
v 0.188462 0.098419 3.626010
v 0.051199 -0.349246 -3.435514
v 0.034024 -0.365776 -3.435159
v 0.061895 -0.330696 -3.436162
v 0.016766 -0.373437 -3.435274
v 0.065883 -0.292219 -3.437143
v 0.065411 -0.309687 -3.436590
v 0.061255 -0.276645 -3.437373
v 0.051473 -0.262595 -3.437261
v 0.038728 -0.248762 -3.437447
v 0.019487 -0.240312 -3.437706
v 0.051199 -0.349246 -3.357229
v 0.034024 -0.365776 -3.356874
v 0.061895 -0.330696 -3.357877
v 0.016766 -0.373437 -3.356989
v 0.065883 -0.292219 -3.358858
v 0.065411 -0.309687 -3.358305
v 0.061255 -0.276645 -3.359088
v 0.051473 -0.262595 -3.358976
v 0.038728 -0.248762 -3.359162
v 0.019487 -0.240312 -3.359421
v 0.173181 0.039493 3.278724
v 0.186669 0.058723 3.298219
v 0.276514 -0.110711 3.323668
v 0.292552 -0.096036 3.345897
v 0.330355 -0.215022 3.413604
v 0.349553 -0.200268 3.435886
v 0.395643 -0.320728 3.543002
v 0.409577 -0.297606 3.557247
v 0.416576 -0.397966 3.609219
v 0.429081 -0.384592 3.634420
v 0.402923 -0.513728 3.655861
v 0.412259 -0.505772 3.683877
v 0.413095 -0.732493 3.666977
v 0.427049 -0.737456 3.694369
v 0.397496 -0.966795 3.574475
v 0.405576 -0.998245 3.590541
v 0.270771 -1.109493 3.550935
v 0.277512 -1.131716 3.572512
v 0.158091 0.034253 -1.144956
v 0.272981 -0.015224 -1.117680
v 0.361926 -0.119497 -1.074071
v 0.390504 -0.108560 -1.101483
v 0.414597 -0.297005 -1.061487
v 0.445744 -0.291679 -1.089591
v 0.368433 -0.453348 -1.059310
v 0.403913 -0.449902 -1.087607
v 0.226167 -0.578631 -1.087392
v 0.266138 -0.592135 -1.116304
v 0.133707 -0.606890 -1.077870
v 0.165310 -0.633558 -1.102386
v 0.054764 -0.619578 -1.078776
v 0.068480 -0.653246 -1.100453
v 0.113731 -0.690838 -2.613029
v 0.099702 -0.642587 -2.630102
v 0.217168 -0.659248 -2.614009
v 0.188699 -0.614742 -2.630723
v 0.309192 -0.597549 -2.622000
v 0.267481 -0.560861 -2.637856
v 0.371625 -0.468279 -2.651554
v 0.321936 -0.447932 -2.664090
v 0.390699 -0.332300 -2.649651
v 0.337124 -0.329525 -2.661789
v 0.381952 -0.219147 -2.655312
v 0.329734 -0.232485 -2.667016
v 0.342669 -0.114750 -2.664046
v 0.296192 -0.141436 -2.675127
v 0.278265 -0.041694 -2.660885
v 0.242653 -0.078262 -2.673065
v 0.213491 0.006549 -2.655804
v 0.184382 -0.036708 -2.668081
v 0.116882 0.043865 -2.657394
v 0.100594 -0.004907 -2.669379
v 0.480783 -0.067779 1.315904
v 0.475877 -0.089439 1.313631
v 0.505888 -0.159962 1.038634
v 0.520274 -0.140105 1.043577
v 0.443138 -0.019234 1.580535
v 0.433146 -0.037265 1.588199
v 0.402986 0.032014 1.783066
v 0.398146 0.010720 1.781845
v 0.237049 0.079464 1.930633
v 0.227538 0.060106 1.936300
v 0.560077 -0.233491 0.732035
v 0.575384 -0.213366 0.734584
v 0.617412 -0.325484 0.390343
v 0.626697 -0.306027 0.387669
v 0.556899 -0.333467 -0.232675
v 0.568568 -0.314802 -0.236417
v 0.607979 -0.288757 0.080210
v 0.599707 -0.307597 0.082233
v 0.438481 -0.390443 -0.554990
v 0.450275 -0.371761 -0.560787
v 0.273598 -0.406589 -0.820974
v 0.039864 0.712010 0.775005
v 0.039864 0.668366 0.528834
v 0.039864 0.599443 0.055242
v 0.039864 0.529324 -0.482985
v 0.039864 0.407125 -1.393365
v 0.039864 0.325505 -1.906813
v 0.039864 0.107866 -2.549296
v 0.039142 0.657320 0.745161
v 0.039142 0.614466 0.503445
v 0.039142 0.546791 0.038425
v 0.039142 0.477940 -0.490061
v 0.039142 0.357953 -1.383964
v 0.039142 0.277810 -1.888119
v 0.039142 0.232647 -2.149686
v 0.039142 0.176478 -2.390966
v 0.039142 0.064110 -2.518974
v 0.000000 -0.118559 -0.407233
v 0.000000 -0.101206 0.888323
v 0.347847 -0.131594 0.558741
v 0.401744 -0.159444 0.282741
v 0.387995 -0.190253 0.004018
v 0.391455 -0.160790 -0.223366
v 0.200908 -0.112090 -0.354966
v 0.246576 -0.110858 0.775931
v 0.053722 0.219011 -2.417353
v 0.039667 0.209792 -2.411294
v 0.129115 0.282125 -2.347111
v 0.114582 0.292432 -2.332280
v 0.153062 0.191959 -2.404695
v 0.110442 0.205530 -2.410904
v 0.186960 0.283096 -2.317225
v 0.164113 0.273807 -2.344987
v 0.039864 0.276296 -2.187004
v 0.039864 0.281920 -2.159238
v 0.055311 0.278497 -2.172698
v 0.114582 0.325368 -2.256756
v 0.129388 0.330562 -2.242365
v 0.119810 0.276757 -2.155876
v 0.164334 0.328272 -2.241757
v 0.181360 0.318771 -2.256021
v 0.114582 0.436804 -2.312505
v 0.128368 0.447438 -2.327041
v 0.187121 0.499546 -2.312041
v 0.172646 0.482626 -2.328409
v 0.128621 0.453741 -2.256854
v 0.114582 0.437762 -2.270581
v 0.181900 0.508025 -2.272682
v 0.165620 0.494996 -2.258097
v 0.304642 -0.044181 -1.259650
v 0.304614 -0.052866 -1.493104
v 0.188497 0.000548 -1.513809
v 0.188837 0.017990 -1.280634
v 0.327805 -0.066160 -1.779371
v 0.199789 0.000066 -1.808318
v 0.269726 0.019089 -2.103578
v 0.386755 -0.083065 -2.055809
v 0.367768 0.020875 -2.326743
v 0.346398 -0.018893 -2.265519
v 0.378567 -0.039620 -2.282682
v 0.475810 -0.076135 -2.256660
v 0.436374 -0.096875 -2.196374
v 0.431800 -0.083048 -2.259676
v 0.281548 -0.009128 -1.161555
v 0.299879 -0.019898 -1.172263
v 0.252709 -0.027841 -1.192094
v 0.277514 -0.041277 -1.205142
v 0.188864 0.043330 -1.202438
v 0.197510 0.035947 -1.183945
v 0.212739 0.003901 -1.205509
v 0.195788 0.016014 -1.229697
v 0.181883 0.040451 -1.276297
v 0.190313 0.027940 -1.279305
v 0.181314 0.040726 -1.483898
v 0.190588 0.028777 -1.481845
v 0.315907 -0.021327 -1.212973
v 0.304352 -0.020842 -1.230948
v 0.330203 -0.029756 -1.457407
v 0.315756 -0.029293 -1.468508
v 0.193759 0.040302 -1.810133
v 0.202813 0.028239 -1.808286
v 0.354352 -0.044196 -1.774222
v 0.339490 -0.045824 -1.777307
v 0.401302 -0.065470 -2.071776
v 0.419268 -0.065776 -2.078066
v 0.278442 0.051262 -2.131411
v 0.203982 0.027392 -1.225767
v 0.201713 0.039693 -1.214060
v 0.299083 -0.013972 -1.190296
v 0.289387 -0.018866 -1.202122
v 0.397124 -0.009063 -2.327316
v 0.394647 -0.001231 -2.342867
v 0.470215 -0.062581 -2.312846
v 0.458361 -0.060132 -2.299571
v 0.365100 0.011903 -2.310502
v 0.455576 -0.080307 -2.225216
v 0.264061 -0.006204 -1.189412
v 0.272251 -0.000058 -1.177011
v 0.219858 0.030425 -1.193611
v 0.223818 0.016931 -1.201951
v -0.000000 0.149348 -2.024323
v 0.206868 0.261829 -2.015840
v 0.108801 0.295401 -2.050089
v 0.039864 0.299399 -2.058010
v 0.039142 0.245981 -2.072457
v 0.000000 0.245288 -2.076471
v 0.197162 0.474434 0.757602
v 0.208605 0.487857 0.754695
v 0.216863 0.469861 0.779386
v 0.203105 0.473285 0.769782
v 0.190524 0.473706 0.537414
v 0.177241 0.461727 0.537015
v 0.167827 0.469281 0.074950
v 0.154338 0.457583 0.075623
v 0.161453 0.412851 -0.464159
v 0.146644 0.402870 -0.463740
v 0.161205 0.319002 -1.375096
v 0.145898 0.309847 -1.374204
v 0.178580 0.258568 -1.874627
v 0.166077 0.246713 -1.868460
v 0.282612 0.065433 -2.146943
v 0.265162 0.067007 -2.140484
v 0.217219 0.151191 -2.007613
v 0.229008 0.163953 -2.011724
v 0.213586 0.477002 0.769589
v 0.000000 -0.076942 -3.114363
v -0.000000 -0.022620 -2.985098
v 0.065902 -0.090343 -3.115774
v 0.093352 -0.039516 -2.987419
v 0.123008 -0.120560 -3.116476
v 0.162501 -0.077845 -2.988360
v 0.153894 -0.151144 -3.115527
v 0.196525 -0.111052 -2.987737
v 0.185152 -0.195633 -3.113493
v 0.234428 -0.166244 -2.985353
v 0.206002 -0.255134 -3.110521
v 0.261252 -0.243369 -2.982087
v 0.212857 -0.323551 -3.111637
v 0.272483 -0.331878 -2.984417
v 0.197966 -0.397739 -3.109072
v 0.251895 -0.424942 -2.981661
v 0.164788 -0.460417 -3.108415
v 0.210905 -0.502019 -2.982132
v 0.107855 -0.515436 -3.107909
v 0.140642 -0.569409 -2.981955
v 0.046242 -0.543315 -3.108888
v 0.063434 -0.604464 -2.983458
v 0.000000 -0.551138 -3.107475
v -0.000000 -0.613959 -2.981541
v -0.000000 0.029975 -2.809968
v 0.000000 0.038715 -2.824206
v -0.000000 -0.675839 -2.796746
v -0.000000 -0.683968 -2.811327
v 0.300682 -0.139882 -2.807533
v 0.305238 -0.133710 -2.823100
v 0.342067 -0.237269 -2.807325
v 0.347974 -0.228468 -2.822218
v 0.211282 -0.029927 -2.815146
v 0.218447 -0.028253 -2.831036
v 0.255648 -0.072024 -2.812964
v 0.259183 -0.066763 -2.828568
v 0.126686 0.014131 -2.813953
v 0.134769 0.018243 -2.829767
v 0.348044 -0.337175 -2.803226
v 0.354262 -0.337319 -2.818826
v 0.319928 -0.453731 -2.798269
v 0.328618 -0.451503 -2.813300
v 0.270078 -0.550412 -2.797878
v 0.279222 -0.546223 -2.813684
v 0.190420 -0.624276 -2.795234
v 0.194110 -0.629845 -2.810554
v 0.100738 -0.665626 -2.798611
v 0.098806 -0.673145 -2.814147
v 0.047183 0.757447 1.062560
v 0.047825 0.757750 0.916404
v 0.000000 0.224287 -2.185596
v 0.039142 0.224155 -2.186162
v 0.059690 0.190136 -2.436198
v 0.106693 0.183528 -2.442321
v 0.134231 0.081455 -2.577437
v 0.245035 0.039154 -2.562757
v 0.322144 -0.017084 -2.552167
v 0.418628 -0.090899 -2.543102
v 0.476809 -0.211885 -2.544017
v 0.478159 -0.358465 -2.554448
v 0.433024 -0.510903 -2.547828
v 0.345827 -0.633028 -2.524723
v 0.237193 -0.702566 -2.512883
v 0.122717 -0.740595 -2.505172
v -0.000000 -0.753027 -2.503628
v 0.393099 -0.021758 -2.420897
v 0.428173 -0.046166 -2.417073
v 0.454856 0.116342 0.794305
v 0.467778 0.013052 0.694857
v 0.510423 -0.030218 0.592563
v 0.537570 -0.108150 0.424437
v 0.549368 -0.142117 0.096319
v 0.531919 -0.147655 -0.212582
v 0.457785 -0.201825 -0.539831
v 0.470633 0.062528 0.822146
v 0.534546 -0.084588 0.612370
v 0.433498 -0.102460 -0.589221
v 0.275975 -0.354505 -0.847249
v 0.309872 0.002096 -0.665141
v 0.330417 0.005330 -0.603551
v 0.178663 0.061751 -0.669768
v 0.170081 0.056410 -0.726511
v -0.000000 0.083874 -0.769875
v -0.000000 0.090715 -0.699108
v 0.000035 -0.776339 0.647205
v 0.058839 -0.772862 0.647155
v 0.117566 -0.761342 0.649915
v 0.178247 -0.741687 0.654988
v 0.250582 -0.697254 0.649070
v 0.313946 -0.633001 0.637755
v 0.371432 -0.555022 0.625208
v 0.423337 -0.471888 0.615482
v 0.480249 -0.398066 0.618085
v 0.538541 -0.279994 0.601322
v 0.579343 -0.269241 0.602064
v 0.592481 -0.249301 0.602620
v 0.295462 -0.017483 -0.634127
v 0.162172 0.034305 -0.692643
v 0.170355 0.039398 -0.638539
v 0.315052 -0.014399 -0.575400
v 0.505448 -0.108280 0.096879
v 0.495254 -0.107590 -0.195218
v 0.523839 -0.154575 0.091876
v 0.507200 -0.159931 -0.202617
v 0.512200 -0.122434 0.404770
v 0.488730 -0.070800 0.414243
v 0.435917 -0.201278 -0.527118
v 0.436801 -0.093619 -0.503661
v 0.483531 -0.026253 0.712657
v 0.445064 -0.007098 0.662747
v 0.432375 0.052316 0.757666
v 0.447679 0.040084 0.784163
v 0.485898 -0.048340 0.565174
v 0.508507 -0.100150 0.584085
v 0.413340 -0.101107 -0.561736
v 0.291937 -0.331459 -0.813218
v 0.254805 -0.397841 -0.784271
v -0.000000 0.067015 -0.666514
v -0.000000 0.060493 -0.733990
v 0.000000 -0.943310 2.133654
v 0.000000 -0.925817 1.977291
v 0.000000 -0.873563 1.829868
v 0.000000 -0.783473 1.702082
v 0.000000 -1.084547 2.055106
v 0.000000 -1.081564 1.895045
v 0.000000 -1.021796 1.747755
v 0.000000 -0.922851 1.624966
v 0.000000 -0.933120 2.279341
v 0.000000 -0.997772 2.813195
v 0.000000 -1.072394 2.286644
v 0.051553 -0.869745 1.834987
v 0.081496 -0.893224 1.824794
v 0.049995 -0.780277 1.706561
v 0.079991 -0.800404 1.691344
v 0.056762 -0.921060 1.983340
v 0.086834 -0.946627 1.980714
v 0.057817 -0.960073 2.143876
v 0.039489 -0.938116 2.140734
v 0.087937 -0.985428 1.783809
v 0.065111 -1.011378 1.764910
v 0.086219 -0.892790 1.665169
v 0.063528 -0.914576 1.641678
v 0.092484 -1.039017 1.925256
v 0.069384 -1.068676 1.913078
v 0.046369 -1.070907 2.074065
v 0.060488 -1.042848 2.080740
v 0.045266 -0.927394 2.279179
v 0.063528 -0.949280 2.279519
v 0.136781 -0.898035 2.549738
v 0.070801 -1.026765 2.286670
v 0.056686 -1.054204 2.286910
v 0.130801 -0.987256 2.815373
v 0.163335 -0.976171 2.778828
v 0.059514 -0.632206 2.609111
v 0.085946 -0.624684 2.582371
v 0.108842 -0.620783 2.624707
v 0.088163 -0.638058 2.646884
v 0.110600 -0.764126 3.043353
v 0.131077 -0.760692 3.106706
v 0.119210 -0.788901 3.106872
v 0.085989 -0.781491 3.076139
v 0.000000 -0.632912 2.567442
v 0.000000 -0.819082 3.073982
v -0.213863 0.034536 1.961757
v -0.131237 -0.005804 2.640028
v -0.314680 -0.031722 1.961758
v -0.215189 -0.087909 2.647981
v -0.382205 -0.115850 1.961758
v -0.258647 -0.180540 2.668620
v -0.115084 -0.044652 2.964910
v -0.197500 -0.126053 2.982824
v -0.237905 -0.220176 3.027417
v -0.142609 -0.007299 3.272547
v -0.230039 -0.133261 3.292496
v -0.282357 -0.231524 3.378712
v -0.344202 -0.325573 3.500335
v -0.248768 -0.313725 3.091802
v -0.255604 -0.402451 3.152867
v -0.387497 -0.403926 3.589868
v -0.257867 -0.504962 3.193396
v -0.385742 -0.517152 3.637628
v -0.375955 -0.731568 3.645519
v -0.243100 -0.622920 3.206496
v -0.360000 -0.886509 3.581105
v -0.200952 -0.707632 3.173530
v -0.282089 -0.274845 2.698312
v -0.383208 -0.232016 1.961758
v -0.293685 -0.368838 2.726211
v -0.361750 -0.330096 1.961758
v -0.283860 -0.465561 2.747236
v -0.295718 -0.404528 1.961758
v -0.235398 -0.549336 2.745917
v -0.222627 -0.456798 1.961758
v -0.167858 -0.599134 2.694652
v -0.247420 -1.058316 3.534031
v -0.072200 -0.505201 1.961758
v -0.145677 -0.488674 1.961758
v -0.375365 -0.006317 1.756404
v -0.388181 -0.076231 1.770909
v -0.282809 0.200922 1.803165
v -0.239202 0.239835 1.804012
v -0.257725 0.280496 1.708537
v -0.323961 0.197368 1.701215
v -0.400201 -0.161340 1.780160
v -0.383440 -0.254304 1.796439
v -0.342491 -0.334145 1.808003
v -0.287973 -0.399986 1.811242
v -0.119780 -0.559368 1.601378
v -0.066704 -0.540741 1.654456
v -0.413578 -0.048807 1.558496
v -0.395514 -0.124569 1.552761
v -0.268271 0.322980 1.532541
v -0.342396 0.193317 1.508717
v -0.375558 -0.194674 1.560980
v -0.352089 -0.282156 1.568234
v -0.324169 -0.363175 1.576220
v -0.287257 -0.431168 1.588219
v -0.123535 -0.600283 1.472167
v -0.072744 -0.617446 1.409609
v -0.262657 0.380743 1.309844
v -0.364705 0.179926 1.268624
v -0.447697 -0.102731 1.298212
v -0.391239 0.205927 1.045734
v -0.476669 -0.162456 1.029890
v -0.261876 0.412243 1.089159
v -0.464355 -0.007503 1.033765
v -0.412360 0.017330 1.275537
v -0.389320 0.069492 1.514057
v -0.362997 0.112469 1.712272
v -0.270186 0.154909 1.867867
v -0.164193 0.215948 1.871867
v -0.150996 0.322802 1.756900
v -0.154815 0.414056 1.575970
v -0.152414 0.497011 1.360409
v -0.161249 0.578073 1.141617
v -0.423655 -0.197269 1.304773
v -0.390080 -0.279241 1.312858
v -0.357193 -0.362793 1.325372
v -0.320044 -0.439370 1.339228
v -0.273788 -0.506808 1.355912
v -0.217542 -0.561538 1.367836
v -0.145638 -0.605551 1.360154
v -0.069746 -0.630355 1.351960
v -0.457408 -0.275092 1.043885
v -0.412194 -0.360151 1.065748
v -0.366515 -0.450404 1.081073
v -0.324951 -0.524690 1.099240
v -0.260994 -0.590916 1.107548
v -0.174106 -0.654769 1.095648
v -0.109323 -0.688590 1.089620
v -0.051697 -0.710659 1.081356
v -0.521310 -0.241417 0.728735
v -0.471783 -0.346036 0.791613
v -0.414370 -0.419958 0.829008
v -0.362317 -0.507112 0.845391
v -0.308983 -0.585006 0.860754
v -0.574535 -0.340088 0.393303
v -0.505736 -0.440667 0.417700
v -0.442263 -0.520354 0.393189
v -0.386936 -0.606957 0.402076
v -0.325263 -0.685052 0.417571
v -0.247677 -0.649507 0.870408
v -0.256504 -0.737281 0.427839
v -0.562348 -0.320816 0.091803
v -0.504387 -0.451356 0.109676
v -0.514414 -0.349530 -0.215378
v -0.433609 -0.480980 -0.178530
v -0.400769 -0.412488 -0.529334
v -0.351207 -0.505867 -0.446031
v -0.269985 -0.444924 -0.806349
v -0.212218 -0.492573 -0.797574
v -0.117228 -0.727777 0.870747
v -0.057708 -0.747407 0.867547
v -0.178436 -0.694064 0.872823
v -0.186181 -0.767682 0.431800
v -0.120618 -0.781967 0.435538
v -0.058957 -0.786774 0.432732
v -0.384037 -0.577995 -0.142495
v -0.318115 -0.582774 -0.394302
v -0.435769 -0.549912 0.134136
v -0.175682 -0.515336 -0.796443
v -0.340670 -0.657926 -0.111591
v -0.378894 -0.642966 0.165794
v -0.317067 -0.709265 0.174889
v -0.249581 -0.746161 0.185044
v -0.184816 -0.766400 0.194240
v -0.116163 -0.773488 0.211710
v -0.055789 -0.778193 0.222898
v -0.284392 -0.648278 -0.358266
v -0.236073 -0.691135 -0.328637
v -0.284589 -0.715860 -0.085748
v -0.222981 -0.747566 -0.058097
v -0.180475 -0.715170 -0.293852
v -0.160575 -0.760965 -0.030752
v -0.103217 -0.767724 -0.005746
v -0.047994 -0.768618 0.017999
v -0.126312 -0.729315 -0.247148
v -0.085361 -0.736254 -0.218642
v -0.033308 -0.742115 -0.177461
v -0.078534 -0.704054 -0.443382
v -0.047251 -0.556225 -0.797066
v -0.132552 -0.674061 -0.533396
v -0.176675 -0.641757 -0.565237
v -0.273019 -0.506802 -0.663676
v -0.244004 -0.560661 -0.611167
v -0.213080 -0.604777 -0.584852
v -0.091086 -0.550392 -0.795141
v -0.123490 -0.542070 -0.794473
v -0.152887 -0.527073 -0.795995
v -0.117515 0.749386 1.054842
v -0.226907 0.453581 0.899801
v -0.380408 0.217930 0.856600
v -0.508649 -0.007009 0.747123
v -0.512893 -0.053857 0.434342
v -0.530086 -0.093394 0.101540
v -0.519397 -0.092638 -0.204827
v -0.458102 -0.077802 -0.528313
v -0.304025 -0.126731 -0.909748
v -0.281069 -0.141194 -0.922152
v -0.123721 0.725588 0.892353
v -0.177562 0.569967 0.837591
v -0.179835 0.552998 0.708063
v -0.107351 0.688634 0.729704
v -0.170863 0.561728 0.539394
v -0.079735 0.662771 0.529210
v -0.159330 0.522654 0.072798
v -0.088271 0.592247 0.060558
v -0.164132 0.452968 -0.465315
v -0.091821 0.522032 -0.477517
v -0.167711 0.357063 -1.377615
v -0.095534 0.401528 -1.384772
v -0.177456 0.281180 -1.886390
v -0.093183 0.321852 -1.900002
v -0.236627 0.242251 -2.146816
v -0.403460 0.017863 0.282981
v -0.358776 0.065899 0.557467
v -0.317541 0.208599 0.799181
v -0.250017 0.373060 0.814431
v -0.387861 -0.014282 0.004329
v -0.424948 -0.048729 -0.143365
v -0.372105 0.011893 -0.454314
v -0.202056 -0.014875 -0.964076
v -0.314221 0.028130 -0.223351
v -0.200229 0.075172 -0.449650
v -0.200890 0.066547 -0.354966
v -0.160450 0.267306 0.854837
v -0.262461 0.068408 0.773598
v -0.170826 0.386884 0.848455
v -0.164467 0.421160 0.814239
v -0.119644 0.025020 -0.982486
v -0.197175 -0.042748 -0.968097
v -0.103442 0.004587 -0.996667
v -0.101616 -0.549064 -0.899242
v -0.167419 -0.524685 -0.902174
v -0.046251 -0.559530 -0.914514
v -0.248033 -0.465738 -0.927089
v -0.299942 -0.350741 -0.949894
v -0.297956 -0.172346 -0.994080
v -0.208467 -0.056153 -1.039785
v -0.115920 -0.007943 -1.058615
v -0.201129 -0.052395 -1.100649
v -0.136613 -0.000284 -1.128665
v -0.288558 -0.155927 -1.061934
v -0.320852 -0.303184 -1.048182
v -0.277837 -0.458624 -1.064716
v -0.154944 -0.534020 -1.102197
v -0.092203 -0.556203 -1.107233
v -0.041668 -0.564656 -1.109129
v -0.279419 0.140295 -2.381757
v -0.409504 -0.108751 -1.171731
v -0.462855 -0.280043 -1.168061
v -0.426176 -0.441322 -1.246905
v -0.307000 -0.566154 -1.274287
v -0.194268 -0.618345 -1.280689
v -0.091063 -0.643027 -1.283321
v -0.421803 -0.118116 -1.444260
v -0.476602 -0.284793 -1.448782
v -0.436011 -0.441751 -1.482268
v -0.330092 -0.554771 -1.505007
v -0.215235 -0.613787 -1.513916
v -0.105424 -0.643583 -1.516037
v -0.451945 -0.152143 -1.751712
v -0.491612 -0.309851 -1.741458
v -0.444729 -0.461123 -1.749470
v -0.343390 -0.568017 -1.756257
v -0.228315 -0.631214 -1.762135
v -0.113909 -0.663809 -1.759672
v -0.559401 -0.205243 -2.286926
v -0.498071 -0.185292 -2.033631
v -0.522762 -0.346891 -2.016287
v -0.466365 -0.502516 -2.009689
v -0.362960 -0.610506 -2.006097
v -0.245292 -0.675847 -2.000545
v -0.123321 -0.710835 -1.994882
v -0.571094 -0.375532 -2.256648
v -0.504850 -0.544312 -2.241903
v -0.392430 -0.661005 -2.233356
v -0.264396 -0.732727 -2.226975
v -0.132118 -0.770410 -2.222316
v -0.126429 -0.761150 -2.460614
v -0.245465 -0.720462 -2.471106
v -0.360962 -0.647685 -2.484536
v -0.458389 -0.528512 -2.504977
v -0.514290 -0.369274 -2.515118
v -0.515996 -0.208885 -2.498039
v -0.450009 -0.081046 -2.493138
v -0.340272 -0.006917 -2.507253
v -0.258067 0.052623 -2.524317
v -0.141436 0.097065 -2.544233
v -0.099636 -0.634426 -2.787675
v -0.175674 -0.604752 -2.787004
v -0.248936 -0.551306 -2.794703
v -0.314986 -0.453764 -2.797757
v -0.338004 -0.337760 -2.799292
v -0.328888 -0.239800 -2.801885
v -0.290857 -0.148469 -2.804080
v -0.245777 -0.082439 -2.807452
v -0.181435 -0.044036 -2.803944
v -0.100214 -0.006275 -2.807307
v -0.052881 -0.398702 -3.434700
v -0.079575 -0.373010 -3.435251
v -0.096200 -0.344179 -3.436259
v -0.026058 -0.410609 -3.434878
v -0.102399 -0.284377 -3.437783
v -0.101664 -0.311527 -3.436923
v -0.095205 -0.260170 -3.438140
v -0.080002 -0.238335 -3.437966
v -0.060192 -0.216835 -3.438255
v -0.030287 -0.203701 -3.438658
v -0.230095 -1.039193 3.815594
v -0.195108 -0.804208 3.974595
v -0.253644 -0.650681 3.994922
v -0.268897 -0.409732 3.980356
v -0.284458 -0.213758 3.901126
v -0.287978 -0.020280 3.729481
v -0.188462 0.098419 3.626010
v -0.051199 -0.349246 -3.435514
v -0.034024 -0.365776 -3.435159
v -0.061895 -0.330696 -3.436162
v -0.016766 -0.373437 -3.435274
v -0.065883 -0.292219 -3.437143
v -0.065411 -0.309687 -3.436590
v -0.061255 -0.276645 -3.437373
v -0.051473 -0.262595 -3.437261
v -0.038728 -0.248762 -3.437447
v -0.019487 -0.240312 -3.437706
v -0.051199 -0.349246 -3.357229
v -0.034024 -0.365776 -3.356874
v -0.061895 -0.330696 -3.357877
v -0.016766 -0.373437 -3.356989
v -0.065883 -0.292219 -3.358858
v -0.065411 -0.309687 -3.358305
v -0.061255 -0.276645 -3.359088
v -0.051473 -0.262595 -3.358976
v -0.038728 -0.248762 -3.359162
v -0.019487 -0.240312 -3.359421
v -0.173181 0.039493 3.278724
v -0.186669 0.058723 3.298219
v -0.276514 -0.110711 3.323668
v -0.292552 -0.096036 3.345897
v -0.330355 -0.215022 3.413604
v -0.349553 -0.200268 3.435886
v -0.395643 -0.320728 3.543002
v -0.409577 -0.297606 3.557247
v -0.416576 -0.397966 3.609219
v -0.429081 -0.384592 3.634420
v -0.402923 -0.513728 3.655861
v -0.412259 -0.505772 3.683877
v -0.413095 -0.732493 3.666977
v -0.427049 -0.737456 3.694369
v -0.397496 -0.966795 3.574475
v -0.405576 -0.998245 3.590541
v -0.270771 -1.109493 3.550935
v -0.277512 -1.131716 3.572512
v -0.158091 0.034253 -1.144956
v -0.272981 -0.015224 -1.117680
v -0.361926 -0.119497 -1.074071
v -0.390504 -0.108560 -1.101483
v -0.414597 -0.297005 -1.061487
v -0.445744 -0.291679 -1.089591
v -0.368433 -0.453348 -1.059310
v -0.403913 -0.449902 -1.087607
v -0.226167 -0.578631 -1.087392
v -0.266138 -0.592135 -1.116304
v -0.133707 -0.606890 -1.077870
v -0.165310 -0.633558 -1.102386
v -0.054764 -0.619578 -1.078776
v -0.068480 -0.653246 -1.100453
v -0.113731 -0.690838 -2.613029
v -0.099702 -0.642587 -2.630102
v -0.217168 -0.659248 -2.614009
v -0.188699 -0.614742 -2.630723
v -0.309192 -0.597549 -2.622000
v -0.267481 -0.560861 -2.637856
v -0.371625 -0.468279 -2.651554
v -0.321936 -0.447932 -2.664090
v -0.390699 -0.332300 -2.649651
v -0.337124 -0.329525 -2.661789
v -0.381952 -0.219147 -2.655312
v -0.329734 -0.232485 -2.667016
v -0.342669 -0.114750 -2.664046
v -0.296192 -0.141436 -2.675127
v -0.278265 -0.041694 -2.660885
v -0.242653 -0.078262 -2.673065
v -0.213491 0.006549 -2.655804
v -0.184382 -0.036708 -2.668081
v -0.116882 0.043865 -2.657394
v -0.100594 -0.004907 -2.669379
v -0.480783 -0.067779 1.315904
v -0.475877 -0.089439 1.313631
v -0.505888 -0.159962 1.038634
v -0.520274 -0.140105 1.043577
v -0.443138 -0.019234 1.580535
v -0.433146 -0.037265 1.588199
v -0.402986 0.032014 1.783066
v -0.398146 0.010720 1.781845
v -0.237049 0.079464 1.930633
v -0.227538 0.060106 1.936300
v -0.560077 -0.233491 0.732035
v -0.575384 -0.213366 0.734584
v -0.617412 -0.325484 0.390343
v -0.626697 -0.306027 0.387669
v -0.556899 -0.333467 -0.232675
v -0.568568 -0.314802 -0.236417
v -0.607979 -0.288757 0.080210
v -0.599707 -0.307597 0.082233
v -0.438481 -0.390443 -0.554990
v -0.450275 -0.371761 -0.560787
v -0.273598 -0.406589 -0.820974
v -0.039864 0.712010 0.775005
v -0.039864 0.668366 0.528834
v -0.039864 0.599443 0.055242
v -0.039864 0.529324 -0.482985
v -0.039864 0.407125 -1.393365
v -0.039864 0.325505 -1.906813
v -0.039864 0.107866 -2.549296
v -0.039142 0.657320 0.745161
v -0.039142 0.614466 0.503445
v -0.039142 0.546791 0.038425
v -0.039142 0.477940 -0.490061
v -0.039142 0.357953 -1.383964
v -0.039142 0.277810 -1.888119
v -0.039142 0.232647 -2.149686
v -0.039142 0.176478 -2.390966
v -0.039142 0.064110 -2.518974
v -0.347847 -0.131594 0.558741
v -0.401744 -0.159444 0.282741
v -0.387995 -0.190253 0.004018
v -0.391455 -0.160790 -0.223366
v -0.200908 -0.112090 -0.354966
v -0.246576 -0.110858 0.775931
v -0.053722 0.219011 -2.417353
v -0.039667 0.209792 -2.411294
v -0.129115 0.282125 -2.347111
v -0.114582 0.292432 -2.332280
v -0.153062 0.191959 -2.404695
v -0.110442 0.205530 -2.410904
v -0.186960 0.283096 -2.317225
v -0.164113 0.273807 -2.344987
v -0.039864 0.276296 -2.187004
v -0.039864 0.281920 -2.159238
v -0.055311 0.278497 -2.172698
v -0.114582 0.325368 -2.256756
v -0.129388 0.330562 -2.242365
v -0.119810 0.276757 -2.155876
v -0.164334 0.328272 -2.241757
v -0.181360 0.318771 -2.256021
v -0.114582 0.436804 -2.312505
v -0.128368 0.447438 -2.327041
v -0.187121 0.499546 -2.312041
v -0.172646 0.482626 -2.328409
v -0.128621 0.453741 -2.256854
v -0.114582 0.437762 -2.270581
v -0.181900 0.508025 -2.272682
v -0.165620 0.494996 -2.258097
v -0.304642 -0.044181 -1.259650
v -0.304614 -0.052866 -1.493104
v -0.188497 0.000548 -1.513809
v -0.188837 0.017990 -1.280634
v -0.327805 -0.066160 -1.779371
v -0.199789 0.000066 -1.808318
v -0.269726 0.019089 -2.103578
v -0.386755 -0.083065 -2.055809
v -0.367768 0.020875 -2.326743
v -0.346398 -0.018893 -2.265519
v -0.378567 -0.039620 -2.282682
v -0.475810 -0.076135 -2.256660
v -0.436374 -0.096875 -2.196374
v -0.431800 -0.083048 -2.259676
v -0.281548 -0.009128 -1.161555
v -0.299879 -0.019898 -1.172263
v -0.252709 -0.027841 -1.192094
v -0.277514 -0.041277 -1.205142
v -0.188864 0.043330 -1.202438
v -0.197510 0.035947 -1.183945
v -0.212739 0.003901 -1.205509
v -0.195788 0.016014 -1.229697
v -0.181883 0.040451 -1.276297
v -0.190313 0.027940 -1.279305
v -0.181314 0.040726 -1.483898
v -0.190588 0.028777 -1.481845
v -0.315907 -0.021327 -1.212973
v -0.304352 -0.020842 -1.230948
v -0.330203 -0.029756 -1.457407
v -0.315756 -0.029293 -1.468508
v -0.193759 0.040302 -1.810133
v -0.202813 0.028239 -1.808286
v -0.354352 -0.044196 -1.774222
v -0.339490 -0.045824 -1.777307
v -0.401302 -0.065470 -2.071776
v -0.419268 -0.065776 -2.078066
v -0.278442 0.051262 -2.131411
v -0.203982 0.027392 -1.225767
v -0.201713 0.039693 -1.214060
v -0.299083 -0.013972 -1.190296
v -0.289387 -0.018866 -1.202122
v -0.397124 -0.009063 -2.327316
v -0.394647 -0.001231 -2.342867
v -0.470215 -0.062581 -2.312846
v -0.458361 -0.060132 -2.299571
v -0.365100 0.011903 -2.310502
v -0.455576 -0.080307 -2.225216
v -0.264061 -0.006204 -1.189412
v -0.272251 -0.000058 -1.177011
v -0.219858 0.030425 -1.193611
v -0.223818 0.016931 -1.201951
v -0.206868 0.261829 -2.015840
v -0.108801 0.295401 -2.050089
v -0.039864 0.299399 -2.058010
v -0.039142 0.245981 -2.072457
v -0.197162 0.474434 0.757602
v -0.208605 0.487857 0.754695
v -0.216863 0.469861 0.779386
v -0.203105 0.473285 0.769782
v -0.190524 0.473706 0.537414
v -0.177241 0.461727 0.537015
v -0.167827 0.469281 0.074950
v -0.154338 0.457583 0.075623
v -0.161453 0.412851 -0.464159
v -0.146644 0.402870 -0.463740
v -0.161205 0.319002 -1.375096
v -0.145898 0.309847 -1.374204
v -0.178580 0.258568 -1.874627
v -0.166077 0.246713 -1.868460
v -0.282612 0.065433 -2.146943
v -0.265162 0.067007 -2.140484
v -0.217219 0.151191 -2.007613
v -0.229008 0.163953 -2.011724
v -0.213586 0.477002 0.769589
v -0.065902 -0.090343 -3.115774
v -0.093352 -0.039516 -2.987419
v -0.123008 -0.120560 -3.116476
v -0.162501 -0.077845 -2.988360
v -0.153894 -0.151144 -3.115527
v -0.196525 -0.111052 -2.987737
v -0.185152 -0.195633 -3.113493
v -0.234428 -0.166244 -2.985353
v -0.206002 -0.255134 -3.110521
v -0.261252 -0.243369 -2.982087
v -0.212857 -0.323551 -3.111637
v -0.272483 -0.331878 -2.984417
v -0.197966 -0.397739 -3.109072
v -0.251895 -0.424942 -2.981661
v -0.164788 -0.460417 -3.108415
v -0.210905 -0.502019 -2.982132
v -0.107855 -0.515436 -3.107909
v -0.140642 -0.569409 -2.981955
v -0.046242 -0.543315 -3.108888
v -0.063434 -0.604464 -2.983458
v -0.300682 -0.139882 -2.807533
v -0.305238 -0.133710 -2.823100
v -0.342067 -0.237269 -2.807325
v -0.347974 -0.228468 -2.822218
v -0.211282 -0.029927 -2.815146
v -0.218447 -0.028253 -2.831036
v -0.255648 -0.072024 -2.812964
v -0.259183 -0.066763 -2.828568
v -0.126686 0.014131 -2.813953
v -0.134769 0.018243 -2.829767
v -0.348044 -0.337175 -2.803226
v -0.354262 -0.337319 -2.818826
v -0.319928 -0.453731 -2.798269
v -0.328618 -0.451503 -2.813300
v -0.270078 -0.550412 -2.797878
v -0.279222 -0.546223 -2.813684
v -0.190420 -0.624276 -2.795234
v -0.194110 -0.629845 -2.810554
v -0.100738 -0.665626 -2.798611
v -0.098806 -0.673145 -2.814147
v -0.047183 0.757447 1.062560
v -0.047825 0.757750 0.916404
v -0.039142 0.224155 -2.186162
v -0.059690 0.190136 -2.436198
v -0.106693 0.183528 -2.442321
v -0.134231 0.081455 -2.577437
v -0.245035 0.039154 -2.562757
v -0.322144 -0.017084 -2.552167
v -0.418628 -0.090899 -2.543102
v -0.476809 -0.211885 -2.544017
v -0.478159 -0.358465 -2.554448
v -0.433024 -0.510903 -2.547828
v -0.345827 -0.633028 -2.524723
v -0.237193 -0.702566 -2.512883
v -0.122717 -0.740595 -2.505172
v -0.393099 -0.021758 -2.420897
v -0.428173 -0.046166 -2.417073
v -0.454856 0.116342 0.794305
v -0.467778 0.013052 0.694857
v -0.510423 -0.030218 0.592563
v -0.537570 -0.108150 0.424437
v -0.549368 -0.142117 0.096319
v -0.531919 -0.147655 -0.212582
v -0.457785 -0.201825 -0.539831
v -0.470633 0.062528 0.822146
v -0.534546 -0.084588 0.612370
v -0.433498 -0.102460 -0.589221
v -0.275975 -0.354505 -0.847249
v -0.309872 0.002096 -0.665141
v -0.330417 0.005330 -0.603551
v -0.178663 0.061751 -0.669768
v -0.170081 0.056410 -0.726511
v -0.058737 -0.772673 0.647296
v -0.117489 -0.761317 0.649925
v -0.178180 -0.741698 0.655086
v -0.250582 -0.697285 0.649209
v -0.313434 -0.632506 0.637777
v -0.371469 -0.554996 0.625398
v -0.423356 -0.471730 0.615827
v -0.480214 -0.398031 0.618310
v -0.538541 -0.279994 0.601322
v -0.579343 -0.269241 0.602064
v -0.592481 -0.249301 0.602620
v -0.295462 -0.017483 -0.634127
v -0.162172 0.034305 -0.692643
v -0.170355 0.039398 -0.638539
v -0.315052 -0.014399 -0.575400
v -0.505448 -0.108280 0.096879
v -0.495254 -0.107590 -0.195218
v -0.523839 -0.154575 0.091876
v -0.507200 -0.159931 -0.202617
v -0.512200 -0.122434 0.404770
v -0.488730 -0.070800 0.414243
v -0.435917 -0.201278 -0.527118
v -0.436801 -0.093619 -0.503661
v -0.483531 -0.026253 0.712657
v -0.445064 -0.007098 0.662747
v -0.432375 0.052316 0.757666
v -0.447679 0.040084 0.784163
v -0.485898 -0.048340 0.565174
v -0.508507 -0.100150 0.584085
v -0.413340 -0.101107 -0.561736
v -0.291937 -0.331459 -0.813218
v -0.254805 -0.397841 -0.784271
v -0.051553 -0.869745 1.834987
v -0.081496 -0.893224 1.824794
v -0.049995 -0.780277 1.706561
v -0.079991 -0.800404 1.691344
v -0.056762 -0.921060 1.983340
v -0.086834 -0.946627 1.980714
v -0.057817 -0.960073 2.143876
v -0.039489 -0.938116 2.140734
v -0.087937 -0.985428 1.783809
v -0.065111 -1.011378 1.764910
v -0.086219 -0.892790 1.665169
v -0.063528 -0.914576 1.641678
v -0.092484 -1.039017 1.925256
v -0.069384 -1.068676 1.913078
v -0.046369 -1.070907 2.074065
v -0.060488 -1.042848 2.080740
v -0.045266 -0.927394 2.279179
v -0.063528 -0.949280 2.279519
v -0.136781 -0.898035 2.594106
v -0.070801 -1.026765 2.286670
v -0.056686 -1.054204 2.286910
v -0.130801 -0.987256 2.815373
v -0.163334 -0.976171 2.778828
v -0.059514 -0.632206 2.622257
v -0.085946 -0.624684 2.599072
v -0.108842 -0.620783 2.646822
v -0.088163 -0.638058 2.667790
v -0.110600 -0.764126 3.043353
v -0.131077 -0.760692 3.106706
v -0.119210 -0.788901 3.106872
v -0.085989 -0.781491 3.076139
v 0.000000 0.056622 2.204877
v 0.000000 0.058455 2.191017
v -0.155729 0.030458 2.204283
v -0.157895 0.031223 2.190406
v 0.155729 0.030458 2.204283
v 0.157895 0.031223 2.190406
v 0.264833 -0.029562 2.194670
v 0.262060 -0.030509 2.208408
v 0.325066 -0.120233 2.198260
v 0.321769 -0.121419 2.211883
v 0.343064 -0.220587 2.214698
v 0.346442 -0.220232 2.200994
v 0.335451 -0.319614 2.224002
v 0.337246 -0.319326 2.210047
v 0.291227 -0.407742 2.226591
v 0.291559 -0.406739 2.212605
v 0.224698 -0.471674 2.230119
v 0.224444 -0.469837 2.216039
v 0.150203 -0.512195 2.214494
v 0.149738 -0.509842 2.200469
v 0.075805 -0.534805 2.210307
v 0.075480 -0.532035 2.196326
v 0.000000 -0.539390 2.197051
v 0.000000 -0.542287 2.210997
v -0.075805 -0.534805 2.210307
v -0.075480 -0.532035 2.196326
v -0.264833 -0.029562 2.194670
v -0.262060 -0.030509 2.208408
v -0.325066 -0.120233 2.198260
v -0.321769 -0.121419 2.211883
v -0.343064 -0.220587 2.214698
v -0.346442 -0.220232 2.200994
v -0.335451 -0.319614 2.224002
v -0.337246 -0.319326 2.210047
v -0.291227 -0.407743 2.226595
v -0.291559 -0.406739 2.212601
v -0.224698 -0.471674 2.230119
v -0.224444 -0.469837 2.216039
v -0.150203 -0.512195 2.214494
v -0.149738 -0.509842 2.200469
v 0.000000 0.047696 2.205038
v 0.000000 0.049474 2.191593
v -0.153174 0.023057 2.191000
v -0.151073 0.022315 2.204462
v 0.151073 0.022315 2.204462
v 0.153174 0.023057 2.191000
v -0.256915 -0.035912 2.195136
v -0.254225 -0.036830 2.208464
v 0.254225 -0.036830 2.208464
v 0.256915 -0.035912 2.195136
v 0.312148 -0.125022 2.211835
v 0.315347 -0.123871 2.198619
v 0.332807 -0.221225 2.214565
v 0.336084 -0.220881 2.201271
v 0.325422 -0.317291 2.223592
v 0.327163 -0.317011 2.210053
v 0.282520 -0.402784 2.226102
v 0.282842 -0.401811 2.212535
v 0.217980 -0.464805 2.229526
v 0.217733 -0.463022 2.216014
v 0.145712 -0.504114 2.215232
v 0.145261 -0.501831 2.201652
v 0.073539 -0.526048 2.211759
v 0.073223 -0.523361 2.198229
v 0.000000 -0.533306 2.212515
v 0.000000 -0.530496 2.199008
v -0.073539 -0.526048 2.211759
v -0.073223 -0.523361 2.198229
v -0.145712 -0.504114 2.215232
v -0.145261 -0.501831 2.201652
v -0.315347 -0.123871 2.198619
v -0.312148 -0.125022 2.211835
v -0.336084 -0.220881 2.201271
v -0.332807 -0.221225 2.214565
v -0.327163 -0.317011 2.210053
v -0.325422 -0.317291 2.223592
v -0.282842 -0.401811 2.212531
v -0.282520 -0.402785 2.226107
v -0.217733 -0.463022 2.216014
v -0.217980 -0.464805 2.229526
v -0.159539 -0.558167 2.441671
v -0.230356 -0.512741 2.500169
v -0.287332 -0.438316 2.501904
v -0.313366 -0.345643 2.489564
v -0.310821 -0.249278 2.470427
v -0.288391 -0.152682 2.453400
v -0.237275 -0.060861 2.440849
v -0.142778 0.011283 2.434700
v 0.000000 0.043644 2.439137
v 0.142778 0.011283 2.434700
v 0.237275 -0.060861 2.440849
v 0.288391 -0.152682 2.453400
v 0.310821 -0.249278 2.470427
v 0.313366 -0.345643 2.489564
v 0.287332 -0.438316 2.501902
v 0.230356 -0.512741 2.485891
v 0.159539 -0.558167 2.420855
v 0.160289 -0.561861 2.440102
v 0.230811 -0.516041 2.505276
v 0.287019 -0.440773 2.524024
v 0.311591 -0.347734 2.510902
v 0.308230 -0.251584 2.490975
v 0.285709 -0.155194 2.472806
v 0.235283 -0.063300 2.459527
v 0.141737 0.009742 2.453214
v 0.000000 0.042601 2.457960
v -0.141737 0.009742 2.453214
v -0.235283 -0.063300 2.459527
v -0.285709 -0.155194 2.472806
v -0.308230 -0.251584 2.490975
v -0.311591 -0.347734 2.510902
v -0.287019 -0.440773 2.524026
v -0.230811 -0.516041 2.522430
v -0.160289 -0.561861 2.463268
v 0.081380 -0.584215 2.366495
v 0.000000 -0.593498 2.362343
v -0.081313 -0.583619 2.383635
v -0.081768 -0.587655 2.401834
v 0.000000 -0.597789 2.380705
v 0.081801 -0.587949 2.382865
v 0.222862 -0.505074 2.486239
v 0.154349 -0.549022 2.425772
v 0.223302 -0.508267 2.505223
v 0.155074 -0.552596 2.443941
v 0.277681 -0.435447 2.522703
v 0.277984 -0.433070 2.501301
v 0.301454 -0.345436 2.510009
v 0.303171 -0.343412 2.489365
v 0.300709 -0.250182 2.470850
v 0.298203 -0.252413 2.490730
v 0.279009 -0.156728 2.454377
v 0.276414 -0.159159 2.473152
v 0.229556 -0.067895 2.442235
v 0.227629 -0.070255 2.460304
v 0.137126 0.000412 2.454197
v 0.138133 0.001902 2.436285
v 0.000000 0.033210 2.440578
v 0.000000 0.032201 2.458789
v -0.138133 0.001902 2.436285
v -0.137126 0.000412 2.454197
v -0.227629 -0.070255 2.460304
v -0.229556 -0.067895 2.442235
v -0.279009 -0.156728 2.454377
v -0.276414 -0.159159 2.473152
v -0.300709 -0.250182 2.470850
v -0.298203 -0.252413 2.490730
v -0.303171 -0.343412 2.489365
v -0.301454 -0.345436 2.510009
v -0.277681 -0.435447 2.522705
v -0.277984 -0.433071 2.501303
v -0.223302 -0.508267 2.521666
v -0.222862 -0.505074 2.500203
v -0.154349 -0.549022 2.446633
v -0.155074 -0.552596 2.467395
v -0.079108 -0.577551 2.409248
v -0.078667 -0.573646 2.391676
v 0.000000 -0.587356 2.389876
v 0.000000 -0.583204 2.372164
v 0.079140 -0.577835 2.391453
v 0.078733 -0.574223 2.375647
v -0.205430 -0.464398 1.781966
v -0.203248 -0.491911 1.599660
v 0.205430 -0.464398 1.781966
v 0.203247 -0.491911 1.599660
v 0.046825 -0.821839 2.237814
v 0.000000 -0.829111 2.246297
v 0.000000 -0.765503 2.190490
v 0.045380 -0.767546 2.191844
v -0.045372 -0.767182 2.191032
v -0.046825 -0.826525 2.237814
v 0.065817 -0.743216 2.408100
v 0.061204 -0.769355 2.374595
v 0.057190 -0.789970 2.336659
v 0.000000 -0.746278 2.401069
v 0.000000 -0.772816 2.368171
v 0.000000 -0.796367 2.333889
v 0.000000 -0.681732 2.310578
v 0.000009 -0.715809 2.288746
v 0.000036 -0.746299 2.263295
v 0.065502 -0.674783 2.310609
v 0.059400 -0.709842 2.289056
v 0.054852 -0.741483 2.264345
v -0.065512 -0.674182 2.321525
v -0.059390 -0.709336 2.292467
v -0.054836 -0.741033 2.263774
v -0.065817 -0.743216 2.409586
v -0.061204 -0.769355 2.374595
v -0.057190 -0.789970 2.336659
v 0.040732 -0.809378 2.208172
v 0.000008 -0.821185 2.214927
v 0.000008 -0.793400 2.173875
v 0.039790 -0.794729 2.174322
v -0.039774 -0.794497 2.173800
v -0.040722 -0.822261 2.199040
v -2.612737 0.328166 -1.787475
v -2.913332 0.281191 -1.574309
v -3.155771 0.236453 -1.372739
v -3.191677 0.008706 -1.391316
v -2.959471 -0.060146 -1.589630
v -2.653683 -0.162639 -1.826990
v -2.168246 0.297874 -1.746891
v -2.139564 0.276748 -1.739739
v -2.500124 0.238276 -1.521210
v -2.506726 0.262410 -1.538134
v -2.796772 0.213683 -1.373216
v -2.803647 0.238418 -1.388976
v -3.009347 0.189551 -1.275890
v -3.024118 0.213846 -1.286773
v -3.339878 0.121775 -1.136966
v -3.341662 0.154766 -1.155553
v -3.394085 0.176939 -1.177322
v -3.413121 0.144639 -1.166026
v -3.516649 0.169958 -1.248920
v -3.550311 0.137777 -1.242972
v -3.284021 0.221924 -1.529135
v -3.299351 0.200379 -1.543658
v -3.060161 0.267294 -1.747871
v -3.078807 0.246266 -1.760378
v -2.762636 0.306059 -2.146515
v -2.771178 0.282813 -2.166240
v -2.300616 0.321610 -1.986680
v -2.278542 0.300109 -1.990331
v -2.550979 0.278760 -2.470259
v -2.538906 0.302333 -2.452961
v -2.279497 0.315038 -2.319409
v -2.270361 0.289719 -2.297493
v -2.370621 0.255382 -2.687420
v -2.375203 0.227589 -2.709252
v -2.275246 0.202006 -2.827784
v -2.264220 0.226916 -2.813359
v -2.148405 0.267517 -2.667819
v -2.133462 0.248456 -2.648662
v -2.055221 0.216660 -2.787802
v -2.042822 0.198254 -2.767349
v -2.138415 0.185545 -2.894662
v -2.150818 0.161550 -2.908042
v -2.015214 0.136506 -2.946275
v -2.023388 0.109788 -2.958781
v -1.952932 0.174613 -2.863551
v -1.943492 0.157756 -2.840557
v -1.836377 0.122395 -2.942912
v -1.807251 0.109109 -2.934699
v -1.847796 0.118717 -2.945311
v -2.179494 -0.169508 -1.771924
v -2.158667 -0.155377 -1.762741
v -2.521840 -0.120069 -1.549533
v -2.515295 -0.103909 -1.531488
v -2.824217 -0.054154 -1.426559
v -2.825601 -0.036546 -1.404808
v -3.027945 0.009494 -1.304647
v -3.032951 0.028919 -1.281187
v -3.317229 0.059106 -1.166146
v -3.334860 0.079029 -1.137016
v -3.524082 0.041125 -1.255232
v -3.554339 0.069033 -1.232664
v -3.408024 0.041544 -1.193356
v -3.430356 0.069908 -1.166307
v -3.124504 -0.082850 -1.750305
v -3.139922 -0.065935 -1.745901
v -3.306368 -0.028357 -1.541809
v -3.327369 -0.010136 -1.531433
v -2.768715 -0.161081 -2.147766
v -2.772874 -0.146056 -2.155526
v -2.506445 -0.161702 -2.501259
v -2.505398 -0.146834 -2.516785
v -2.364211 -0.157021 -2.669042
v -2.357621 -0.141421 -2.691077
v -2.259722 -0.110963 -2.781644
v -2.251095 -0.094453 -2.806045
v -2.169573 -0.068073 -2.860717
v -2.157857 -0.050341 -2.887778
v -2.053501 0.004132 -2.905810
v -2.036655 0.024167 -2.934517
v -1.863243 0.085144 -2.928593
v -1.841521 0.108560 -2.955750
v -1.838812 0.085862 -2.911923
v -2.312654 -0.178282 -1.989006
v -2.297830 -0.164181 -1.990156
v -2.258451 -0.179055 -2.422189
v -2.244735 -0.164508 -2.425631
v -2.149146 -0.136393 -2.628097
v -2.131320 -0.121134 -2.639981
v -2.087419 -0.082353 -2.731801
v -2.067635 -0.065533 -2.746662
v -2.020110 -0.033980 -2.790599
v -1.998364 -0.016520 -2.806477
v -2.299655 0.297397 -2.123704
v -2.307221 -0.164266 -2.157019
v -2.321756 -0.178484 -2.155271
v -2.469322 -0.160480 -2.545050
v -2.466828 -0.145421 -2.562276
v -2.505101 0.265404 -2.532636
v -2.494983 0.290079 -2.514155
v -2.318352 0.319895 -2.126726
v -1.406950 -0.076953 -2.141378
v -1.424966 -0.085019 -2.135164
v -1.420921 -0.076952 -2.116057
v -1.419137 -0.057480 -2.108172
v -1.402678 -0.057479 -2.122196
v -2.340214 -0.077032 -1.869019
v -2.339496 -0.057826 -1.849020
v -2.317038 -0.057935 -1.846395
v -2.317929 -0.077095 -1.854598
v -2.318508 -0.085019 -1.874565
v -1.406950 0.205732 -2.141378
v -1.402315 0.186970 -2.122319
v -1.417868 0.187642 -2.108617
v -1.420216 0.206146 -2.116327
v -1.424966 0.213799 -2.135164
v -2.340214 0.205811 -1.869019
v -2.318508 0.213799 -1.874565
v -2.317794 0.205811 -1.854653
v -2.316787 0.186487 -1.846477
v -2.339418 0.186498 -1.849046
v -1.509482 0.185901 -2.632351
v -1.506710 0.205651 -2.613402
v -1.525054 0.213799 -2.612767
v -1.527594 0.205651 -2.631844
v -1.527859 0.185891 -2.639894
v -2.302320 0.183885 -2.663984
v -2.279872 0.183920 -2.672078
v -2.279964 0.205061 -2.663952
v -2.278658 0.213799 -2.644469
v -2.300785 0.205061 -2.644267
v -1.506734 -0.076930 -2.613491
v -1.509492 -0.057199 -2.632395
v -1.527859 -0.057111 -2.639894
v -1.527594 -0.076872 -2.631844
v -1.525054 -0.085019 -2.612767
v -2.300999 -0.076951 -2.645528
v -2.278658 -0.085019 -2.644469
v -2.281388 -0.076951 -2.664078
v -2.282516 -0.057480 -2.672178
v -2.303196 -0.057481 -2.664718
v -1.406859 -0.073374 -2.124598
v -2.335778 -0.073533 -1.853598
v -1.406576 0.202457 -2.124710
v -2.335719 0.202268 -1.853624
v -1.512517 0.202031 -2.628537
v -2.298071 0.201167 -2.660458
v -1.512528 -0.073287 -2.628573
v -2.298795 -0.073370 -2.661063
v -1.475032 0.205677 -2.463517
v -2.313305 0.205299 -2.398098
v -1.452682 0.205696 -2.357759
v -2.322140 0.205467 -2.224401
v -1.493272 0.194264 -2.461111
v -1.497313 0.213799 -2.480394
v -1.475793 0.206016 -2.463417
v -1.489319 0.213799 -2.442249
v -2.291312 0.194264 -2.399997
v -2.292351 0.213799 -2.379916
v -2.310007 0.206574 -2.398383
v -2.290294 0.213799 -2.419667
v -1.470847 0.194264 -2.354103
v -1.474999 0.213799 -2.373915
v -1.466834 0.213799 -2.334954
v -2.300240 0.194264 -2.227498
v -2.301271 0.213799 -2.207579
v -2.318823 0.206729 -2.224870
v -2.299189 0.213799 -2.247801
v -1.474860 0.122646 -2.373251
v -1.470847 0.142181 -2.354103
v -2.299209 0.122646 -2.247416
v -2.300240 0.142181 -2.227498
v -2.292330 0.122646 -2.380327
v -2.291312 0.142181 -2.399997
v -1.489231 0.122646 -2.441828
v -1.493272 0.142181 -2.461111
v -1.511101 0.271415 -1.838393
v -1.433720 -0.183470 -1.908424
v -1.137630 0.214244 -2.935049
v -1.308053 0.247000 -2.888647
v -1.200954 0.222328 -1.927405
v -1.178759 0.186188 -1.904768
v -1.525343 0.206871 -1.709730
v -1.522659 0.246846 -1.738978
v -1.159535 0.217617 -1.988030
v -1.127750 0.177211 -2.006783
v -1.877263 0.212675 -1.629187
v -1.913864 0.162654 -1.591743
v -1.875796 0.244826 -1.700649
v -1.907726 0.202550 -1.689379
v -1.507779 0.232282 -2.806528
v -1.478433 0.266163 -2.784454
v -1.135455 0.145971 -3.023984
v -1.168857 0.200682 -3.011940
v -1.220502 0.204133 -3.005788
v -1.245131 0.162979 -3.026349
v -1.171333 0.237026 -2.904307
v -1.306058 0.271900 -2.831827
v -1.834307 -0.221124 -1.661516
v -1.902152 -0.183218 -1.595962
v -1.493417 -0.211775 -1.778109
v -1.516124 -0.170037 -1.728699
v -1.217936 -0.171089 -1.929914
v -1.186099 -0.125128 -1.903872
v -1.182845 -0.166170 -2.031272
v -1.141878 -0.121891 -2.045050
v -1.162345 -0.070180 -2.891516
v -1.207905 -0.114223 -2.882140
v -1.296177 -0.117338 -2.850271
v -1.322658 -0.073695 -2.884110
v -1.506769 -0.119645 -2.765454
v -1.535038 -0.075248 -2.795121
v -1.814489 -0.214020 -1.736055
v -1.861112 -0.173410 -1.714482
v -1.196959 -0.081031 -2.964318
v -1.150035 -0.025218 -3.000038
v -1.225610 -0.081187 -2.960202
v -1.251367 -0.037305 -2.998347
v -3.513481 0.022480 -0.836893
v -3.527156 -0.000000 -0.816861
v -3.505395 0.022480 -0.806148
v -3.579420 0.026637 -0.716241
v -3.601058 0.005683 -0.725723
v -3.622156 0.012105 -0.699304
v -3.599561 0.030784 -0.690696
v -3.740548 0.059690 -0.507909
v -3.761626 0.051818 -0.517101
v -3.775856 0.065374 -0.471650
v -3.791466 0.065015 -0.474753
v -3.784371 0.051891 -0.522384
v -3.807243 0.059103 -0.525195
v -3.796341 0.022559 -0.925206
v -3.773165 0.000126 -0.917581
v -3.769207 0.022438 -0.941657
v -3.803266 0.051727 -0.599886
v -3.781313 0.040959 -0.592855
v -3.784826 0.039230 -0.632343
v -3.818961 0.040097 -0.646533
v -3.823950 0.051462 -0.623656
v -3.845081 0.061005 -0.625498
v -3.848993 0.039912 -0.648163
v -3.871800 0.060847 -0.645187
v -3.854576 0.039707 -0.661149
v -3.871056 0.060760 -0.678131
v -3.812354 0.035544 -0.809264
v -3.819690 0.031903 -0.739131
v -3.787679 0.017274 -0.797840
v -3.782531 0.010330 -0.831751
v -3.804136 0.030626 -0.840674
v -3.685376 0.051089 -0.577883
v -3.705826 0.039562 -0.588951
v -3.726400 0.041087 -0.563080
v -3.705511 0.052381 -0.552346
v -3.513758 0.127667 -0.837007
v -3.505395 0.127922 -0.806148
v -3.527156 0.150402 -0.816861
v -3.622199 0.138160 -0.699299
v -3.601068 0.144655 -0.725740
v -3.579433 0.123734 -0.716224
v -3.599569 0.119476 -0.690686
v -3.812369 0.114647 -0.809230
v -3.804136 0.119688 -0.840674
v -3.783146 0.139898 -0.831551
v -3.787732 0.132986 -0.797918
v -3.773165 0.150274 -0.917581
v -3.796371 0.127565 -0.924880
v -3.768903 0.127688 -0.941533
v -3.726417 0.108837 -0.563079
v -3.705833 0.110384 -0.588969
v -3.685384 0.098853 -0.577873
v -3.705516 0.097523 -0.552339
v -3.818252 0.109815 -0.645491
v -3.784837 0.110792 -0.632336
v -3.780403 0.109045 -0.591591
v -3.803290 0.097991 -0.599435
v -3.824383 0.098277 -0.623693
v -3.761626 0.098096 -0.517101
v -3.740670 0.090281 -0.507754
v -3.775663 0.084407 -0.471612
v -3.784371 0.098099 -0.522384
v -3.790012 0.084451 -0.474464
v -3.807164 0.090372 -0.526675
v -3.848993 0.110046 -0.648163
v -3.845279 0.089053 -0.625515
v -3.871714 0.089204 -0.644977
v -3.854576 0.110254 -0.661149
v -3.871155 0.089326 -0.677908
v -3.663990 0.022459 -0.837302
v -3.668990 0.000062 -0.823110
v -3.689840 0.007954 -0.777394
v -3.703063 0.014632 -0.747468
v -3.744441 0.039400 -0.610161
v -3.753242 0.041024 -0.577634
v -3.772744 0.051854 -0.519683
v -3.783486 0.065199 -0.473167
v -3.782677 0.084428 -0.473006
v -3.772744 0.098097 -0.519683
v -3.752805 0.108939 -0.577015
v -3.744450 0.110583 -0.610167
v -3.703111 0.135631 -0.747504
v -3.690145 0.142330 -0.777305
v -3.668949 0.150339 -0.823193
v -3.663984 0.127677 -0.837299
v 2.612737 0.328166 -1.787475
v 2.913332 0.281191 -1.574309
v 3.155771 0.236453 -1.372739
v 3.191677 0.008706 -1.391316
v 2.959471 -0.060146 -1.589630
v 2.653683 -0.162639 -1.826990
v 2.168246 0.297874 -1.746891
v 2.139564 0.276748 -1.739739
v 2.500124 0.238276 -1.521210
v 2.506726 0.262410 -1.538134
v 2.796772 0.213683 -1.373216
v 2.803647 0.238418 -1.388976
v 3.009347 0.189551 -1.275890
v 3.024118 0.213846 -1.286773
v 3.339878 0.121775 -1.136966
v 3.341662 0.154766 -1.155553
v 3.394085 0.176939 -1.177322
v 3.413121 0.144639 -1.166026
v 3.516649 0.169958 -1.248920
v 3.550311 0.137777 -1.242972
v 3.284021 0.221924 -1.529135
v 3.299351 0.200379 -1.543658
v 3.060161 0.267294 -1.747871
v 3.078807 0.246266 -1.760378
v 2.762636 0.306059 -2.146515
v 2.771178 0.282813 -2.166240
v 2.300616 0.321610 -1.986680
v 2.278542 0.300109 -1.990331
v 2.550979 0.278760 -2.470259
v 2.538906 0.302333 -2.452961
v 2.279497 0.315038 -2.319409
v 2.270361 0.289719 -2.297493
v 2.370621 0.255382 -2.687420
v 2.375203 0.227589 -2.709252
v 2.275246 0.202006 -2.827784
v 2.264220 0.226916 -2.813359
v 2.148405 0.267517 -2.667819
v 2.133462 0.248456 -2.648662
v 2.055221 0.216660 -2.787802
v 2.042822 0.198254 -2.767349
v 2.138415 0.185545 -2.894662
v 2.150818 0.161550 -2.908042
v 2.015214 0.136506 -2.946275
v 2.023388 0.109788 -2.958781
v 1.952932 0.174613 -2.863551
v 1.943492 0.157756 -2.840557
v 1.836377 0.122395 -2.942912
v 1.807251 0.109109 -2.934699
v 1.847796 0.118717 -2.945311
v 2.179494 -0.169508 -1.771924
v 2.158667 -0.155377 -1.762741
v 2.521840 -0.120069 -1.549533
v 2.515295 -0.103909 -1.531488
v 2.824217 -0.054154 -1.426559
v 2.825601 -0.036546 -1.404808
v 3.027945 0.009494 -1.304647
v 3.032951 0.028919 -1.281187
v 3.317229 0.059106 -1.166146
v 3.334860 0.079029 -1.137016
v 3.524082 0.041125 -1.255232
v 3.554339 0.069033 -1.232664
v 3.408024 0.041544 -1.193356
v 3.430356 0.069908 -1.166307
v 3.124504 -0.082850 -1.750305
v 3.139922 -0.065935 -1.745901
v 3.306368 -0.028357 -1.541809
v 3.327369 -0.010136 -1.531433
v 2.768715 -0.161081 -2.147766
v 2.772874 -0.146056 -2.155526
v 2.506445 -0.161702 -2.501259
v 2.505398 -0.146834 -2.516785
v 2.364211 -0.157021 -2.669042
v 2.357621 -0.141421 -2.691077
v 2.259722 -0.110963 -2.781644
v 2.251095 -0.094453 -2.806045
v 2.169573 -0.068073 -2.860717
v 2.157857 -0.050341 -2.887778
v 2.053501 0.004132 -2.905810
v 2.036655 0.024167 -2.934517
v 1.863243 0.085144 -2.928593
v 1.841521 0.108560 -2.955750
v 1.838812 0.085862 -2.911923
v 2.312654 -0.178282 -1.989006
v 2.297830 -0.164181 -1.990156
v 2.258451 -0.179055 -2.422189
v 2.244735 -0.164508 -2.425631
v 2.149146 -0.136393 -2.628097
v 2.131320 -0.121134 -2.639981
v 2.087419 -0.082353 -2.731801
v 2.067635 -0.065533 -2.746662
v 2.020110 -0.033980 -2.790599
v 1.998364 -0.016520 -2.806477
v 2.299655 0.297397 -2.123704
v 2.307221 -0.164266 -2.157019
v 2.321756 -0.178484 -2.155271
v 2.469322 -0.160480 -2.545050
v 2.466828 -0.145421 -2.562276
v 2.505101 0.265404 -2.532636
v 2.494983 0.290079 -2.514155
v 2.318352 0.319895 -2.126726
v 1.406950 -0.076953 -2.141378
v 1.424966 -0.085019 -2.135164
v 1.420921 -0.076952 -2.116057
v 1.419137 -0.057480 -2.108172
v 1.402678 -0.057479 -2.122196
v 2.340214 -0.077032 -1.869019
v 2.339496 -0.057826 -1.849020
v 2.317038 -0.057935 -1.846395
v 2.317929 -0.077095 -1.854598
v 2.318508 -0.085019 -1.874565
v 1.406950 0.205732 -2.141378
v 1.402315 0.186970 -2.122319
v 1.417868 0.187642 -2.108617
v 1.420216 0.206146 -2.116327
v 1.424966 0.213799 -2.135164
v 2.340214 0.205811 -1.869019
v 2.318508 0.213799 -1.874565
v 2.317794 0.205811 -1.854653
v 2.316787 0.186487 -1.846477
v 2.339418 0.186498 -1.849046
v 1.509482 0.185901 -2.632351
v 1.506710 0.205651 -2.613402
v 1.525054 0.213799 -2.612767
v 1.527594 0.205651 -2.631844
v 1.527859 0.185891 -2.639894
v 2.302320 0.183885 -2.663984
v 2.279872 0.183920 -2.672078
v 2.279964 0.205061 -2.663952
v 2.278658 0.213799 -2.644469
v 2.300785 0.205061 -2.644267
v 1.506734 -0.076930 -2.613491
v 1.509492 -0.057199 -2.632395
v 1.527859 -0.057111 -2.639894
v 1.527594 -0.076872 -2.631844
v 1.525054 -0.085019 -2.612767
v 2.300999 -0.076951 -2.645528
v 2.278658 -0.085019 -2.644469
v 2.281388 -0.076951 -2.664078
v 2.282516 -0.057480 -2.672178
v 2.303196 -0.057481 -2.664718
v 1.406859 -0.073374 -2.124598
v 2.335778 -0.073533 -1.853598
v 1.406576 0.202457 -2.124710
v 2.335719 0.202268 -1.853624
v 1.512517 0.202031 -2.628537
v 2.298071 0.201167 -2.660458
v 1.512528 -0.073287 -2.628573
v 2.298795 -0.073370 -2.661063
v 1.475032 0.205677 -2.463517
v 2.313305 0.205299 -2.398098
v 1.452682 0.205696 -2.357759
v 2.322140 0.205467 -2.224401
v 1.493272 0.194264 -2.461111
v 1.497313 0.213799 -2.480394
v 1.475793 0.206016 -2.463417
v 1.489319 0.213799 -2.442249
v 2.291312 0.194264 -2.399997
v 2.292351 0.213799 -2.379916
v 2.310007 0.206574 -2.398383
v 2.290294 0.213799 -2.419667
v 1.470847 0.194264 -2.354103
v 1.474999 0.213799 -2.373915
v 1.466834 0.213799 -2.334954
v 2.300240 0.194264 -2.227498
v 2.301271 0.213799 -2.207579
v 2.318823 0.206729 -2.224870
v 2.299189 0.213799 -2.247801
v 1.474860 0.122646 -2.373251
v 1.470847 0.142181 -2.354103
v 2.299209 0.122646 -2.247416
v 2.300240 0.142181 -2.227498
v 2.292330 0.122646 -2.380327
v 2.291312 0.142181 -2.399997
v 1.489231 0.122646 -2.441828
v 1.493272 0.142181 -2.461111
v 1.511101 0.271415 -1.838393
v 1.433720 -0.183470 -1.908424
v 1.137630 0.214244 -2.935049
v 1.308053 0.247000 -2.888647
v 1.200954 0.222328 -1.927405
v 1.178759 0.186188 -1.904768
v 1.525343 0.206871 -1.709730
v 1.522659 0.246846 -1.738978
v 1.159535 0.217617 -1.988030
v 1.127750 0.177211 -2.006783
v 1.877263 0.212675 -1.629187
v 1.913864 0.162654 -1.591743
v 1.875796 0.244826 -1.700649
v 1.907726 0.202550 -1.689379
v 1.507779 0.232282 -2.806528
v 1.478433 0.266163 -2.784454
v 1.135455 0.145971 -3.023984
v 1.168857 0.200682 -3.011940
v 1.220502 0.204133 -3.005788
v 1.245131 0.162979 -3.026349
v 1.171333 0.237026 -2.904307
v 1.306058 0.271900 -2.831827
v 1.834307 -0.221124 -1.661516
v 1.902152 -0.183218 -1.595962
v 1.493417 -0.211775 -1.778109
v 1.516124 -0.170037 -1.728699
v 1.217936 -0.171089 -1.929914
v 1.186099 -0.125128 -1.903872
v 1.182845 -0.166170 -2.031272
v 1.141878 -0.121891 -2.045050
v 1.162345 -0.070180 -2.891516
v 1.207905 -0.114223 -2.882140
v 1.296177 -0.117338 -2.850271
v 1.322658 -0.073695 -2.884110
v 1.506769 -0.119645 -2.765454
v 1.535038 -0.075248 -2.795121
v 1.814489 -0.214020 -1.736055
v 1.861112 -0.173410 -1.714482
v 1.196959 -0.081031 -2.964318
v 1.150035 -0.025218 -3.000038
v 1.225610 -0.081187 -2.960202
v 1.251367 -0.037305 -2.998347
v 3.513481 0.022480 -0.836893
v 3.527156 -0.000000 -0.816861
v 3.505395 0.022480 -0.806148
v 3.579420 0.026637 -0.716241
v 3.601058 0.005683 -0.725723
v 3.622156 0.012105 -0.699304
v 3.599561 0.030784 -0.690696
v 3.740548 0.059690 -0.507909
v 3.761626 0.051818 -0.517101
v 3.775856 0.065374 -0.471650
v 3.791466 0.065015 -0.474753
v 3.784371 0.051891 -0.522384
v 3.807243 0.059103 -0.525195
v 3.796341 0.022559 -0.925206
v 3.773165 0.000126 -0.917581
v 3.769207 0.022438 -0.941657
v 3.803266 0.051727 -0.599886
v 3.781313 0.040959 -0.592855
v 3.784826 0.039230 -0.632343
v 3.818961 0.040097 -0.646533
v 3.823950 0.051462 -0.623656
v 3.845081 0.061005 -0.625498
v 3.848993 0.039912 -0.648163
v 3.871800 0.060847 -0.645187
v 3.854576 0.039707 -0.661149
v 3.871056 0.060760 -0.678131
v 3.812354 0.035544 -0.809264
v 3.819690 0.031903 -0.739131
v 3.787679 0.017274 -0.797840
v 3.782531 0.010330 -0.831751
v 3.804136 0.030626 -0.840674
v 3.685376 0.051089 -0.577883
v 3.705826 0.039562 -0.588951
v 3.726400 0.041087 -0.563080
v 3.705511 0.052381 -0.552346
v 3.513758 0.127667 -0.837007
v 3.505395 0.127922 -0.806148
v 3.527156 0.150402 -0.816861
v 3.622199 0.138160 -0.699299
v 3.601068 0.144655 -0.725740
v 3.579433 0.123734 -0.716224
v 3.599569 0.119476 -0.690686
v 3.812369 0.114647 -0.809230
v 3.804136 0.119688 -0.840674
v 3.783146 0.139898 -0.831551
v 3.787732 0.132986 -0.797918
v 3.773165 0.150274 -0.917581
v 3.796371 0.127565 -0.924880
v 3.768903 0.127688 -0.941533
v 3.726417 0.108837 -0.563079
v 3.705833 0.110384 -0.588969
v 3.685384 0.098853 -0.577873
v 3.705516 0.097523 -0.552339
v 3.818252 0.109815 -0.645491
v 3.784837 0.110792 -0.632336
v 3.780403 0.109045 -0.591591
v 3.803290 0.097991 -0.599435
v 3.824383 0.098277 -0.623693
v 3.761626 0.098096 -0.517101
v 3.740670 0.090281 -0.507754
v 3.775663 0.084407 -0.471612
v 3.784371 0.098099 -0.522384
v 3.790012 0.084451 -0.474464
v 3.807164 0.090372 -0.526675
v 3.848993 0.110046 -0.648163
v 3.845279 0.089053 -0.625515
v 3.871714 0.089204 -0.644977
v 3.854576 0.110254 -0.661149
v 3.871155 0.089326 -0.677908
v 3.663990 0.022459 -0.837302
v 3.668990 0.000062 -0.823110
v 3.689840 0.007954 -0.777394
v 3.703063 0.014632 -0.747468
v 3.744441 0.039400 -0.610161
v 3.753242 0.041024 -0.577634
v 3.772744 0.051854 -0.519683
v 3.783486 0.065199 -0.473167
v 3.782677 0.084428 -0.473006
v 3.772744 0.098097 -0.519683
v 3.752805 0.108939 -0.577015
v 3.744450 0.110583 -0.610167
v 3.703111 0.135631 -0.747504
v 3.690145 0.142330 -0.777305
v 3.668949 0.150339 -0.823193
v 3.663984 0.127677 -0.837299
v 0.136241 -1.089618 2.410882
v 0.162689 -1.247743 2.565249
v 0.130284 -1.258155 2.587120
v 0.000000 -1.267390 2.585207
v -0.136241 -1.089618 2.410882
v -0.162689 -1.247743 2.565249
v -0.130284 -1.258155 2.587120
v 0.134111 -1.348706 2.183440
v 0.187912 -1.349283 2.253675
v 0.224391 -1.351531 2.527136
v 0.179696 -1.351849 2.565849
v -0.000000 -1.348698 2.182442
v -0.000000 -1.351811 2.561233
v -0.134112 -1.348706 2.183440
v -0.187913 -1.349283 2.253675
v -0.224392 -1.351531 2.527136
v -0.179696 -1.351849 2.565849
v 0.109441 -1.414951 2.220792
v 0.153345 -1.411551 2.278009
v 0.183114 -1.398317 2.500780
v 0.146640 -1.396444 2.532317
v -0.000000 -1.414999 2.219980
v -0.000000 -1.396667 2.528556
v -0.109441 -1.414951 2.220792
v -0.153345 -1.411551 2.278009
v -0.183114 -1.398317 2.500780
v -0.146640 -1.396444 2.532317
v 0.000000 -0.870705 2.528630
v 0.000000 -0.902737 2.496091
v 0.073356 -0.903644 2.486254
v 0.071394 -0.900306 2.489768
v 0.073452 -0.872686 2.521247
v 0.098101 -0.897219 2.529656
v 0.073622 -1.036231 2.412044
v 0.112102 -1.074498 2.425198
v 0.000000 -1.055397 2.396800
v 0.000000 -1.092728 2.420439
v -0.098101 -0.897219 2.562926
v -0.073451 -0.872686 2.545137
v -0.068247 -0.903568 2.487267
v -0.073356 -0.903644 2.509983
v -0.073622 -1.036231 2.412044
v -0.112102 -1.074498 2.425198
v -0.000000 -1.193848 3.601133
v -0.000000 -1.177973 3.692319
v 0.261670 -1.133585 3.712687
v 0.275621 -1.150679 3.622951
v 0.367355 -0.778348 3.863928
v 0.416025 -0.760525 3.785746
v 0.343584 -1.045550 3.717200
v 0.402121 -1.031933 3.641950
v 0.365016 -0.446161 3.857044
v 0.400203 -0.473455 3.774230
v 0.379665 -0.283879 3.785739
v 0.414262 -0.330472 3.713798
v 0.392571 -0.130423 3.673321
v 0.421079 -0.208043 3.623913
v 0.383002 -0.072367 3.621397
v 0.397616 -0.116415 3.539570
v 0.306943 0.009527 3.582315
v 0.308531 -0.007361 3.488640
v 0.209944 0.096275 3.521731
v 0.211000 0.085532 3.426837
v 0.000000 0.144251 3.498077
v 0.000000 0.135700 3.406162
v -0.261670 -1.133585 3.712687
v -0.275621 -1.150679 3.622951
v -0.337868 -1.043498 3.719717
v -0.402121 -1.031933 3.641950
v -0.367355 -0.778348 3.863928
v -0.416025 -0.760525 3.785746
v -0.364594 -0.446001 3.857586
v -0.400290 -0.473691 3.773571
v -0.379610 -0.283838 3.785807
v -0.414277 -0.330526 3.713719
v -0.392571 -0.130423 3.673321
v -0.421079 -0.208043 3.623913
v -0.306943 0.009527 3.582315
v -0.308531 -0.007361 3.488640
v -0.383002 -0.072367 3.621397
v -0.397616 -0.116415 3.539570
v -0.211000 0.085532 3.426837
v -0.209944 0.096275 3.521731
vt 0.567925 0.244708
vt 0.613081 0.245433
vt 0.613673 0.264497
vt 0.566830 0.265288
vt 0.616278 0.282739
vt 0.568646 0.282845
vt 0.623255 0.298360
vt 0.572532 0.297791
vt 0.980921 0.396446
vt 0.989654 0.369101
vt 0.987425 0.342796
vt 0.656882 0.266204
vt 0.974233 0.315408
vt 0.961872 0.295639
vt 0.659957 0.285661
vt 0.957191 0.275017
vt 0.672923 0.299116
vt 0.633103 0.312006
vt 0.964024 0.239314
vt 0.691712 0.311394
vt 0.973716 0.211818
vt 0.705857 0.321133
vt 0.642362 0.324551
vt 0.713284 0.335719
vt 0.648872 0.339018
vt 0.651980 0.355915
vt 0.717448 0.363942
vt 0.172863 0.686764
vt 0.234591 0.690502
vt 0.650472 0.369465
vt 0.711611 0.385526
vt 0.577778 0.311631
vt 0.582841 0.324943
vt 0.587210 0.338460
vt 0.590227 0.351891
vt 0.590740 0.363660
vt 0.463552 0.283651
vt 0.470924 0.301203
vt 0.440143 0.325390
vt 0.437065 0.316969
vt 0.433933 0.276098
vt 0.444407 0.266318
vt 0.444258 0.283080
vt 0.434444 0.283464
vt 0.421972 0.292156
vt 0.421438 0.278819
vt 0.426598 0.262852
vt 0.425084 0.302981
vt 0.442526 0.336514
vt 0.471991 0.317350
vt 0.478271 0.332251
vt 0.446325 0.348467
vt 0.449244 0.360239
vt 0.349337 0.801933
vt 0.481473 0.346131
vt 0.451593 0.371612
vt 0.486846 0.358474
vt 0.488824 0.370836
vt 0.452535 0.386151
vt 0.454131 0.403196
vt 0.489140 0.382795
vt 0.465048 0.405736
vt 0.491520 0.392907
vt 0.492611 0.403067
vt 0.472894 0.075045
vt 0.409058 0.344828
vt 0.408681 0.334840
vt 0.398142 0.302141
vt 0.400280 0.283118
vt 0.404283 0.263411
vt 0.399697 0.317970
vt 0.411073 0.353870
vt 0.413047 0.365538
vt 0.415042 0.376793
vt 0.417715 0.386878
vt 0.423621 0.399719
vt 0.374190 0.284484
vt 0.380866 0.263520
vt 0.366189 0.310869
vt 0.366259 0.330513
vt 0.330493 0.335968
vt 0.334654 0.309420
vt 0.347714 0.285601
vt 0.359254 0.264792
vt 0.407212 0.242571
vt 0.432623 0.242852
vt 0.383786 0.242323
vt 0.364420 0.242088
vt 0.371871 0.362561
vt 0.370215 0.350570
vt 0.307781 0.775790
vt 0.373856 0.373617
vt 0.297929 0.773176
vt 0.376118 0.384943
vt 0.378817 0.396070
vt 0.382342 0.406367
vt 0.384926 0.416780
vt 0.385446 0.428686
vt 0.430283 0.414357
vt 0.386370 0.439928
vt 0.419692 0.427083
vt 0.391340 0.035477
vt 0.417081 0.437450
vt 0.331984 0.376791
vt 0.330095 0.361114
vt 0.334615 0.390440
vt 0.337082 0.403313
vt 0.339610 0.415981
vt 0.341708 0.428095
vt 0.342782 0.439389
vt 0.343119 0.449563
vt 0.343146 0.458330
vt 0.348253 0.019031
vt 0.286964 0.387964
vt 0.285128 0.369976
vt 0.289848 0.402773
vt 0.292636 0.416551
vt 0.295001 0.429886
vt 0.268157 0.390030
vt 0.266249 0.373476
vt 0.270941 0.404094
vt 0.273644 0.418028
vt 0.276139 0.431876
vt 0.277781 0.444243
vt 0.296507 0.442171
vt 0.234645 0.377365
vt 0.237257 0.391418
vt 0.192613 0.388207
vt 0.191558 0.371075
vt 0.150953 0.385993
vt 0.147875 0.367738
vt 0.110941 0.383298
vt 0.101088 0.367863
vt 0.076572 0.377562
vt 0.055375 0.362537
vt 0.297646 0.470048
vt 0.296809 0.462060
vt 0.296864 0.452835
vt 0.301389 0.006524
vt 0.278222 0.454838
vt 0.278417 0.464063
vt 0.279175 0.472434
vt 0.281911 0.003199
vt 0.116744 0.395826
vt 0.154347 0.400218
vt 0.194748 0.401832
vt 0.239805 0.403809
vt 0.082763 0.388083
vt 0.196777 0.415177
vt 0.156859 0.413264
vt 0.242249 0.417423
vt 0.244755 0.431691
vt 0.197754 0.428351
vt 0.246465 0.444030
vt 0.197790 0.440036
vt 0.197593 0.450738
vt 0.247029 0.454847
vt 0.199829 0.461065
vt 0.247712 0.464580
vt 0.199470 0.471007
vt 0.248367 0.473921
vt 0.196218 0.002635
vt 0.249439 0.000012
vt 0.120011 0.407315
vt 0.158378 0.425384
vt 0.121582 0.417961
vt 0.123296 0.428860
vt 0.159378 0.436402
vt 0.161561 0.447123
vt 0.162811 0.456621
vt 0.162715 0.465712
vt 0.160633 0.009673
vt 0.126832 0.439921
vt 0.127945 0.447580
vt 0.124916 0.016192
vt 0.131771 0.019421
vt 0.098289 0.034886
vt 0.095322 0.431350
vt 0.039704 0.077106
vt 0.042843 0.400232
vt 0.087191 0.415468
vt 0.085542 0.405495
vt 0.053202 0.374477
vt 0.051029 0.381043
vt 0.084881 0.396893
vt 0.045912 0.394509
vt 0.048088 0.389842
vt 0.342683 0.543793
vt 0.340263 0.550626
vt 0.049669 0.384880
vt 0.345282 0.531217
vt 0.351731 0.246779
vt 0.364655 0.493542
vt 0.373748 0.505862
vt 0.369580 0.528730
vt 0.364145 0.539987
vt 0.354987 0.549734
vt 0.398498 0.508955
vt 0.399350 0.528403
vt 0.466949 0.508134
vt 0.468247 0.522684
vt 0.545756 0.503240
vt 0.547087 0.517674
vt 0.678705 0.496809
vt 0.679718 0.509013
vt 0.754429 0.488149
vt 0.755669 0.503054
vt 0.774938 0.485920
vt 0.778293 0.501222
vt 0.351857 0.242086
vt 0.328024 0.277421
vt 0.351389 0.253895
vt 0.307669 0.302269
vt 0.300280 0.324881
vt 0.047527 0.303688
vt 0.049336 0.340523
vt 0.043860 0.304662
vt 0.339141 0.246236
vt 0.339665 0.242021
vt 0.327879 0.263173
vt 0.338462 0.252776
vt 0.318918 0.268186
vt 0.318886 0.267030
vt 0.260040 0.305223
vt 0.278412 0.322369
vt 0.263652 0.327353
vt 0.298889 0.291484
vt 0.293066 0.312136
vt 0.314096 0.277246
vt 0.220673 0.312505
vt 0.241825 0.329542
vt 0.194217 0.330936
vt 0.180275 0.310494
vt 0.150801 0.325078
vt 0.158611 0.313529
vt 0.106836 0.312971
vt 0.116501 0.297487
vt 0.365125 0.492346
vt 0.081593 0.291529
vt 0.092887 0.312965
vt 0.041190 0.277412
vt 0.145415 0.295216
vt 0.128301 0.273451
vt 0.116625 0.271560
vt 0.113116 0.241354
vt 0.121534 0.241337
vt 0.281214 0.281531
vt 0.300798 0.266570
vt 0.286699 0.241805
vt 0.301383 0.241849
vt 0.309763 0.265120
vt 0.312975 0.263667
vt 0.318116 0.266304
vt 0.307461 0.241914
vt 0.313360 0.242015
vt 0.317254 0.242099
vt 0.086515 0.291075
vt 0.078209 0.268091
vt 0.085111 0.269596
vt 0.093899 0.294477
vt 0.067068 0.241499
vt 0.072993 0.268516
vt 0.538773 0.963655
vt 0.523877 0.968727
vt 0.561483 0.964931
vt 0.499622 0.974526
vt 0.473772 0.976882
vt 0.445828 0.976348
vt 0.424711 0.982430
vt 0.415405 0.986156
vt 0.408744 0.989335
vt 0.038559 0.262010
vt 0.515937 0.937909
vt 0.513807 0.907833
vt 0.531124 0.906088
vt 0.532828 0.937116
vt 0.472322 0.948559
vt 0.467206 0.912377
vt 0.491428 0.913411
vt 0.495700 0.948652
vt 0.449085 0.940348
vt 0.444288 0.909021
vt 0.425585 0.941215
vt 0.422598 0.908260
vt 0.409409 0.944473
vt 0.404549 0.909598
vt 0.395588 0.948264
vt 0.389086 0.912120
vt 0.739183 0.954725
vt 0.748668 0.917173
vt 0.510144 0.871191
vt 0.529904 0.868338
vt 0.462117 0.873876
vt 0.484772 0.873551
vt 0.439949 0.872447
vt 0.419344 0.871834
vt 0.401046 0.871716
vt 0.384667 0.873186
vt 0.755143 0.876688
vt 0.504790 0.836038
vt 0.524489 0.830083
vt 0.459358 0.836959
vt 0.480576 0.837039
vt 0.437569 0.835981
vt 0.417786 0.834846
vt 0.400102 0.834194
vt 0.382997 0.834221
vt 0.758338 0.836051
vt 0.460741 0.805010
vt 0.480823 0.803411
vt 0.439930 0.803272
vt 0.421183 0.800744
vt 0.403389 0.798369
vt 0.386000 0.795988
vt 0.756224 0.794844
vt 0.743511 0.754781
vt 0.397200 0.758413
vt 0.413126 0.761793
vt 0.429831 0.764887
vt 0.448407 0.767308
vt 0.467998 0.770721
vt 0.485745 0.776228
vt 0.502207 0.777970
vt 0.497735 0.809063
vt 0.529276 0.771923
vt 0.830567 0.475151
vt 0.516616 0.799924
vt 0.517728 0.775587
vt 0.856246 0.492042
vt 0.909715 0.106084
vt 0.924107 0.669614
vt 0.887891 0.214536
vt 0.894088 0.631672
vt 0.879984 0.599568
vt 0.874988 0.563591
vt 0.876776 0.529937
vt 0.889059 0.495104
vt 0.519855 0.627880
vt 0.926519 0.065863
vt 0.934363 0.072035
vt 0.524431 0.631014
vt 0.942739 0.075118
vt 0.529030 0.633420
vt 0.612388 0.622874
vt 0.920487 0.051948
vt 0.922625 0.058904
vt 0.516836 0.624950
vt 0.533995 0.635425
vt 0.951538 0.075259
vt 0.958571 0.073723
vt 0.538238 0.636876
vt 0.964477 0.070591
vt 0.542359 0.638004
vt 0.969825 0.066085
vt 0.546850 0.638963
vt 0.974109 0.059731
vt 0.551896 0.639845
vt 0.976322 0.051485
vt 0.557689 0.640276
vt 0.976178 0.043394
vt 0.987017 0.041728
vt 0.936834 0.056815
vt 0.940577 0.060381
vt 0.944879 0.062286
vt 0.933459 0.049954
vt 0.934301 0.053544
vt 0.949611 0.062684
vt 0.953523 0.062046
vt 0.956888 0.060494
vt 0.959550 0.057601
vt 0.962192 0.054230
vt 0.963817 0.049752
vt 0.964188 0.045237
vt 0.949442 0.047500
vt 0.972137 0.395370
vt 0.967403 0.447787
vt 0.962544 0.447691
vt 0.980699 0.365378
vt 0.977367 0.340122
vt 0.963167 0.312051
vt 0.955856 0.295888
vt 0.952872 0.275116
vt 0.956838 0.239094
vt 0.967220 0.200301
vt 0.969298 0.170623
vt 0.981347 0.685109
vt 0.038121 0.241645
vt 0.991058 0.682247
vt 0.561527 0.956501
vt 0.537205 0.957831
vt 0.534302 0.949062
vt 0.561555 0.950932
vt 0.517650 0.959212
vt 0.497883 0.963310
vt 0.497112 0.957991
vt 0.514730 0.950932
vt 0.472692 0.964608
vt 0.472497 0.959121
vt 0.451404 0.966794
vt 0.452274 0.961255
vt 0.426233 0.971217
vt 0.427084 0.964319
vt 0.414442 0.976634
vt 0.414612 0.970261
vt 0.404701 0.981227
vt 0.402853 0.975400
vt 0.724559 0.986676
vt 0.728143 0.981415
vt 0.722025 0.990058
vt 0.411158 0.733799
vt 0.728792 0.729479
vt 0.722920 0.721982
vt 0.415532 0.726116
vt 0.428127 0.731436
vt 0.424521 0.739401
vt 0.442014 0.735353
vt 0.438773 0.743515
vt 0.462119 0.736909
vt 0.459283 0.744120
vt 0.480228 0.740801
vt 0.477976 0.747603
vt 0.494987 0.743217
vt 0.493520 0.750277
vt 0.509924 0.744936
vt 0.508643 0.752123
vt 0.522673 0.746511
vt 0.521573 0.753155
vt 0.533713 0.747907
vt 0.532442 0.754372
vt 0.547344 0.748783
vt 0.546437 0.755271
vt 0.562523 0.749671
vt 0.562462 0.756337
vt 0.400867 0.751080
vt 0.739613 0.747069
vt 0.416110 0.755183
vt 0.432170 0.758614
vt 0.451235 0.760464
vt 0.470617 0.764015
vt 0.487805 0.768610
vt 0.503959 0.770427
vt 0.518531 0.768748
vt 0.530112 0.766899
vt 0.544639 0.766399
vt 0.707240 0.697683
vt 0.430216 0.704011
vt 0.440503 0.709432
vt 0.453109 0.713560
vt 0.469283 0.718556
vt 0.485360 0.722982
vt 0.499165 0.725926
vt 0.513153 0.728161
vt 0.524636 0.729253
vt 0.535372 0.731143
vt 0.548373 0.731341
vt 0.562651 0.732088
vt 0.038280 0.280206
vt 0.034720 0.260595
vt 0.033416 0.241675
vt 0.032767 0.386247
vt 0.035841 0.376399
vt 0.027827 0.392923
vt 0.027844 0.083408
vt 0.036204 0.360498
vt 0.035746 0.339237
vt 0.033321 0.307900
vt 0.028511 0.281430
vt 0.026152 0.262579
vt 0.024826 0.241734
vt 0.016145 0.264816
vt 0.020151 0.278760
vt 0.016482 0.241797
vt 0.024228 0.302682
vt 0.023351 0.327716
vt 0.018130 0.351176
vt 0.008184 0.369231
vt 0.004606 0.377736
vt 0.002024 0.384346
vt 0.000009 0.093869
vt 0.371390 0.343475
vt 0.409762 0.328246
vt 0.411476 0.330177
vt 0.371215 0.346241
vt 0.329936 0.357234
vt 0.330303 0.354065
vt 0.283990 0.364953
vt 0.284040 0.361671
vt 0.435711 0.310123
vt 0.436850 0.312351
vt 0.457496 0.282649
vt 0.460209 0.282825
vt 0.463568 0.243220
vt 0.562356 0.766367
vt 0.372052 0.543980
vt 0.405379 0.540948
vt 0.405757 0.546660
vt 0.372436 0.548678
vt 0.473230 0.536851
vt 0.550612 0.532248
vt 0.550952 0.537869
vt 0.473578 0.542554
vt 0.681487 0.524283
vt 0.681833 0.529948
vt 0.755711 0.519355
vt 0.756055 0.525461
vt 0.783025 0.518241
vt 0.783937 0.523775
vt 0.800669 0.522764
vt 0.800471 0.517609
vt 0.832332 0.515271
vt 0.832646 0.520831
vt 0.858240 0.514036
vt 0.562248 0.777466
vt 0.399903 0.534110
vt 0.469318 0.529787
vt 0.548185 0.525185
vt 0.681365 0.517031
vt 0.756890 0.511420
vt 0.837788 0.506673
vt 0.857557 0.506915
vt 0.841136 0.007397
vt 0.833856 0.507575
vt 0.363656 0.549210
vt 0.562295 0.772936
vt 0.465667 0.243247
vt 0.264898 0.368152
vt 0.264863 0.365027
vt 0.233975 0.371856
vt 0.190879 0.365933
vt 0.190825 0.363332
vt 0.233711 0.369189
vt 0.146498 0.362265
vt 0.099388 0.361885
vt 0.099216 0.359045
vt 0.146386 0.359582
vt 0.054248 0.355658
vt 0.798440 0.510935
vt 0.779337 0.511153
vt 0.793890 0.500167
vt 0.794536 0.483742
vt 0.817386 0.096499
vt 0.809980 0.079781
vt 0.822961 0.074354
vt 0.829919 0.090465
vt 0.838406 0.041160
vt 0.833325 0.037491
vt 0.828279 0.073383
vt 0.833076 0.500503
vt 0.824736 0.035903
vt 0.881263 0.090849
vt 0.834700 0.108952
vt 0.877778 0.043026
vt 0.859568 0.063274
vt 0.855612 0.057506
vt 0.834429 0.078066
vt 0.869663 0.077385
vt 0.866015 0.072155
vt 0.829351 0.101259
vt 0.794365 0.511014
vt 0.501783 0.817418
vt 0.514973 0.809659
vt 0.530637 0.943469
vt 0.518404 0.944676
vt 0.536049 0.938383
vt 0.534110 0.937625
vt 0.534979 0.910475
vt 0.537025 0.910313
vt 0.532710 0.947240
vt 0.531691 0.945120
vt 0.533709 0.867901
vt 0.535733 0.867619
vt 0.512470 0.944821
vt 0.513738 0.942314
vt 0.516316 0.946692
vt 0.515237 0.948414
vt 0.508637 0.912518
vt 0.510565 0.911142
vt 0.504887 0.871958
vt 0.506954 0.871661
vt 0.527574 0.825545
vt 0.798155 0.458385
vt 0.499496 0.833056
vt 0.501679 0.834177
vt 0.499255 0.813596
vt 0.529286 0.949867
vt 0.527850 0.948281
vt 0.520683 0.949171
vt 0.519847 0.951075
vt 0.511557 0.800004
vt 0.512479 0.797877
vt 0.516173 0.802329
vt 0.501530 0.803581
vt 0.500507 0.801758
vt 0.561787 0.906138
vt 0.561604 0.941472
vt 0.562015 0.863895
vt 0.511430 0.787384
vt 0.506351 0.788008
vt 0.791032 0.618674
vt 0.532451 0.951580
vt 0.517725 0.952940
vt 0.502993 0.809932
vt 0.510759 0.807237
vt 0.527537 0.946090
vt 0.521166 0.946690
vt 0.800418 0.459221
vt 0.794744 0.517803
vt 0.795073 0.523102
vt 0.367065 0.494898
vt 0.367046 0.492144
vt 0.399963 0.493656
vt 0.399589 0.496170
vt 0.467266 0.497641
vt 0.467168 0.500247
vt 0.545955 0.494883
vt 0.545959 0.497454
vt 0.678426 0.488693
vt 0.678598 0.491251
vt 0.751581 0.481803
vt 0.752801 0.484444
vt 0.776310 0.469428
vt 0.777258 0.471645
vt 0.395324 0.629501
vt 0.413010 0.625848
vt 0.770906 0.605544
vt 0.552477 0.603374
vt 0.476208 0.611280
vt 0.751464 0.593487
vt 0.683262 0.593616
vt 0.487157 0.669466
vt 0.477410 0.663392
vt 0.496653 0.673984
vt 0.470295 0.657106
vt 0.660401 0.653497
vt 0.517473 0.680969
vt 0.507467 0.677797
vt 0.527063 0.682981
vt 0.535474 0.684312
vt 0.542233 0.685259
vt 0.552350 0.686353
vt 0.562920 0.687104
vt 0.562815 0.704976
vt 0.549203 0.704163
vt 0.537814 0.703129
vt 0.530997 0.702359
vt 0.521421 0.701103
vt 0.509862 0.698931
vt 0.497510 0.695505
vt 0.484588 0.691298
vt 0.473362 0.686413
vt 0.461536 0.679866
vt 0.452154 0.672729
vt 0.680566 0.668459
vt 0.562686 0.726721
vt 0.562672 0.728849
vt 0.545786 0.727889
vt 0.545061 0.725736
vt 0.705342 0.693914
vt 0.703805 0.691291
vt 0.433386 0.696689
vt 0.432273 0.699176
vt 0.513901 0.726527
vt 0.514805 0.724367
vt 0.525526 0.725032
vt 0.525032 0.727235
vt 0.499593 0.724091
vt 0.501170 0.722151
vt 0.486057 0.721666
vt 0.486938 0.719508
vt 0.533266 0.727291
vt 0.532792 0.725162
vt 0.469829 0.718028
vt 0.471619 0.716033
vt 0.456190 0.712244
vt 0.458589 0.710627
vt 0.442967 0.706333
vt 0.444436 0.704198
vt 0.838244 0.499985
vt 0.288974 0.334378
vt 0.151587 0.328714
vt 0.193586 0.334354
vt 0.192669 0.340324
vt 0.150570 0.335048
vt 0.237693 0.340038
vt 0.239291 0.333198
vt 0.102827 0.322949
vt 0.106863 0.317195
vt 0.102006 0.327171
vt 0.468448 0.243282
vt 0.643015 0.092527
vt 0.648621 0.385534
vt 0.703927 0.413296
vt 0.681965 0.439586
vt 0.449297 0.243048
vt 0.215238 0.291185
vt 0.245535 0.284138
vt 0.341737 0.866629
vt 0.336239 0.867338
vt 0.333557 0.841905
vt 0.339481 0.841867
vt 0.344795 0.891633
vt 0.339340 0.893017
vt 0.348130 0.916305
vt 0.342785 0.918179
vt 0.322070 0.869388
vt 0.316672 0.869168
vt 0.315273 0.848198
vt 0.321190 0.848403
vt 0.324677 0.890225
vt 0.319271 0.890205
vt 0.328510 0.911570
vt 0.322809 0.911546
vt 0.228152 0.693305
vt 0.175413 0.689651
vt 0.175197 0.720685
vt 0.263524 0.850991
vt 0.305291 0.847988
vt 0.265752 0.873791
vt 0.266779 0.897859
vt 0.267171 0.921610
vt 0.307316 0.868567
vt 0.309355 0.889286
vt 0.311430 0.910372
vt 0.170421 0.720441
vt 0.167666 0.718428
vt 0.266507 0.946510
vt 0.184383 0.289616
vt 0.767483 0.386870
vt 0.161384 0.286872
vt 0.145914 0.265911
vt 0.141362 0.241508
vt 0.266204 0.270233
vt 0.271723 0.241828
vt 0.661488 0.246219
vt 0.983082 0.468767
vt 0.991090 0.490402
vt 0.990259 0.511601
vt 0.282748 0.332833
vt 0.980666 0.534069
vt 0.276162 0.327497
vt 0.971464 0.550388
vt 0.290042 0.321140
vt 0.968458 0.567115
vt 0.293433 0.324166
vt 0.975244 0.595529
vt 0.261055 0.331696
vt 0.263095 0.339177
vt 0.240960 0.343503
vt 0.268080 0.342358
vt 0.193534 0.343839
vt 0.149512 0.338324
vt 0.054717 0.340315
vt 0.097601 0.315497
vt 0.169294 0.690525
vt 0.208495 0.724509
vt 0.057067 0.349733
vt 0.097515 0.291469
vt 0.089386 0.267582
vt 0.081145 0.241444
vt 0.072590 0.241477
vt 0.085962 0.241428
vt 0.647155 0.381432
vt 0.590031 0.372488
vt 0.567330 0.224101
vt 0.614171 0.226398
vt 0.569580 0.206611
vt 0.617264 0.208254
vt 0.573853 0.191796
vt 0.624675 0.192874
vt 0.657407 0.226098
vt 0.660990 0.206766
vt 0.674323 0.193758
vt 0.634920 0.179565
vt 0.693471 0.182117
vt 0.644563 0.167340
vt 0.707918 0.172857
vt 0.651529 0.153102
vt 0.715813 0.158529
vt 0.655184 0.136324
vt 0.720898 0.130469
vt 0.253112 0.811401
vt 0.654122 0.122734
vt 0.715775 0.108708
vt 0.579477 0.178133
vt 0.584923 0.164995
vt 0.589699 0.151634
vt 0.593140 0.138319
vt 0.594041 0.126585
vt 0.464243 0.202821
vt 0.438239 0.168921
vt 0.441481 0.160585
vt 0.471965 0.185477
vt 0.434427 0.209661
vt 0.435055 0.202318
vt 0.444887 0.202926
vt 0.444767 0.219670
vt 0.421949 0.206666
vt 0.422685 0.193362
vt 0.426885 0.222726
vt 0.425977 0.182618
vt 0.444084 0.149534
vt 0.473356 0.169380
vt 0.448140 0.137686
vt 0.479984 0.154658
vt 0.451319 0.125998
vt 0.483513 0.140878
vt 0.453927 0.114695
vt 0.489215 0.128688
vt 0.457235 0.083208
vt 0.491510 0.116389
vt 0.455201 0.100200
vt 0.288775 0.777660
vt 0.492132 0.104452
vt 0.468384 0.080929
vt 0.494796 0.094410
vt 0.410010 0.150471
vt 0.410551 0.140505
vt 0.400800 0.201931
vt 0.398927 0.182906
vt 0.404548 0.221683
vt 0.400721 0.167135
vt 0.412730 0.131516
vt 0.414918 0.119906
vt 0.417128 0.108707
vt 0.420007 0.098695
vt 0.426209 0.086001
vt 0.433211 0.071532
vt 0.381072 0.221100
vt 0.374645 0.200092
vt 0.366986 0.173636
vt 0.367327 0.154013
vt 0.331496 0.148016
vt 0.335354 0.174610
vt 0.348114 0.198609
vt 0.359301 0.219503
vt 0.373421 0.122083
vt 0.371583 0.134036
vt 0.375581 0.111070
vt 0.378030 0.099794
vt 0.380922 0.088728
vt 0.384642 0.078508
vt 0.387421 0.068155
vt 0.388148 0.056277
vt 0.389284 0.045071
vt 0.422705 0.058611
vt 0.333492 0.107205
vt 0.331400 0.122858
vt 0.336309 0.093596
vt 0.338960 0.080763
vt 0.341678 0.068138
vt 0.343964 0.056063
vt 0.345215 0.044794
vt 0.345711 0.034633
vt 0.345879 0.025873
vt 0.286310 0.113392
vt 0.288327 0.095414
vt 0.291371 0.080635
vt 0.294315 0.066889
vt 0.296837 0.053582
vt 0.267373 0.109673
vt 0.269424 0.093140
vt 0.272341 0.079103
vt 0.275184 0.065196
vt 0.277820 0.051370
vt 0.279589 0.039015
vt 0.298490 0.041316
vt 0.235632 0.105498
vt 0.192246 0.111593
vt 0.193398 0.094509
vt 0.238347 0.091476
vt 0.151518 0.096775
vt 0.148366 0.115002
vt 0.101449 0.115035
vt 0.111363 0.099581
vt 0.055579 0.120592
vt 0.076883 0.105434
vt 0.299026 0.021429
vt 0.299976 0.013458
vt 0.298970 0.030655
vt 0.280135 0.028426
vt 0.280421 0.019204
vt 0.281274 0.010841
vt 0.117208 0.087058
vt 0.154966 0.082579
vt 0.195605 0.080917
vt 0.240988 0.079109
vt 0.083132 0.094867
vt 0.157512 0.069564
vt 0.197693 0.067599
vt 0.243531 0.065517
vt 0.198708 0.054444
vt 0.246146 0.051271
vt 0.198760 0.042773
vt 0.247946 0.038946
vt 0.198567 0.032081
vt 0.248579 0.028137
vt 0.343490 0.557117
vt 0.200826 0.021764
vt 0.360185 0.591115
vt 0.371364 0.604350
vt 0.249327 0.018411
vt 0.372008 0.568825
vt 0.378904 0.591023
vt 0.365254 0.558306
vt 0.401599 0.565557
vt 0.403100 0.584966
vt 0.470682 0.562922
vt 0.471149 0.577523
vt 0.549551 0.558382
vt 0.549971 0.572872
vt 0.682256 0.550985
vt 0.682721 0.563222
vt 0.758936 0.562696
vt 0.758371 0.547750
vt 0.781051 0.546844
vt 0.779563 0.562439
vt 0.200458 0.011827
vt 0.250044 0.009075
vt 0.120505 0.075590
vt 0.122085 0.064978
vt 0.159041 0.057478
vt 0.123800 0.054128
vt 0.160025 0.046496
vt 0.162173 0.035803
vt 0.163364 0.026326
vt 0.163153 0.017252
vt 0.127280 0.043177
vt 0.128312 0.035621
vt 0.129189 0.026257
vt 0.096066 0.051377
vt 0.042940 0.082953
vt 0.087735 0.067376
vt 0.086007 0.077398
vt 0.053399 0.108661
vt 0.051212 0.102104
vt 0.085296 0.086028
vt 0.046046 0.088659
vt 0.048245 0.093315
vt 0.371975 0.605481
vt 0.049841 0.098272
vt 0.351574 0.237397
vt 0.351055 0.230393
vt 0.328402 0.206600
vt 0.308245 0.181408
vt 0.301048 0.158723
vt 0.047664 0.179519
vt 0.043991 0.178580
vt 0.049512 0.142665
vt 0.338362 0.238165
vt 0.337861 0.231566
vt 0.327897 0.220878
vt 0.319218 0.216716
vt 0.319225 0.215560
vt 0.260415 0.178141
vt 0.221285 0.169853
vt 0.242557 0.153273
vt 0.264349 0.155853
vt 0.584207 0.963895
vt 0.599056 0.969126
vt 0.623261 0.975179
vt 0.649100 0.977800
vt 0.677063 0.977546
vt 0.698130 0.983835
vt 0.707403 0.987651
vt 0.714035 0.990893
vt 0.607314 0.938391
vt 0.590428 0.937420
vt 0.592452 0.906407
vt 0.609753 0.908336
vt 0.650832 0.949493
vt 0.627447 0.949346
vt 0.632077 0.914149
vt 0.656314 0.913365
vt 0.674159 0.941516
vt 0.679270 0.910240
vt 0.697656 0.942614
vt 0.700971 0.909692
vt 0.713803 0.946029
vt 0.719008 0.911205
vt 0.727589 0.949951
vt 0.734448 0.913873
vt 0.594062 0.868657
vt 0.613795 0.871723
vt 0.639144 0.874357
vt 0.661796 0.874918
vt 0.683977 0.873713
vt 0.704587 0.873303
vt 0.722886 0.873362
vt 0.739250 0.874987
vt 0.619528 0.836604
vt 0.599926 0.830349
vt 0.664929 0.838031
vt 0.643720 0.837888
vt 0.686720 0.837277
vt 0.706509 0.836339
vt 0.724195 0.835858
vt 0.741297 0.836046
vt 0.643801 0.804272
vt 0.663857 0.806081
vt 0.684673 0.804557
vt 0.703437 0.802217
vt 0.721249 0.800017
vt 0.738658 0.797801
vt 0.727815 0.760149
vt 0.711858 0.763374
vt 0.695124 0.766302
vt 0.676527 0.768535
vt 0.656908 0.771748
vt 0.639122 0.777068
vt 0.622675 0.778642
vt 0.626839 0.809731
vt 0.595255 0.774075
vt 0.607279 0.776040
vt 0.608004 0.800367
vt 0.836084 0.566429
vt 0.580738 0.771330
vt 0.808714 0.025808
vt 0.606710 0.628422
vt 0.602096 0.631500
vt 0.927696 0.028623
vt 0.922067 0.036863
vt 0.597469 0.633849
vt 0.934760 0.023167
vt 0.609765 0.625530
vt 0.920440 0.044670
vt 0.592481 0.635793
vt 0.588221 0.637191
vt 0.950281 0.019746
vt 0.943111 0.020392
vt 0.584089 0.638269
vt 0.956855 0.020961
vt 0.579587 0.639171
vt 0.963308 0.023655
vt 0.574533 0.639989
vt 0.969302 0.028430
vt 0.568736 0.640347
vt 0.973887 0.035632
vt 0.937122 0.037873
vt 0.934620 0.042397
vt 0.940655 0.034764
vt 0.933186 0.046278
vt 0.948972 0.032399
vt 0.945049 0.032963
vt 0.952648 0.032872
vt 0.956055 0.034833
vt 0.959587 0.037256
vt 0.962480 0.041040
vt 0.976070 0.469952
vt 0.984037 0.493717
vt 0.982283 0.514114
vt 0.971905 0.537167
vt 0.966625 0.550408
vt 0.964987 0.567193
vt 0.969483 0.595967
vt 0.979230 0.626734
vt 0.981976 0.650485
vt 0.299319 0.192094
vt 0.588830 0.949350
vt 0.585836 0.958088
vt 0.605382 0.959677
vt 0.608388 0.951428
vt 0.625939 0.958671
vt 0.625114 0.963982
vt 0.650551 0.960054
vt 0.650302 0.965538
vt 0.670761 0.962390
vt 0.671578 0.967937
vt 0.695930 0.965701
vt 0.696714 0.972607
vt 0.708348 0.971764
vt 0.708456 0.978138
vt 0.720059 0.977016
vt 0.718155 0.982825
vt 0.714099 0.735430
vt 0.709804 0.727717
vt 0.700680 0.740897
vt 0.697153 0.732908
vt 0.686384 0.744867
vt 0.683223 0.736685
vt 0.665859 0.745274
vt 0.663092 0.738049
vt 0.647116 0.748580
vt 0.644926 0.741777
vt 0.631523 0.751129
vt 0.630119 0.744082
vt 0.616331 0.752922
vt 0.615129 0.745742
vt 0.603341 0.754030
vt 0.602371 0.747298
vt 0.592577 0.755245
vt 0.591375 0.748582
vt 0.578525 0.755567
vt 0.577731 0.749089
vt 0.724219 0.752788
vt 0.708937 0.756742
vt 0.692844 0.760012
vt 0.673761 0.761671
vt 0.654345 0.765026
vt 0.637120 0.769443
vt 0.620950 0.771099
vt 0.606248 0.769522
vt 0.594594 0.768512
vt 0.580134 0.766583
vt 0.695359 0.705502
vt 0.685012 0.710815
vt 0.672360 0.714816
vt 0.656126 0.719653
vt 0.639990 0.723933
vt 0.626143 0.726763
vt 0.612135 0.728886
vt 0.600655 0.729878
vt 0.589925 0.731634
vt 0.576931 0.731598
vt 0.293673 0.171403
vt 0.314451 0.206493
vt 0.180361 0.171998
vt 0.194639 0.151574
vt 0.158926 0.169157
vt 0.151149 0.157621
vt 0.107182 0.169903
vt 0.116920 0.185382
vt 0.081817 0.191416
vt 0.041261 0.205844
vt 0.093164 0.169944
vt 0.145911 0.187648
vt 0.128981 0.209407
vt 0.117071 0.211249
vt 0.281523 0.201882
vt 0.300980 0.217067
vt 0.309949 0.218594
vt 0.318362 0.217400
vt 0.313157 0.220078
vt 0.086759 0.191843
vt 0.094188 0.188418
vt 0.085290 0.213291
vt 0.078353 0.214840
vt 0.038598 0.221271
vt 0.073121 0.214454
vt 0.038350 0.203086
vt 0.034750 0.222735
vt 0.032862 0.097047
vt 0.035976 0.106877
vt 0.027873 0.090412
vt 0.036373 0.122792
vt 0.035910 0.144072
vt 0.372621 0.553388
vt 0.406071 0.552376
vt 0.473920 0.548258
vt 0.551292 0.543490
vt 0.682172 0.535613
vt 0.756449 0.531564
vt 0.783698 0.529379
vt 0.833004 0.526389
vt 0.801093 0.527905
vt 0.566565 0.777210
vt 0.401460 0.559825
vt 0.470888 0.555742
vt 0.549735 0.550794
vt 0.682924 0.542827
vt 0.758575 0.539298
vt 0.839455 0.534266
vt 0.835444 0.533845
vt 0.730994 0.092904
vt 0.569087 0.770921
vt 0.054445 0.127484
vt 0.028560 0.201986
vt 0.033445 0.175458
vt 0.026172 0.220868
vt 0.016151 0.218789
vt 0.020168 0.204779
vt 0.024333 0.180794
vt 0.799881 0.534775
vt 0.780891 0.536860
vt 0.796662 0.546013
vt 0.799281 0.562240
vt 0.740499 0.017843
vt 0.741370 0.028609
vt 0.730138 0.033609
vt 0.752527 0.005620
vt 0.730909 0.066335
vt 0.735892 0.064374
vt 0.735009 0.033744
vt 0.781923 0.032359
vt 0.723462 0.065831
vt 0.835521 0.540960
vt 0.747248 0.007459
vt 0.753598 0.054492
vt 0.758097 0.050560
vt 0.798036 0.537065
vt 0.740430 0.032963
vt 0.765322 0.044582
vt 0.769455 0.041031
vt 0.724717 0.013552
vt 0.795826 0.535188
vt 0.622712 0.818032
vt 0.609594 0.810106
vt 0.592554 0.943796
vt 0.604777 0.945132
vt 0.587193 0.938652
vt 0.586506 0.910572
vt 0.588550 0.910755
vt 0.589140 0.937915
vt 0.591483 0.945436
vt 0.590441 0.947545
vt 0.588243 0.867874
vt 0.590263 0.868178
vt 0.610711 0.945341
vt 0.607906 0.948904
vt 0.606844 0.947170
vt 0.609468 0.942819
vt 0.612961 0.911680
vt 0.614875 0.913076
vt 0.616981 0.872228
vt 0.619045 0.872547
vt 0.805928 0.586977
vt 0.596899 0.825753
vt 0.622656 0.834782
vt 0.624849 0.833687
vt 0.625276 0.814243
vt 0.595292 0.948637
vt 0.593839 0.950209
vt 0.603268 0.951517
vt 0.602451 0.949604
vt 0.613089 0.800513
vt 0.608438 0.802777
vt 0.612185 0.798379
vt 0.624139 0.802405
vt 0.623097 0.804212
vt 0.618438 0.788607
vt 0.613379 0.787911
vt 0.590656 0.951888
vt 0.605372 0.953404
vt 0.621571 0.810536
vt 0.613828 0.807743
vt 0.595628 0.946450
vt 0.601993 0.947117
vt 0.808074 0.585875
vt 0.795384 0.528403
vt 0.373593 0.602714
vt 0.405726 0.597527
vt 0.406400 0.599977
vt 0.373906 0.605450
vt 0.472319 0.585326
vt 0.472731 0.587901
vt 0.550870 0.578591
vt 0.551177 0.581143
vt 0.683284 0.568753
vt 0.683422 0.571313
vt 0.757766 0.566571
vt 0.756873 0.569339
vt 0.783586 0.576331
vt 0.782912 0.578646
vt 0.648669 0.664432
vt 0.638852 0.670396
vt 0.629305 0.674807
vt 0.655861 0.658230
vt 0.608415 0.681554
vt 0.618452 0.678498
vt 0.598808 0.683451
vt 0.590388 0.684678
vt 0.583622 0.685538
vt 0.573497 0.686497
vt 0.576433 0.704367
vt 0.587823 0.703494
vt 0.594642 0.702813
vt 0.604221 0.701672
vt 0.615794 0.699627
vt 0.628180 0.696329
vt 0.641147 0.692254
vt 0.652429 0.687486
vt 0.664330 0.681066
vt 0.673795 0.674034
vt 0.580313 0.726042
vt 0.579561 0.728186
vt 0.693356 0.700653
vt 0.692272 0.698158
vt 0.611409 0.727242
vt 0.600287 0.727844
vt 0.599823 0.725624
vt 0.610534 0.725067
vt 0.624187 0.722968
vt 0.625738 0.724923
vt 0.638452 0.720447
vt 0.639308 0.722612
vt 0.592072 0.727793
vt 0.592571 0.725661
vt 0.653818 0.717110
vt 0.655586 0.719121
vt 0.666912 0.711833
vt 0.669294 0.713471
vt 0.681138 0.705548
vt 0.682583 0.707696
vt 0.840714 0.540851
vt 0.023529 0.155740
vt 0.018335 0.132293
vt 0.008341 0.114306
vt 0.004712 0.105828
vt 0.002081 0.099240
vt 0.372663 0.141144
vt 0.372526 0.138378
vt 0.412744 0.155182
vt 0.410991 0.157075
vt 0.331522 0.129911
vt 0.331193 0.126736
vt 0.285139 0.121694
vt 0.285120 0.118407
vt 0.437942 0.173525
vt 0.436761 0.175723
vt 0.460876 0.203562
vt 0.273176 0.873376
vt 0.270562 0.848649
vt 0.276381 0.847531
vt 0.278707 0.872999
vt 0.280672 0.898790
vt 0.275051 0.898496
vt 0.282198 0.924142
vt 0.276590 0.923346
vt 0.277114 0.948401
vt 0.293004 0.872248
vt 0.289777 0.851494
vt 0.295541 0.850140
vt 0.298255 0.870981
vt 0.299807 0.892121
vt 0.294509 0.893194
vt 0.300498 0.913742
vt 0.294911 0.914877
vt 0.202856 0.723359
vt 0.233866 0.695414
vt 0.240278 0.705313
vt 0.220782 0.733809
vt 0.458152 0.203672
vt 0.265914 0.118110
vt 0.265974 0.114985
vt 0.234924 0.110994
vt 0.234641 0.113656
vt 0.191461 0.119312
vt 0.191533 0.116718
vt 0.146965 0.120469
vt 0.146843 0.123149
vt 0.099559 0.123859
vt 0.099734 0.121020
vt 0.289801 0.149090
vt 0.151947 0.153980
vt 0.150951 0.147650
vt 0.193167 0.142231
vt 0.194037 0.148174
vt 0.238459 0.142781
vt 0.240028 0.149610
vt 0.107195 0.165675
vt 0.103148 0.159930
vt 0.102325 0.155712
vt 0.709016 0.080701
vt 0.652810 0.106613
vt 0.245684 0.199441
vt 0.215432 0.190593
vt 0.184160 0.192888
vt 0.161957 0.195816
vt 0.147442 0.217046
vt 0.266408 0.212982
vt 0.283542 0.150574
vt 0.294165 0.159371
vt 0.290730 0.162369
vt 0.276880 0.155863
vt 0.261801 0.151444
vt 0.263920 0.143971
vt 0.241762 0.139355
vt 0.268947 0.140847
vt 0.194063 0.138731
vt 0.149901 0.144379
vt 0.054906 0.142834
vt 0.057271 0.133393
vt 0.097897 0.167397
vt 0.097826 0.191411
vt 0.089578 0.215276
vt 0.279073 0.161039
vt 0.651206 0.110665
vt 0.593637 0.117743
vt 0.501651 0.243726
vt 0.499793 0.243701
vt 0.500133 0.217767
vt 0.501980 0.218228
vt 0.501470 0.269232
vt 0.499618 0.269642
vt 0.501173 0.198018
vt 0.503040 0.198579
vt 0.502124 0.288917
vt 0.500253 0.289427
vt 0.503507 0.305945
vt 0.501639 0.306412
vt 0.505445 0.321395
vt 0.503565 0.321929
vt 0.508473 0.335904
vt 0.506568 0.336432
vt 0.511123 0.350098
vt 0.509225 0.350612
vt 0.513471 0.363066
vt 0.511586 0.363585
vt 0.514100 0.375286
vt 0.512233 0.375812
vt 0.515607 0.385991
vt 0.513772 0.386444
vt 0.520489 0.091748
vt 0.518736 0.091303
vt 0.518962 0.101945
vt 0.517118 0.101445
vt 0.517144 0.112602
vt 0.515273 0.112028
vt 0.502936 0.181087
vt 0.504803 0.181603
vt 0.505196 0.165633
vt 0.507076 0.166217
vt 0.508565 0.151228
vt 0.510470 0.151808
vt 0.511584 0.137129
vt 0.513484 0.137694
vt 0.514295 0.124231
vt 0.516181 0.124799
vt 0.502703 0.269428
vt 0.502850 0.243742
vt 0.535513 0.244214
vt 0.534954 0.267037
vt 0.498376 0.270050
vt 0.498922 0.289948
vt 0.536285 0.285417
vt 0.503457 0.288903
vt 0.500254 0.306852
vt 0.504898 0.305653
vt 0.539095 0.301192
vt 0.506806 0.320921
vt 0.542868 0.315564
vt 0.502152 0.322437
vt 0.509854 0.335287
vt 0.547042 0.329060
vt 0.505172 0.336908
vt 0.550619 0.342348
vt 0.512436 0.349430
vt 0.507848 0.350948
vt 0.553343 0.355238
vt 0.514758 0.362480
vt 0.510287 0.363770
vt 0.515333 0.374819
vt 0.554166 0.367074
vt 0.554888 0.378742
vt 0.516802 0.385591
vt 0.512570 0.386720
vt 0.513992 0.397073
vt 0.510964 0.376002
vt 0.498591 0.243685
vt 0.555940 0.390202
vt 0.518000 0.396062
vt 0.503220 0.218067
vt 0.535466 0.221379
vt 0.498897 0.217324
vt 0.499848 0.197461
vt 0.537221 0.203049
vt 0.504378 0.198629
vt 0.501546 0.180604
vt 0.506180 0.181937
vt 0.540408 0.187363
vt 0.508447 0.166736
vt 0.544546 0.173108
vt 0.503796 0.165086
vt 0.511845 0.152460
vt 0.549085 0.159742
vt 0.507171 0.150714
vt 0.553039 0.146567
vt 0.514791 0.138398
vt 0.510204 0.136757
vt 0.556143 0.133767
vt 0.517463 0.125419
vt 0.512990 0.124011
vt 0.518376 0.113102
vt 0.557277 0.121953
vt 0.557993 0.110224
vt 0.520161 0.102376
vt 0.515910 0.101137
vt 0.513997 0.111804
vt 0.562006 0.134993
vt 0.563055 0.123069
vt 0.558860 0.148053
vt 0.554750 0.161324
vt 0.550059 0.174639
vt 0.809304 0.253241
vt 0.826953 0.303305
vt 0.821459 0.265580
vt 0.809155 0.264134
vt 0.834755 0.254205
vt 0.812326 0.286618
vt 0.726404 0.309020
vt 0.545832 0.188685
vt 0.542623 0.204024
vt 0.540874 0.221910
vt 0.540919 0.244293
vt 0.540364 0.266669
vt 0.541694 0.284602
vt 0.729119 0.286810
vt 0.720390 0.266167
vt 0.773250 0.205006
vt 0.759475 0.220146
vt 0.747672 0.262278
vt 0.753799 0.283318
vt 0.753615 0.305268
vt 0.777011 0.342697
vt 0.776538 0.230778
vt 0.806190 0.336073
vt 0.821994 0.312712
vt 0.800107 0.247988
vt 0.774694 0.280357
vt 0.771184 0.262474
vt 0.800055 0.264024
vt 0.801757 0.276590
vt 0.790398 0.327699
vt 0.776227 0.298546
vt 0.803578 0.289084
vt 0.808171 0.304535
vt 0.768374 0.224869
vt 0.759433 0.261823
vt 0.800544 0.344746
vt 0.764180 0.281842
vt 0.765085 0.302439
vt 0.784224 0.335664
vt 0.544529 0.300032
vt 0.969410 0.422467
vt 0.978804 0.130630
vt 0.548392 0.314200
vt 0.989329 0.649038
vt 0.984025 0.617251
vt 0.552716 0.327651
vt 0.556445 0.341038
vt 0.559220 0.354176
vt 0.559924 0.366118
vt 0.555552 0.366939
vt 0.554766 0.354924
vt 0.960903 0.126713
vt 0.978520 0.172007
vt 0.557752 0.354533
vt 0.558525 0.366442
vt 0.554992 0.341418
vt 0.552003 0.341777
vt 0.551293 0.328041
vt 0.548373 0.328366
vt 0.544209 0.314960
vt 0.547039 0.314673
vt 0.966571 0.127617
vt 0.861103 0.198956
vt 0.898191 0.404790
vt 0.972892 0.448298
vt 0.962616 0.423412
vt 0.862552 0.369015
vt 0.845317 0.326406
vt 0.841196 0.284669
vt 0.845378 0.239661
vt 0.540501 0.300796
vt 0.403851 0.992494
vt 0.543186 0.300542
vt 0.537730 0.285155
vt 0.540309 0.284935
vt 0.538941 0.266713
vt 0.536416 0.266890
vt 0.536933 0.244234
vt 0.539501 0.244272
vt 0.536927 0.221570
vt 0.539451 0.221823
vt 0.541243 0.203650
vt 0.538664 0.203353
vt 0.541809 0.187801
vt 0.544497 0.188135
vt 0.545877 0.173752
vt 0.548712 0.174125
vt 0.550404 0.160477
vt 0.859052 0.531645
vt 0.859542 0.546568
vt 0.594321 0.824345
vt 0.596158 0.823205
vt 0.837430 0.588828
vt 0.562260 0.821844
vt 0.858873 0.524494
vt 0.858465 0.519270
vt 0.860202 0.564492
vt 0.862321 0.579210
vt 0.530170 0.824225
vt 0.528364 0.822995
vt 0.829204 0.452752
vt 0.855073 0.459302
vt 0.555558 0.770791
vt 0.557960 0.777103
vt 0.543862 0.771269
vt 0.854742 0.474169
vt 0.385528 0.745215
vt 0.381555 0.752898
vt 0.383950 0.952927
vt 0.394728 0.979723
vt 0.421929 0.689698
vt 0.445449 0.667077
vt 0.420361 0.692309
vt 0.418421 0.696065
vt 0.465815 0.652318
vt 0.514248 0.622261
vt 0.398262 0.985018
vt 0.402474 0.720252
vt 0.396524 0.727704
vt 0.368461 0.792870
vt 0.365956 0.834070
vt 0.368760 0.874740
vt 0.374836 0.915286
vt 0.718898 0.994098
vt 0.400762 0.988424
vt 0.941858 0.010516
vt 0.930041 0.014114
vt 0.563212 0.640440
vt 0.983533 0.031403
vt 0.977460 0.021487
vt 0.969110 0.015308
vt 0.960613 0.011062
vt 0.951742 0.009451
vt 0.912285 0.033338
vt 0.909791 0.043926
vt 0.909792 0.053589
vt 0.920115 0.021773
vt 0.953308 0.085056
vt 0.940955 0.085171
vt 0.986793 0.052623
vt 0.983976 0.063905
vt 0.977865 0.072305
vt 0.971034 0.078905
vt 0.963055 0.083105
vt 0.918245 0.072160
vt 0.912690 0.062808
vt 0.929187 0.080843
vt 0.553331 0.160891
vt 0.347587 0.569287
vt 0.557410 0.147629
vt 0.554415 0.147180
vt 0.363439 0.460842
vt 0.560541 0.134589
vt 0.557550 0.134105
vt 0.558673 0.122093
vt 0.561653 0.122702
vt 0.587042 0.375832
vt 0.355155 0.508029
vt 0.563649 0.111193
vt 0.768871 0.071185
vt 0.775126 0.064606
vt 0.728553 0.090774
vt 0.719445 0.085037
vt 0.766346 0.072909
vt 0.834886 0.547218
vt 0.834043 0.531627
vt 0.875415 0.040338
vt 0.796332 0.508884
vt 0.831691 0.494366
vt 0.905440 0.116659
vt 0.882958 0.052311
vt 0.832732 0.509946
vt 0.837751 0.009102
vt 0.374102 0.636958
vt 0.385405 0.465684
vt 0.761151 0.444171
vt 0.743302 0.458483
vt 0.779549 0.428712
vt 0.544563 0.472658
vt 0.675578 0.466571
vt 0.403403 0.467177
vt 0.467897 0.474013
vt 0.719289 0.020508
vt 0.741179 0.012685
vt 0.734336 0.035538
vt 0.740800 0.026927
vt 0.730184 0.014090
vt 0.739294 0.021727
vt 0.720534 0.026376
vt 0.787338 0.026710
vt 0.807425 0.016145
vt 0.885750 0.098830
vt 0.840145 0.112576
vt 0.825760 0.012961
vt 0.830089 0.095215
vt 0.811030 0.095533
vt 0.833126 0.085003
vt 0.834222 0.083272
vt 0.806877 0.086079
vt 0.828524 0.075604
vt 0.168948 0.686322
vt 0.235931 0.691337
vt 0.162377 0.692978
vt 0.284435 0.771552
vt 0.241940 0.702907
vt 0.590746 0.114313
vt 0.562314 0.110903
vt 0.277951 0.786851
vt 0.262176 0.803441
vt 0.559360 0.110424
vt 0.357579 0.803527
vt 0.281525 0.757771
vt 0.277899 0.756547
vt 0.560410 0.389751
vt 0.255918 0.712194
vt 0.256222 0.705337
vt 0.320189 0.782695
vt 0.557286 0.389872
vt 0.558943 0.378228
vt 0.338895 0.795891
vt 0.346842 0.842792
vt 0.349101 0.865589
vt 0.357031 0.912766
vt 0.249433 0.766371
vt 0.245339 0.814572
vt 0.352784 0.889395
vt 0.279579 0.763135
vt 0.556232 0.378587
vt 0.561857 0.389805
vt 0.560278 0.377982
vt 0.743906 0.372939
vt 0.719212 0.200427
vt 0.815499 0.296800
vt 0.818465 0.243820
vt 0.822212 0.249642
vt 0.833804 0.265709
vt 0.810733 0.275340
vt 0.811063 0.236225
vt 0.789331 0.218290
vt 0.737914 0.180432
vt 0.794491 0.353350
vt 0.781477 0.211559
vt 0.564180 0.099437
vt 0.561053 0.099272
vt 0.559727 0.098853
vt 0.565641 0.099426
vt 0.521650 0.091961
vt 0.516848 0.396241
vt 0.515106 0.396636
vt 0.517621 0.090834
vt 0.496158 0.084286
vt 0.279726 0.480077
vt 0.247719 0.482980
vt 0.097225 0.447654
vt 0.129022 0.457153
vt 0.132285 0.464160
vt 0.687940 0.053696
vt 0.638363 0.399285
vt 0.027844 0.399923
vt 0.000000 0.389735
vt 0.039648 0.406097
vt 0.160331 0.473350
vt 0.195295 0.480202
vt 0.298944 0.477003
vt 0.345374 0.465220
vt 0.388223 0.449572
vt 0.420253 0.048207
vt 0.469347 0.411729
vt 0.286699 0.241805
vt 0.271723 0.241828
vt 0.317254 0.242099
vt 0.313360 0.242015
vt 0.307461 0.241914
vt 0.301383 0.241849
vt 0.024546 0.605579
vt 0.021620 0.606523
vt 0.032358 0.584600
vt 0.034814 0.585261
vt 0.051714 0.624614
vt 0.050751 0.626879
vt 0.076290 0.637714
vt 0.075361 0.640008
vt 0.094699 0.646450
vt 0.093222 0.648478
vt 0.121983 0.657648
vt 0.121807 0.660812
vt 0.126259 0.654893
vt 0.128643 0.657168
vt 0.136331 0.648395
vt 0.140492 0.648733
vt 0.116634 0.626494
vt 0.118652 0.624999
vt 0.098846 0.608508
vt 0.101131 0.607208
vt 0.075206 0.576526
vt 0.076908 0.574556
vt 0.059532 0.551503
vt 0.061415 0.549942
vt 0.035259 0.573537
vt 0.037679 0.573865
vt 0.056943 0.546017
vt 0.058900 0.544350
vt 0.036614 0.556481
vt 0.034210 0.557843
vt 0.031178 0.522477
vt 0.033527 0.522074
vt 0.052675 0.528436
vt 0.050773 0.530197
vt 0.047186 0.517837
vt 0.049288 0.517036
vt 0.045238 0.506055
vt 0.047476 0.505734
vt 0.031604 0.505121
vt 0.034008 0.505712
vt 0.035231 0.491173
vt 0.037389 0.492429
vt 0.045461 0.494940
vt 0.047872 0.494815
vt 0.046213 0.477356
vt 0.045274 0.480722
vt 0.105702 0.639121
vt 0.085706 0.622304
vt 0.060940 0.603871
vt 0.045398 0.481706
vt 0.155414 0.518634
vt 0.157098 0.517095
vt 0.164330 0.553272
vt 0.162274 0.553096
vt 0.134644 0.520250
vt 0.135027 0.518356
vt 0.163716 0.583356
vt 0.161707 0.582182
vt 0.165688 0.605310
vt 0.163683 0.603670
vt 0.163335 0.634882
vt 0.161592 0.631916
vt 0.156590 0.640155
vt 0.155353 0.636739
vt 0.146176 0.642097
vt 0.145866 0.646086
vt 0.134481 0.617290
vt 0.135047 0.614919
vt 0.126726 0.594044
vt 0.125918 0.595805
vt 0.108206 0.555968
vt 0.109557 0.555342
vt 0.088362 0.528296
vt 0.090083 0.528233
vt 0.085708 0.524985
vt 0.087531 0.524946
vt 0.080149 0.516009
vt 0.078165 0.515587
vt 0.069336 0.508004
vt 0.071479 0.508508
vt 0.062357 0.501801
vt 0.064772 0.502393
vt 0.054851 0.494358
vt 0.057851 0.494915
vt 0.046344 0.481071
vt 0.049171 0.481742
vt 0.049527 0.479471
vt 0.064679 0.488779
vt 0.066760 0.490371
vt 0.120857 0.518016
vt 0.121046 0.516105
vt 0.099527 0.508007
vt 0.099745 0.509667
vt 0.082603 0.500607
vt 0.081344 0.498873
vt 0.073515 0.495293
vt 0.071733 0.493548
vt 0.150847 0.612602
vt 0.144891 0.587150
vt 0.136815 0.554353
vt 0.038733 0.652140
vt 0.005282 0.638177
vt 0.068218 0.659709
vt 0.090804 0.661631
vt 0.120596 0.664142
vt 0.165187 0.638089
vt 0.161140 0.644298
vt 0.148807 0.651148
vt 0.060654 0.474516
vt 0.071226 0.472588
vt 0.084003 0.470500
vt 0.138582 0.478031
vt 0.128134 0.476772
vt 0.114599 0.474442
vt 0.161570 0.480840
vt 0.194391 0.902143
vt 0.151257 0.916652
vt 0.150841 0.914850
vt 0.193695 0.900373
vt 0.198041 0.900766
vt 0.232128 0.980471
vt 0.230293 0.981067
vt 0.196252 0.901540
vt 0.228347 0.981427
vt 0.196986 0.899071
vt 0.217299 0.889211
vt 0.218271 0.890892
vt 0.229270 0.983472
vt 0.157346 0.988581
vt 0.157344 0.986367
vt 0.253505 0.972259
vt 0.254176 0.974272
vt 0.232679 0.982489
vt 0.105589 0.915276
vt 0.120684 0.917498
vt 0.120614 0.919335
vt 0.107965 0.917544
vt 0.105589 0.915354
vt 0.068605 0.913745
vt 0.049534 0.995933
vt 0.047535 0.995998
vt 0.066699 0.913405
vt 0.045598 0.995779
vt 0.064899 0.912881
vt 0.124210 0.917374
vt 0.147423 0.915407
vt 0.147370 0.917266
vt 0.124563 0.919173
vt 0.131572 0.988787
vt 0.129524 0.988874
vt 0.122573 0.919418
vt 0.127584 0.988874
vt 0.153557 0.987144
vt 0.153884 0.989143
vt 0.131562 0.991010
vt 0.155454 0.986817
vt 0.149361 0.917116
vt 0.107161 0.991338
vt 0.195569 0.900141
vt 0.230886 0.982622
vt 0.067174 0.911983
vt 0.068902 0.911857
vt 0.065890 0.911137
vt 0.048966 0.998112
vt 0.047352 0.997692
vt 0.045750 0.997959
vt 0.122412 0.917942
vt 0.129645 0.990620
vt 0.127918 0.991038
vt 0.149226 0.915656
vt 0.155595 0.988457
vt 0.089780 0.914526
vt 0.102311 0.916344
vt 0.092818 0.916001
vt 0.094172 0.921402
vt 0.100058 0.921414
vt 0.099241 0.987628
vt 0.087869 0.987801
vt 0.087333 0.916239
vt 0.080302 0.992733
vt 0.082370 0.994535
vt 0.082329 0.994866
vt 0.089780 0.917033
vt 0.091900 0.921144
vt 0.085623 0.987792
vt 0.082807 0.991873
vt 0.104715 0.991027
vt 0.101574 0.988171
vt 0.102281 0.921184
vt 0.105481 0.917792
vt 0.104911 0.993984
vt 0.104919 0.993656
vt 0.101910 0.992513
vt 0.085679 0.993265
vt 0.829044 0.979111
vt 0.826694 0.983139
vt 0.819042 0.975266
vt 0.823931 0.975085
vt 0.863529 0.985886
vt 0.864916 0.990382
vt 0.897235 0.980945
vt 0.903971 0.983545
vt 0.793178 0.894291
vt 0.797641 0.895625
vt 0.893205 0.976025
vt 0.898000 0.975303
vt 0.828405 0.895186
vt 0.831164 0.891196
vt 0.811910 0.896819
vt 0.809587 0.891500
vt 0.786814 0.886928
vt 0.792814 0.887481
vt 0.797106 0.880306
vt 0.797018 0.885333
vt 0.859072 0.977098
vt 0.930988 0.954445
vt 0.933150 0.963868
vt 0.924661 0.955076
vt 0.926615 0.949408
vt 0.939247 0.923327
vt 0.943597 0.927728
vt 0.942582 0.894867
vt 0.948410 0.893237
vt 0.936418 0.886646
vt 0.938433 0.881320
vt 0.867683 0.844499
vt 0.869535 0.838754
vt 0.862084 0.839282
vt 0.859050 0.831904
vt 0.865300 0.852909
vt 0.859179 0.853129
vt 0.856074 0.840606
vt 0.861034 0.841599
vt 0.861650 0.873703
vt 0.856069 0.875024
vt 0.932523 0.911816
vt 0.977210 0.933453
vt 0.965381 0.971440
vt 0.793613 0.984166
vt 0.800768 0.996898
vt 0.768340 0.904578
vt 0.977519 0.895386
vt 0.828448 0.868577
vt 0.829374 0.848508
vt 0.843435 0.826099
vt 0.838644 0.835437
vt 0.771182 0.892728
vt 0.692939 0.642063
vt 0.686133 0.624070
vt 0.691466 0.621575
vt 0.697051 0.638297
vt 0.698838 0.642387
vt 0.714205 0.659702
vt 0.709731 0.661812
vt 0.715701 0.634191
vt 0.717497 0.639393
vt 0.712589 0.618176
vt 0.718601 0.618127
vt 0.721006 0.633170
vt 0.722976 0.638227
vt 0.728111 0.653742
vt 0.722672 0.656126
vt 0.744347 0.628181
vt 0.745827 0.632725
vt 0.757727 0.624821
vt 0.758802 0.619625
vt 0.767224 0.623460
vt 0.764573 0.624779
vt 0.758739 0.628781
vt 0.750844 0.631602
vt 0.749387 0.627174
vt 0.764852 0.625636
vt 0.759745 0.630279
vt 0.765104 0.626557
vt 0.767211 0.625867
vt 0.768422 0.634168
vt 0.763969 0.633777
vt 0.760679 0.645377
vt 0.756599 0.642054
vt 0.760906 0.631774
vt 0.719214 0.685564
vt 0.727263 0.700650
vt 0.722100 0.702894
vt 0.713614 0.686287
vt 0.717386 0.681754
vt 0.728615 0.673278
vt 0.731271 0.677987
vt 0.770638 0.645366
vt 0.770405 0.651415
vt 0.760648 0.651206
vt 0.749293 0.640200
vt 0.753275 0.636751
vt 0.755905 0.653651
vt 0.744684 0.666115
vt 0.733435 0.669886
vt 0.753086 0.647733
vt 0.763100 0.654727
vt 0.758965 0.657714
vt 0.763387 0.661852
vt 0.766327 0.665791
vt 0.761781 0.669294
vt 0.758978 0.665264
vt 0.736084 0.675123
vt 0.758088 0.659936
vt 0.743463 0.686886
vt 0.739201 0.690987
vt 0.743508 0.619707
vt 0.748998 0.619170
vt 0.837276 0.642935
vt 0.821848 0.664392
vt 0.817234 0.662030
vt 0.831935 0.642603
vt 0.813576 0.641113
vt 0.815142 0.635769
vt 0.834232 0.637582
vt 0.808103 0.640141
vt 0.785796 0.634302
vt 0.787383 0.630080
vt 0.809899 0.635140
vt 0.808464 0.658072
vt 0.802980 0.655457
vt 0.793834 0.675955
vt 0.771145 0.665342
vt 0.772753 0.660192
vt 0.796763 0.671062
vt 0.801099 0.675009
vt 0.810798 0.685031
vt 0.808219 0.689813
vt 0.798035 0.679459
vt 0.775124 0.653797
vt 0.778144 0.648342
vt 0.781089 0.632721
vt 0.773649 0.628785
vt 0.775254 0.625064
vt 0.782943 0.628651
vt 0.782164 0.641285
vt 0.778432 0.637363
vt 0.772021 0.657857
vt 0.767947 0.654957
vt 0.771372 0.631746
vt 0.774979 0.642189
vt 0.772564 0.630214
vt 0.767264 0.624694
vt 0.767657 0.660654
vt 0.852483 0.651880
vt 0.838401 0.672392
vt 0.814359 0.689139
vt 0.830941 0.695611
vt 0.763063 0.660564
vt 0.176922 0.629873
vt 0.186047 0.607955
vt 0.183441 0.607456
vt 0.173951 0.631078
vt 0.205805 0.650020
vt 0.206634 0.647590
vt 0.232406 0.661791
vt 0.233196 0.659334
vt 0.251629 0.669234
vt 0.253010 0.667011
vt 0.282302 0.679873
vt 0.282243 0.676570
vt 0.289133 0.675561
vt 0.286479 0.673378
vt 0.300810 0.665881
vt 0.296457 0.665849
vt 0.276281 0.642869
vt 0.274296 0.644579
vt 0.256697 0.625707
vt 0.254420 0.627233
vt 0.229006 0.593602
vt 0.227387 0.595780
vt 0.211009 0.569188
vt 0.209171 0.570955
vt 0.188154 0.595884
vt 0.185613 0.595728
vt 0.207966 0.563565
vt 0.206059 0.565448
vt 0.185717 0.577886
vt 0.179873 0.542339
vt 0.177461 0.542937
vt 0.183321 0.579486
vt 0.200274 0.547490
vt 0.195879 0.535893
vt 0.193755 0.536887
vt 0.198431 0.549467
vt 0.193131 0.524277
vt 0.190828 0.524782
vt 0.179122 0.525285
vt 0.176576 0.524854
vt 0.181622 0.511211
vt 0.179281 0.510071
vt 0.192707 0.512891
vt 0.190208 0.513205
vt 0.188926 0.498432
vt 0.189645 0.494860
vt 0.263893 0.658547
vt 0.241809 0.642587
vt 0.214642 0.625311
vt 0.189130 0.499447
vt 0.306375 0.529434
vt 0.316147 0.564751
vt 0.318298 0.564776
vt 0.308009 0.527705
vt 0.285151 0.530706
vt 0.284898 0.532704
vt 0.317782 0.595044
vt 0.319962 0.596111
vt 0.321481 0.617241
vt 0.323692 0.618793
vt 0.321468 0.646777
vt 0.323508 0.649729
vt 0.315348 0.652271
vt 0.316896 0.655729
vt 0.306214 0.658546
vt 0.292560 0.631131
vt 0.292153 0.633640
vt 0.306197 0.662717
vt 0.282309 0.610058
vt 0.261492 0.571120
vt 0.260135 0.571875
vt 0.281603 0.611951
vt 0.239164 0.544416
vt 0.237379 0.544614
vt 0.236258 0.541193
vt 0.234366 0.541373
vt 0.227897 0.532463
vt 0.218306 0.525325
vt 0.216039 0.524966
vt 0.225801 0.532176
vt 0.210862 0.519479
vt 0.208306 0.519049
vt 0.203093 0.512231
vt 0.199930 0.511882
vt 0.193057 0.499196
vt 0.190066 0.498714
vt 0.193254 0.496806
vt 0.212011 0.506824
vt 0.209724 0.505327
vt 0.270438 0.529434
vt 0.270388 0.531436
vt 0.247439 0.522658
vt 0.227829 0.514550
vt 0.229271 0.516257
vt 0.247792 0.524368
vt 0.217426 0.509747
vt 0.219412 0.511426
vt 0.308815 0.627513
vt 0.300674 0.601497
vt 0.289764 0.568007
vt 0.195239 0.677211
vt 0.159382 0.665248
vt 0.226484 0.682827
vt 0.250121 0.683098
vt 0.281297 0.683430
vt 0.325679 0.652922
vt 0.321946 0.659690
vt 0.309643 0.667757
vt 0.204447 0.490801
vt 0.215295 0.487988
vt 0.228424 0.484839
vt 0.285762 0.488495
vt 0.274800 0.487984
vt 0.260545 0.486597
vt 0.309885 0.489657
vt 0.117317 0.854759
vt 0.119738 0.854102
vt 0.105719 0.800063
vt 0.103289 0.800372
vt 0.118702 0.859377
vt 0.117892 0.857102
vt 0.008759 0.889979
vt 0.009328 0.892290
vt 0.008516 0.887558
vt 0.121067 0.858273
vt 0.129336 0.885223
vt 0.131673 0.884219
vt 0.005704 0.888461
vt 0.010452 0.800124
vt 0.007526 0.799883
vt 0.006596 0.892741
vt 0.014890 0.919955
vt 0.017630 0.919356
vt 0.110550 0.744640
vt 0.110447 0.744632
vt 0.107271 0.747298
vt 0.103396 0.762578
vt 0.105815 0.762866
vt 0.116982 0.699551
vt 0.117659 0.697256
vt 0.010818 0.664687
vt 0.010665 0.667140
vt 0.118565 0.695112
vt 0.011338 0.662340
vt 0.105559 0.767195
vt 0.103140 0.767429
vt 0.102940 0.795548
vt 0.105390 0.795819
vt 0.103054 0.764966
vt 0.010456 0.765804
vt 0.010327 0.768320
vt 0.010687 0.763430
vt 0.007391 0.768062
vt 0.007196 0.795584
vt 0.009878 0.795404
vt 0.102902 0.798001
vt 0.010083 0.797762
vt 0.009866 0.738166
vt 0.119822 0.856421
vt 0.006634 0.890533
vt 0.119441 0.700122
vt 0.119480 0.697994
vt 0.120751 0.696517
vt 0.007853 0.666204
vt 0.008601 0.664275
vt 0.008439 0.662285
vt 0.105022 0.764933
vt 0.008134 0.765760
vt 0.007788 0.763600
vt 0.104847 0.797997
vt 0.007899 0.797754
vt 0.113426 0.725377
vt 0.111115 0.728932
vt 0.109530 0.740510
vt 0.103817 0.729993
vt 0.016839 0.714948
vt 0.015713 0.728884
vt 0.103101 0.737194
vt 0.111455 0.722194
vt 0.011224 0.705145
vt 0.008165 0.707389
vt 0.008598 0.707476
vt 0.110114 0.725100
vt 0.012062 0.708305
vt 0.017118 0.712201
vt 0.104430 0.727240
vt 0.010569 0.735208
vt 0.107239 0.744230
vt 0.103138 0.739940
vt 0.014717 0.731679
vt 0.007071 0.735166
vt 0.006639 0.735121
vt 0.009881 0.711666
vt 0.008940 0.731610
vt 0.969602 0.769669
vt 0.968492 0.775332
vt 0.970613 0.779116
vt 0.973730 0.769894
vt 0.963987 0.736805
vt 0.961000 0.739718
vt 0.942798 0.708754
vt 0.943471 0.715121
vt 0.916426 0.828212
vt 0.917178 0.832273
vt 0.938709 0.716799
vt 0.941218 0.720291
vt 0.899374 0.803552
vt 0.903638 0.804115
vt 0.908341 0.820454
vt 0.911598 0.816469
vt 0.913943 0.840272
vt 0.911952 0.835314
vt 0.908557 0.832866
vt 0.904555 0.834830
vt 0.955869 0.746789
vt 0.908910 0.699205
vt 0.906704 0.704693
vt 0.911966 0.703942
vt 0.915470 0.693688
vt 0.882729 0.700061
vt 0.881015 0.705273
vt 0.853567 0.710212
vt 0.857211 0.714151
vt 0.848199 0.722904
vt 0.853216 0.722340
vt 0.842476 0.794483
vt 0.847758 0.793621
vt 0.841311 0.805527
vt 0.845906 0.800149
vt 0.855358 0.792100
vt 0.848159 0.800040
vt 0.849382 0.804356
vt 0.858007 0.796841
vt 0.876542 0.790440
vt 0.873242 0.786571
vt 0.874652 0.715234
vt 0.908410 0.665193
vt 0.873652 0.671223
vt 0.987919 0.795582
vt 0.995072 0.784787
vt 0.935341 0.847711
vt 0.843490 0.686375
vt 0.866415 0.822227
vt 0.882625 0.814842
vt 0.843046 0.820195
vt 0.852352 0.820199
vt 0.924841 0.850261
vt 0.803248 0.709260
vt 0.807197 0.712621
vt 0.821989 0.705540
vt 0.819072 0.700904
vt 0.803628 0.714741
vt 0.786953 0.727033
vt 0.789416 0.730919
vt 0.808541 0.731619
vt 0.813135 0.729363
vt 0.814689 0.734141
vt 0.828296 0.730188
vt 0.827559 0.724645
vt 0.810248 0.736542
vt 0.793692 0.738323
vt 0.796519 0.743069
vt 0.817958 0.757000
vt 0.821982 0.755110
vt 0.826624 0.767073
vt 0.827452 0.773387
vt 0.828974 0.775682
vt 0.831544 0.767467
vt 0.823086 0.768464
vt 0.823492 0.759646
vt 0.819573 0.761501
vt 0.821819 0.769564
vt 0.826693 0.773744
vt 0.825872 0.774082
vt 0.819077 0.773866
vt 0.819229 0.778021
vt 0.826752 0.775948
vt 0.820573 0.770808
vt 0.810588 0.768017
vt 0.807992 0.772166
vt 0.766123 0.738522
vt 0.764810 0.733436
vt 0.750459 0.743182
vt 0.753125 0.747689
vt 0.769428 0.736396
vt 0.774504 0.748778
vt 0.778545 0.745784
vt 0.802607 0.772808
vt 0.803539 0.781838
vt 0.809148 0.781357
vt 0.811459 0.761060
vt 0.815101 0.764338
vt 0.799804 0.768713
vt 0.804942 0.765429
vt 0.782231 0.749842
vt 0.787008 0.759790
vt 0.796407 0.772004
vt 0.799640 0.775477
vt 0.793097 0.776563
vt 0.789439 0.772887
vt 0.786043 0.775938
vt 0.789800 0.779730
vt 0.794255 0.771451
vt 0.777703 0.752890
vt 0.763419 0.757595
vt 0.767695 0.761056
vt 0.830835 0.758366
vt 0.829707 0.753360
vt 0.819068 0.842584
vt 0.818759 0.837616
vt 0.799135 0.826284
vt 0.797486 0.830816
vt 0.823658 0.839158
vt 0.823133 0.821329
vt 0.818020 0.820499
vt 0.818286 0.815336
vt 0.823110 0.816417
vt 0.825186 0.795051
vt 0.821107 0.794073
vt 0.803560 0.812370
vt 0.801778 0.817734
vt 0.783586 0.806290
vt 0.788440 0.808430
vt 0.795707 0.785017
vt 0.790769 0.784125
vt 0.785296 0.812886
vt 0.780837 0.810571
vt 0.772452 0.821164
vt 0.777163 0.822993
vt 0.807266 0.788627
vt 0.801884 0.786469
vt 0.822024 0.789546
vt 0.825994 0.790789
vt 0.828419 0.783279
vt 0.824800 0.782225
vt 0.817433 0.787628
vt 0.814243 0.791525
vt 0.799986 0.779978
vt 0.797778 0.784072
vt 0.812581 0.784998
vt 0.821805 0.780465
vt 0.827840 0.775862
vt 0.823356 0.781389
vt 0.794694 0.780366
vt 0.792008 0.847016
vt 0.812563 0.857651
vt 0.773782 0.826753
vt 0.769718 0.842804
vt 0.794248 0.776115
vt 0.254497 0.774160
vt 0.251623 0.771586
vt 0.233956 0.741786
vt 0.251875 0.707676
vt 0.237098 0.746595
vt 0.283440 0.762061
vt 0.254990 0.704307
vt 0.186244 0.759754
vt 0.181802 0.757793
vt 0.160822 0.741550
vt 0.197739 0.768341
vt 0.213562 0.779019
vt 0.210033 0.775677
vt 0.236727 0.791854
vt 0.179990 0.769496
vt 0.175903 0.768000
vt 0.149884 0.772913
vt 0.192125 0.776881
vt 0.206545 0.788613
vt 0.203547 0.785442
vt 0.212864 0.814684
vt 0.141714 0.774794
vt 0.151429 0.779319
vt 0.143559 0.783846
vt 0.154013 0.817555
vt 0.174094 0.774363
vt 0.220389 0.834866
vt 0.130991 0.785356
vt 0.137507 0.820115
vt 0.214669 0.822902
vt 0.118783 0.787748
vt 0.206325 0.815904
vt 0.201505 0.792874
vt 0.197190 0.790034
vt 0.257176 0.782158
vt 0.159876 0.723239
vt 0.248248 0.778364
vt 0.167710 0.723226
vt 0.159193 0.738517
vt 0.240130 0.791947
vt 0.145067 0.735569
vt 0.281040 0.979640
vt 0.283249 0.982528
vt 0.353138 0.975650
vt 0.354741 0.972387
vt 0.355754 0.986595
vt 0.303964 0.977485
vt 0.316027 0.957074
vt 0.296983 0.960172
vt 0.264209 0.989206
vt 0.282130 0.988309
vt 0.302518 0.959418
vt 0.317698 0.974054
vt 0.282624 0.948948
vt 0.329733 0.956740
vt 0.331838 0.974742
vt 0.355002 0.986036
vt 0.347204 0.942592
vt 0.362537 0.937059
vt 0.352502 0.940982
vt 0.373114 0.978489
vt 0.355462 0.992314
vt 0.330532 0.979916
vt 0.329832 0.978777
vt 0.320468 0.978010
vt 0.315752 0.978474
vt 0.306717 0.981052
vt 0.284218 0.999325
vt 0.283446 0.993078
vt 0.306252 0.982305
vt 0.335309 0.956401
vt 0.205399 0.825031
vt 0.121178 0.823561
vt 0.178385 0.777174
vt 0.128608 0.775041
vt 0.248864 0.803399
vt 0.159861 0.718088
vt 0.279957 0.770233
vt 0.252691 0.784729
vt 0.188546 0.782335
vt 0.210937 0.837101
vt 0.160497 0.689163
vt 0.968671 0.686356
vt 0.931407 0.131749
vt 0.941877 0.422299
vt 0.937041 0.454037
vt 0.956433 0.637482
vt 0.946877 0.512883
vt 0.896285 0.150098
vt 0.939374 0.172315
vt 0.939175 0.188450
vt 0.919676 0.227958
vt 0.918238 0.179882
vt 0.889066 0.242201
vt 0.913862 0.278974
vt 0.919585 0.306084
vt 0.886268 0.280741
vt 0.892990 0.313762
vt 0.929582 0.333079
vt 0.933423 0.343650
vt 0.932995 0.359342
vt 0.932801 0.383339
vt 0.910853 0.350406
vt 0.967442 0.394438
vt 0.948776 0.362808
vt 0.949968 0.341579
vt 0.975783 0.364192
vt 0.971981 0.339669
vt 0.943017 0.323258
vt 0.958751 0.314274
vt 0.934918 0.301528
vt 0.950660 0.296718
vt 0.930722 0.277491
vt 0.936121 0.233710
vt 0.947615 0.275608
vt 0.951560 0.238498
vt 0.955646 0.193776
vt 0.955890 0.169651
vt 0.963518 0.196945
vt 0.947892 0.387439
vt 0.956581 0.423806
vt 0.924519 0.417358
vt 0.915503 0.379972
vt 0.950743 0.126780
vt 0.964334 0.169876
vt 0.952968 0.683069
vt 0.940650 0.644907
vt 0.957892 0.650213
vt 0.915027 0.618191
vt 0.914964 0.595940
vt 0.911314 0.565103
vt 0.940056 0.606260
vt 0.933433 0.565515
vt 0.915507 0.538350
vt 0.937124 0.543541
vt 0.944178 0.521509
vt 0.928512 0.508282
vt 0.945962 0.500302
vt 0.931167 0.484378
vt 0.980134 0.494848
vt 0.956896 0.477203
vt 0.958504 0.496944
vt 0.977975 0.514674
vt 0.968280 0.535542
vt 0.960234 0.513942
vt 0.962424 0.549931
vt 0.955321 0.528903
vt 0.960749 0.566989
vt 0.949625 0.546646
vt 0.947218 0.566100
vt 0.965268 0.596638
vt 0.976379 0.629563
vt 0.953048 0.601044
vt 0.970175 0.632393
vt 0.978018 0.651264
vt 0.950795 0.449438
vt 0.972335 0.470871
vt 0.944930 0.481044
vt 0.916364 0.465086
vt 0.971247 0.651752
vt 0.976829 0.686041
vn -0.000000 0.993700 0.112076
vn 0.000000 0.999449 -0.033181
vn 0.541153 0.840833 -0.012402
vn 0.469081 0.875250 0.117900
vn 0.830091 0.557575 0.007742
vn 0.779966 0.612514 0.128372
vn 0.950808 0.309711 -0.006626
vn 0.926887 0.354930 0.122086
vn 0.570079 0.754418 -0.325368
vn 0.872334 0.423752 -0.243859
vn 0.952384 0.150935 -0.264921
vn 0.984827 0.165907 -0.050892
vn 0.943255 -0.009054 -0.331946
vn 0.934993 -0.119946 -0.333768
vn 0.993955 0.004301 -0.109708
vn 0.934676 -0.101961 -0.340565
vn 0.974709 -0.141261 -0.173170
vn 0.947565 -0.206636 -0.243766
vn 0.915501 -0.054742 -0.398574
vn 0.839234 -0.406806 -0.360826
vn 0.832287 -0.200613 -0.516771
vn 0.976816 0.184711 0.108226
vn 0.996472 0.028211 0.079049
vn 0.975215 -0.220914 0.012386
vn 0.862392 -0.498206 -0.089835
vn 0.665371 -0.724501 -0.179943
vn 0.599337 -0.768164 -0.225209
vn 0.627902 -0.740525 -0.239506
vn 0.992806 -0.116091 0.029318
vn 0.985134 0.098978 -0.140411
vn 0.453095 0.855597 0.250317
vn 0.726959 0.660186 0.188907
vn 0.949616 0.282536 0.135658
vn 0.931626 0.060667 0.358318
vn 0.499050 0.696663 0.515374
vn 0.237128 0.622849 0.745540
vn 0.570886 0.508538 0.644576
vn 0.730680 0.526515 0.434614
vn 0.865954 0.471757 0.166042
vn 0.677155 0.679601 0.282142
vn 0.286406 0.802405 0.523562
vn 0.872427 0.453802 0.181480
vn 0.999945 -0.003291 0.009962
vn 0.943823 0.292395 0.153957
vn 0.990496 -0.084392 0.108609
vn 0.966039 -0.256906 -0.027711
vn 0.874646 -0.484039 -0.026458
vn 0.909808 -0.412873 0.042260
vn 0.704481 -0.709603 0.013014
vn 0.718210 -0.695780 -0.008029
vn 0.540337 -0.841291 -0.016283
vn 0.612854 -0.788605 0.050123
vn 0.793766 -0.546562 0.266842
vn 0.282856 -0.958829 0.025307
vn 0.249488 -0.804447 0.539092
vn 0.100145 -0.994768 0.020181
vn 0.000444 -0.999995 -0.003123
vn -0.003287 -0.823169 0.567786
vn 0.976636 -0.178843 0.119153
vn 0.887563 -0.416884 0.196063
vn 0.904871 0.419472 0.072474
vn 0.785545 0.596562 0.164416
vn 0.432253 0.830147 0.352154
vn 0.897550 0.440128 0.026297
vn 0.970514 -0.234966 0.053797
vn 0.945995 -0.322308 0.034794
vn 0.890300 -0.451041 0.062672
vn 0.740734 -0.658806 0.131483
vn 0.570469 -0.799530 0.187928
vn 0.834930 0.533785 0.134035
vn 0.553297 0.780597 0.290741
vn 0.914165 0.391517 0.104960
vn 0.908919 0.409752 0.077260
vn 0.919614 0.378581 0.104820
vn 0.896017 0.437474 0.075957
vn 0.867764 0.492533 0.066314
vn 0.761548 0.603251 0.236926
vn -0.000000 0.899142 0.437656
vn -0.000000 0.784360 0.620306
vn 0.000000 0.920214 0.391415
vn 0.000000 0.819887 0.572526
vn 0.944730 -0.272059 0.182945
vn 0.872647 -0.440934 0.209916
vn 0.920726 -0.345238 0.181865
vn 0.916622 -0.367335 0.157699
vn 0.865099 -0.475841 0.158679
vn 0.725394 -0.661133 0.191589
vn 0.580498 -0.784195 0.219229
vn 0.393479 -0.891345 0.225118
vn 0.856401 -0.513717 -0.051690
vn 0.207800 -0.944732 0.253577
vn 0.492363 -0.686307 -0.535314
vn 0.001235 -0.959130 0.282965
vn -0.008430 -0.743524 -0.668657
vn 0.931165 -0.318307 0.177802
vn 0.868849 -0.447183 0.212437
vn 0.886161 -0.430682 0.170973
vn 0.882640 -0.448392 0.141037
vn 0.816082 -0.558721 0.147790
vn 0.676313 -0.717015 0.168789
vn 0.528255 -0.828723 0.184838
vn 0.381164 -0.900930 0.207460
vn 0.212805 -0.951009 0.224267
vn 0.000005 -0.971165 0.238407
vn 0.901894 -0.394223 0.176564
vn 0.827931 -0.514171 0.223961
vn 0.851781 -0.502016 0.149834
vn 0.850880 -0.510355 0.124666
vn 0.782928 -0.608391 0.129936
vn 0.835206 -0.507084 0.212832
vn 0.780487 -0.571199 0.254111
vn 0.813333 -0.552217 0.183157
vn 0.827050 -0.536823 0.166761
vn 0.757009 -0.631269 0.168632
vn 0.607714 -0.776203 0.167907
vn 0.641489 -0.750911 0.156923
vn 0.779180 -0.621317 0.082728
vn 0.836310 -0.537792 0.106607
vn 0.851845 -0.519237 -0.068948
vn 0.770051 -0.634120 -0.070098
vn 0.836393 -0.524429 -0.159439
vn 0.743055 -0.660132 -0.109979
vn 0.791304 -0.568603 -0.224787
vn 0.700006 -0.691835 -0.177075
vn 0.711161 -0.638795 -0.293584
vn 0.800007 -0.556049 -0.225387
vn 0.198031 -0.969444 0.144780
vn 0.358033 -0.919645 0.161445
vn 0.495526 -0.851616 0.170891
vn -0.000370 -0.990470 0.137727
vn 0.424601 -0.892109 0.154450
vn 0.258595 -0.958173 0.122613
vn 0.126369 -0.987524 0.093953
vn -0.000730 -0.996592 0.082490
vn 0.798085 -0.548682 -0.249017
vn 0.835137 -0.527778 -0.154909
vn 0.834171 -0.549885 -0.042253
vn 0.819430 -0.564927 0.096917
vn 0.691016 -0.641782 -0.332585
vn 0.803989 -0.594471 -0.014383
vn 0.771034 -0.622690 -0.133279
vn 0.818222 -0.564060 0.111129
vn 0.707287 -0.697484 0.115159
vn 0.642718 -0.766095 -0.003401
vn 0.522414 -0.847245 0.096226
vn 0.418234 -0.908328 -0.004445
vn 0.223966 -0.974416 -0.018756
vn 0.319494 -0.945606 0.061257
vn 0.095624 -0.994878 -0.032767
vn 0.159398 -0.986654 0.033255
vn 0.023954 -0.998736 -0.044185
vn 0.061798 -0.997984 0.014455
vn -0.000245 -0.998872 -0.047476
vn -0.001477 -0.999943 0.010586
vn 0.707163 -0.661287 -0.250241
vn 0.563983 -0.817748 -0.114942
vn 0.486347 -0.843738 -0.227097
vn 0.252183 -0.948795 -0.190242
vn 0.311835 -0.944863 -0.099961
vn 0.145180 -0.985217 -0.090938
vn 0.041226 -0.995489 -0.085454
vn -0.012784 -0.996487 -0.082764
vn 0.004283 -0.997118 -0.075744
vn 0.113762 -0.980074 -0.162829
vn 0.014912 -0.989257 -0.145422
vn -0.014048 -0.990429 -0.137309
vn 0.007373 -0.992301 -0.123634
vn 0.000768 -0.968293 -0.249818
vn 0.022779 -0.959906 -0.279394
vn 0.000009 -0.952248 -0.305326
vn -0.015007 -0.951775 -0.306431
vn 0.148740 -0.928589 -0.339998
vn 0.415543 -0.835828 -0.358770
vn 0.649149 -0.738957 -0.180411
vn 0.570081 -0.782389 -0.250751
vn 0.602311 -0.711661 -0.361607
vn 0.105778 -0.934077 -0.341046
vn 0.369395 -0.866279 -0.336317
vn 0.487306 -0.818082 -0.305409
vn 0.246614 0.817747 0.520069
vn 0.000000 0.960364 0.278749
vn 0.890945 0.452570 -0.037369
vn 0.750886 0.603890 0.267371
vn 0.862578 0.499002 -0.083404
vn 0.905683 0.423897 0.007038
vn 0.871145 0.291040 -0.395477
vn 0.987490 -0.123357 -0.098219
vn 0.966999 0.229645 -0.110346
vn 0.156856 0.976186 -0.149855
vn -0.000000 0.993564 -0.113276
vn 0.922962 0.379732 -0.062806
vn 0.800557 0.589812 -0.105977
vn 0.938768 0.337169 -0.070938
vn 0.930273 0.364643 -0.040347
vn 0.893963 0.437650 -0.096400
vn 0.699033 0.698261 -0.154220
vn -0.185894 0.926698 -0.326610
vn -0.000000 0.949178 -0.314739
vn 0.858512 0.506547 -0.079793
vn 0.605982 0.787149 -0.114819
vn 0.845968 0.528759 -0.068939
vn 0.568299 0.816206 -0.104141
vn 0.829806 0.554171 -0.065698
vn 0.490795 0.864666 -0.107115
vn 0.780539 0.620348 -0.076985
vn 0.416133 0.901305 -0.120345
vn 0.673373 0.736551 -0.063729
vn 0.321940 0.936904 -0.136255
vn 0.740956 0.669338 0.054504
vn 0.251799 0.960061 -0.121987
vn -0.592588 0.626913 -0.505786
vn 0.723609 0.634702 -0.271188
vn 0.681764 0.731298 -0.020024
vn 0.026480 0.600651 -0.799073
vn 0.682484 0.663410 -0.306761
vn 0.340003 0.249120 -0.906828
vn -0.507792 0.843323 -0.175937
vn 0.687458 0.723543 -0.062351
vn 0.721058 0.689246 -0.070819
vn -0.703384 0.708763 0.053913
vn 0.740716 0.670353 -0.044357
vn 0.532659 0.846309 -0.006029
vn 0.754300 0.626128 -0.197473
vn 0.489865 0.871012 -0.037012
vn 0.667089 0.712901 -0.216251
vn 0.946292 0.245535 -0.210343
vn 0.592142 0.739886 -0.319275
vn -0.497388 0.628520 0.597970
vn -0.208109 0.587176 0.782250
vn 0.230671 0.973026 0.003425
vn 0.000000 0.999565 0.029505
vn 0.000000 0.387086 0.922044
vn -0.615646 0.121932 -0.778533
vn -0.273294 0.061789 -0.959944
vn 0.000000 0.017529 -0.999846
vn 0.000000 0.044286 -0.999019
vn -0.218842 -0.100278 -0.970594
vn -0.320325 -0.499605 -0.804852
vn -0.115210 -0.918935 -0.377206
vn 0.000000 -0.029488 -0.999565
vn -0.000000 -0.492249 -0.870454
vn 0.000000 -0.928265 -0.371920
vn 0.403148 0.906573 0.124887
vn 0.168757 0.967881 0.186353
vn 0.382609 0.406082 -0.829884
vn 0.548384 0.105244 -0.829577
vn -0.000000 0.997802 -0.066261
vn 0.318930 0.944946 -0.073216
vn 0.308675 0.919761 -0.242404
vn 0.000000 0.974605 -0.223931
vn 0.704312 0.619307 -0.346992
vn 0.318123 0.852598 -0.414577
vn -0.000000 0.896320 -0.443408
vn 0.271133 -0.962369 0.018248
vn 0.477018 -0.878628 0.021604
vn 0.116256 -0.992947 0.023274
vn 0.000000 -0.999677 0.025418
vn 0.736511 -0.675736 0.030548
vn 0.976902 -0.155619 0.146445
vn 0.959443 0.255660 0.118772
vn 0.688607 0.725016 -0.013079
vn 0.298148 0.954413 -0.014275
vn 0.000000 0.999328 -0.036659
vn 0.129927 0.753743 0.644198
vn 0.332581 0.677716 0.655814
vn -0.000000 0.836231 0.548377
vn 0.526611 0.382460 0.759214
vn 0.652017 -0.028068 0.757685
vn 0.523722 -0.540054 0.658831
vn 0.375250 -0.797019 0.473231
vn 0.245985 -0.871819 0.423584
vn 0.104367 -0.911618 0.397568
vn 0.000000 -0.928131 0.372253
vn 0.194332 0.979905 -0.044951
vn 0.271461 0.961793 -0.035544
vn 0.602162 0.798327 -0.008716
vn 0.563155 0.825723 -0.032219
vn 0.994745 0.049495 0.089624
vn 0.997961 0.041236 0.048715
vn 0.868988 0.494074 0.027406
vn 0.875203 0.477765 0.075902
vn 0.872515 -0.484882 0.060057
vn 0.877102 -0.477003 0.056213
vn 0.612649 -0.789830 0.028811
vn 0.614540 -0.787141 0.052438
vn 0.337197 -0.941408 -0.007050
vn 0.365788 -0.929408 0.048986
vn 0.163536 -0.986488 -0.009829
vn 0.177582 -0.982790 0.050885
vn 0.000000 -0.999934 -0.011463
vn 0.000000 -0.998705 0.050883
vn 0.352782 0.934752 0.042242
vn 0.640028 0.763030 0.090270
vn 0.995902 -0.011056 0.089762
vn 0.886792 0.457732 0.063884
vn 0.863980 -0.490531 0.113660
vn 0.613058 -0.779359 0.129462
vn 0.379957 -0.914249 0.140647
vn 0.184356 -0.972238 0.144104
vn -0.000000 -0.989289 0.145972
vn 0.433380 0.896936 0.087680
vn 0.716920 0.675261 0.173345
vn 0.982159 -0.076788 0.171663
vn 0.913758 0.379554 0.144861
vn 0.843571 -0.500350 0.195033
vn 0.607699 -0.764739 0.214185
vn 0.383683 -0.895649 0.224945
vn 0.185141 -0.955802 0.228398
vn -0.000000 -0.973371 0.229234
vn 0.988721 -0.149511 0.008786
vn 0.960834 0.276942 -0.010065
vn 0.856246 -0.516235 0.018528
vn 0.632038 -0.773175 0.052227
vn 0.401992 -0.911739 0.084469
vn 0.191981 -0.975937 0.103391
vn -0.000000 -0.994434 0.105359
vn 0.000000 -0.994716 -0.102662
vn 0.194288 -0.975204 -0.105968
vn 0.404062 -0.905327 -0.130831
vn 0.629078 -0.756554 -0.178566
vn 0.831939 -0.499437 -0.241746
vn 0.941114 -0.180254 -0.286031
vn 0.932782 0.247091 -0.262418
vn 0.795262 0.552482 -0.249646
vn 0.829688 0.556084 0.048874
vn 0.568857 0.696746 -0.436975
vn 0.676801 0.703194 -0.217852
vn 0.853868 0.519836 -0.026067
vn 0.678560 0.652408 -0.337521
vn 0.302381 0.789161 -0.534594
vn 0.445913 0.797586 -0.406224
vn 0.000000 -0.637461 0.770483
vn 0.316843 -0.578636 0.751526
vn 0.313356 -0.393280 0.864372
vn 0.000000 -0.405613 0.914045
vn 0.483406 -0.106225 0.868928
vn 0.000000 -0.073777 0.997275
vn 0.495862 0.128084 0.858903
vn -0.000000 0.166239 0.986086
vn -0.000000 0.500299 0.865853
vn 0.507924 0.430173 0.746300
vn 0.000000 0.713407 0.700750
vn 0.487395 0.646532 0.586892
vn -0.000000 0.920677 0.390326
vn 0.358047 0.862653 0.357257
vn 0.529917 -0.747024 -0.401426
vn -0.476658 0.671789 -0.567006
vn -0.663026 0.508830 -0.549081
vn 0.729018 -0.563982 -0.387888
vn -0.787352 0.265227 -0.556535
vn 0.874422 -0.312061 -0.371490
vn -0.000000 -0.903639 -0.428294
vn -0.000001 0.826267 -0.563278
vn -0.264408 0.777093 -0.571152
vn 0.279820 -0.863040 -0.420550
vn 0.929391 -0.068954 -0.362600
vn -0.848695 0.073746 -0.523716
vn -0.823768 -0.118842 -0.554331
vn 0.920335 0.167608 -0.353400
vn -0.744906 -0.364932 -0.558516
vn 0.841255 0.401473 -0.362090
vn -0.658689 -0.533550 -0.530522
vn 0.720839 0.578988 -0.381004
vn -0.462397 -0.677183 -0.572375
vn 0.527374 0.756174 -0.387400
vn -0.245659 -0.800263 -0.547020
vn 0.296485 0.871815 -0.389917
vn 0.000000 -0.816826 -0.576884
vn 0.000000 0.920227 -0.391386
vn -0.510646 0.718569 -0.472123
vn -0.696004 0.540039 -0.473219
vn -0.843991 0.291302 -0.450359
vn 0.000003 0.864163 -0.503213
vn -0.274854 0.828450 -0.487981
vn -0.878877 0.080132 -0.470271
vn -0.886931 -0.119249 -0.446243
vn -0.805013 -0.394509 -0.443077
vn -0.688394 -0.557525 -0.463982
vn -0.512965 -0.742678 -0.430461
vn -0.265804 -0.851886 -0.451263
vn -0.000001 -0.904006 -0.427520
vn 0.000000 -0.015355 -0.999882
vn 0.310172 0.328769 -0.892023
vn 0.000000 0.518187 -0.855267
vn -0.000000 0.951585 -0.307386
vn 0.557415 0.730825 -0.393934
vn 0.824772 0.351991 -0.442553
vn 0.620156 -0.045071 -0.783183
vn 0.885894 0.130261 -0.445224
vn 0.693180 -0.304138 -0.653454
vn 0.963505 -0.005372 -0.267638
vn 0.722266 -0.326401 -0.609750
vn 0.999314 -0.036556 0.005981
vn 0.792856 -0.298005 -0.531576
vn 0.998633 0.010094 0.051290
vn 0.810679 -0.100808 -0.576747
vn 0.999992 0.003757 0.001195
vn 0.773249 0.106092 -0.625164
vn 0.949356 -0.243171 -0.198974
vn 0.566245 0.030925 -0.823657
vn 0.398608 -0.776932 -0.487328
vn 0.226683 -0.275389 -0.934225
vn 0.000000 -0.870602 -0.491988
vn 0.000000 -0.358239 -0.933630
vn 0.467582 -0.579509 -0.667485
vn -0.000000 -0.769800 -0.638285
vn -0.000000 0.774714 0.632311
vn 0.125416 0.746326 0.653658
vn 0.226992 0.967994 0.107059
vn 0.000000 0.990633 0.136551
vn 0.207426 0.619113 0.757412
vn 0.299551 0.353610 0.886132
vn 0.772931 0.492410 0.400137
vn 0.584403 0.761765 0.279619
vn 0.330742 0.033266 0.943135
vn 0.934812 -0.032059 0.353692
vn 0.240971 -0.261963 0.934510
vn 0.811264 -0.530600 0.245589
vn 0.092112 -0.295428 0.950914
vn 0.568530 -0.807635 0.156521
vn 0.032845 -0.045228 0.998437
vn 0.305870 -0.944761 0.117775
vn 0.001299 0.000508 0.999999
vn 0.144911 -0.983904 0.104567
vn 0.000000 0.029211 0.999573
vn -0.000000 -0.995427 0.095531
vn 0.000000 0.492968 0.870048
vn 0.149278 -0.781127 -0.606264
vn -0.000000 -0.806539 -0.591180
vn -0.000000 -0.941847 -0.336041
vn 0.208974 -0.915912 -0.342688
vn 0.401504 -0.817691 -0.412524
vn 0.314485 -0.728072 -0.609106
vn 0.615003 -0.636348 -0.465653
vn 0.508084 -0.570418 -0.645348
vn 0.849142 -0.346530 -0.398591
vn 0.613169 -0.289101 -0.735149
vn 0.918610 -0.048025 -0.392237
vn 0.657226 -0.052699 -0.751849
vn 0.895482 0.176959 -0.408409
vn 0.665873 0.145623 -0.731715
vn 0.802528 0.425698 -0.418007
vn 0.613556 0.411382 -0.674028
vn 0.608895 0.684607 -0.400700
vn 0.502120 0.602021 -0.620843
vn 0.413971 0.817027 -0.401367
vn 0.375623 0.682166 -0.627341
vn 0.218680 0.898395 -0.380874
vn 0.184186 0.720029 -0.669055
vn -0.000000 0.925831 -0.377937
vn -0.000000 0.736372 -0.676577
vn 0.172451 -0.889931 -0.422236
vn -0.000000 -0.907378 -0.420316
vn 0.359186 -0.826832 -0.432821
vn 0.574742 -0.652042 -0.494483
vn 0.715261 -0.374825 -0.589837
vn 0.755484 -0.084771 -0.649660
vn 0.753039 0.186235 -0.631069
vn 0.690743 0.479562 -0.541197
vn 0.583710 0.684290 -0.437070
vn 0.464803 0.775517 -0.427237
vn 0.242988 0.861074 -0.446664
vn -0.000000 -0.988681 0.150036
vn 0.233705 -0.965201 0.117345
vn 0.458254 -0.886524 0.063856
vn 0.750161 -0.660875 0.022427
vn 0.936270 -0.350560 0.022523
vn 0.996779 -0.050450 0.062339
vn 0.971628 0.223522 0.077316
vn 0.875219 0.478898 0.068177
vn 0.682809 0.722757 0.106739
vn 0.455249 0.876950 0.153969
vn 0.237691 0.951194 0.196806
vn -0.000000 0.982301 0.187310
vn 0.905051 0.421875 0.053899
vn 0.911825 0.407955 0.046353
vn 0.634063 -0.725245 0.268298
vn 0.579276 -0.776035 0.249416
vn 0.439847 -0.854332 0.276860
vn 0.950486 0.285011 0.123875
vn 0.409087 -0.865003 0.290546
vn 0.970606 0.215501 0.107156
vn 0.856896 0.375753 0.352901
vn 0.685692 -0.465891 0.559260
vn 0.474333 0.414979 0.776403
vn 0.459995 -0.139629 0.876874
vn 0.000000 0.547525 0.836789
vn 0.000001 0.206137 0.978523
vn 0.484234 -0.819495 0.306506
vn 0.960930 0.273496 0.042577
vn 0.536100 -0.839967 0.083977
vn 0.567465 -0.822485 -0.038767
vn 0.958384 0.278316 -0.063560
vn 0.953267 0.302125 -0.001559
vn 0.580096 -0.813604 -0.039204
vn 0.640842 -0.744151 -0.188575
vn 0.913135 -0.014111 -0.407413
vn 0.968786 0.120224 -0.216794
vn 0.921557 0.117480 -0.370042
vn 0.916557 0.398028 0.038698
vn 0.975932 -0.165788 -0.141674
vn 0.995752 -0.091972 0.004496
vn 0.615652 0.786628 -0.046795
vn 0.810245 0.562002 -0.166304
vn 0.585146 0.808137 -0.067220
vn 0.991331 -0.120724 0.051857
vn 0.853758 0.290972 -0.431779
vn 0.920217 -0.226065 -0.319524
vn 0.856707 0.307151 -0.414381
vn 0.000000 0.965003 0.262238
vn -0.000000 0.946559 -0.322531
vn -0.847761 0.509601 -0.146998
vn -0.811314 0.577599 -0.090275
vn 0.000000 0.987990 -0.154515
vn 0.000000 0.978939 -0.204155
vn -0.788003 0.609942 -0.083793
vn -0.797472 0.598107 -0.079409
vn 0.000000 0.991302 -0.131606
vn 0.000000 0.990690 -0.136138
vn -0.789162 0.607988 -0.087029
vn 0.000000 0.989909 -0.141704
vn -0.796452 0.596859 -0.097076
vn 0.000000 0.987028 -0.160552
vn -0.741071 0.661637 -0.114242
vn 0.000000 0.985419 -0.170148
vn -0.000000 0.973957 -0.226733
vn -0.783559 0.605140 -0.140858
vn -0.811267 0.527033 -0.253144
vn -0.000000 0.901285 -0.433226
vn -0.783410 0.563050 -0.263142
vn 0.000000 0.774936 -0.632040
vn -0.606639 0.785630 -0.121552
vn -0.649831 0.753071 -0.102970
vn -0.593141 0.798161 -0.105461
vn -0.620584 0.776254 -0.110927
vn -0.608921 0.783183 -0.125855
vn 0.067019 0.771476 -0.632719
vn -0.464114 0.800573 -0.379053
vn -0.915174 0.365698 -0.169475
vn -0.024406 0.746144 -0.665337
vn -0.000000 0.544610 -0.838690
vn 0.000000 0.695778 0.718256
vn -0.000000 -0.841366 -0.540465
vn 0.444501 -0.709897 -0.546319
vn 0.000000 0.913577 -0.406666
vn -0.000000 0.720799 0.693145
vn -0.997999 0.018155 -0.060562
vn -0.956945 0.045287 -0.286716
vn -0.992190 -0.093380 0.082695
vn -0.917567 -0.194183 0.346936
vn -0.484838 -0.075618 0.871329
vn 0.000000 -0.000014 1.000000
vn -0.687278 0.036863 -0.725458
vn 0.000000 0.012181 -0.999926
vn -0.863980 0.492061 -0.106839
vn -0.595519 0.791932 -0.134912
vn 0.387777 0.914303 -0.116954
vn 0.704161 0.708011 -0.053647
vn 0.036170 0.557580 0.829335
vn 0.294721 0.333363 -0.895550
vn -0.352078 0.313769 -0.881811
vn -0.444755 0.410612 0.795984
vn -0.736903 0.605245 -0.301086
vn -0.063876 0.395545 -0.916223
vn -0.967798 0.116484 -0.223158
vn 0.276627 0.653775 -0.704312
vn 0.353112 0.307791 -0.883502
vn 0.933200 -0.352655 0.069080
vn 0.990462 0.096660 -0.098189
vn -0.175681 0.928350 0.327570
vn -0.236681 0.592822 0.769769
vn -0.815718 0.571482 -0.089510
vn -0.974408 0.114327 0.193540
vn 0.911164 -0.288159 0.294525
vn 0.282169 0.366125 0.886754
vn 0.961847 0.127630 0.241996
vn -0.561637 0.815520 -0.139610
vn 0.454088 0.888303 0.068709
vn 0.748719 0.615807 0.245359
vn 0.607936 0.793141 0.036618
vn 0.351032 0.934353 -0.061323
vn 0.251014 0.967257 -0.037503
vn 0.972332 0.230429 -0.038391
vn 0.975536 0.219070 0.018389
vn 0.227955 0.973591 -0.012523
vn 0.566250 0.810897 -0.147671
vn 0.896818 0.199549 -0.394838
vn 0.970691 0.193047 0.143150
vn 0.148060 0.988613 0.026892
vn 0.657666 0.752455 0.035872
vn -0.404279 0.904870 -0.133297
vn -0.399279 0.701554 -0.590253
vn 0.352301 0.930097 -0.103943
vn 0.659634 0.751570 0.005090
vn -0.660038 0.748810 -0.060271
vn 0.690524 0.722273 0.038696
vn -0.599703 0.789696 -0.129372
vn 0.907252 0.258624 0.331674
vn 0.156570 0.858446 0.488421
vn 0.753864 0.646252 0.118522
vn -0.552775 0.803859 -0.219660
vn -0.402468 0.914755 -0.035241
vn 0.520150 0.853849 0.019636
vn 0.543764 0.240358 -0.804083
vn 0.236421 0.409926 -0.880946
vn 0.446661 0.894476 0.020175
vn 0.489704 0.695785 0.525427
vn 0.602114 0.785008 -0.145671
vn 0.848122 0.281525 0.448813
vn 0.307576 0.823849 0.476098
vn 0.758076 0.643947 -0.103216
vn 0.000000 0.999956 -0.009372
vn -0.000000 0.999348 -0.036106
vn -0.000000 0.999806 0.019675
vn 0.581993 0.788329 -0.199557
vn 0.678964 0.712082 -0.178736
vn -0.000000 0.875896 0.482500
vn 0.343136 0.896543 0.280122
vn 0.391618 0.877060 0.278211
vn 0.307103 0.888742 0.340332
vn 0.526414 0.744505 0.410609
vn 0.700744 0.602159 -0.382573
vn 0.465647 0.729670 -0.500754
vn 0.915483 0.363738 0.172006
vn -0.812173 0.572946 -0.110039
vn 0.000000 0.982026 -0.188744
vn 0.982674 0.177386 -0.053731
vn -0.117757 -0.992901 -0.016764
vn -0.198848 -0.979892 0.016448
vn 0.998078 0.034494 -0.051487
vn -0.222993 -0.972783 0.062980
vn 0.997041 -0.074676 -0.018263
vn -0.227304 -0.968770 0.099081
vn 0.952780 -0.302154 0.030229
vn -0.174816 -0.976558 0.125593
vn 0.928108 -0.368853 0.050632
vn -0.032164 -0.951832 0.304929
vn 0.971949 -0.182667 0.148150
vn 0.017080 -0.836633 0.547498
vn 0.955134 0.125164 0.268427
vn 0.000000 -0.999988 -0.004861
vn -0.000000 -0.999771 0.021393
vn -0.000000 -0.844454 0.535628
vn 0.000000 -0.994777 0.102077
vn 0.000000 -0.997761 0.066877
vn -0.000000 -0.957298 0.289105
vn -0.000000 -0.991999 0.126250
vn 0.728031 -0.567973 -0.383898
vn 0.524409 -0.752710 -0.398023
vn 0.871839 -0.319146 -0.371540
vn 0.275527 -0.871324 -0.406054
vn -0.000000 -0.911437 -0.411439
vn 0.917174 0.183512 -0.353716
vn 0.930279 -0.062399 -0.361508
vn 0.842521 0.404364 -0.355877
vn 0.726135 0.585862 -0.359851
vn 0.528582 0.765346 -0.367216
vn 0.295946 0.882113 -0.366461
vn 0.000000 0.929839 -0.367968
vn 0.000000 0.926946 -0.375194
vn 0.275361 0.878002 -0.391521
vn 0.514810 0.749345 -0.416478
vn 0.709169 0.562580 -0.424952
vn 0.809441 0.397968 -0.431771
vn 0.875079 0.198303 -0.441490
vn 0.895018 -0.067080 -0.440957
vn 0.844713 -0.313537 -0.433767
vn 0.712088 -0.550735 -0.435455
vn 0.514610 -0.740259 -0.432659
vn 0.259864 -0.869277 -0.420510
vn -0.000001 -0.913359 -0.407156
vn 0.000000 0.955737 -0.294222
vn 0.000000 0.572736 0.819740
vn 0.181254 0.593824 0.783913
vn 0.291872 0.899958 -0.323863
vn 0.000000 -0.554856 0.831947
vn -0.000001 -0.950612 -0.310382
vn 0.270935 -0.900449 -0.340275
vn 0.156598 -0.583943 0.796547
vn 0.615705 0.348189 0.706875
vn 0.828659 0.415596 -0.374971
vn 0.732309 0.573406 -0.367329
vn 0.503395 0.462732 0.729707
vn 0.724552 0.161664 0.669992
vn 0.896163 0.205825 -0.393101
vn 0.769276 -0.044002 0.637399
vn 0.918450 -0.078934 -0.387581
vn 0.353304 0.552435 0.754979
vn 0.537771 0.764252 -0.355979
vn 0.709836 -0.258530 0.655206
vn 0.872752 -0.320489 -0.368225
vn 0.571477 -0.459354 0.680005
vn 0.739905 -0.558934 -0.374343
vn 0.372809 -0.555264 0.743435
vn 0.538452 -0.759075 -0.365889
vn 0.173598 0.779581 -0.601762
vn 0.481591 0.795617 -0.367510
vn 0.976759 0.144096 0.158679
vn 0.969135 0.058822 0.239411
vn 0.579921 0.656874 -0.481880
vn 0.996691 0.062512 0.051947
vn 0.485537 0.860020 -0.156908
vn 0.860491 0.509025 -0.021169
vn 0.891418 0.451499 -0.039034
vn 0.867088 0.494114 -0.063325
vn 0.907254 0.368656 -0.202441
vn 0.912548 -0.362039 -0.190221
vn 0.968467 0.104469 -0.226182
vn 0.730581 0.329510 -0.598060
vn 0.439802 0.842488 -0.311109
vn 0.241578 0.948983 -0.202661
vn -0.000000 0.596273 -0.802782
vn -0.000000 0.973065 0.230532
vn -0.000000 0.984633 -0.174635
vn 0.243173 0.868600 0.431743
vn 0.965768 0.239854 0.098807
vn 0.976128 0.088650 0.198282
vn 0.435520 0.402392 0.805235
vn 0.261989 0.936917 0.231405
vn 0.975502 0.174083 0.134502
vn 0.245226 0.968444 0.044511
vn 0.979580 0.198115 0.034250
vn 0.155233 0.979793 -0.126129
vn 0.983006 0.172349 -0.063202
vn 0.988635 -0.119318 -0.091458
vn 0.470294 -0.766545 -0.437302
vn 0.544690 -0.549816 -0.633257
vn 0.963254 -0.171527 -0.206691
vn 0.986221 -0.162791 0.029466
vn 0.476317 -0.866718 -0.148062
vn 0.976354 -0.190616 0.101969
vn 0.484863 -0.873212 0.049086
vn 0.998215 -0.041732 -0.042724
vn 0.491797 -0.868720 0.058834
vn 0.974184 0.184203 -0.130515
vn 0.562278 0.393291 -0.727437
vn 0.329538 0.401208 -0.854656
vn 0.329616 0.175712 -0.927620
vn 0.254247 -0.670431 0.697051
vn 0.994422 0.094906 0.046019
vn 0.296468 -0.811411 0.503705
vn 0.004135 0.445093 0.895475
vn 0.005117 -0.668954 -0.743286
vn -0.000000 0.889083 0.457746
vn -0.000000 0.972896 0.231241
vn -0.000000 0.999355 0.035903
vn 0.000000 -0.859501 -0.511134
vn 0.000000 -0.974371 -0.224946
vn -0.000000 -0.999697 0.024610
vn 0.000000 -0.812273 0.583278
vn 0.000000 -0.702530 0.711655
vn -0.008729 0.994106 -0.108060
vn -0.000000 -0.996351 0.085353
vn 0.507576 -0.861023 0.031700
vn -0.137434 0.181465 -0.973747
vn 0.030308 -0.871494 0.489469
vn -0.469081 0.875250 0.117900
vn -0.541153 0.840833 -0.012402
vn -0.779966 0.612514 0.128372
vn -0.830091 0.557574 0.007742
vn -0.926887 0.354930 0.122086
vn -0.950808 0.309711 -0.006626
vn -0.570079 0.754418 -0.325368
vn -0.872334 0.423752 -0.243859
vn -0.952384 0.150934 -0.264921
vn -0.984827 0.165907 -0.050892
vn -0.943255 -0.009054 -0.331946
vn -0.993939 0.004608 -0.109833
vn -0.934993 -0.119946 -0.333769
vn -0.974595 -0.140250 -0.174629
vn -0.934676 -0.101961 -0.340565
vn -0.947294 -0.203758 -0.247219
vn -0.915501 -0.054742 -0.398574
vn -0.839338 -0.401839 -0.366112
vn -0.832287 -0.200613 -0.516772
vn -0.976816 0.184711 0.108226
vn -0.996478 0.028153 0.078989
vn -0.974616 -0.223534 0.012519
vn -0.863003 -0.497102 -0.090090
vn -0.671339 -0.717552 -0.185535
vn -0.608988 -0.758498 -0.231981
vn -0.984141 0.084423 -0.156011
vn -0.991559 -0.125815 0.031314
vn -0.640181 -0.726772 -0.248938
vn -0.453095 0.855597 0.250318
vn -0.931626 0.060666 0.358318
vn -0.949616 0.282536 0.135658
vn -0.726959 0.660186 0.188907
vn -0.499050 0.696663 0.515374
vn -0.730680 0.526515 0.434614
vn -0.570885 0.508538 0.644576
vn -0.237128 0.622849 0.745540
vn -0.677155 0.679601 0.282142
vn -0.865954 0.471757 0.166042
vn -0.286406 0.802405 0.523562
vn -0.872427 0.453802 0.181481
vn -0.999945 -0.003292 0.009962
vn -0.943823 0.292395 0.153957
vn -0.966039 -0.256906 -0.027711
vn -0.990496 -0.084392 0.108609
vn -0.874647 -0.484039 -0.026458
vn -0.909808 -0.412873 0.042260
vn -0.704481 -0.709603 0.013014
vn -0.718210 -0.695780 -0.008029
vn -0.819128 -0.500230 0.280712
vn -0.541310 -0.840750 -0.011068
vn -0.656490 -0.753112 0.042935
vn -0.281333 -0.959073 0.032099
vn -0.254858 -0.801230 0.541366
vn -0.101343 -0.994663 0.019377
vn -0.887563 -0.416884 0.196063
vn -0.976636 -0.178843 0.119153
vn -0.785545 0.596562 0.164416
vn -0.904871 0.419472 0.072474
vn -0.432253 0.830147 0.352155
vn -0.897550 0.440128 0.026297
vn -0.970513 -0.234968 0.053796
vn -0.945994 -0.322311 0.034790
vn -0.890302 -0.451039 0.062666
vn -0.740733 -0.658808 0.131482
vn -0.618027 -0.765506 0.179005
vn -0.873636 -0.484697 -0.042763
vn -0.553297 0.780597 0.290741
vn -0.834930 0.533785 0.134035
vn -0.914165 0.391517 0.104960
vn -0.908919 0.409752 0.077260
vn -0.919614 0.378581 0.104820
vn -0.896017 0.437474 0.075957
vn -0.867764 0.492533 0.066314
vn -0.761548 0.603251 0.236926
vn -0.944731 -0.272063 0.182937
vn -0.872556 -0.441099 0.209948
vn -0.920747 -0.345202 0.181828
vn -0.916628 -0.367330 0.157679
vn -0.865114 -0.475819 0.158666
vn -0.725388 -0.661140 0.191587
vn -0.592753 -0.776950 0.212115
vn -0.397961 -0.893605 0.207598
vn -0.210395 -0.945255 0.249455
vn -0.498677 -0.686992 -0.528549
vn -0.931319 -0.317982 0.177575
vn -0.868274 -0.448191 0.212661
vn -0.886591 -0.429915 0.170672
vn -0.883487 -0.446610 0.141385
vn -0.816126 -0.558259 0.149283
vn -0.674807 -0.718139 0.170032
vn -0.528082 -0.828814 0.184924
vn -0.381167 -0.900931 0.207448
vn -0.212789 -0.951014 0.224261
vn -0.826204 -0.516666 0.224594
vn -0.902453 -0.392987 0.176465
vn -0.852463 -0.500911 0.149651
vn -0.852393 -0.508036 0.123797
vn -0.782779 -0.608713 0.129329
vn -0.780731 -0.570836 0.254176
vn -0.835406 -0.506669 0.213035
vn -0.813864 -0.551434 0.183154
vn -0.827158 -0.536939 0.165854
vn -0.757018 -0.631689 0.167009
vn -0.607694 -0.776418 0.166982
vn -0.639268 -0.752780 0.157032
vn -0.779205 -0.621283 0.082750
vn -0.770051 -0.634120 -0.070098
vn -0.851844 -0.519238 -0.068947
vn -0.836321 -0.537773 0.106619
vn -0.836393 -0.524430 -0.159439
vn -0.743055 -0.660132 -0.109979
vn -0.700006 -0.691835 -0.177075
vn -0.791304 -0.568603 -0.224787
vn -0.800007 -0.556049 -0.225387
vn -0.711161 -0.638795 -0.293583
vn -0.357692 -0.919801 0.161319
vn -0.198058 -0.969473 0.144549
vn -0.495043 -0.851883 0.170961
vn -0.424067 -0.892370 0.154414
vn -0.257672 -0.958426 0.122579
vn -0.126507 -0.987503 0.093987
vn -0.798084 -0.548683 -0.249017
vn -0.835132 -0.527788 -0.154904
vn -0.834158 -0.549906 -0.042241
vn -0.819450 -0.564890 0.096956
vn -0.691016 -0.641783 -0.332584
vn -0.771027 -0.622701 -0.133267
vn -0.803977 -0.594487 -0.014356
vn -0.817745 -0.564663 0.111574
vn -0.642618 -0.766179 -0.003374
vn -0.707291 -0.697354 0.115917
vn -0.417778 -0.908538 -0.004590
vn -0.523323 -0.846653 0.096501
vn -0.222518 -0.974740 -0.019173
vn -0.318771 -0.945859 0.061113
vn -0.096497 -0.994797 -0.032668
vn -0.157777 -0.986931 0.032758
vn -0.025771 -0.998729 -0.043314
vn -0.062255 -0.997964 0.013880
vn -0.707165 -0.661288 -0.250233
vn -0.485800 -0.844084 -0.226982
vn -0.563500 -0.818082 -0.114939
vn -0.252877 -0.948605 -0.190268
vn -0.311658 -0.944931 -0.099871
vn -0.145220 -0.985268 -0.090323
vn -0.045407 -0.995352 -0.084925
vn 0.011255 -0.996604 -0.081567
vn -0.116114 -0.979875 -0.162368
vn -0.015525 -0.989281 -0.145196
vn 0.013146 -0.990318 -0.138196
vn -0.023341 -0.959759 -0.279852
vn 0.015013 -0.951770 -0.306444
vn -0.148792 -0.928590 -0.339974
vn -0.415354 -0.835954 -0.358695
vn -0.649149 -0.738957 -0.180411
vn -0.570081 -0.782389 -0.250751
vn -0.602312 -0.711660 -0.361608
vn -0.105775 -0.934075 -0.341051
vn -0.369384 -0.866282 -0.336320
vn -0.487306 -0.818082 -0.305409
vn -0.246614 0.817747 0.520069
vn -0.750886 0.603890 0.267371
vn -0.890945 0.452570 -0.037369
vn -0.862578 0.499002 -0.083404
vn -0.905683 0.423897 0.007038
vn -0.871145 0.291040 -0.395477
vn -0.966999 0.229645 -0.110346
vn -0.987490 -0.123357 -0.098219
vn -0.156856 0.976186 -0.149855
vn -0.800557 0.589812 -0.105977
vn -0.922962 0.379732 -0.062806
vn -0.930273 0.364643 -0.040347
vn -0.938768 0.337169 -0.070938
vn -0.699033 0.698261 -0.154220
vn -0.893963 0.437650 -0.096400
vn 0.185894 0.926698 -0.326610
vn -0.605982 0.787149 -0.114819
vn -0.858512 0.506547 -0.079793
vn -0.568299 0.816206 -0.104141
vn -0.845968 0.528759 -0.068939
vn -0.490795 0.864666 -0.107115
vn -0.829806 0.554171 -0.065698
vn -0.416133 0.901305 -0.120346
vn -0.780539 0.620348 -0.076985
vn -0.673373 0.736551 -0.063729
vn -0.321941 0.936904 -0.136255
vn -0.251799 0.960061 -0.121987
vn -0.740956 0.669338 0.054503
vn 0.592589 0.626912 -0.505786
vn 0.507792 0.843323 -0.175937
vn -0.687458 0.723543 -0.062351
vn -0.681764 0.731298 -0.020024
vn -0.026480 0.600651 -0.799073
vn -0.682484 0.663410 -0.306761
vn -0.340002 0.249120 -0.906828
vn 0.703384 0.708762 0.053913
vn -0.721058 0.689246 -0.070819
vn -0.532659 0.846309 -0.006030
vn -0.740716 0.670352 -0.044357
vn -0.754300 0.626128 -0.197472
vn -0.489865 0.871012 -0.037012
vn -0.667089 0.712901 -0.216251
vn -0.592142 0.739886 -0.319275
vn -0.946292 0.245535 -0.210343
vn 0.497388 0.628520 0.597970
vn 0.208109 0.587176 0.782250
vn -0.230671 0.973026 0.003425
vn 0.615646 0.121933 -0.778533
vn 0.273294 0.061789 -0.959944
vn 0.218842 -0.100278 -0.970594
vn 0.115211 -0.918935 -0.377206
vn 0.320326 -0.499605 -0.804852
vn -0.403148 0.906573 0.124887
vn -0.548384 0.105244 -0.829577
vn -0.382610 0.406082 -0.829884
vn -0.168757 0.967881 0.186353
vn -0.308675 0.919761 -0.242404
vn -0.318930 0.944946 -0.073216
vn -0.704312 0.619307 -0.346992
vn -0.318123 0.852598 -0.414577
vn -0.271133 -0.962369 0.018248
vn -0.477018 -0.878628 0.021604
vn -0.116256 -0.992947 0.023274
vn -0.736511 -0.675736 0.030548
vn -0.976902 -0.155619 0.146445
vn -0.921557 0.117480 -0.370041
vn -0.688607 0.725017 -0.013079
vn -0.959443 0.255661 0.118772
vn -0.298148 0.954413 -0.014275
vn -0.129927 0.753743 0.644198
vn -0.332580 0.677716 0.655814
vn -0.526611 0.382460 0.759214
vn -0.652017 -0.028068 0.757685
vn -0.523721 -0.540054 0.658831
vn -0.375250 -0.797019 0.473231
vn -0.245985 -0.871819 0.423584
vn -0.104367 -0.911618 0.397568
vn -0.194332 0.979905 -0.044951
vn -0.563155 0.825723 -0.032219
vn -0.602162 0.798327 -0.008716
vn -0.271461 0.961793 -0.035544
vn -0.994745 0.049495 0.089624
vn -0.875203 0.477765 0.075902
vn -0.868988 0.494074 0.027406
vn -0.997961 0.041236 0.048715
vn -0.872515 -0.484882 0.060057
vn -0.877102 -0.477003 0.056213
vn -0.612649 -0.789830 0.028811
vn -0.614540 -0.787141 0.052438
vn -0.337197 -0.941408 -0.007050
vn -0.365788 -0.929408 0.048986
vn -0.163536 -0.986488 -0.009828
vn -0.177582 -0.982790 0.050885
vn -0.640029 0.763030 0.090270
vn -0.352782 0.934752 0.042242
vn -0.886792 0.457732 0.063884
vn -0.995902 -0.011056 0.089762
vn -0.863980 -0.490531 0.113660
vn -0.613057 -0.779359 0.129462
vn -0.379957 -0.914249 0.140647
vn -0.184356 -0.972238 0.144104
vn -0.433380 0.896936 0.087680
vn -0.716920 0.675261 0.173344
vn -0.982159 -0.076788 0.171663
vn -0.913758 0.379554 0.144861
vn -0.843571 -0.500350 0.195033
vn -0.607699 -0.764739 0.214185
vn -0.383683 -0.895649 0.224945
vn -0.185141 -0.955802 0.228398
vn -0.960834 0.276942 -0.010065
vn -0.988721 -0.149511 0.008786
vn -0.856246 -0.516235 0.018528
vn -0.632038 -0.773175 0.052227
vn -0.401992 -0.911738 0.084469
vn -0.191981 -0.975937 0.103391
vn -0.194288 -0.975204 -0.105968
vn -0.404062 -0.905327 -0.130830
vn -0.629079 -0.756554 -0.178566
vn -0.831939 -0.499437 -0.241746
vn -0.941114 -0.180254 -0.286031
vn -0.932783 0.247090 -0.262417
vn -0.795262 0.552481 -0.249645
vn -0.829688 0.556084 0.048874
vn -0.568857 0.696746 -0.436975
vn -0.678560 0.652408 -0.337520
vn -0.853868 0.519836 -0.026067
vn -0.676800 0.703194 -0.217852
vn -0.302380 0.789161 -0.534594
vn -0.445912 0.797587 -0.406225
vn -0.313356 -0.393280 0.864372
vn -0.317785 -0.580078 0.750015
vn -0.483112 -0.106321 0.869079
vn -0.495565 0.128116 0.859070
vn -0.507793 0.430250 0.746345
vn -0.487376 0.646545 0.586893
vn -0.358047 0.862653 0.357257
vn -0.529916 -0.747025 -0.401426
vn -0.729018 -0.563982 -0.387888
vn 0.663028 0.508829 -0.549079
vn 0.476661 0.671788 -0.567005
vn -0.874422 -0.312061 -0.371490
vn 0.787353 0.265226 -0.556534
vn -0.279820 -0.863041 -0.420550
vn 0.264408 0.777093 -0.571152
vn -0.929391 -0.068954 -0.362600
vn -0.920335 0.167608 -0.353399
vn 0.823768 -0.118842 -0.554331
vn 0.848695 0.073746 -0.523716
vn -0.841255 0.401473 -0.362090
vn 0.744906 -0.364931 -0.558516
vn -0.720838 0.578989 -0.381004
vn 0.658689 -0.533550 -0.530522
vn -0.527374 0.756174 -0.387400
vn 0.462399 -0.677182 -0.572374
vn -0.296484 0.871815 -0.389917
vn 0.245662 -0.800262 -0.547020
vn 0.696004 0.540039 -0.473219
vn 0.510647 0.718568 -0.472123
vn 0.843991 0.291301 -0.450359
vn 0.274858 0.828449 -0.487981
vn 0.886931 -0.119249 -0.446243
vn 0.878877 0.080131 -0.470271
vn 0.805012 -0.394509 -0.443078
vn 0.688393 -0.557527 -0.463982
vn 0.512963 -0.742679 -0.430461
vn 0.265802 -0.851887 -0.451263
vn -0.310172 0.328769 -0.892023
vn -0.557415 0.730825 -0.393934
vn -0.620155 -0.045071 -0.783183
vn -0.824772 0.351991 -0.442553
vn -0.693179 -0.304138 -0.653455
vn -0.885894 0.130261 -0.445224
vn -0.722266 -0.326401 -0.609750
vn -0.963482 -0.005383 -0.267717
vn -0.792856 -0.298005 -0.531575
vn -0.999315 -0.036581 0.005666
vn -0.810679 -0.100808 -0.576747
vn -0.998647 0.010038 0.051030
vn -0.773249 0.106092 -0.625164
vn -0.999993 0.003657 0.000998
vn -0.566242 0.030925 -0.823659
vn -0.949356 -0.243171 -0.198974
vn -0.226680 -0.275389 -0.934225
vn -0.398607 -0.776932 -0.487328
vn -0.467582 -0.579509 -0.667486
vn -0.226992 0.967994 0.107059
vn -0.125416 0.746326 0.653658
vn -0.207426 0.619113 0.757412
vn -0.584403 0.761765 0.279619
vn -0.772932 0.492410 0.400137
vn -0.299551 0.353610 0.886132
vn -0.934812 -0.032059 0.353692
vn -0.330742 0.033266 0.943135
vn -0.811264 -0.530600 0.245589
vn -0.240971 -0.261963 0.934510
vn -0.568530 -0.807635 0.156522
vn -0.092111 -0.295428 0.950914
vn -0.305870 -0.944761 0.117775
vn -0.032845 -0.045228 0.998437
vn -0.144911 -0.983904 0.104567
vn -0.001299 0.000508 0.999999
vn -0.149278 -0.781128 -0.606264
vn -0.208974 -0.915912 -0.342688
vn -0.314485 -0.728072 -0.609106
vn -0.401504 -0.817691 -0.412524
vn -0.508084 -0.570418 -0.645348
vn -0.615003 -0.636348 -0.465653
vn -0.613169 -0.289101 -0.735150
vn -0.849142 -0.346530 -0.398591
vn -0.657226 -0.052699 -0.751849
vn -0.918610 -0.048025 -0.392237
vn -0.665872 0.145623 -0.731716
vn -0.895482 0.176959 -0.408409
vn -0.613556 0.411382 -0.674028
vn -0.802528 0.425698 -0.418008
vn -0.502120 0.602021 -0.620843
vn -0.608895 0.684607 -0.400700
vn -0.375624 0.682166 -0.627341
vn -0.413971 0.817027 -0.401367
vn -0.184186 0.720028 -0.669055
vn -0.218680 0.898395 -0.380874
vn -0.172452 -0.889931 -0.422236
vn -0.359186 -0.826832 -0.432820
vn -0.574742 -0.652042 -0.494482
vn -0.715261 -0.374825 -0.589837
vn -0.755484 -0.084771 -0.649660
vn -0.753040 0.186235 -0.631069
vn -0.690743 0.479562 -0.541197
vn -0.583710 0.684289 -0.437070
vn -0.464803 0.775517 -0.427237
vn -0.242988 0.861074 -0.446664
vn -0.233705 -0.965201 0.117345
vn -0.458254 -0.886524 0.063856
vn -0.750161 -0.660875 0.022427
vn -0.936269 -0.350560 0.022523
vn -0.996779 -0.050450 0.062339
vn -0.971628 0.223522 0.077316
vn -0.875219 0.478898 0.068178
vn -0.682810 0.722757 0.106739
vn -0.455250 0.876950 0.153969
vn -0.237691 0.951194 0.196806
vn -0.905051 0.421874 0.053899
vn -0.579277 -0.776035 0.249416
vn -0.634063 -0.725245 0.268298
vn -0.911825 0.407955 0.046353
vn -0.950486 0.285011 0.123875
vn -0.439847 -0.854332 0.276860
vn -0.970606 0.215501 0.107156
vn -0.409088 -0.865003 0.290546
vn -0.685692 -0.465891 0.559261
vn -0.856896 0.375753 0.352901
vn -0.459995 -0.139629 0.876875
vn -0.474332 0.414979 0.776403
vn -0.960930 0.273496 0.042577
vn -0.484234 -0.819495 0.306506
vn -0.536099 -0.839967 0.083977
vn -0.953267 0.302125 -0.001559
vn -0.958384 0.278316 -0.063560
vn -0.567465 -0.822485 -0.038767
vn -0.580096 -0.813604 -0.039204
vn -0.968786 0.120224 -0.216794
vn -0.913135 -0.014111 -0.407413
vn -0.640842 -0.744151 -0.188575
vn -0.916556 0.398028 0.038698
vn -0.975932 -0.165788 -0.141674
vn -0.810245 0.562002 -0.166304
vn -0.615652 0.786628 -0.046795
vn -0.995752 -0.091972 0.004496
vn -0.585146 0.808137 -0.067220
vn -0.991331 -0.120724 0.051857
vn -0.920217 -0.226065 -0.319524
vn -0.853758 0.290972 -0.431779
vn -0.856707 0.307151 -0.414381
vn 0.847761 0.509601 -0.146998
vn 0.811314 0.577599 -0.090275
vn 0.788003 0.609942 -0.083793
vn 0.797472 0.598107 -0.079409
vn 0.789162 0.607988 -0.087029
vn 0.796452 0.596859 -0.097076
vn 0.741071 0.661637 -0.114242
vn 0.811268 0.527032 -0.253143
vn 0.783559 0.605140 -0.140858
vn 0.783411 0.563049 -0.263142
vn 0.606640 0.785629 -0.121552
vn 0.649831 0.753071 -0.102970
vn 0.593142 0.798161 -0.105461
vn 0.620584 0.776254 -0.110927
vn 0.608921 0.783183 -0.125855
vn -0.067019 0.771476 -0.632719
vn 0.024405 0.746144 -0.665337
vn 0.915174 0.365698 -0.169475
vn 0.464115 0.800573 -0.379052
vn -0.444501 -0.709897 -0.546319
vn 0.956945 0.045287 -0.286716
vn 0.997999 0.018155 -0.060562
vn 0.992190 -0.093380 0.082695
vn 0.917567 -0.194183 0.346935
vn 0.484838 -0.075618 0.871329
vn 0.687278 0.036864 -0.725458
vn 0.863980 0.492062 -0.106839
vn 0.595519 0.791932 -0.134912
vn -0.387777 0.914303 -0.116954
vn -0.704161 0.708011 -0.053647
vn -0.036170 0.557579 0.829335
vn 0.444760 0.410611 0.795982
vn 0.352079 0.313769 -0.881810
vn -0.294718 0.333363 -0.895550
vn 0.063877 0.395545 -0.916223
vn 0.736903 0.605245 -0.301085
vn 0.967798 0.116484 -0.223157
vn -0.933200 -0.352655 0.069080
vn -0.353111 0.307792 -0.883503
vn -0.276625 0.653776 -0.704312
vn -0.990462 0.096660 -0.098190
vn 0.815718 0.571482 -0.089510
vn 0.236684 0.592822 0.769768
vn 0.175682 0.928350 0.327570
vn 0.974408 0.114327 0.193540
vn -0.282168 0.366125 0.886755
vn -0.911164 -0.288159 0.294525
vn -0.961846 0.127630 0.241996
vn 0.561637 0.815520 -0.139610
vn -0.454088 0.888303 0.068709
vn -0.748719 0.615807 0.245359
vn -0.607936 0.793141 0.036618
vn -0.351032 0.934353 -0.061323
vn -0.251014 0.967257 -0.037503
vn -0.227955 0.973591 -0.012523
vn -0.975536 0.219070 0.018389
vn -0.972332 0.230428 -0.038391
vn -0.896819 0.199549 -0.394838
vn -0.566250 0.810897 -0.147671
vn -0.148060 0.988613 0.026892
vn -0.970691 0.193047 0.143150
vn -0.657666 0.752455 0.035872
vn -0.352299 0.930098 -0.103943
vn 0.399279 0.701554 -0.590252
vn 0.404279 0.904870 -0.133297
vn 0.660038 0.748810 -0.060271
vn -0.659634 0.751570 0.005090
vn 0.599703 0.789695 -0.129372
vn -0.690524 0.722273 0.038696
vn -0.156570 0.858446 0.488421
vn -0.907252 0.258624 0.331674
vn 0.552775 0.803859 -0.219660
vn -0.753864 0.646252 0.118522
vn 0.402467 0.914756 -0.035242
vn -0.543766 0.240357 -0.804082
vn -0.520150 0.853850 0.019636
vn -0.446660 0.894476 0.020175
vn -0.236422 0.409926 -0.880946
vn -0.489705 0.695784 0.525427
vn -0.848122 0.281524 0.448813
vn -0.602115 0.785008 -0.145671
vn -0.758075 0.643947 -0.103216
vn -0.307578 0.823849 0.476098
vn -0.678965 0.712082 -0.178736
vn -0.581993 0.788328 -0.199557
vn -0.343137 0.896543 0.280122
vn -0.391618 0.877060 0.278211
vn -0.307105 0.888741 0.340332
vn -0.526415 0.744505 0.410609
vn -0.700744 0.602160 -0.382573
vn -0.465648 0.729670 -0.500753
vn -0.915483 0.363738 0.172006
vn 0.812173 0.572946 -0.110039
vn -0.982673 0.177386 -0.053731
vn -0.998078 0.034494 -0.051487
vn 0.198848 -0.979892 0.016448
vn 0.117757 -0.992901 -0.016764
vn -0.997041 -0.074676 -0.018263
vn 0.222993 -0.972783 0.062980
vn -0.952780 -0.302154 0.030229
vn 0.227304 -0.968770 0.099081
vn -0.928108 -0.368852 0.050632
vn 0.174816 -0.976558 0.125593
vn -0.971949 -0.182666 0.148150
vn 0.032164 -0.951832 0.304929
vn -0.955134 0.125164 0.268426
vn -0.017080 -0.836633 0.547498
vn -0.524409 -0.752710 -0.398023
vn -0.728031 -0.567973 -0.383898
vn -0.871839 -0.319146 -0.371540
vn -0.275527 -0.871324 -0.406054
vn -0.917174 0.183512 -0.353716
vn -0.930279 -0.062399 -0.361508
vn -0.842521 0.404364 -0.355877
vn -0.726135 0.585863 -0.359851
vn -0.528582 0.765346 -0.367216
vn -0.295946 0.882113 -0.366461
vn -0.275361 0.878002 -0.391521
vn -0.514809 0.749345 -0.416478
vn -0.709169 0.562580 -0.424951
vn -0.809441 0.397968 -0.431772
vn -0.875078 0.198303 -0.441490
vn -0.895018 -0.067080 -0.440957
vn -0.844713 -0.313537 -0.433768
vn -0.712088 -0.550736 -0.435455
vn -0.514610 -0.740259 -0.432659
vn -0.259865 -0.869277 -0.420510
vn -0.291872 0.899958 -0.323863
vn -0.181254 0.593824 0.783913
vn -0.156596 -0.583943 0.796548
vn -0.270935 -0.900448 -0.340275
vn -0.615703 0.348189 0.706877
vn -0.503398 0.462732 0.729706
vn -0.732309 0.573406 -0.367329
vn -0.828659 0.415597 -0.374971
vn -0.896163 0.205825 -0.393101
vn -0.724550 0.161664 0.669994
vn -0.918450 -0.078934 -0.387581
vn -0.769278 -0.044001 0.637398
vn -0.353308 0.552434 0.754977
vn -0.537771 0.764252 -0.355979
vn -0.872752 -0.320489 -0.368225
vn -0.709837 -0.258529 0.655205
vn -0.739905 -0.558934 -0.374343
vn -0.571475 -0.459356 0.680007
vn -0.538452 -0.759075 -0.365889
vn -0.372808 -0.555264 0.743435
vn -0.173596 0.779581 -0.601762
vn -0.481591 0.795617 -0.367510
vn -0.579921 0.656874 -0.481880
vn -0.969135 0.058822 0.239412
vn -0.976759 0.144096 0.158679
vn -0.996691 0.062512 0.051947
vn -0.485536 0.860020 -0.156908
vn -0.860492 0.509025 -0.021169
vn -0.891417 0.451499 -0.039034
vn -0.867088 0.494114 -0.063325
vn -0.907254 0.368656 -0.202441
vn -0.912548 -0.362039 -0.190221
vn -0.730581 0.329509 -0.598060
vn -0.968467 0.104469 -0.226182
vn -0.439802 0.842488 -0.311109
vn -0.241578 0.948983 -0.202661
vn -0.723609 0.634703 -0.271189
vn -0.243173 0.868599 0.431743
vn -0.425585 0.368124 0.826657
vn -0.968394 0.036204 0.246786
vn -0.965768 0.239854 0.098807
vn -0.975502 0.174083 0.134502
vn -0.261989 0.936917 0.231406
vn -0.979580 0.198115 0.034250
vn -0.245226 0.968444 0.044512
vn -0.982440 0.176323 -0.061002
vn -0.180898 0.975993 -0.121300
vn -0.988635 -0.119318 -0.091458
vn -0.960109 -0.211253 -0.183202
vn -0.534105 -0.575053 -0.619715
vn -0.470294 -0.766545 -0.437302
vn -0.476317 -0.866718 -0.148062
vn -0.986221 -0.162791 0.029465
vn -0.484863 -0.873212 0.049086
vn -0.976354 -0.190616 0.101969
vn -0.491797 -0.868720 0.058834
vn -0.998444 -0.037242 -0.041514
vn -0.974237 0.186058 -0.127455
vn -0.540622 0.136222 -0.830163
vn -0.513186 0.358847 -0.779659
vn -0.666634 0.379669 -0.641444
vn -0.254247 -0.670431 0.697051
vn -0.296469 -0.811411 0.503705
vn -0.994978 0.087570 0.048482
vn -0.502998 -0.864226 0.010266
vn 0.000000 0.844921 -0.534891
vn 0.000000 0.768776 0.639518
vn -0.236072 0.709038 0.664481
vn -0.261666 0.800797 -0.538754
vn 0.261667 0.800797 -0.538753
vn 0.236073 0.709038 0.664481
vn -0.451187 0.525255 0.721483
vn -0.568181 0.609058 -0.553370
vn 0.568181 0.609058 -0.553370
vn 0.451187 0.525255 0.721483
vn 0.792541 0.319508 -0.519417
vn 0.602614 0.283654 0.745920
vn 0.859916 0.018074 -0.510116
vn 0.666437 0.090241 0.740080
vn 0.759950 -0.265191 -0.593422
vn 0.694057 -0.143887 0.705395
vn 0.608388 -0.485911 -0.627499
vn 0.638992 -0.436163 0.633602
vn 0.478854 -0.560726 -0.675489
vn 0.477487 -0.718069 0.506343
vn 0.359631 -0.641417 -0.677679
vn 0.285614 -0.837279 0.466249
vn 0.151131 -0.683127 -0.714491
vn 0.167678 -0.894103 0.415288
vn -0.000001 -0.685234 -0.728323
vn 0.000000 -0.920446 0.390870
vn -0.151131 -0.683127 -0.714491
vn -0.167677 -0.894103 0.415288
vn -0.359630 -0.641418 -0.677680
vn -0.285613 -0.837279 0.466249
vn -0.602613 0.283654 0.745920
vn -0.792540 0.319508 -0.519418
vn -0.666436 0.090241 0.740081
vn -0.859914 0.018074 -0.510119
vn -0.694108 -0.143946 0.705332
vn -0.759983 -0.265245 -0.593356
vn -0.639073 -0.436224 0.633477
vn -0.608460 -0.485959 -0.627391
vn -0.477541 -0.718083 0.506272
vn -0.478912 -0.560757 -0.675422
vn 0.357154 0.931716 0.065927
vn -0.000000 0.999230 0.039245
vn -0.000000 0.993895 0.110328
vn 0.352540 0.925942 0.135451
vn 0.332134 0.931188 0.150252
vn 0.644779 0.741865 0.184109
vn 0.702542 0.685948 0.189497
vn 0.698460 0.705861 0.117961
vn 0.905582 0.357950 0.227580
vn 0.910699 0.392641 0.128298
vn 0.909484 0.365754 0.197643
vn 0.988105 0.121185 0.094669
vn 0.982548 0.095389 0.159686
vn 0.980323 -0.015113 0.196819
vn 0.984170 -0.175249 0.026420
vn 0.972785 -0.216751 0.081900
vn 0.920251 -0.368779 0.130920
vn 0.850609 -0.525757 -0.006576
vn 0.861250 -0.503278 -0.070427
vn 0.736378 -0.674441 0.053637
vn 0.680560 -0.728879 -0.074657
vn 0.670394 -0.725046 -0.157735
vn 0.544998 -0.838424 -0.004833
vn 0.487561 -0.837871 -0.245473
vn 0.498468 -0.854144 -0.148219
vn 0.266222 -0.936841 -0.226836
vn 0.256578 -0.910634 -0.323904
vn 0.169796 -0.982581 -0.075523
vn 0.000000 -0.996503 -0.083559
vn 0.353874 -0.934011 -0.048951
vn -0.000000 0.988461 0.151473
vn -0.022325 -0.969450 -0.244272
vn -0.020881 -0.936969 -0.348788
vn -0.357155 0.931716 0.065927
vn -0.352540 0.925942 0.135451
vn -0.332134 0.931188 0.150252
vn -0.644779 0.741865 0.184109
vn -0.702542 0.685948 0.189497
vn -0.698460 0.705861 0.117961
vn -0.905582 0.357950 0.227580
vn -0.910699 0.392641 0.128298
vn -0.909484 0.365754 0.197643
vn -0.988105 0.121185 0.094669
vn -0.982548 0.095389 0.159686
vn -0.980323 -0.015113 0.196819
vn -0.984170 -0.175247 0.026421
vn -0.972785 -0.216751 0.081900
vn -0.920252 -0.368776 0.130922
vn -0.844679 -0.535167 -0.010666
vn -0.858843 -0.507451 -0.069876
vn -0.736377 -0.674442 0.053636
vn -0.658392 -0.750812 -0.052937
vn -0.662055 -0.733944 -0.151690
vn -0.544996 -0.838425 -0.004832
vn -0.479576 -0.847673 -0.226840
vn -0.468916 -0.878070 -0.095448
vn -0.271656 -0.944878 -0.182779
vn -0.272067 -0.914576 -0.299217
vn -0.169796 -0.982581 -0.075523
vn -0.353874 -0.934011 -0.048951
vn -0.737828 -0.660043 -0.141256
vn -0.533333 -0.822373 -0.198137
vn -0.933398 -0.354150 -0.057837
vn -0.999163 -0.020322 0.035509
vn -0.976306 0.194824 0.094184
vn -0.915978 0.383714 0.117250
vn -0.760853 0.640727 0.102822
vn -0.446533 0.893110 0.054438
vn -0.000000 0.999585 0.028815
vn 0.446533 0.893110 0.054438
vn 0.760853 0.640727 0.102822
vn 0.915978 0.383714 0.117251
vn 0.976306 0.194824 0.094184
vn 0.999163 -0.020209 0.035564
vn 0.932209 -0.357220 -0.058147
vn 0.744677 -0.651466 -0.145081
vn 0.529383 -0.824073 -0.201639
vn 0.166599 -0.936366 0.308971
vn 0.512944 -0.788273 0.339874
vn 0.736446 -0.310807 -0.600872
vn 0.708888 -0.316494 -0.630325
vn 0.756729 -0.354826 -0.549053
vn 0.800119 -0.380995 0.463305
vn 0.872573 -0.206195 -0.442831
vn 0.845166 0.010162 0.534407
vn 0.793026 0.223173 0.566837
vn 0.924045 0.027734 -0.381277
vn 0.705703 0.381463 0.597051
vn 0.885935 0.257239 -0.385938
vn 0.551864 0.568796 0.609850
vn 0.708289 0.550164 -0.442319
vn 0.353620 0.792489 -0.496904
vn 0.324569 0.740789 0.588122
vn 0.000002 0.827968 0.560775
vn 0.000001 0.844414 -0.535691
vn -0.324565 0.740788 0.588125
vn -0.353615 0.792490 -0.496907
vn -0.708288 0.550164 -0.442321
vn -0.551862 0.568796 0.609852
vn -0.705703 0.381462 0.597051
vn -0.885934 0.257240 -0.385940
vn -0.793026 0.223172 0.566836
vn -0.924045 0.027734 -0.381277
vn -0.845164 0.010170 0.534410
vn -0.872575 -0.206199 -0.442827
vn -0.744326 -0.418265 -0.520608
vn -0.809986 -0.346228 0.473338
vn -0.694620 -0.392864 -0.602629
vn -0.406513 -0.802705 0.436362
vn -0.054107 -0.894370 0.444043
vn -0.703611 -0.390306 -0.593796
vn 0.534183 -0.744787 -0.399926
vn 0.097435 -0.914972 -0.391577
vn 0.089070 -0.294225 -0.951577
vn 0.421389 -0.337521 -0.841730
vn -0.509159 -0.735821 -0.446459
vn -0.504660 -0.239584 -0.829408
vn -0.941782 -0.218318 -0.255701
vn -0.515099 -0.451745 -0.728422
vn 0.056661 -0.895486 0.441469
vn -0.116049 -0.457602 -0.881551
vn 0.031392 -0.957443 0.286911
vn 0.420461 -0.412631 -0.808052
vn 0.056048 -0.940887 0.334051
vn -0.075126 0.648294 -0.757675
vn 0.931327 -0.230484 -0.281970
vn 0.027101 -0.823440 0.566756
vn 0.807901 -0.529944 0.257788
vn 0.906797 0.163621 -0.388521
vn -0.064121 0.626212 -0.777011
vn -0.910768 0.179867 -0.371685
vn -0.791000 -0.552087 0.263665
vn 0.768606 -0.612176 0.185704
vn 0.014436 -0.920552 0.390353
vn 0.032854 -0.973241 0.227425
vn 0.796133 -0.604259 0.032302
vn 0.002251 0.876014 -0.482281
vn 0.903162 0.301472 -0.305635
vn 0.744098 0.545862 -0.385166
vn 0.007098 0.884656 -0.466190
vn -0.779093 -0.598057 0.187994
vn -0.905576 0.302548 -0.297316
vn -0.783104 0.503480 -0.365041
vn -0.795572 -0.603634 0.051876
vn 0.825400 -0.509347 0.243474
vn 0.852782 0.209354 -0.478471
vn 0.001537 -0.822532 0.568717
vn -0.022111 0.605103 -0.795840
vn -0.852473 0.243241 -0.462735
vn -0.832903 -0.499776 0.237691
vn 0.145573 0.970453 0.192430
vn 0.939381 -0.016691 0.342470
vn 0.931737 0.027590 -0.362083
vn 0.032895 0.999234 0.021189
vn 0.074380 0.963822 0.255958
vn 0.485172 -0.020881 0.874169
vn 0.051822 0.953572 0.296674
vn 0.417258 -0.039325 0.907937
vn 0.055419 0.924986 0.375937
vn 0.420742 0.003433 0.907174
vn 0.058225 0.850810 0.522238
vn 0.290293 0.067134 0.954580
vn -0.131702 0.970794 0.200532
vn -0.417067 0.272152 0.867173
vn -0.326470 0.944687 0.031364
vn -0.882421 0.147199 -0.446840
vn -0.230898 0.972848 -0.015884
vn -0.743920 0.159853 -0.648868
vn -0.191859 0.981072 -0.026223
vn -0.759686 0.106875 -0.641448
vn -0.100988 0.992997 -0.061303
vn -0.788322 0.058726 -0.612454
vn -0.067462 0.993817 -0.088182
vn -0.803809 0.018817 -0.594590
vn 0.997454 0.015457 0.069622
vn 0.100859 0.992325 -0.071547
vn -0.051969 0.988537 -0.141752
vn -0.784861 0.021831 -0.619287
vn 0.092329 0.991977 -0.086351
vn 0.957232 0.019039 0.288695
vn 0.903562 0.044025 0.426190
vn 0.085646 0.982395 -0.166025
vn -0.769847 -0.012815 -0.638100
vn -0.088888 0.974600 -0.205557
vn -0.051590 0.954686 -0.293111
vn -0.685678 -0.022199 -0.727567
vn 0.041709 0.885297 -0.463153
vn -0.500236 -0.006957 -0.865861
vn 0.783615 0.085415 0.615347
vn 0.186838 0.940193 -0.284832
vn 0.628692 0.136485 0.765584
vn 0.220981 0.929654 -0.294807
vn 0.066516 0.814896 -0.575778
vn -0.223639 -0.038759 -0.973901
vn 0.676836 0.103100 0.728879
vn 0.327601 0.930621 -0.163165
vn -0.091156 0.984301 0.151139
vn -0.076586 0.991401 0.106107
vn -0.029769 0.997498 0.064119
vn 0.074784 0.796452 -0.600059
vn 0.038704 -0.989147 0.141737
vn 0.944562 -0.094271 0.314510
vn 0.478345 -0.118091 0.870196
vn -0.061568 -0.977681 0.200871
vn -0.016354 -0.999217 0.036018
vn 0.930485 -0.058865 -0.361571
vn 0.402387 -0.164795 0.900515
vn -0.129993 -0.962552 0.237899
vn 0.412138 -0.203727 0.888053
vn -0.083653 -0.961228 0.262761
vn 0.304711 -0.168192 0.937477
vn 0.012165 -0.949048 0.314898
vn -0.405045 -0.260330 0.876451
vn -0.037002 -0.970411 0.238608
vn -0.204539 -0.970295 0.129198
vn -0.909437 -0.021888 -0.415265
vn -0.757777 0.014336 -0.652356
vn -0.103826 -0.980048 0.169486
vn -0.170156 -0.978962 0.112608
vn -0.759130 0.032361 -0.650134
vn -0.788409 -0.009643 -0.615076
vn -0.099045 -0.995082 0.001627
vn -0.803024 -0.032038 -0.595085
vn -0.095310 -0.994146 -0.050894
vn -0.786794 -0.062616 -0.614031
vn -0.087662 -0.994855 -0.050778
vn 0.009978 -0.988295 -0.152227
vn -0.766505 -0.086609 -0.636372
vn -0.688435 -0.117901 -0.715651
vn 0.140800 -0.955293 -0.259982
vn -0.499319 -0.170238 -0.849529
vn 0.264207 -0.898414 -0.350781
vn -0.181275 -0.332309 -0.925586
vn 0.342284 -0.859851 -0.378812
vn 0.216694 -0.333957 -0.917342
vn 0.316496 -0.859041 -0.402340
vn 0.357900 -0.869335 -0.340828
vn 0.604378 -0.002819 0.796693
vn 0.359348 -0.863603 -0.353637
vn 0.021773 -0.999716 -0.009720
vn 0.994389 -0.055975 0.089758
vn 0.943646 -0.050768 0.327041
vn 0.033881 -0.998200 -0.049480
vn 0.210575 -0.961856 -0.174618
vn 0.902189 -0.039877 0.429495
vn 0.306394 -0.903369 -0.300079
vn 0.792150 -0.014197 0.610161
vn -0.056066 -0.975949 0.210664
vn -0.131527 -0.975250 0.177732
vn -0.085794 -0.991814 0.094577
vn 0.010013 -0.999891 0.010857
vn 0.006122 -0.999929 -0.010206
vn 0.390624 -0.916124 -0.090164
vn 0.393200 -0.916491 -0.073743
vn 0.288372 -0.030581 0.957030
vn 0.271168 -0.029097 0.962092
vn 0.198725 -0.680659 0.705132
vn 0.200919 -0.716979 0.667512
vn -0.011147 -0.999780 0.017775
vn 0.652543 -0.020327 0.757479
vn 0.653636 0.016893 0.756620
vn 0.288319 0.030662 0.957044
vn -0.341197 -0.939953 -0.008568
vn -0.343017 -0.939036 -0.023442
vn -0.010822 -0.999858 -0.012952
vn 0.271132 0.029483 0.962091
vn -0.112048 0.019866 0.993504
vn -0.112312 -0.019124 0.993489
vn 0.397161 0.913923 -0.083714
vn 0.395314 0.912108 -0.108565
vn 0.007828 0.999379 -0.034366
vn 0.019612 0.993897 0.108552
vn 0.353642 0.932403 -0.074577
vn 0.013887 0.999596 0.024802
vn -0.004975 0.999289 0.037380
vn 0.196184 0.688823 0.697879
vn 0.200118 0.718649 0.665956
vn 0.376579 0.019837 -0.926172
vn 0.376415 -0.019771 -0.926240
vn 0.051236 -0.030968 -0.998206
vn 0.051147 0.031006 -0.998210
vn 0.031900 0.030074 -0.999039
vn 0.022275 0.676000 -0.736565
vn 0.035349 0.702895 -0.710415
vn -0.011241 0.998985 -0.043623
vn 0.031686 -0.029360 -0.999067
vn -0.337002 -0.015405 -0.941378
vn -0.336987 0.023671 -0.941212
vn 0.023798 -0.679462 -0.733324
vn 0.035416 -0.716778 -0.696401
vn -0.011502 0.994219 0.106754
vn 0.547705 -0.650431 0.526269
vn -0.152901 -0.685030 0.712289
vn 0.551784 0.668856 0.498162
vn 0.390919 0.918170 -0.064391
vn -0.346781 0.937945 0.001588
vn -0.149281 0.681539 0.716394
vn 0.354556 0.643702 -0.678187
vn -0.327976 0.638992 -0.695788
vn -0.362419 0.931225 -0.038383
vn 0.351454 -0.644497 -0.679046
vn -0.307941 -0.680859 -0.664533
vn 0.294186 0.953730 -0.062078
vn -0.959011 0.199875 0.200867
vn -0.958668 0.201589 0.200794
vn -0.162811 0.976766 -0.139359
vn -0.116844 0.979275 0.165435
vn 0.219063 0.964471 0.147673
vn 0.212754 0.960968 -0.176849
vn -0.000121 0.998071 -0.062086
vn -0.021377 0.998430 -0.051774
vn -0.335929 0.941721 -0.017692
vn -0.355249 0.934585 -0.018695
vn -0.357073 0.270155 -0.894156
vn -0.359780 0.254844 -0.897560
vn 0.224162 0.246647 -0.942824
vn 0.206196 0.286869 -0.935516
vn 0.412110 0.231312 0.881284
vn 0.399554 0.247137 0.882768
vn -0.141453 0.260245 0.955125
vn -0.153380 0.243372 0.957729
vn -0.362620 0.931742 -0.019078
vn -0.339216 0.940539 -0.017860
vn 0.969234 0.240990 0.050087
vn 0.965269 0.256452 0.049877
vn 0.333759 0.862463 0.380476
vn 0.605068 0.033689 0.795461
vn 0.997484 0.058932 0.039400
vn 0.260485 0.964675 0.039375
vn 0.192629 0.843586 0.501255
vn 0.386677 0.050642 0.920824
vn 0.031419 0.790962 0.611058
vn -0.002714 -0.003197 0.999991
vn 0.999407 0.027214 -0.021080
vn 0.326406 0.945225 -0.002986
vn -0.272777 0.961692 -0.027212
vn -0.951859 0.044775 -0.303248
vn -0.177248 0.982123 -0.063381
vn -0.897664 0.063271 -0.436116
vn 0.094311 0.995543 -0.000625
vn -0.538897 0.156875 -0.827635
vn 0.831774 -0.068978 -0.550812
vn 0.207610 0.808363 -0.550861
vn -0.683885 0.031656 -0.728903
vn -0.065523 0.846730 -0.527972
vn 0.023269 0.999372 0.026740
vn 0.043680 -0.940220 0.337754
vn 0.059371 -0.097455 0.993468
vn -0.946114 -0.093306 -0.310101
vn -0.230390 -0.958680 -0.166894
vn 0.179344 -0.960666 0.212030
vn 0.390722 -0.111930 0.913678
vn 0.303208 -0.928081 0.216172
vn 0.606434 -0.096599 0.789244
vn 0.184483 -0.981102 -0.058343
vn 0.982532 -0.185421 0.015835
vn 0.266257 -0.960330 -0.082910
vn 0.985412 -0.168125 -0.026404
vn 0.332021 -0.814137 -0.476386
vn 0.810212 -0.214956 -0.545298
vn 0.009831 -0.995114 -0.098246
vn -0.542376 -0.143726 -0.827751
vn -0.691668 -0.123971 -0.711496
vn -0.245866 -0.793850 -0.556195
vn -0.117128 -0.983580 -0.137304
vn -0.904867 -0.089382 -0.416204
vn 0.024414 -0.996464 -0.080391
vn 0.182753 -0.104858 -0.977551
vn 0.182319 0.104582 -0.977662
vn 0.859420 0.162464 0.484770
vn 0.859757 -0.161779 0.484403
vn 0.182971 -0.970898 -0.154526
vn 0.029319 -0.992363 -0.119814
vn 0.375435 -0.155912 -0.913641
vn 0.751060 -0.199383 0.629408
vn 0.091882 -0.975537 0.199714
vn 0.750891 0.199580 0.629548
vn 0.741937 0.247434 0.623142
vn 0.742432 -0.247084 0.622691
vn 0.033166 -0.966894 0.253014
vn -0.108538 -0.982818 0.149290
vn -0.077288 -0.990548 0.113319
vn 0.741114 -0.266666 0.616149
vn 0.033822 -0.972154 0.231891
vn 0.662012 -0.401795 0.632694
vn 0.661755 0.401484 0.633160
vn 0.554569 0.370428 0.745142
vn 0.549295 -0.384685 0.741817
vn 0.071687 -0.959655 0.271889
vn 0.107844 -0.968995 0.222301
vn 0.686854 -0.411766 0.598899
vn -0.097793 -0.860121 0.500629
vn -0.065794 -0.979992 0.187849
vn -0.842844 -0.334394 0.421657
vn -0.818863 0.387727 0.423239
vn -0.918944 0.384777 0.086542
vn -0.921964 -0.375694 0.094009
vn -0.790295 -0.563474 0.240688
vn -0.211513 -0.969800 0.121451
vn -0.231589 -0.960884 0.151883
vn -0.935070 -0.168766 -0.311708
vn -0.935355 0.168352 -0.311077
vn 0.558450 0.102499 -0.823182
vn 0.557532 -0.102338 -0.823823
vn 0.024336 -0.967144 -0.253061
vn -0.266558 -0.959694 0.089074
vn -0.960551 -0.259509 -0.099983
vn -0.859657 0.456984 0.228375
vn -0.457740 0.555219 0.694411
vn -0.471990 -0.634171 0.612416
vn -0.095294 -0.986207 0.135330
vn -0.046810 -0.993511 0.103658
vn -0.152823 -0.974917 0.161812
vn -0.372312 -0.928105 -0.002070
vn -0.238903 -0.965462 0.103961
vn -0.125832 -0.981828 0.142059
vn -0.366996 -0.304984 0.878805
vn -0.184017 -0.939973 0.287382
vn -0.864616 -0.242410 0.440087
vn -0.882078 0.183749 0.433791
vn -0.897372 0.306471 -0.317487
vn -0.912185 -0.239148 -0.332755
vn -0.911920 -0.287174 -0.293144
vn -0.393819 -0.919120 0.011179
vn -0.897968 0.322972 -0.298901
vn -0.973031 0.208710 -0.098243
vn 0.740821 0.266522 0.616563
vn 0.686810 0.411922 0.598843
vn 0.375498 0.154437 -0.913866
vn 0.029491 0.992262 -0.120610
vn 0.182745 0.970710 -0.155971
vn 0.091135 0.975466 0.200400
vn 0.032184 0.966458 0.254799
vn 0.033198 0.971731 0.233747
vn -0.078039 0.990360 0.114439
vn -0.109326 0.982473 0.150982
vn -0.366905 0.930259 0.000020
vn -0.284400 0.956309 0.067745
vn -0.244830 0.964043 0.103345
vn 0.025531 0.966762 -0.254399
vn -0.093366 0.976933 0.192054
vn -0.106334 0.983763 0.144581
vn 0.109658 0.968624 0.223029
vn 0.073045 0.959044 0.273677
vn -0.095791 0.985946 0.136876
vn -0.044522 0.993538 0.104400
vn -0.110590 0.967657 0.226736
vn -0.349168 0.273013 0.896407
vn -0.243418 0.957353 0.155637
vn -0.213343 0.972664 0.091702
vn -0.065717 0.979472 0.190568
vn -0.105209 0.853680 0.510060
vn -0.145573 0.970453 0.192430
vn -0.032895 0.999234 0.021189
vn -0.931737 0.027590 -0.362083
vn -0.939381 -0.016691 0.342470
vn -0.485172 -0.020881 0.874169
vn -0.074380 0.963822 0.255958
vn -0.417258 -0.039325 0.907937
vn -0.051822 0.953572 0.296674
vn -0.420742 0.003434 0.907174
vn -0.055419 0.924986 0.375937
vn -0.290293 0.067134 0.954580
vn -0.058225 0.850810 0.522238
vn 0.417066 0.272152 0.867173
vn 0.131702 0.970794 0.200531
vn 0.882420 0.147201 -0.446841
vn 0.326470 0.944687 0.031364
vn 0.743920 0.159853 -0.648868
vn 0.230898 0.972848 -0.015884
vn 0.759686 0.106875 -0.641448
vn 0.191859 0.981072 -0.026223
vn 0.788322 0.058725 -0.612454
vn 0.100988 0.992997 -0.061303
vn 0.803809 0.018817 -0.594590
vn 0.067462 0.993817 -0.088182
vn -0.100859 0.992325 -0.071547
vn -0.997454 0.015457 0.069622
vn 0.784861 0.021831 -0.619287
vn 0.051970 0.988537 -0.141752
vn -0.092329 0.991977 -0.086351
vn -0.085646 0.982395 -0.166025
vn -0.903562 0.044025 0.426190
vn -0.957232 0.019039 0.288695
vn 0.769847 -0.012815 -0.638100
vn 0.685677 -0.022199 -0.727567
vn 0.051590 0.954686 -0.293111
vn 0.088888 0.974600 -0.205557
vn 0.500235 -0.006957 -0.865862
vn -0.041709 0.885297 -0.463153
vn -0.186838 0.940193 -0.284832
vn -0.783615 0.085415 0.615347
vn -0.220981 0.929654 -0.294807
vn -0.628692 0.136485 0.765584
vn 0.223639 -0.038759 -0.973901
vn -0.066516 0.814896 -0.575778
vn -0.327600 0.930621 -0.163165
vn -0.676836 0.103100 0.728879
vn 0.091156 0.984301 0.151139
vn 0.076586 0.991401 0.106107
vn 0.029769 0.997498 0.064119
vn -0.074784 0.796452 -0.600059
vn -0.038704 -0.989147 0.141737
vn 0.061568 -0.977681 0.200871
vn -0.478345 -0.118091 0.870196
vn -0.944562 -0.094271 0.314509
vn -0.930485 -0.058865 -0.361571
vn 0.016354 -0.999217 0.036018
vn 0.129993 -0.962552 0.237899
vn -0.402387 -0.164795 0.900515
vn 0.083653 -0.961228 0.262761
vn -0.412138 -0.203727 0.888053
vn -0.012165 -0.949048 0.314898
vn -0.304711 -0.168192 0.937477
vn 0.037002 -0.970411 0.238608
vn 0.405045 -0.260331 0.876451
vn 0.204539 -0.970295 0.129198
vn 0.103826 -0.980048 0.169486
vn 0.757777 0.014337 -0.652356
vn 0.909437 -0.021886 -0.415265
vn 0.170156 -0.978962 0.112608
vn 0.099045 -0.995082 0.001627
vn 0.788409 -0.009643 -0.615076
vn 0.759130 0.032360 -0.650134
vn 0.095311 -0.994146 -0.050894
vn 0.803024 -0.032038 -0.595085
vn 0.087662 -0.994855 -0.050778
vn 0.786794 -0.062616 -0.614031
vn -0.009978 -0.988295 -0.152227
vn -0.140801 -0.955293 -0.259981
vn 0.688434 -0.117901 -0.715652
vn 0.766505 -0.086609 -0.636372
vn -0.264207 -0.898414 -0.350781
vn 0.499319 -0.170238 -0.849529
vn -0.342284 -0.859850 -0.378812
vn 0.181274 -0.332309 -0.925587
vn -0.316496 -0.859042 -0.402341
vn -0.216694 -0.333957 -0.917342
vn -0.357899 -0.869335 -0.340829
vn -0.359349 -0.863603 -0.353637
vn -0.604379 -0.002818 0.796692
vn -0.994389 -0.055975 0.089758
vn -0.021773 -0.999716 -0.009720
vn -0.943646 -0.050768 0.327041
vn -0.902189 -0.039876 0.429495
vn -0.210575 -0.961856 -0.174618
vn -0.033881 -0.998200 -0.049480
vn -0.792150 -0.014198 0.610161
vn -0.306395 -0.903369 -0.300079
vn 0.056066 -0.975949 0.210664
vn 0.131527 -0.975250 0.177732
vn 0.085794 -0.991814 0.094577
vn -0.010013 -0.999891 0.010857
vn -0.393200 -0.916491 -0.073743
vn -0.390624 -0.916124 -0.090164
vn -0.006122 -0.999929 -0.010206
vn -0.288372 -0.030581 0.957030
vn -0.200919 -0.716979 0.667512
vn -0.198726 -0.680659 0.705132
vn -0.271168 -0.029097 0.962092
vn 0.011147 -0.999780 0.017775
vn -0.652542 -0.020327 0.757480
vn -0.288319 0.030662 0.957044
vn -0.653635 0.016892 0.756622
vn 0.341197 -0.939953 -0.008568
vn 0.010822 -0.999858 -0.012952
vn 0.343018 -0.939036 -0.023442
vn 0.112314 -0.019124 0.993489
vn 0.112050 0.019867 0.993504
vn -0.271132 0.029483 0.962091
vn -0.397161 0.913923 -0.083715
vn -0.353643 0.932403 -0.074578
vn -0.019612 0.993897 0.108552
vn -0.007828 0.999379 -0.034366
vn -0.395314 0.912108 -0.108565
vn -0.013887 0.999596 0.024802
vn -0.200118 0.718648 0.665956
vn -0.196184 0.688823 0.697879
vn 0.004975 0.999289 0.037380
vn -0.376581 0.019837 -0.926171
vn -0.051147 0.031006 -0.998210
vn -0.051236 -0.030968 -0.998206
vn -0.376418 -0.019771 -0.926239
vn -0.035349 0.702895 -0.710414
vn -0.022274 0.676000 -0.736565
vn -0.031900 0.030074 -0.999039
vn 0.011241 0.998985 -0.043623
vn 0.336986 0.023671 -0.941212
vn 0.337001 -0.015405 -0.941378
vn -0.031686 -0.029360 -0.999067
vn -0.035416 -0.716778 -0.696401
vn -0.023797 -0.679462 -0.733324
vn 0.011502 0.994219 0.106754
vn -0.547704 -0.650430 0.526271
vn 0.152900 -0.685029 0.712289
vn -0.390918 0.918170 -0.064391
vn -0.551786 0.668856 0.498161
vn 0.346782 0.937944 0.001588
vn 0.149282 0.681540 0.716393
vn -0.354554 0.643702 -0.678188
vn 0.327980 0.638993 -0.695785
vn 0.362419 0.931225 -0.038383
vn -0.351457 -0.644498 -0.679044
vn 0.307943 -0.680858 -0.664532
vn -0.294186 0.953730 -0.062079
vn 0.958668 0.201587 0.200794
vn 0.959011 0.199874 0.200867
vn 0.162811 0.976766 -0.139359
vn -0.212754 0.960968 -0.176849
vn -0.219063 0.964471 0.147673
vn 0.116844 0.979275 0.165435
vn 0.000121 0.998071 -0.062086
vn 0.021377 0.998430 -0.051774
vn 0.355249 0.934585 -0.018695
vn 0.335930 0.941721 -0.017692
vn 0.357073 0.270155 -0.894156
vn -0.206196 0.286870 -0.935515
vn -0.224162 0.246647 -0.942824
vn 0.359780 0.254844 -0.897560
vn -0.412110 0.231312 0.881283
vn 0.153380 0.243372 0.957729
vn 0.141454 0.260245 0.955125
vn -0.399554 0.247137 0.882768
vn 0.339216 0.940539 -0.017860
vn 0.362619 0.931742 -0.019078
vn -0.965269 0.256453 0.049877
vn -0.969234 0.240990 0.050087
vn -0.333759 0.862463 0.380476
vn -0.260485 0.964675 0.039374
vn -0.997484 0.058932 0.039400
vn -0.605068 0.033688 0.795461
vn -0.386677 0.050642 0.920824
vn -0.192629 0.843586 0.501255
vn 0.002713 -0.003197 0.999991
vn -0.031419 0.790962 0.611058
vn -0.326406 0.945225 -0.002986
vn -0.999407 0.027214 -0.021080
vn 0.951859 0.044775 -0.303248
vn 0.272777 0.961692 -0.027212
vn 0.897664 0.063271 -0.436116
vn 0.177248 0.982123 -0.063381
vn 0.538897 0.156875 -0.827635
vn -0.094311 0.995543 -0.000625
vn -0.831774 -0.068978 -0.550812
vn -0.207610 0.808363 -0.550861
vn 0.065523 0.846731 -0.527971
vn 0.683885 0.031656 -0.728903
vn -0.023269 0.999372 0.026740
vn -0.043680 -0.940220 0.337754
vn 0.230390 -0.958680 -0.166894
vn 0.946114 -0.093306 -0.310101
vn -0.059371 -0.097455 0.993468
vn -0.390722 -0.111930 0.913678
vn -0.179344 -0.960666 0.212030
vn -0.606434 -0.096599 0.789244
vn -0.303208 -0.928081 0.216172
vn -0.982532 -0.185421 0.015835
vn -0.184484 -0.981102 -0.058343
vn -0.985412 -0.168125 -0.026404
vn -0.266257 -0.960330 -0.082910
vn -0.810212 -0.214956 -0.545298
vn -0.332021 -0.814137 -0.476386
vn -0.009831 -0.995114 -0.098246
vn 0.245866 -0.793849 -0.556195
vn 0.691668 -0.123971 -0.711496
vn 0.542376 -0.143726 -0.827751
vn 0.904867 -0.089382 -0.416204
vn 0.117128 -0.983580 -0.137304
vn -0.024414 -0.996464 -0.080391
vn -0.182753 -0.104858 -0.977551
vn -0.859757 -0.161779 0.484403
vn -0.859420 0.162464 0.484770
vn -0.182319 0.104582 -0.977662
vn -0.182971 -0.970898 -0.154525
vn -0.375435 -0.155912 -0.913641
vn -0.029319 -0.992363 -0.119814
vn -0.091882 -0.975537 0.199714
vn -0.751060 -0.199383 0.629409
vn -0.742432 -0.247084 0.622691
vn -0.741937 0.247434 0.623142
vn -0.750891 0.199580 0.629548
vn -0.033166 -0.966894 0.253013
vn 0.077288 -0.990548 0.113319
vn 0.108538 -0.982818 0.149290
vn -0.033822 -0.972154 0.231891
vn -0.741114 -0.266666 0.616149
vn -0.662012 -0.401795 0.632693
vn -0.549296 -0.384681 0.741818
vn -0.554570 0.370428 0.745141
vn -0.661754 0.401485 0.633160
vn -0.071687 -0.959655 0.271889
vn -0.686854 -0.411766 0.598899
vn -0.107843 -0.968996 0.222300
vn 0.065794 -0.979992 0.187849
vn 0.097793 -0.860121 0.500628
vn 0.842844 -0.334396 0.421656
vn 0.921963 -0.375696 0.094009
vn 0.918944 0.384776 0.086542
vn 0.818862 0.387728 0.423239
vn 0.231589 -0.960884 0.151882
vn 0.211512 -0.969800 0.121450
vn 0.790294 -0.563476 0.240687
vn 0.935070 -0.168765 -0.311708
vn -0.557532 -0.102337 -0.823824
vn -0.558450 0.102500 -0.823182
vn 0.935355 0.168352 -0.311077
vn -0.024335 -0.967144 -0.253061
vn 0.960552 -0.259508 -0.099982
vn 0.266559 -0.959694 0.089074
vn 0.471989 -0.634172 0.612415
vn 0.457740 0.555217 0.694412
vn 0.859658 0.456983 0.228375
vn 0.095294 -0.986207 0.135330
vn 0.046810 -0.993511 0.103658
vn 0.152822 -0.974917 0.161811
vn 0.125832 -0.981828 0.142059
vn 0.238904 -0.965462 0.103961
vn 0.372311 -0.928106 -0.002070
vn 0.184016 -0.939974 0.287380
vn 0.366996 -0.304985 0.878805
vn 0.864616 -0.242409 0.440087
vn 0.912186 -0.239147 -0.332756
vn 0.897372 0.306472 -0.317487
vn 0.882078 0.183752 0.433791
vn 0.393818 -0.919121 0.011178
vn 0.911920 -0.287172 -0.293144
vn 0.973030 0.208711 -0.098243
vn 0.897968 0.322973 -0.298901
vn -0.686809 0.411924 0.598842
vn -0.740821 0.266522 0.616563
vn -0.182745 0.970710 -0.155971
vn -0.029491 0.992262 -0.120610
vn -0.375498 0.154437 -0.913866
vn -0.091135 0.975466 0.200400
vn -0.032184 0.966458 0.254799
vn -0.033198 0.971731 0.233747
vn 0.109326 0.982473 0.150982
vn 0.078039 0.990360 0.114439
vn 0.284400 0.956309 0.067745
vn 0.366904 0.930259 0.000020
vn 0.244830 0.964043 0.103345
vn -0.025531 0.966762 -0.254399
vn 0.106334 0.983763 0.144581
vn 0.093366 0.976933 0.192054
vn -0.109658 0.968625 0.223029
vn -0.073045 0.959044 0.273677
vn 0.044522 0.993538 0.104401
vn 0.095791 0.985946 0.136876
vn 0.349167 0.273015 0.896407
vn 0.110589 0.967657 0.226736
vn 0.213343 0.972664 0.091702
vn 0.243418 0.957353 0.155638
vn 0.105208 0.853681 0.510059
vn 0.065717 0.979472 0.190568
vn 0.190162 -0.528046 0.827651
vn 0.990260 0.132161 0.043793
vn 0.946847 0.251385 -0.200714
vn -0.000000 -0.555361 0.831609
vn -0.989355 0.138543 0.044526
vn -0.190162 -0.528046 0.827651
vn -0.939631 0.272272 -0.207272
vn 0.231164 -0.330240 0.915153
vn 0.990466 0.135323 0.025776
vn 0.946246 0.159335 -0.281481
vn 0.000000 -0.388754 0.921341
vn -0.990466 0.135324 0.025776
vn -0.231165 -0.330239 0.915153
vn -0.946246 0.159336 -0.281480
vn 0.151307 0.498761 -0.853431
vn 0.527860 -0.842468 -0.107760
vn 0.081020 -0.980019 -0.181654
vn 0.024281 -0.964363 0.263468
vn 0.558591 -0.829138 0.022524
vn 0.000000 0.522165 -0.852845
vn -0.000000 -0.991610 -0.129266
vn 0.000000 -0.978469 0.206394
vn -0.151307 0.498761 -0.853431
vn -0.081020 -0.980019 -0.181654
vn -0.527860 -0.842468 -0.107760
vn -0.558591 -0.829138 0.022524
vn -0.024281 -0.964363 0.263467
vn 0.065889 0.958301 -0.278062
vn 0.879610 0.338905 -0.333810
vn -0.883683 0.316763 -0.344625
vn -0.244238 0.941257 -0.233203
vn -0.118815 0.421654 -0.898939
vn -0.024833 0.967201 -0.252797
vn 0.151195 0.609060 -0.778579
vn 0.934988 -0.086932 -0.343862
vn -0.000000 0.617485 -0.786583
vn -0.000000 -0.960490 -0.278314
vn -0.193121 0.627434 -0.754341
vn -0.950887 -0.045269 -0.306209
vn 0.000000 -0.999999 -0.001331
vn 0.000000 -0.891565 0.452892
vn -0.325379 -0.796164 0.510149
vn -0.365682 -0.930347 0.027038
vn 0.362728 -0.931683 0.019882
vn 0.325156 -0.793984 0.513676
vn 0.896409 -0.392828 0.205275
vn 0.680726 -0.467515 0.563952
vn 0.721155 -0.233439 0.652259
vn 0.933769 -0.098282 0.344117
vn 0.945512 0.040196 0.323098
vn 0.825809 0.065729 0.560106
vn 0.970115 0.070561 0.232162
vn 0.840422 0.238676 0.486544
vn 0.993484 0.113046 -0.014520
vn 0.839394 0.373951 0.394435
vn 0.913714 0.276539 -0.297748
vn 0.814840 0.564922 0.129991
vn 0.809067 0.512261 -0.288096
vn 0.707284 0.702047 0.082947
vn 0.553690 0.800116 -0.230742
vn 0.433520 0.901129 -0.005310
vn -0.000000 0.985813 -0.167845
vn 0.000000 0.999024 -0.044180
vn -0.553690 0.800116 -0.230742
vn -0.433520 0.901129 -0.005310
vn -0.681099 -0.465935 0.564809
vn -0.891870 -0.397210 0.216317
vn -0.720641 -0.234879 0.652310
vn -0.930643 -0.104173 0.350788
vn -0.826018 0.065721 0.559800
vn -0.945375 0.040299 0.323483
vn -0.840631 0.238386 0.486325
vn -0.969953 0.070483 0.232858
vn -0.839430 0.373901 0.394405
vn -0.993485 0.113060 -0.014346
vn -0.814841 0.564922 0.129991
vn -0.913714 0.276539 -0.297748
vn -0.707284 0.702047 0.082947
vn -0.809067 0.512261 -0.288096
s 1
g Main_Body
usemtl initialShadingGroup
f 1/1/1 2/2/2 106/3/3 101/4/4
f 101/4/4 106/3/3 107/5/5 103/6/6
f 103/6/6 107/5/5 108/7/7 105/8/8
f 109/12/9 110/15/10 107/5/5 106/3/3
f 110/15/10 111/17/11 108/7/7 107/5/5
f 113/18/12 108/7/7 111/17/11 112/20/13
f 112/20/13 115/22/14 114/23/15 113/18/12
f 115/22/14 117/24/16 116/25/17 114/23/15
f 119/26/18 116/25/17 117/24/16 118/27/19
f 121/30/20 119/26/18 118/27/19 120/31/21
f 122/32/22 105/8/8 108/7/7 113/18/12
f 113/18/12 114/23/15 124/33/23 122/32/22
f 114/23/15 116/25/17 126/34/24 124/33/23
f 116/25/17 119/26/18 128/35/25 126/34/24
f 119/26/18 121/30/20 130/36/26 128/35/25
f 745/28/27 748/29/28 747/713/29 746/714/30
f 100/37/31 102/38/32 135/39/33 134/40/34
f 137/41/35 167/42/36 166/43/37 136/44/38
f 137/41/35 136/44/38 139/45/39 138/46/40
f 138/46/40 168/47/41 167/42/36 137/41/35
f 165/48/42 139/45/39 136/44/38 166/43/37
f 140/49/43 135/39/33 102/38/32 104/50/44
f 104/50/44 123/51/45 141/52/46 140/49/43
f 142/53/47 141/52/46 123/51/45 125/55/48
f 143/56/49 142/53/47 125/55/48 127/57/50
f 129/58/51 1536/59/52 143/56/49 127/57/50
f 144/60/53 129/58/51 133/61/54
f 145/62/55 144/60/53 133/61/54 132/63/56
f 132/63/56 4/64/57 6/1750/58 145/62/55
f 135/39/33 147/66/59 146/67/60 134/40/34
f 139/45/39 149/68/61 148/69/62 138/46/40
f 138/46/40 148/69/62 169/70/63 168/47/41
f 164/71/64 149/68/61 139/45/39 165/48/42
f 140/49/43 150/72/65 147/66/59 135/39/33
f 141/52/46 151/73/66 150/72/65 140/49/43
f 142/53/47 152/74/67 151/73/66 141/52/46
f 143/56/49 153/75/68 152/74/67 142/53/47
f 1536/59/52 1537/76/69 153/75/68 143/56/49
f 169/70/63 148/69/62 156/77/70 170/78/71
f 148/69/62 149/68/61 157/79/72 156/77/70
f 157/79/72 149/68/61 164/71/64 163/80/73
f 162/81/74 159/82/75 157/79/72 163/80/73
f 159/82/75 161/83/76 156/77/70 157/79/72
f 170/78/71 156/77/70 161/83/76 171/84/77
f 169/70/63 7/85/78 5/86/79 168/47/41
f 7/85/78 169/70/63 170/78/71 9/87/80
f 9/87/80 170/78/71 171/84/77 10/88/81
f 172/89/82 158/90/83 146/67/60 147/66/59
f 147/66/59 150/72/65 173/92/84 172/89/82
f 150/72/65 151/73/66 174/94/85 173/92/84
f 175/95/86 174/94/85 151/73/66 152/74/67
f 152/74/67 153/75/68 176/96/87 175/95/86
f 153/75/68 1537/76/69 177/97/88 176/96/87
f 178/98/89 177/97/88 154/99/90
f 179/100/91 178/98/89 154/99/90 155/101/92
f 11/1748/93 179/100/91 155/101/92 8/103/94
f 180/104/95 160/105/96 158/90/83 172/89/82
f 181/106/97 180/104/95 172/89/82 173/92/84
f 173/92/84 174/94/85 182/107/98 181/106/97
f 183/108/99 182/107/98 174/94/85 175/95/86
f 184/109/100 183/108/99 175/95/86 176/96/87
f 185/110/101 184/109/100 176/96/87 177/97/88
f 186/111/102 185/110/101 177/97/88 178/98/89
f 187/112/103 186/111/102 178/98/89 179/100/91
f 12/1747/104 187/112/103 179/100/91 11/1748/93
f 160/105/96 180/104/95 189/114/105 188/115/106
f 190/116/107 189/114/105 180/104/95 181/106/97
f 191/117/108 190/116/107 181/106/97 182/107/98
f 192/118/109 191/117/108 182/107/98 183/108/99
f 188/115/106 189/114/105 682/119/110 683/120/111
f 681/121/112 682/119/110 189/114/105 190/116/107
f 680/122/113 681/121/112 190/116/107 191/117/108
f 679/123/114 680/122/113 191/117/108 192/118/109
f 678/124/115 679/123/114 192/118/109 198/125/116
f 193/126/117 194/127/118 201/128/119 200/129/120
f 203/130/121 202/131/122 200/129/120 201/128/119
f 202/131/122 203/130/121 205/132/123 204/133/124
f 204/133/124 205/132/123 240/134/125 206/135/126
f 183/108/99 184/109/100 198/125/116 192/118/109
f 187/112/103 209/136/127 208/137/128 186/111/102
f 208/137/128 210/138/129 185/110/101 186/111/102
f 184/109/100 185/110/101 210/138/129 198/125/116
f 12/1747/104 13/1746/130 209/136/127 187/112/103
f 677/140/131 678/124/115 198/125/116 210/138/129
f 210/138/129 208/137/128 676/141/132 677/140/131
f 208/137/128 209/136/127 675/142/133 676/141/132
f 674/1734/134 675/142/133 209/136/127 13/1746/130
f 215/144/135 205/132/123 203/130/121 214/145/136
f 201/128/119 216/146/137 214/145/136 203/130/121
f 216/146/137 201/128/119 194/127/118 195/147/138
f 205/132/123 215/144/135 241/148/139 240/134/125
f 216/146/137 219/149/140 218/150/141 214/145/136
f 219/149/140 216/146/137 195/147/138 196/151/142
f 196/151/142 197/152/143 220/153/144 219/149/140
f 197/152/143 199/154/145 221/155/146 220/153/144
f 222/156/147 221/155/146 199/154/145 211/157/148
f 223/158/149 222/156/147 211/157/148 212/159/150
f 224/160/151 223/158/149 212/159/150 213/161/152
f 15/1745/153 224/160/151 213/161/152 14/1735/154
f 225/164/155 215/144/135 214/145/136 218/150/141
f 218/150/141 227/165/156 226/166/157 225/164/155
f 227/165/156 218/150/141 219/149/140 220/153/144
f 229/167/158 226/166/157 227/165/156 228/168/159
f 220/153/144 221/155/146 228/168/159 227/165/156
f 221/155/146 222/156/147 230/169/160 228/168/159
f 231/170/161 230/169/160 222/156/147 223/158/149
f 232/171/162 231/170/161 223/158/149 224/160/151
f 16/1744/163 232/171/162 224/160/151 15/1745/153
f 228/168/159 230/169/160 233/173/164 229/167/158
f 230/169/160 231/170/161 234/174/165 233/173/164
f 231/170/161 232/171/162 235/1737/166 234/174/165
f 232/171/162 16/1744/163 17/1738/167 235/1737/166
f 18/1736/168 236/178/169 234/174/165 235/1737/166
f 236/178/169 233/173/164 234/174/165
f 18/1736/168 19/1743/170 237/180/171 236/178/169
f 229/167/158 233/173/164 236/178/169 238/181/172
f 226/166/157 229/167/158 238/181/172 239/182/173
f 240/134/125 207/183/174 206/135/126
f 241/148/139 217/184/175 207/183/174 240/134/125
f 242/185/176 241/148/139 215/144/135 225/164/155
f 225/164/155 226/166/157 239/182/173 242/185/176
f 238/181/172 236/178/169 237/180/171 243/186/177
f 243/186/177 244/187/178 239/182/173 238/181/172
f 245/190/179 217/184/175 241/148/139 242/185/176
f 242/185/176 239/182/173 244/187/178 245/190/179
f 10/88/81 638/192/180 20/210/181
f 161/83/76 247/211/182 246/212/183 171/84/77
f 247/211/182 161/83/76 159/82/75 248/213/184
f 162/81/74 664/214/185 248/213/184 159/82/75
f 254/215/186 667/216/187 255/217/188
f 638/192/180 639/218/189 21/219/190 20/210/181
f 247/211/182 257/220/191 256/221/192 246/212/183
f 247/211/182 573/222/193 589/223/194 257/220/191
f 257/1640/191 258/194/195 259/195/196 256/191/192
f 21/189/190 639/188/189 466/196/197 72/197/198
f 258/194/195 260/198/199 261/199/200 259/195/196
f 261/199/200 260/198/199 262/200/201 263/201/202
f 262/200/201 264/202/203 265/203/204 263/201/202
f 264/202/203 266/204/205 267/205/206 265/203/204
f 268/206/207 269/207/208 267/205/206 266/204/205
f 269/207/208 268/206/207 566/208/209 567/209/210
f 272/224/211 658/225/212 659/226/213
f 273/227/214 248/213/184 657/228/215
f 274/229/216 247/211/182 248/213/184 273/227/214
f 271/230/217 250/231/218 251/232/219 275/233/220
f 275/233/220 251/232/219 252/234/221 276/235/222
f 253/236/223 277/237/224 276/235/222 252/234/221
f 668/239/225 666/240/226 254/215/186 278/241/227
f 279/242/228 275/233/220 276/235/222 277/237/224
f 281/243/229 279/242/228 277/237/224 280/244/230
f 280/244/230 23/245/231 22/246/232 281/243/229
f 283/247/233 282/248/234 273/227/214 272/224/211
f 24/1751/235 25/1756/236 282/248/234 283/247/233
f 282/248/234 284/251/237 274/229/216 273/227/214
f 284/251/237 285/252/238 574/253/239 274/229/216
f 284/251/237 282/248/234 25/1756/236 26/1755/240
f 285/252/238 284/251/237 26/1755/240 27/1754/241
f 27/1754/241 28/1753/242 574/253/239 285/252/238
f 686/257/243 687/258/244 688/259/245 689/260/246
f 672/261/247 671/262/248 286/272/249 29/387/250
f 287/457/251 278/241/227 254/215/186 255/217/188
f 278/241/227 287/457/251 288/458/252 286/272/249
f 29/387/250 286/272/249 288/458/252 30/459/253
f 244/187/178 243/186/177 289/460/254
f 217/184/175 245/190/179 290/461/255
f 244/187/178 289/460/254 290/461/255 245/190/179
f 291/462/256 237/180/171 19/1743/170 31/1741/257
f 289/460/254 243/186/177 237/180/171 291/462/256
f 217/184/175 290/461/255 292/464/258 207/183/174
f 207/183/174 292/464/258 293/465/259 206/135/126
f 255/217/188 667/216/187 293/465/259 294/466/260
f 255/217/188 294/466/260 295/467/261 287/457/251
f 296/468/262 288/458/252 287/457/251 295/467/261
f 288/458/252 296/468/262 32/469/263 30/459/253
f 298/470/264 296/468/262 295/467/261 297/471/265
f 296/468/262 298/470/264 33/472/266 32/469/263
f 297/471/265 295/467/261 294/466/260 299/473/267
f 299/473/267 294/466/260 293/465/259 300/474/268
f 300/474/268 293/465/259 292/464/258 301/475/269
f 302/476/270 301/475/269 292/464/258 290/461/255
f 302/476/270 290/461/255 289/460/254 303/477/271
f 289/460/254 291/462/256 304/478/272 303/477/271
f 291/462/256 31/1741/257 34/1742/273 304/478/272
f 514/273/274 515/274/275 516/275/276 517/276/277
f 307/277/278 313/278/279 312/279/280 306/280/281
f 308/281/282 314/282/283 313/278/279 307/277/278
f 309/283/284 315/284/285 314/282/283 308/281/282
f 310/285/286 316/286/287 315/284/285 309/283/284
f 311/287/288 317/288/289 316/286/287 310/285/286
f 36/1591/290 38/1605/291 317/288/289 311/287/288
f 515/274/275 518/291/292 519/292/293 516/275/276
f 313/278/279 319/293/294 318/294/295 312/279/280
f 314/282/283 320/295/296 319/293/294 313/278/279
f 315/284/285 321/296/297 320/295/296 314/282/283
f 316/286/287 322/297/298 321/296/297 315/284/285
f 317/288/289 323/298/299 322/297/298 316/286/287
f 38/1605/291 39/1604/300 323/298/299 317/288/289
f 521/300/301 520/301/302 519/292/293 518/291/292
f 326/302/303 325/303/304 318/294/295 319/293/294
f 319/293/294 320/295/296 327/304/305 326/302/303
f 320/295/296 321/296/297 328/305/306 327/304/305
f 329/306/307 328/305/306 321/296/297 322/297/298
f 330/307/308 329/306/307 322/297/298 323/298/299
f 39/1604/300 40/1603/309 330/307/308 323/298/299
f 325/303/304 326/302/303 331/309/310 324/310/311
f 331/309/310 326/302/303 327/304/305 332/311/312
f 333/312/313 332/311/312 327/304/305 328/305/306
f 333/312/313 328/305/306 329/306/307 334/313/314
f 335/314/315 330/307/308 40/1603/309 41/1602/316
f 42/1590/317 336/317/318 335/314/315 41/1602/316
f 337/318/319 338/319/320 333/312/313 334/313/314
f 338/319/320 339/320/321 332/311/312 333/312/313
f 332/311/312 339/320/321 340/321/322 331/309/310
f 341/322/323 324/310/311 331/309/310 340/321/322
f 342/323/324 525/324/325 324/310/311 341/322/323
f 344/1588/326 305/326/327 522/1583/328 343/1584/329
f 345/329/330 494/1651/331 305/326/327 344/1588/326
f 47/2543/332 366/2547/333 367/332/334 48/1545/335
f 367/332/334 368/2548/336 50/1552/337 48/1545/335
f 368/2548/336 369/2551/338 51/1551/339 50/1552/337
f 52/1550/340 51/1551/339 369/2551/338 370/2552/341
f 53/1549/342 52/1550/340 370/2552/341 371/2557/343
f 49/1546/344 53/1549/342 371/2557/343 372/2577/345
f 356/1627/346 374/339/347 373/340/348 357/1629/349
f 357/1629/349 373/340/348 375/342/350 358/1621/351
f 45/1618/352 61/345/353 376/346/354 359/1628/355
f 359/1628/355 376/346/354 374/339/347 356/1627/346
f 361/1620/356 378/349/357 377/350/358 360/1626/359
f 360/1626/359 377/350/358 379/352/360 362/1625/361
f 362/1625/361 379/352/360 380/354/362 363/1624/363
f 363/1624/363 380/354/362 381/356/364 364/1623/365
f 364/1623/365 381/356/364 382/358/366 365/1622/367
f 365/1622/367 382/358/366 62/360/368 46/361/369
f 358/1621/351 375/342/350 378/349/357 361/1620/356
f 374/339/347 384/362/370 383/363/371 373/340/348
f 373/340/348 383/363/371 385/364/372 375/342/350
f 61/345/353 63/365/373 386/366/374 376/346/354
f 376/346/354 386/366/374 384/362/370 374/339/347
f 378/349/357 388/367/375 387/368/376 377/350/358
f 377/350/358 387/368/376 389/369/377 379/352/360
f 379/352/360 389/369/377 390/370/378 380/354/362
f 380/354/362 390/370/378 391/371/379 381/356/364
f 381/356/364 391/371/379 392/372/380 382/358/366
f 382/358/366 392/372/380 64/373/381 62/360/368
f 375/342/350 385/364/372 388/367/375 378/349/357
f 384/362/370 65/374/382 383/363/371
f 383/363/371 65/374/382 385/364/372
f 63/365/373 65/374/382 386/366/374
f 386/366/374 65/374/382 384/362/370
f 388/367/375 65/374/382 387/368/376
f 387/368/376 65/374/382 389/369/377
f 389/369/377 65/374/382 390/370/378
f 390/370/378 65/374/382 391/371/379
f 391/371/379 65/374/382 392/372/380
f 392/372/380 65/374/382 64/373/381
f 385/364/372 65/374/382 388/367/375
f 393/375/383 88/1548/384 87/2575/385 394/2558/386
f 394/2558/386 396/2561/387 395/378/388 393/375/383
f 396/2561/387 398/2562/389 397/379/390 395/378/388
f 398/2562/389 400/2564/391 399/380/392 397/379/390
f 400/2564/391 402/2566/393 401/381/394 399/380/392
f 402/2566/393 404/2569/395 403/382/396 401/381/394
f 404/2569/395 406/2570/397 405/383/398 403/382/396
f 406/2570/397 408/2573/399 407/384/400 405/383/398
f 408/2573/399 410/2579/401 409/385/402 407/384/400
f 410/2579/401 90/1534/403 89/1544/404 409/385/402
f 109/9/9 393/375/383 395/378/388 110/10/10
f 110/10/10 395/378/388 397/379/390 111/11/11
f 111/11/11 397/379/390 399/380/392 112/13/13
f 112/13/13 399/380/392 401/381/394 115/14/14
f 115/14/14 401/381/394 403/382/396 117/16/16
f 117/16/16 403/382/396 405/383/398 118/19/19
f 118/19/19 405/383/398 407/384/400 120/21/21
f 120/21/21 407/384/400 409/385/402 131/1535/405
f 131/1535/405 409/385/402 89/1544/404 84/1524/406
f 66/389/407 411/390/408 532/391/409 67/392/410
f 412/393/411 413/394/412 414/395/413 529/396/414
f 413/394/412 415/397/415 416/398/416 414/395/413
f 415/397/415 417/399/417 418/400/418 416/398/416
f 417/399/417 419/401/419 420/402/420 418/400/418
f 419/401/419 421/403/421 422/404/422 420/402/420
f 421/403/421 423/405/423 424/406/424 422/404/422
f 423/405/423 92/1599/425 91/1592/426 424/406/424
f 298/263/264 411/390/408 66/389/407 33/265/266
f 297/264/265 412/393/411 411/390/408 298/263/264
f 299/266/267 413/394/412 412/393/411 297/264/265
f 300/267/268 415/397/415 413/394/412 299/266/267
f 415/397/415 300/267/268 301/268/269 417/399/417
f 417/399/417 301/268/269 302/269/270 419/401/419
f 303/270/271 421/403/421 419/401/419 302/269/270
f 303/270/271 304/271/272 423/405/423 421/403/421
f 304/271/272 34/1554/273 93/1607/427 92/1599/425 423/405/423
f 306/280/281 414/395/413 416/398/416 307/277/278
f 307/277/278 416/398/416 418/400/418 308/281/282
f 308/281/282 418/400/418 420/402/420 309/283/284
f 309/283/284 420/402/420 422/404/422 310/285/286
f 310/285/286 422/404/422 424/406/424 311/287/288
f 425/410/428 68/1601/429 69/1600/430 426/413/431
f 426/413/431 428/414/432 427/415/433 425/410/428
f 428/414/432 430/416/434 429/417/435 427/415/433
f 430/416/434 432/418/436 431/419/437 429/417/435
f 432/418/436 434/420/438 433/421/439 431/419/437
f 434/420/438 436/422/440 435/423/441 433/421/439
f 436/422/440 438/424/442 437/425/443 435/423/441
f 438/424/442 440/426/444 439/427/445 437/425/443
f 440/426/444 442/428/446 441/429/447 439/427/445
f 442/428/446 444/430/448 443/431/449 441/429/447
f 444/430/448 71/432/450 70/433/451 443/431/449
f 68/1601/429 425/410/428 653/434/452 654/1589/453
f 425/410/428 427/415/433 652/436/454 653/434/452
f 651/437/455 652/436/454 427/415/433 429/417/435
f 429/417/435 431/419/437 650/438/456 651/437/455
f 431/419/437 433/421/439 649/439/457 650/438/456
f 433/421/439 435/423/441 648/440/458 649/439/457
f 435/423/441 437/425/443 647/441/459 648/440/458
f 646/442/460 647/441/459 437/425/443 439/427/445
f 439/427/445 441/429/447 645/443/461 646/442/460
f 441/429/447 443/431/449 644/444/462 645/443/461
f 69/1600/430 43/1596/463 346/446/464 426/413/431
f 426/413/431 346/446/464 347/447/465 428/414/432
f 428/414/432 347/447/465 348/448/466 430/416/434
f 430/416/434 348/448/466 349/449/467 432/418/436
f 432/418/436 349/449/467 350/450/468 434/420/438
f 434/420/438 350/450/468 351/451/469 436/422/440
f 436/422/440 351/451/469 352/452/470 438/424/442
f 438/424/442 352/452/470 353/453/471 440/426/444
f 440/426/444 353/453/471 354/454/472 442/428/446
f 442/428/446 354/454/472 355/455/473 444/430/448
f 444/430/448 355/455/473 44/456/474 71/432/450
f 445/480/475 449/481/476 450/482/477 446/483/478
f 446/483/478 447/484/479 448/485/480 445/480/475
f 447/484/479 455/486/481 456/487/482 448/485/480
f 449/481/476 451/488/483 452/489/484 450/482/477
f 451/488/483 453/490/485 454/491/486 452/489/484
f 453/490/485 95/492/487 96/525/488 454/491/486
f 455/486/481 684/526/489 685/527/490 456/487/482
f 457/528/491 462/529/492 461/530/493 458/531/494
f 459/532/495 463/533/496 464/534/497 460/535/498
f 460/535/498 461/530/493 462/529/492 459/532/495
f 463/533/496 206/135/126 465/536/499 464/534/497
f 445/480/475 448/485/480 162/81/74 163/80/73
f 164/71/64 449/481/476 445/480/475 163/80/73
f 451/488/483 449/481/476 164/71/64 165/48/42
f 451/488/483 165/48/42 166/43/37 453/490/485
f 167/42/36 95/492/487 453/490/485 166/43/37
f 448/485/480 456/487/482 249/679/500 162/81/74
f 691/680/501 690/681/502 692/682/503 693/683/504
f 694/684/505 692/682/503 690/681/502 695/685/506
f 691/680/501 693/683/504 696/686/507 697/687/508
f 465/536/499 663/688/509 464/534/497
f 160/105/96 447/484/479 446/483/478 158/90/83
f 158/90/83 446/483/478 450/482/477 146/67/60
f 146/67/60 450/482/477 452/489/484 134/40/34
f 134/40/34 452/489/484 454/491/486 100/37/31
f 100/37/31 454/491/486 96/525/488 82/689/510
f 188/115/106 455/486/481 447/484/479 160/105/96
f 683/120/111 684/526/489 455/486/481 188/115/106
f 202/131/122 459/532/495 462/529/492 200/129/120
f 200/129/120 462/529/492 457/528/491 193/126/117
f 204/133/124 463/533/496 459/532/495 202/131/122
f 206/135/126 463/533/496 204/133/124
f 73/493/511 644/444/462 443/431/449 70/433/451
f 473/494/512 474/495/513 99/496/514 97/497/515
f 475/498/516 476/499/517 76/500/518 75/501/519
f 476/499/517 477/502/520 77/503/521 76/500/518
f 477/502/520 478/504/522 78/505/523 77/503/521
f 478/504/522 569/506/524 570/507/525 78/505/523
f 640/508/526 641/509/527 480/510/528 80/511/529
f 480/510/528 481/512/530 81/1578/531 80/511/529
f 466/196/197 259/195/196 261/199/200 467/514/532
f 263/201/202 468/515/533 467/514/532 261/199/200
f 263/201/202 265/203/204 469/516/534 468/515/533
f 265/203/204 267/205/206 470/517/535 469/516/534
f 470/517/535 267/205/206 269/207/208 471/518/536
f 642/519/537 472/520/538 491/1654/539 490/522/540
f 473/494/512 97/497/515 98/523/541
f 74/524/542 81/513/531 481/1586/530
f 467/514/532 474/495/513 473/494/512 466/196/197
f 468/515/533 475/498/516 474/495/513 467/514/532
f 469/516/534 476/499/517 475/498/516 468/515/533
f 470/517/535 477/502/520 476/499/517 469/516/534
f 471/518/536 478/504/522 477/502/520 470/517/535
f 472/520/538 481/512/530 480/510/528 491/1654/539
f 73/493/511 74/524/542 481/1586/530 472/1585/538
f 752/1740/543 749/691/544 131/692/405 84/693/406
f 88/1548/384 393/375/383 109/9/9 83/1523/545
f 95/492/487 167/42/36 94/694/546
f 272/224/211 271/230/217 485/695/547 484/696/548
f 271/230/217 275/233/220 486/727/549 485/695/547
f 275/233/220 279/242/228 487/729/550 486/727/549
f 279/242/228 281/243/229 488/730/551 487/729/550
f 281/243/229 22/246/232 482/731/552 488/730/551
f 283/247/233 272/224/211 484/696/548 489/732/553
f 24/1751/235 283/247/233 489/732/553 483/733/554
f 491/1654/539 480/510/528 641/509/527 498/537/555
f 568/538/556 569/506/524 478/504/522 471/518/536
f 567/209/210 568/538/556 471/518/536 269/207/208
f 503/539/557 270/540/558 305/326/327 494/1651/331
f 513/541/559 509/542/560 507/543/561 510/544/562
f 490/1655/540 491/521/539 493/545/563 492/546/564
f 492/546/564 493/545/563 506/547/565 507/543/561
f 494/330/331 495/1652/566 497/1674/567 496/550/568
f 496/550/568 497/1674/567 509/1675/560 508/551/569
f 498/1649/555 500/552/570 502/553/571 501/554/572
f 501/554/572 502/553/571 510/1680/562 511/555/573
f 503/1653/557 505/556/574 504/557/575
f 504/557/575 505/556/574 512/558/576 513/1677/559
f 497/549/567 495/1676/566 490/1655/540 492/546/564
f 493/545/563 491/521/539 498/1649/555 501/554/572
f 502/553/571 500/552/570 503/1653/557 504/557/575
f 505/556/574 503/1653/557 494/330/331 496/550/568
f 497/549/567 492/546/564 507/543/561 509/542/560
f 493/545/563 501/554/572 511/555/573 506/547/565
f 502/553/571 504/557/575 513/1677/559 510/1680/562
f 505/556/574 496/550/568 508/551/569 512/558/576
f 498/537/555 499/559/577 500/1650/570
f 510/544/562 507/543/561 506/1682/565 511/1679/573
f 508/1681/569 509/542/560 513/541/559 512/1678/576
f 526/560/578 523/561/579 520/301/302 521/300/301
f 535/562/580 531/563/581 514/273/274 517/276/277
f 536/564/582 537/565/583 539/566/584 538/567/585
f 537/565/583 536/564/582 552/568/586 551/569/587
f 538/567/585 539/566/584 545/570/588 544/571/589
f 540/572/590 541/573/591 554/574/592 553/575/593
f 541/573/591 540/572/590 542/576/594 543/577/595
f 543/577/595 542/576/594 546/578/596 547/579/597
f 544/571/589 545/570/588 550/580/598 586/1581/599
f 547/579/597 546/578/596 549/582/600 548/583/601
f 548/583/601 549/582/600 525/324/325 560/584/602
f 551/569/587 552/568/586 563/585/603 564/586/604
f 553/575/593 554/574/592 561/587/605 562/588/606
f 555/589/607 556/590/608 522/327/328 559/591/609
f 556/590/608 555/589/607 558/592/610 557/593/611
f 557/593/611 558/592/610 560/584/602 525/324/325
f 562/588/606 561/587/605 564/586/604 563/585/603
f 536/564/582 538/567/585 37/594/612 35/595/613
f 306/280/281 312/279/280 542/576/594 540/572/590
f 538/567/585 544/571/589 86/596/614 37/594/612
f 312/279/280 318/294/295 546/578/596 542/576/594
f 549/582/600 325/303/304 324/310/311 525/324/325
f 325/303/304 549/582/600 546/578/596 318/294/295
f 342/323/324 343/328/329 655/597/615 656/598/616
f 544/571/589 586/1581/599 60/1576/617 86/596/614
f 533/600/618 528/601/619 562/588/606 563/585/603
f 540/572/590 529/396/414 414/395/413 306/280/281
f 541/573/591 543/577/595 515/274/275 514/273/274
f 539/566/584 537/565/583 517/276/277 516/275/276
f 543/577/595 547/579/597 518/291/292 515/274/275
f 545/570/588 539/566/584 516/275/276 519/292/293
f 527/602/620 558/592/610 555/589/607 524/603/621
f 523/561/579 559/591/609 550/580/598 520/301/302
f 548/583/601 560/584/602 526/560/578 521/300/301
f 550/580/598 545/570/588 519/292/293 520/301/302
f 547/579/597 548/583/601 521/300/301 518/291/292
f 531/563/581 554/574/592 541/573/591 514/273/274
f 537/565/583 551/569/587 535/562/580 517/276/277
f 534/604/622 564/586/604 561/587/605 530/605/623
f 522/1583/328 305/326/327 270/540/558 585/606/624
f 555/589/607 559/591/609 523/561/579 524/603/621
f 560/584/602 558/592/610 527/602/620 526/560/578
f 532/391/409 536/564/582 35/595/613 67/392/410
f 561/587/605 554/574/592 531/563/581 530/605/623
f 551/569/587 564/586/604 534/604/622 535/562/580
f 562/588/606 528/601/619 529/396/414 553/575/593
f 552/568/586 532/391/409 533/600/618 563/585/603
f 567/209/210 566/208/209 270/540/558 503/539/557
f 503/539/557 500/1650/570 499/559/577
f 499/559/577 479/607/625 569/506/524 568/538/556
f 570/507/525 569/506/524 479/607/625 79/608/626
f 574/253/239 573/222/193 247/211/182 274/229/216
f 585/1582/624 550/580/598 559/591/609 522/327/328
f 572/609/627 571/610/628 576/611/629 575/612/630
f 575/612/630 576/611/629 578/613/631 577/614/632
f 577/614/632 578/613/631 580/615/633 579/616/634
f 579/616/634 580/615/633 582/617/635 581/618/636
f 581/618/636 582/617/635 584/619/637 583/620/638
f 583/620/638 584/619/637 587/621/639 588/622/640
f 586/581/599 585/606/624 588/622/640 587/621/639
f 258/194/195 572/609/627 575/612/630 260/198/199
f 577/614/632 262/200/201 260/198/199 575/612/630
f 577/614/632 579/616/634 264/202/203 262/200/201
f 579/616/634 581/618/636 266/204/205 264/202/203
f 266/204/205 581/618/636 583/620/638 268/206/207
f 576/611/629 571/610/628 55/1657/641 54/1663/642
f 60/1660/617 586/581/599 587/621/639 565/1658/643
f 57/1661/644 580/615/633 578/613/631 56/1664/645
f 56/1664/645 578/613/631 576/611/629 54/1663/642
f 59/1659/646 584/619/637 582/617/635 58/1662/647
f 58/1662/647 582/617/635 580/615/633 57/1661/644
f 588/622/640 585/606/624 270/540/558 566/208/209
f 565/1658/643 587/621/639 584/619/637 59/1659/646
f 588/622/640 566/208/209 268/206/207 583/620/638
f 574/253/239 589/223/194 573/222/193
f 585/1582/624 586/1581/599 550/580/598
f 571/610/628 572/609/627 589/193/194 574/238/239
f 257/1640/191 589/193/194 572/609/627 258/194/195
f 335/314/315 336/317/318 337/318/319 334/313/314
f 330/307/308 335/314/315 334/313/314 329/306/307
f 357/341/349 606/630/648 608/631/649 356/338/346
f 604/632/650 606/630/648 357/341/349 358/343/351
f 45/1598/352 359/347/355 610/633/651 612/1597/652
f 608/631/649 610/633/651 359/347/355 356/338/346
f 600/635/653 602/636/654 361/348/356 360/351/359
f 598/637/655 600/635/653 360/351/359 362/353/361
f 596/638/656 598/637/655 362/353/361 363/355/363
f 363/355/363 364/357/365 594/639/657 596/638/656
f 364/357/365 365/359/367 592/640/658 594/639/657
f 365/359/367 46/1610/369 590/641/659 592/640/658
f 358/343/351 361/348/356 602/636/654 604/632/650
f 591/642/660 593/643/661 592/640/658 590/641/659
f 593/643/661 595/644/662 594/639/657 592/640/658
f 595/644/662 597/645/663 596/638/656 594/639/657
f 597/645/663 599/646/664 598/637/655 596/638/656
f 599/646/664 601/647/665 600/635/653 598/637/655
f 601/647/665 603/648/666 602/636/654 600/635/653
f 603/648/666 605/649/667 604/632/650 602/636/654
f 605/649/667 607/650/668 606/630/648 604/632/650
f 607/650/668 609/651/669 608/631/649 606/630/648
f 609/651/669 611/652/670 610/633/651 608/631/649
f 611/652/670 613/1594/671 612/1597/652 610/633/651
f 615/654/672 614/655/673 626/656/674 627/657/675
f 616/1595/676 617/1593/677 637/660/678 636/661/679
f 618/662/680 619/663/681 625/664/682 624/665/683
f 619/663/681 618/662/680 620/666/684 621/667/685
f 621/667/685 620/666/684 628/668/686 629/669/687
f 622/670/688 623/671/689 627/657/675 626/656/674
f 623/671/689 622/670/688 624/665/683 625/664/682
f 629/669/687 628/668/686 630/672/690 631/673/691
f 631/673/691 630/672/690 632/674/692 633/675/693
f 633/675/693 632/674/692 634/676/694 635/677/695
f 635/677/695 634/676/694 636/661/679 637/660/678
f 351/451/469 620/666/684 618/662/680 352/452/470
f 353/453/471 624/665/683 622/670/688 354/454/472
f 624/665/683 353/453/471 352/452/470 618/662/680
f 354/454/472 622/670/688 626/656/674 355/455/473
f 355/455/473 626/656/674 614/655/673 44/456/474
f 349/449/467 630/672/690 628/668/686 350/450/468
f 350/450/468 628/668/686 620/666/684 351/451/469
f 348/448/466 632/674/692 630/672/690 349/449/467
f 347/447/465 634/676/694 632/674/692 348/448/466
f 634/676/694 347/447/465 346/446/464 636/661/679
f 43/1596/463 616/1595/676 636/661/679 346/446/464
f 593/643/661 591/642/660 615/654/672 627/657/675
f 595/644/662 593/643/661 627/657/675 623/671/689
f 597/645/663 595/644/662 623/671/689 625/664/682
f 625/664/682 619/663/681 599/646/664 597/645/663
f 619/663/681 621/667/685 601/647/665 599/646/664
f 621/667/685 629/669/687 603/648/666 601/647/665
f 605/649/667 603/648/666 629/669/687 631/673/691
f 631/673/691 633/675/693 607/650/668 605/649/667
f 609/651/669 607/650/668 633/675/693 635/677/695
f 635/677/695 637/660/678 611/652/670 609/651/669
f 613/1594/671 611/652/670 637/660/678 617/1593/677
f 10/88/81 171/84/77 246/212/183 638/192/180
f 246/212/183 256/221/192 639/218/189 638/192/180
f 466/196/197 639/188/189 256/191/192 259/195/196
f 72/197/198 466/196/197 473/494/512 98/523/541
f 503/539/557 499/559/577 568/538/556 567/209/210
f 36/1591/290 311/287/288 424/406/424 91/1592/426
f 479/607/625 641/509/527 640/508/526 79/608/626
f 498/537/555 641/509/527 479/607/625 499/559/577
f 495/548/566 643/678/696 642/519/537 490/522/540
f 345/329/330 472/520/538 642/519/537 643/678/696
f 345/329/330 643/678/696 495/548/566 494/1651/331
f 472/1585/538 345/1587/330 644/444/462 73/493/511
f 646/442/460 645/443/461 344/325/326 343/328/329
f 343/328/329 342/323/324 647/441/459 646/442/460
f 648/440/458 647/441/459 342/323/324 341/322/323
f 649/439/457 648/440/458 341/322/323 340/321/322
f 650/438/456 649/439/457 340/321/322 339/320/321
f 651/437/455 650/438/456 339/320/321 338/319/320
f 338/319/320 337/318/319 652/436/454 651/437/455
f 653/434/452 652/436/454 337/318/319 336/317/318
f 654/1589/453 653/434/452 336/317/318 42/1590/317
f 645/443/461 644/444/462 345/1587/330 344/325/326
f 526/560/578 527/602/620 524/603/621 523/561/579
f 530/605/623 531/563/581 535/562/580 534/604/622
f 168/47/41 5/86/79 94/694/546 167/42/36
f 106/3/3 2/2/2 83/734/545 109/12/9
f 99/496/514 474/495/513 475/498/516 75/501/519
f 557/593/611 656/598/616 655/597/615 556/590/608
f 655/597/615 343/328/329 522/327/328 556/590/608
f 342/323/324 656/598/616 557/593/611 525/324/325
f 540/572/590 553/575/593 529/396/414
f 412/393/411 529/396/414 528/601/619
f 411/390/408 412/393/411 528/601/619 533/600/618
f 532/391/409 411/390/408 533/600/618
f 532/391/409 552/568/586 536/564/582
f 28/1634/242 55/1657/641 571/610/628 574/238/239
f 698/738/697 699/740/698 700/742/699 701/744/700
f 702/746/701 699/740/698 698/738/697 703/747/702
f 660/748/703 665/749/704 685/527/490 458/531/494
f 461/530/493 661/750/705 660/748/703 458/531/494
f 662/751/706 661/750/705 461/530/493 460/535/498
f 663/688/509 662/751/706 460/535/498 464/534/497
f 254/215/186 666/240/226 667/216/187
f 705/752/707 704/753/708 696/686/507 706/756/709
f 277/237/224 253/236/223 669/757/710
f 689/260/246 697/687/508 704/753/708 686/257/243
f 669/757/710 670/758/711 280/244/230 277/237/224
f 278/241/227 286/272/249 671/262/248 668/239/225
f 707/759/712 688/259/245 687/258/244 708/760/713
f 23/245/231 280/244/230 670/758/711 673/761/714
f 248/213/184 701/744/700 700/742/699
f 695/685/506 702/746/701 703/747/702 694/684/505
f 14/1735/154 213/161/152 675/142/133 674/1734/134
f 676/141/132 675/142/133 213/161/152 212/159/150
f 677/140/131 676/141/132 212/159/150 211/157/148
f 211/157/148 199/154/145 678/124/115 677/140/131
f 199/154/145 197/152/143 679/123/114 678/124/115
f 197/152/143 196/151/142 680/122/113 679/123/114
f 196/151/142 195/147/138 681/121/112 680/122/113
f 195/147/138 194/127/118 682/119/110 681/121/112
f 683/120/111 682/119/110 194/127/118 193/126/117
f 193/126/117 457/528/491 684/526/489 683/120/111
f 685/527/490 684/526/489 457/528/491 458/531/494
f 685/527/490 665/749/704 249/679/500 456/487/482
f 249/679/500 664/214/185 162/81/74
f 696/686/507 704/753/708 697/687/508
f 273/227/214 657/228/215 658/225/212 272/224/211
f 668/239/225 671/262/248 687/258/244 686/257/243
f 670/758/711 669/757/710 689/260/246 688/259/245
f 252/234/221 251/232/219 690/681/502 691/680/501
f 661/750/705 662/751/706 693/683/504 692/682/503
f 660/748/703 661/750/705 692/682/503 694/684/505
f 251/232/219 250/231/218 695/685/506 690/681/502
f 662/751/706 663/688/509 696/686/507 693/683/504
f 253/236/223 252/234/221 691/680/501 697/687/508
f 658/225/212 657/228/215 700/742/699 699/740/698
f 664/214/185 249/679/500 698/738/697 701/744/700
f 659/226/213 658/225/212 699/740/698 702/746/701
f 249/679/500 665/749/704 703/747/702 698/738/697
f 667/216/187 666/240/226 704/753/708 705/752/707
f 663/688/509 465/536/499 706/756/709 696/686/507
f 465/536/499 667/216/187 705/752/707 706/756/709
f 669/757/710 253/236/223 697/687/508 689/260/246
f 666/240/226 668/239/225 686/257/243 704/753/708
f 673/761/714 670/758/711 688/259/245 707/759/712
f 671/262/248 672/261/247 708/760/713 687/258/244
f 248/213/184 664/214/185 701/744/700
f 657/228/215 248/213/184 700/742/699
f 250/231/218 659/226/213 702/746/701 695/685/506
f 665/749/704 660/748/703 694/684/505 703/747/702
f 749/691/544 121/30/20 120/31/21 131/692/405
f 720/697/715 721/698/716 723/699/717 722/700/718
f 721/698/716 720/697/715 724/701/719 725/702/720
f 722/700/718 723/699/717 144/1702/53 145/54/55
f 725/702/720 724/701/719 727/703/721 726/704/722
f 726/704/722 727/703/721 736/2514/723 737/2512/724
f 728/705/725 729/706/726 731/707/727 730/708/728
f 729/706/726 728/705/725 732/709/729 733/710/730
f 730/708/728 731/707/727 155/91/92 154/1699/90
f 733/710/730 732/709/729 735/711/731 734/712/732
f 734/712/732 735/711/731 739/2525/733 740/2509/734
f 738/715/735 2204/724/736 2203/725/737 743/754/738 746/714/30
f 741/755/739 742/1327/740 747/713/29 750/1328/741
f 712/1703/742 722/700/718 145/54/55 6/1693/58
f 723/699/717 730/708/728 154/1699/90 144/1702/53
f 731/707/727 716/717/743 8/93/94 155/91/92
f 720/697/715 722/700/718 712/1703/742 711/1704/744
f 727/703/721 724/701/719 710/1708/745 709/1705/746
f 724/701/719 720/697/715 711/1704/744 710/1708/745
f 723/699/717 721/698/716 728/705/725 730/708/728
f 721/698/716 725/702/720 732/709/729 728/705/725
f 725/702/720 726/704/722 735/711/731 732/709/729
f 731/707/727 729/706/726 715/721/747 716/717/743
f 729/706/726 733/710/730 714/722/748 715/721/747
f 733/710/730 734/712/732 713/723/749 714/722/748
f 738/715/735 746/714/30 747/713/29 742/1327/740
f 741/755/739 750/1328/741 85/1329/750 718/1330/751
f 717/2513/752 736/2514/723 727/703/721 709/1705/746
f 737/2512/724 739/2525/733 735/711/731 726/704/722
f 740/2509/734 719/2502/753 713/723/749 734/712/732
f 743/754/738 744/1683/754 745/28/27 746/714/30
f 747/713/29 748/29/28 749/1684/544 750/1328/741
f 744/1683/754 743/754/738 3/1685/755 751/2536/756
f 85/1329/750 750/1328/741 749/1684/544 752/1687/543
f 130/36/26 121/30/20 748/762/28 745/763/27
f 1/1/1 754/764/757 759/765/758 2/2/2
f 754/764/757 756/766/759 760/767/760 759/765/758
f 756/766/759 758/768/761 761/769/762 760/767/760
f 762/770/763 759/765/758 760/767/760 763/771/764
f 763/771/764 760/767/760 761/769/762 764/772/765
f 766/773/766 765/774/767 764/772/765 761/769/762
f 765/774/767 766/773/766 767/775/768 768/776/769
f 768/776/769 767/775/768 769/777/770 770/778/771
f 772/779/772 771/780/773 770/778/771 769/777/770
f 774/782/774 773/783/775 771/780/773 772/779/772
f 775/784/776 766/773/766 761/769/762 758/768/761
f 766/773/766 775/784/776 777/785/777 767/775/768
f 767/775/768 777/785/777 779/786/778 769/777/770
f 769/777/770 779/786/778 781/787/779 772/779/772
f 772/779/772 781/787/779 783/788/780 774/782/774
f 1368/1694/781 1369/1695/782 1370/1697/783 1371/1698/784
f 753/789/785 787/790/786 788/791/787 755/792/788
f 790/793/789 789/794/790 819/795/791 820/796/792
f 790/793/789 791/797/793 792/798/794 789/794/790
f 791/797/793 790/793/789 820/796/792 821/799/795
f 818/800/796 819/795/791 789/794/790 792/798/794
f 793/801/797 757/802/798 755/792/788 788/791/787
f 757/802/798 793/801/797 794/803/799 776/804/800
f 795/805/801 778/806/802 776/804/800 794/803/799
f 796/807/803 780/808/804 778/806/802 795/805/801
f 797/809/805 782/810/806 1534/811/807
f 797/809/805 786/813/808 782/810/806
f 798/814/809 785/815/810 786/813/808 797/809/805
f 785/815/810 798/814/809 6/65/58 4/1733/57
f 788/791/787 787/790/786 799/816/811 800/817/812
f 792/798/794 791/797/793 801/818/813 802/819/814
f 791/797/793 821/799/795 822/820/815 801/818/813
f 817/821/816 818/800/796 792/798/794 802/819/814
f 793/801/797 788/791/787 800/817/812 803/822/817
f 794/803/799 793/801/797 803/822/817 804/823/818
f 795/805/801 794/803/799 804/823/818 805/824/819
f 796/807/803 795/805/801 805/824/819 806/825/820
f 797/809/805 1534/811/807 1535/826/821 807/827/822
f 822/820/815 823/828/823 809/829/824 801/818/813
f 801/818/813 809/829/824 810/830/825 802/819/814
f 810/830/825 816/831/826 817/821/816 802/819/814
f 815/832/827 816/831/826 810/830/825 812/833/828
f 812/833/828 810/830/825 809/829/824 814/834/829
f 823/828/823 824/835/830 814/834/829 809/829/824
f 822/820/815 821/799/795 5/86/79 7/85/78
f 7/85/78 9/87/80 823/828/823 822/820/815
f 9/87/80 10/88/81 824/835/830 823/828/823
f 825/836/831 800/817/812 799/816/811 811/837/832
f 800/817/812 825/836/831 826/838/833 803/822/817
f 803/822/817 826/838/833 827/839/834 804/823/818
f 828/840/835 805/824/819 804/823/818 827/839/834
f 805/824/819 828/840/835 829/841/836 806/825/820
f 1535/826/821 830/842/837 807/827/822
f 831/843/838 807/827/822 830/842/837
f 832/844/839 808/845/840 807/827/822 831/843/838
f 11/102/93 8/1749/94 808/845/840 832/844/839
f 833/846/841 825/836/831 811/837/832 813/847/842
f 834/848/843 826/838/833 825/836/831 833/846/841
f 826/838/833 834/848/843 835/849/844 827/839/834
f 836/850/845 828/840/835 827/839/834 835/849/844
f 837/851/846 829/841/836 828/840/835 836/850/845
f 838/852/847 830/842/837 829/841/836 837/851/846
f 839/853/848 831/843/838 830/842/837 838/852/847
f 840/854/849 832/844/839 831/843/838 839/853/848
f 12/113/104 11/102/93 832/844/839 840/854/849
f 813/847/842 841/855/850 842/856/851 833/846/841
f 843/857/852 834/848/843 833/846/841 842/856/851
f 844/858/853 835/849/844 834/848/843 843/857/852
f 845/859/854 836/850/845 835/849/844 844/858/853
f 841/855/850 1319/860/855 1318/861/856 842/856/851
f 1317/862/857 843/857/852 842/856/851 1318/861/856
f 1316/863/858 844/858/853 843/857/852 1317/862/857
f 1315/864/859 845/859/854 844/858/853 1316/863/858
f 1314/865/860 851/866/861 845/859/854 1315/864/859
f 846/867/862 853/868/863 854/869/864 847/870/865
f 856/871/866 854/869/864 853/868/863 855/872/867
f 855/872/867 857/873/868 858/874/869 856/871/866
f 857/873/868 859/875/870 893/876/871 858/874/869
f 836/850/845 845/859/854 851/866/861 837/851/846
f 840/854/849 839/853/848 861/877/872 862/878/873
f 861/877/872 839/853/848 838/852/847 863/879/874
f 837/851/846 851/866/861 863/879/874 838/852/847
f 12/113/104 840/854/849 862/878/873 13/139/130
f 1313/880/875 863/879/874 851/866/861 1314/865/860
f 863/879/874 1313/880/875 1312/881/876 861/877/872
f 861/877/872 1312/881/876 1311/882/877 862/878/873
f 674/143/134 13/139/130 862/878/873 1311/882/877
f 868/883/878 867/884/879 856/871/866 858/874/869
f 854/869/864 856/871/866 867/884/879 869/885/880
f 869/885/880 848/886/881 847/870/865 854/869/864
f 858/874/869 893/876/871 894/887/882 868/883/878
f 869/885/880 867/884/879 871/888/883 872/889/884
f 872/889/884 849/890/885 848/886/881 869/885/880
f 849/890/885 872/889/884 873/891/886 850/892/887
f 850/892/887 873/891/886 874/893/888 852/894/889
f 875/895/890 864/896/891 852/894/889 874/893/888
f 876/898/892 865/901/893 864/896/891 875/895/890
f 877/917/894 866/918/895 865/901/893 876/898/892
f 15/162/153 14/163/154 866/918/895 877/917/894
f 878/919/896 871/888/883 867/884/879 868/883/878
f 871/888/883 878/919/896 879/920/897 880/921/898
f 880/921/898 873/891/886 872/889/884 871/888/883
f 882/922/899 881/923/900 880/921/898 879/920/897
f 873/891/886 880/921/898 881/923/900 874/893/888
f 874/893/888 881/923/900 883/924/901 875/895/890
f 884/925/902 876/898/892 875/895/890 883/924/901
f 885/926/903 877/917/894 876/898/892 884/925/902
f 16/172/163 15/162/153 877/917/894 885/926/903
f 881/923/900 882/922/899 886/927/904 883/924/901
f 883/924/901 886/927/904 887/928/905 884/925/902
f 884/925/902 887/928/905 888/929/906 885/926/903
f 885/926/903 888/929/906 17/176/167 16/172/163
f 18/177/168 888/929/906 887/928/905 889/930/907
f 889/930/907 887/928/905 886/927/904
f 17/176/167 888/929/906 18/177/168 235/175/166
f 18/177/168 889/930/907 890/931/908 19/179/170
f 882/922/899 891/932/909 889/930/907 886/927/904
f 879/920/897 892/933/910 891/932/909 882/922/899
f 893/876/871 859/875/870 860/934/911
f 894/887/882 893/876/871 860/934/911 870/935/912
f 895/936/913 878/919/896 868/883/878 894/887/882
f 878/919/896 895/936/913 892/933/910 879/920/897
f 891/932/909 896/937/914 890/931/908 889/930/907
f 896/937/914 891/932/909 892/933/910 897/938/915
f 898/940/916 895/936/913 894/887/882 870/935/912
f 895/936/913 898/940/916 897/938/915 892/933/910
f 10/88/81 20/210/181 1279/941/917
f 814/834/829 824/835/830 899/942/918 900/943/919
f 900/943/919 901/944/920 812/833/828 814/834/829
f 815/832/827 812/833/828 901/944/920 1303/945/921
f 907/946/922 908/947/923 1306/948/924
f 1279/941/917 20/210/181 21/219/190 1280/949/925
f 900/943/919 899/942/918 909/950/926 910/951/927
f 900/943/919 910/951/927 1238/952/928 1222/953/929
f 910/899/927 909/1631/926 912/902/930 911/903/931
f 21/189/190 72/197/198 1119/904/932 1280/897/925
f 911/903/931 912/902/930 914/905/933 913/906/934
f 914/905/933 916/907/935 915/908/936 913/906/934
f 915/908/936 916/907/935 918/909/937 917/910/938
f 917/910/938 918/909/937 920/911/939 919/912/940
f 921/913/941 919/912/940 920/911/939 922/914/942
f 922/914/942 1217/915/943 1216/916/944 921/913/941
f 925/954/945 924/955/946 903/956/947 1298/957/948
f 926/1057/949 1296/1114/950 901/944/920
f 927/1115/951 926/1057/949 901/944/920 900/943/919
f 924/955/946 928/1116/952 904/1117/953 903/956/947
f 928/1116/952 929/1118/954 905/1119/955 904/1117/953
f 906/1120/956 905/1119/955 929/1118/954 930/1121/957
f 1307/1122/958 931/1123/959 907/946/922 1305/1124/960
f 932/1125/961 930/1121/957 929/1118/954 928/1116/952
f 934/1126/962 933/1127/963 930/1121/957 932/1125/961
f 933/1127/963 934/1126/962 22/246/232 23/245/231
f 936/1128/964 925/954/945 926/1057/949 935/1129/965
f 24/249/235 936/1128/964 935/1129/965 25/250/236
f 935/1129/965 926/1057/949 927/1115/951 937/1130/966
f 937/1130/966 927/1115/951 1223/1131/967 938/1132/968
f 937/1130/966 26/254/240 25/250/236 935/1129/965
f 938/1132/968 27/255/241 26/254/240 937/1130/966
f 27/255/241 938/1132/968 1223/1131/967 28/256/242
f 1322/1133/969 1325/1134/970 1324/1135/971 1323/1136/972
f 672/261/247 29/387/250 939/1137/973 1310/1138/974
f 940/1139/975 908/947/923 907/946/922 931/1123/959
f 931/1123/959 939/1137/973 941/1140/976 940/1139/975
f 29/387/250 30/459/253 941/1140/976 939/1137/973
f 897/938/915 942/1141/977 896/937/914
f 870/935/912 943/1142/978 898/940/916
f 897/938/915 898/940/916 943/1142/978 942/1141/977
f 944/1143/979 31/463/257 19/179/170 890/931/908
f 942/1141/977 944/1143/979 890/931/908 896/937/914
f 870/935/912 860/934/911 945/1144/980 943/1142/978
f 860/934/911 859/875/870 946/1145/981 945/1144/980
f 1306/948/924 946/1145/981 859/875/870 1118/1165/982
f 908/947/923 940/1139/975 948/1166/983 947/1167/984
f 949/1168/985 948/1166/983 940/1139/975 941/1140/976
f 941/1140/976 30/459/253 32/469/263 949/1168/985
f 951/1169/986 950/1170/987 948/1166/983 949/1168/985
f 949/1168/985 32/469/263 33/472/266 951/1169/986
f 950/1170/987 952/1171/988 947/1167/984 948/1166/983
f 952/1171/988 953/1294/989 946/1145/981 947/1167/984
f 953/1294/989 954/1295/990 945/1144/980 946/1145/981
f 955/1296/991 943/1142/978 945/1144/980 954/1295/990
f 955/1296/991 956/1297/992 942/1141/977 943/1142/978
f 942/1141/977 956/1297/992 957/1298/993 944/1143/979
f 944/1143/979 957/1298/993 34/479/273 31/463/257
f 1165/966/994 1168/967/995 1167/968/996 1166/969/997
f 960/970/998 959/971/999 965/972/1000 966/973/1001
f 961/974/1002 960/970/998 966/973/1001 967/975/1003
f 962/976/1004 961/974/1002 967/975/1003 968/977/1005
f 963/978/1006 962/976/1004 968/977/1005 969/979/1007
f 964/980/1008 963/978/1006 969/979/1007 970/981/1009
f 36/289/290 964/980/1008 970/981/1009 38/290/291
f 1166/969/997 1167/968/996 1170/982/1010 1169/983/1011
f 966/973/1001 965/972/1000 971/984/1012 972/985/1013
f 967/975/1003 966/973/1001 972/985/1013 973/986/1014
f 968/977/1005 967/975/1003 973/986/1014 974/987/1015
f 969/979/1007 968/977/1005 974/987/1015 975/988/1016
f 970/981/1009 969/979/1007 975/988/1016 976/989/1017
f 38/290/291 970/981/1009 976/989/1017 39/299/300
f 1172/990/1018 1169/983/1011 1170/982/1010 1171/991/1019
f 979/992/1020 972/985/1013 971/984/1012 978/993/1021
f 972/985/1013 979/992/1020 980/994/1022 973/986/1014
f 973/986/1014 980/994/1022 981/995/1023 974/987/1015
f 982/996/1024 975/988/1016 974/987/1015 981/995/1023
f 983/997/1025 976/989/1017 975/988/1016 982/996/1024
f 39/299/300 976/989/1017 983/997/1025 40/308/309
f 978/993/1021 977/998/1026 984/999/1027 979/992/1020
f 984/999/1027 985/1000/1028 980/994/1022 979/992/1020
f 986/1001/1029 981/995/1023 980/994/1022 985/1000/1028
f 986/1001/1029 987/1002/1030 982/996/1024 981/995/1023
f 988/1003/1031 41/315/316 40/308/309 983/997/1025
f 42/316/317 41/315/316 988/1003/1031 989/1004/1032
f 990/1005/1033 987/1002/1030 986/1001/1029 991/1006/1034
f 991/1006/1034 986/1001/1029 985/1000/1028 992/1007/1035
f 985/1000/1028 984/999/1027 993/1008/1036 992/1007/1035
f 994/1009/1037 993/1008/1036 984/999/1027 977/998/1026
f 995/1010/1038 994/1009/1037 977/998/1026 1176/1011/1039
f 997/1579/1040 996/1580/1041 1173/1575/1042 958/1015/1043
f 998/1572/1044 997/1579/1040 958/1015/1043 1145/1647/1045
f 47/331/332 48/333/335 1020/2583/1046 1019/2581/1047
f 1020/2583/1046 48/333/335 50/334/337 1021/2584/1048
f 1021/2584/1048 50/334/337 51/335/339 1022/2585/1049
f 52/336/340 1023/2588/1050 1022/2585/1049 51/335/339
f 53/337/342 1024/2591/1051 1023/2588/1050 52/336/340
f 49/2613/344 1025/2593/1052 1024/2591/1051 53/337/342
f 1009/1616/1053 1010/1619/1054 1026/1020/1055 1027/1021/1056
f 1010/1619/1054 1011/1609/1057 1028/1023/1058 1026/1020/1055
f 45/1618/352 1012/1617/1059 1029/1025/1060 61/345/353
f 1012/1617/1059 1009/1616/1053 1027/1021/1056 1029/1025/1060
f 1014/1608/1061 1013/1615/1062 1030/1028/1063 1031/1029/1064
f 1013/1615/1062 1015/1614/1065 1032/1031/1066 1030/1028/1063
f 1015/1614/1065 1016/1613/1067 1033/1033/1068 1032/1031/1066
f 1016/1613/1067 1017/1612/1069 1034/1035/1070 1033/1033/1068
f 1017/1612/1069 1018/1611/1071 1035/1037/1072 1034/1035/1070
f 1018/1611/1071 46/361/369 62/360/368 1035/1037/1072
f 1011/1609/1057 1014/1608/1061 1031/1029/1064 1028/1023/1058
f 1027/1021/1056 1026/1020/1055 1036/1038/1073 1037/1039/1074
f 1026/1020/1055 1028/1023/1058 1038/1040/1075 1036/1038/1073
f 61/345/353 1029/1025/1060 1039/1041/1076 63/365/373
f 1029/1025/1060 1027/1021/1056 1037/1039/1074 1039/1041/1076
f 1031/1029/1064 1030/1028/1063 1040/1042/1077 1041/1043/1078
f 1030/1028/1063 1032/1031/1066 1042/1044/1079 1040/1042/1077
f 1032/1031/1066 1033/1033/1068 1043/1045/1080 1042/1044/1079
f 1033/1033/1068 1034/1035/1070 1044/1046/1081 1043/1045/1080
f 1034/1035/1070 1035/1037/1072 1045/1047/1082 1044/1046/1081
f 1035/1037/1072 62/360/368 64/373/381 1045/1047/1082
f 1028/1023/1058 1031/1029/1064 1041/1043/1078 1038/1040/1075
f 1037/1039/1074 1036/1038/1073 65/374/382
f 1036/1038/1073 1038/1040/1075 65/374/382
f 63/365/373 1039/1041/1076 65/374/382
f 1039/1041/1076 1037/1039/1074 65/374/382
f 1041/1043/1078 1040/1042/1077 65/374/382
f 1040/1042/1077 1042/1044/1079 65/374/382
f 1042/1044/1079 1043/1045/1080 65/374/382
f 1043/1045/1080 1044/1046/1081 65/374/382
f 1044/1046/1081 1045/1047/1082 65/374/382
f 1045/1047/1082 64/373/381 65/374/382
f 1038/1040/1075 1041/1043/1078 65/374/382
f 1046/1048/1083 1047/2611/1084 87/377/385 88/376/384
f 1047/2611/1084 1046/1048/1083 1048/1049/1085 1049/2594/1086
f 1049/2594/1086 1048/1049/1085 1050/1050/1087 1051/2597/1088
f 1051/2597/1088 1050/1050/1087 1052/1051/1089 1053/2598/1090
f 1053/2598/1090 1052/1051/1089 1054/1052/1091 1055/2600/1092
f 1055/2600/1092 1054/1052/1091 1056/1053/1093 1057/2602/1094
f 1057/2602/1094 1056/1053/1093 1058/1054/1095 1059/2605/1096
f 1059/2605/1096 1058/1054/1095 1060/1055/1097 1061/2606/1098
f 1061/2606/1098 1060/1055/1097 1062/1056/1099 1063/2609/1100
f 1063/2609/1100 1062/1056/1099 89/386/404 90/2615/403
f 762/735/763 763/736/764 1048/1049/1085 1046/1048/1083
f 763/736/764 764/737/765 1050/1050/1087 1048/1049/1085
f 764/737/765 765/739/767 1052/1051/1089 1050/1050/1087
f 765/739/767 768/741/769 1054/1052/1091 1052/1051/1089
f 768/741/769 770/743/771 1056/1053/1093 1054/1052/1091
f 770/743/771 771/745/773 1058/1054/1095 1056/1053/1093
f 771/745/773 773/1527/775 1060/1055/1097 1058/1054/1095
f 773/1527/775 784/1526/1101 1062/1056/1099 1060/1055/1097
f 784/1526/1101 84/388/406 89/386/404 1062/1056/1099
f 66/389/407 67/392/410 1183/1058/1102 1064/1059/1103
f 1065/1060/1104 1180/1061/1105 1067/1062/1106 1066/1063/1107
f 1066/1063/1107 1067/1062/1106 1069/1064/1108 1068/1065/1109
f 1068/1065/1109 1069/1064/1108 1071/1066/1110 1070/1067/1111
f 1070/1067/1111 1071/1066/1110 1073/1068/1112 1072/1069/1113
f 1072/1069/1113 1073/1068/1112 1075/1070/1114 1074/1071/1115
f 1074/1071/1115 1075/1070/1114 1077/1072/1116 1076/1073/1117
f 1076/1073/1117 1077/1072/1116 91/408/426 92/407/425
f 951/958/986 33/265/266 66/389/407 1064/1059/1103
f 950/959/987 951/958/986 1064/1059/1103 1065/1060/1104
f 952/960/988 950/959/987 1065/1060/1104 1066/1063/1107
f 953/961/989 952/960/988 1066/1063/1107 1068/1065/1109
f 1068/1065/1109 1070/1067/1111 954/962/990 953/961/989
f 1070/1067/1111 1072/1069/1113 955/963/991 954/962/990
f 956/964/992 955/963/991 1072/1069/1113 1074/1071/1115
f 956/964/992 1074/1071/1115 1076/1073/1117 957/965/993
f 957/965/993 1076/1073/1117 92/407/425 93/409/427 34/1606/273
f 959/971/999 960/970/998 1069/1064/1108 1067/1062/1106
f 960/970/998 961/974/1002 1071/1066/1110 1069/1064/1108
f 961/974/1002 962/976/1004 1073/1068/1112 1071/1066/1110
f 962/976/1004 963/978/1006 1075/1070/1114 1073/1068/1112
f 963/978/1006 964/980/1008 1077/1072/1116 1075/1070/1114
f 1078/1074/1118 1079/1075/1119 69/412/430 68/411/429
f 1079/1075/1119 1078/1074/1118 1080/1076/1120 1081/1077/1121
f 1081/1077/1121 1080/1076/1120 1082/1078/1122 1083/1079/1123
f 1083/1079/1123 1082/1078/1122 1084/1080/1124 1085/1081/1125
f 1085/1081/1125 1084/1080/1124 1086/1082/1126 1087/1083/1127
f 1087/1083/1127 1086/1082/1126 1088/1084/1128 1089/1085/1129
f 1089/1085/1129 1088/1084/1128 1090/1086/1130 1091/1087/1131
f 1091/1087/1131 1090/1086/1130 1092/1088/1132 1093/1089/1133
f 1093/1089/1133 1092/1088/1132 1094/1090/1134 1095/1091/1135
f 1095/1091/1135 1094/1090/1134 1096/1092/1136 1097/1093/1137
f 1097/1093/1137 1096/1092/1136 70/433/451 71/432/450
f 68/411/429 654/435/453 1293/1094/1138 1078/1074/1118
f 1078/1074/1118 1293/1094/1138 1292/1095/1139 1080/1076/1120
f 1291/1096/1140 1082/1078/1122 1080/1076/1120 1292/1095/1139
f 1082/1078/1122 1291/1096/1140 1290/1097/1141 1084/1080/1124
f 1084/1080/1124 1290/1097/1141 1289/1098/1142 1086/1082/1126
f 1086/1082/1126 1289/1098/1142 1288/1099/1143 1088/1084/1128
f 1088/1084/1128 1288/1099/1143 1287/1100/1144 1090/1086/1130
f 1286/1101/1145 1092/1088/1132 1090/1086/1130 1287/1100/1144
f 1092/1088/1132 1286/1101/1145 1285/1102/1146 1094/1090/1134
f 1094/1090/1134 1285/1102/1146 1284/1103/1147 1096/1092/1136
f 69/412/430 1079/1075/1119 999/1104/1148 43/445/463
f 1079/1075/1119 1081/1077/1121 1000/1105/1149 999/1104/1148
f 1081/1077/1121 1083/1079/1123 1001/1106/1150 1000/1105/1149
f 1083/1079/1123 1085/1081/1125 1002/1107/1151 1001/1106/1150
f 1085/1081/1125 1087/1083/1127 1003/1108/1152 1002/1107/1151
f 1087/1083/1127 1089/1085/1129 1004/1109/1153 1003/1108/1152
f 1089/1085/1129 1091/1087/1131 1005/1110/1154 1004/1109/1153
f 1091/1087/1131 1093/1089/1133 1006/1111/1155 1005/1110/1154
f 1093/1089/1133 1095/1091/1135 1007/1112/1156 1006/1111/1155
f 1095/1091/1135 1097/1093/1137 1008/1113/1157 1007/1112/1156
f 1097/1093/1137 71/432/450 44/456/474 1008/1113/1157
f 1098/1299/1158 1099/1300/1159 1103/1301/1160 1102/1302/1161
f 1099/1300/1159 1098/1299/1158 1101/1303/1162 1100/1304/1163
f 1100/1304/1163 1101/1303/1162 1109/1305/1164 1108/1306/1165
f 1102/1302/1161 1103/1301/1160 1105/1307/1166 1104/1308/1167
f 1104/1308/1167 1105/1307/1166 1107/1309/1168 1106/1331/1169
f 1106/1331/1169 1107/1309/1168 96/525/488 95/492/487
f 1108/1306/1165 1109/1305/1164 1321/1332/1170 1320/1333/1171
f 1110/1334/1172 1111/1335/1173 1114/1336/1174 1115/1337/1175
f 1112/1338/1176 1113/1339/1177 1117/1340/1178 1116/1341/1179
f 1113/1339/1177 1112/1338/1176 1115/1337/1175 1114/1336/1174
f 1116/1341/1179 1117/1340/1178 1118/1165/982 859/875/870
f 1098/1299/1158 816/831/826 815/832/827 1101/1303/1162
f 817/821/816 816/831/826 1098/1299/1158 1102/1302/1161
f 1104/1308/1167 818/800/796 817/821/816 1102/1302/1161
f 1104/1308/1167 1106/1331/1169 819/795/791 818/800/796
f 820/796/792 819/795/791 1106/1331/1169 95/492/487
f 1101/1303/1162 815/832/827 902/1342/1180 1109/1305/1164
f 1327/1343/1181 1329/1344/1182 1328/1345/1183 1326/1346/1184
f 1330/1347/1185 1331/1348/1186 1326/1346/1184 1328/1345/1183
f 1327/1343/1181 1333/1349/1187 1332/1350/1188 1329/1344/1182
f 1118/1165/982 1117/1340/1178 1302/1351/1189
f 813/847/842 811/837/832 1099/1300/1159 1100/1304/1163
f 811/837/832 799/816/811 1103/1301/1160 1099/1300/1159
f 799/816/811 787/790/786 1105/1307/1166 1103/1301/1160
f 787/790/786 753/789/785 1107/1309/1168 1105/1307/1166
f 753/789/785 82/689/510 96/525/488 1107/1309/1168
f 841/855/850 813/847/842 1100/1304/1163 1108/1306/1165
f 1319/860/855 841/855/850 1108/1306/1165 1320/1333/1171
f 855/872/867 853/868/863 1115/1337/1175 1112/1338/1176
f 853/868/863 846/867/862 1110/1334/1172 1115/1337/1175
f 857/873/868 855/872/867 1112/1338/1176 1116/1341/1179
f 859/875/870 857/873/868 1116/1341/1179
f 73/493/511 70/433/451 1096/1092/1136 1284/1103/1147
f 1126/1146/1190 97/497/515 99/496/514 1127/1147/1191
f 1128/1148/1192 75/501/519 76/500/518 1129/1149/1193
f 1129/1149/1193 76/500/518 77/503/521 1130/1150/1194
f 1130/1150/1194 77/503/521 78/505/523 1131/1151/1195
f 1131/1151/1195 78/505/523 570/507/525 1219/1152/1196
f 640/508/526 80/511/529 1133/1153/1197 1281/1154/1198
f 1133/1153/1197 80/511/529 81/1578/531 1134/1577/1199
f 1119/904/932 1120/1156/1200 914/905/933 912/902/930
f 916/907/935 914/905/933 1120/1156/1200 1121/1157/1201
f 916/907/935 1121/1157/1201 1122/1158/1202 918/909/937
f 918/909/937 1122/1158/1202 1123/1159/1203 920/911/939
f 1123/1159/1203 1124/1160/1204 922/914/942 920/911/939
f 1282/1161/1205 1141/1162/1206 1142/1648/1207 1125/1571/1208
f 1126/1146/1190 98/523/541 97/497/515
f 74/524/542 1134/1155/1199 81/513/531
f 1120/1156/1200 1119/904/932 1126/1146/1190 1127/1147/1191
f 1121/1157/1201 1120/1156/1200 1127/1147/1191 1128/1148/1192
f 1122/1158/1202 1121/1157/1201 1128/1148/1192 1129/1149/1193
f 1123/1159/1203 1122/1158/1202 1129/1149/1193 1130/1150/1194
f 1124/1160/1204 1123/1159/1203 1130/1150/1194 1131/1151/1195
f 1125/1571/1208 1142/1648/1207 1133/1153/1197 1134/1577/1199
f 73/493/511 1125/1164/1208 1134/1155/1199 74/524/542
f 752/690/543 84/1739/406 784/1352/1101 1372/1353/1209
f 88/376/384 83/1547/545 762/735/763 1046/1048/1083
f 95/492/487 94/694/546 820/796/792
f 925/954/945 1135/1354/1210 1136/1355/1211 924/955/946
f 924/955/946 1136/1355/1211 1137/1356/1212 928/1116/952
f 928/1116/952 1137/1356/1212 1138/1357/1213 932/1125/961
f 932/1125/961 1138/1357/1213 1139/1358/1214 934/1126/962
f 934/1126/962 1139/1358/1214 482/731/552 22/246/232
f 936/1128/964 1140/1359/1215 1135/1354/1210 925/954/945
f 24/249/235 483/1752/554 1140/1359/1215 936/1128/964
f 1142/1648/1207 1149/1172/1216 1281/1154/1198 1133/1153/1197
f 1218/1173/1217 1124/1160/1204 1131/1151/1195 1219/1152/1196
f 1217/915/943 922/914/942 1124/1160/1204 1218/1173/1217
f 1154/1174/1218 1145/1647/1045 958/1015/1043 923/1175/1219
f 1164/1669/1220 1161/1670/1221 1158/1178/1222 1160/1671/1223
f 1141/1644/1206 1143/1180/1224 1144/1181/1225 1142/1163/1207
f 1143/1180/1224 1158/1178/1222 1157/1667/1226 1144/1181/1225
f 1145/1017/1045 1147/1183/1227 1148/1672/1228 1146/1673/1229
f 1147/1183/1227 1159/1186/1230 1160/1179/1223 1148/1672/1228
f 1149/1646/1216 1152/1187/1231 1153/1188/1232 1151/1642/1233
f 1152/1187/1231 1162/1190/1234 1161/1177/1221 1153/1188/1232
f 1154/1643/1218 1155/1191/1235 1156/1192/1236
f 1155/1191/1235 1164/1176/1220 1163/1666/1237 1156/1192/1236
f 1148/1184/1228 1143/1180/1224 1141/1644/1206 1146/1645/1229
f 1144/1181/1225 1152/1187/1231 1149/1646/1216 1142/1163/1207
f 1153/1188/1232 1155/1191/1235 1154/1643/1218 1151/1642/1233
f 1156/1192/1236 1147/1183/1227 1145/1017/1045 1154/1643/1218
f 1148/1184/1228 1160/1671/1223 1158/1178/1222 1143/1180/1224
f 1144/1181/1225 1157/1667/1226 1162/1190/1234 1152/1187/1231
f 1153/1188/1232 1161/1177/1221 1164/1176/1220 1155/1191/1235
f 1156/1192/1236 1163/1666/1237 1159/1186/1230 1147/1183/1227
f 1149/1172/1216 1151/1189/1233 1150/1194/1238
f 1161/1670/1221 1162/1668/1234 1157/1182/1226 1158/1178/1222
f 1159/1665/1230 1163/1193/1237 1164/1669/1220 1160/1671/1223
f 1177/1195/1239 1172/990/1018 1171/991/1019 1174/1196/1240
f 1186/1197/1241 1168/967/995 1165/966/994 1182/1198/1242
f 1187/1199/1243 1189/1200/1244 1190/1201/1245 1188/1202/1246
f 1188/1202/1246 1202/1203/1247 1203/1204/1248 1187/1199/1243
f 1189/1200/1244 1195/1205/1249 1196/1206/1250 1190/1201/1245
f 1191/1207/1251 1204/1208/1252 1205/1209/1253 1192/1210/1254
f 1192/1210/1254 1194/1211/1255 1193/1212/1256 1191/1207/1251
f 1194/1211/1255 1198/1213/1257 1197/1214/1258 1193/1212/1256
f 1195/1205/1249 1235/1573/1259 1201/1216/1260 1196/1206/1250
f 1198/1213/1257 1199/1217/1261 1200/1218/1262 1197/1214/1258
f 1199/1217/1261 1211/1219/1263 1176/1011/1039 1200/1218/1262
f 1202/1203/1247 1215/1220/1264 1214/1221/1265 1203/1204/1248
f 1204/1208/1252 1213/1222/1266 1212/1223/1267 1205/1209/1253
f 1206/1224/1268 1210/1225/1269 1173/1014/1042 1207/1226/1270
f 1207/1226/1270 1208/1227/1271 1209/1228/1272 1206/1224/1268
f 1208/1227/1271 1176/1011/1039 1211/1219/1263 1209/1228/1272
f 1213/1222/1266 1214/1221/1265 1215/1220/1264 1212/1223/1267
f 1187/1199/1243 35/595/613 37/594/612 1189/1200/1244
f 959/971/999 1191/1207/1251 1193/1212/1256 965/972/1000
f 1189/1200/1244 37/594/612 86/596/614 1195/1205/1249
f 965/972/1000 1193/1212/1256 1197/1214/1258 971/984/1012
f 1200/1218/1262 1176/1011/1039 977/998/1026 978/993/1021
f 978/993/1021 971/984/1012 1197/1214/1258 1200/1218/1262
f 995/1010/1038 1295/1229/1273 1294/1230/1274 996/1013/1041
f 1195/1205/1249 86/596/614 60/1576/617 1235/1573/1259
f 1184/1231/1275 1214/1221/1265 1213/1222/1266 1179/1232/1276
f 1191/1207/1251 959/971/999 1067/1062/1106 1180/1061/1105
f 1192/1210/1254 1165/966/994 1166/969/997 1194/1211/1255
f 1190/1201/1245 1167/968/996 1168/967/995 1188/1202/1246
f 1194/1211/1255 1166/969/997 1169/983/1011 1198/1213/1257
f 1196/1206/1250 1170/982/1010 1167/968/996 1190/1201/1245
f 1178/1233/1277 1175/1234/1278 1206/1224/1268 1209/1228/1272
f 1174/1196/1240 1171/991/1019 1201/1216/1260 1210/1225/1269
f 1199/1217/1261 1172/990/1018 1177/1195/1239 1211/1219/1263
f 1201/1216/1260 1171/991/1019 1170/982/1010 1196/1206/1250
f 1198/1213/1257 1169/983/1011 1172/990/1018 1199/1217/1261
f 1182/1198/1242 1165/966/994 1192/1210/1254 1205/1209/1253
f 1188/1202/1246 1168/967/995 1186/1197/1241 1202/1203/1247
f 1185/1235/1279 1181/1236/1280 1212/1223/1267 1215/1220/1264
f 1173/1575/1042 1234/1237/1281 923/1175/1219 958/1015/1043
f 1206/1224/1268 1175/1234/1278 1174/1196/1240 1210/1225/1269
f 1211/1219/1263 1177/1195/1239 1178/1233/1277 1209/1228/1272
f 1183/1058/1102 67/392/410 35/595/613 1187/1199/1243
f 1212/1223/1267 1181/1236/1280 1182/1198/1242 1205/1209/1253
f 1202/1203/1247 1186/1197/1241 1185/1235/1279 1215/1220/1264
f 1213/1222/1266 1204/1208/1252 1180/1061/1105 1179/1232/1276
f 1203/1204/1248 1214/1221/1265 1184/1231/1275 1183/1058/1102
f 1217/915/943 1154/1174/1218 923/1175/1219 1216/916/944
f 1154/1174/1218 1150/1194/1238 1151/1189/1233
f 1150/1194/1238 1218/1173/1217 1219/1152/1196 1132/1238/1282
f 570/507/525 79/608/626 1132/1238/1282 1219/1152/1196
f 1223/1131/967 927/1115/951 900/943/919 1222/953/929
f 1234/1574/1281 1173/1014/1042 1210/1225/1269 1201/1216/1260
f 1221/1239/1283 1224/1240/1284 1225/1241/1285 1220/1242/1286
f 1224/1240/1284 1226/1243/1287 1227/1244/1288 1225/1241/1285
f 1226/1243/1287 1228/1245/1289 1229/1246/1290 1227/1244/1288
f 1228/1245/1289 1230/1247/1291 1231/1248/1292 1229/1246/1290
f 1230/1247/1291 1232/1249/1293 1233/1250/1294 1231/1248/1292
f 1232/1249/1293 1237/1251/1295 1236/1252/1296 1233/1250/1294
f 1235/1215/1259 1236/1252/1296 1237/1251/1295 1234/1237/1281
f 911/903/931 913/906/934 1224/1240/1284 1221/1239/1283
f 1226/1243/1287 1224/1240/1284 913/906/934 915/908/936
f 1226/1243/1287 915/908/936 917/910/938 1228/1245/1289
f 1228/1245/1289 917/910/938 919/912/940 1230/1247/1291
f 919/912/940 921/913/941 1232/1249/1293 1230/1247/1291
f 1225/1241/1285 54/624/642 55/623/641 1220/1242/1286
f 60/599/617 565/625/643 1236/1252/1296 1235/1215/1259
f 57/626/644 56/627/645 1227/1244/1288 1229/1246/1290
f 56/627/645 54/624/642 1225/1241/1285 1227/1244/1288
f 59/628/646 58/629/647 1231/1248/1292 1233/1250/1294
f 58/629/647 57/626/644 1229/1246/1290 1231/1248/1292
f 1237/1251/1295 1216/916/944 923/1175/1219 1234/1237/1281
f 565/625/643 59/628/646 1233/1250/1294 1236/1252/1296
f 1237/1251/1295 1232/1249/1293 921/913/941 1216/916/944
f 1223/1131/967 1222/953/929 1238/952/928
f 1234/1574/1281 1201/1216/1260 1235/1573/1259
f 1220/1242/1286 1223/939/967 1238/900/928 1221/1239/1283
f 910/899/927 911/903/931 1221/1239/1283 1238/900/928
f 988/1003/1031 987/1002/1030 990/1005/1033 989/1004/1032
f 983/997/1025 982/996/1024 987/1002/1030 988/1003/1031
f 1010/1019/1054 1009/1018/1053 1255/1253/1297 1253/1254/1298
f 1251/1255/1299 1011/1022/1057 1010/1019/1054 1253/1254/1298
f 45/344/352 612/634/652 1257/1256/1300 1012/1024/1059
f 1255/1253/1297 1009/1018/1053 1012/1024/1059 1257/1256/1300
f 1247/1257/1301 1013/1027/1062 1014/1026/1061 1249/1258/1302
f 1245/1259/1303 1015/1030/1065 1013/1027/1062 1247/1257/1301
f 1243/1260/1304 1016/1032/1067 1015/1030/1065 1245/1259/1303
f 1016/1032/1067 1243/1260/1304 1241/1261/1305 1017/1034/1069
f 1017/1034/1069 1241/1261/1305 1239/1262/1306 1018/1036/1071
f 1018/1036/1071 1239/1262/1306 590/641/659 46/1610/369
f 1011/1022/1057 1251/1255/1299 1249/1258/1302 1014/1026/1061
f 591/642/660 590/641/659 1239/1262/1306 1240/1263/1307
f 1240/1263/1307 1239/1262/1306 1241/1261/1305 1242/1264/1308
f 1242/1264/1308 1241/1261/1305 1243/1260/1304 1244/1265/1309
f 1244/1265/1309 1243/1260/1304 1245/1259/1303 1246/1266/1310
f 1246/1266/1310 1245/1259/1303 1247/1257/1301 1248/1267/1311
f 1248/1267/1311 1247/1257/1301 1249/1258/1302 1250/1268/1312
f 1250/1268/1312 1249/1258/1302 1251/1255/1299 1252/1269/1313
f 1252/1269/1313 1251/1255/1299 1253/1254/1298 1254/1270/1314
f 1254/1270/1314 1253/1254/1298 1255/1253/1297 1256/1271/1315
f 1256/1271/1315 1255/1253/1297 1257/1256/1300 1258/1272/1316
f 1258/1272/1316 1257/1256/1300 612/634/652 613/653/671
f 615/654/672 1268/1273/1317 1267/1274/1318 614/655/673
f 616/658/676 1277/1275/1319 1278/1276/1320 617/659/677
f 1259/1277/1321 1265/1278/1322 1266/1279/1323 1260/1280/1324
f 1260/1280/1324 1262/1281/1325 1261/1282/1326 1259/1277/1321
f 1262/1281/1325 1270/1283/1327 1269/1284/1328 1261/1282/1326
f 1263/1285/1329 1267/1274/1318 1268/1273/1317 1264/1286/1330
f 1264/1286/1330 1266/1279/1323 1265/1278/1322 1263/1285/1329
f 1270/1283/1327 1272/1287/1331 1271/1288/1332 1269/1284/1328
f 1272/1287/1331 1274/1289/1333 1273/1290/1334 1271/1288/1332
f 1274/1289/1333 1276/1291/1335 1275/1292/1336 1273/1290/1334
f 1276/1291/1335 1278/1276/1320 1277/1275/1319 1275/1292/1336
f 1004/1109/1153 1005/1110/1154 1259/1277/1321 1261/1282/1326
f 1006/1111/1155 1007/1112/1156 1263/1285/1329 1265/1278/1322
f 1265/1278/1322 1259/1277/1321 1005/1110/1154 1006/1111/1155
f 1007/1112/1156 1008/1113/1157 1267/1274/1318 1263/1285/1329
f 1008/1113/1157 44/456/474 614/655/673 1267/1274/1318
f 1002/1107/1151 1003/1108/1152 1269/1284/1328 1271/1288/1332
f 1003/1108/1152 1004/1109/1153 1261/1282/1326 1269/1284/1328
f 1001/1106/1150 1002/1107/1151 1271/1288/1332 1273/1290/1334
f 1000/1105/1149 1001/1106/1150 1273/1290/1334 1275/1292/1336
f 1275/1292/1336 1277/1275/1319 999/1104/1148 1000/1105/1149
f 43/445/463 999/1104/1148 1277/1275/1319 616/658/676
f 1240/1263/1307 1268/1273/1317 615/654/672 591/642/660
f 1242/1264/1308 1264/1286/1330 1268/1273/1317 1240/1263/1307
f 1244/1265/1309 1266/1279/1323 1264/1286/1330 1242/1264/1308
f 1266/1279/1323 1244/1265/1309 1246/1266/1310 1260/1280/1324
f 1260/1280/1324 1246/1266/1310 1248/1267/1311 1262/1281/1325
f 1262/1281/1325 1248/1267/1311 1250/1268/1312 1270/1283/1327
f 1252/1269/1313 1272/1287/1331 1270/1283/1327 1250/1268/1312
f 1272/1287/1331 1252/1269/1313 1254/1270/1314 1274/1289/1333
f 1256/1271/1315 1276/1291/1335 1274/1289/1333 1254/1270/1314
f 1276/1291/1335 1256/1271/1315 1258/1272/1316 1278/1276/1320
f 613/653/671 617/659/677 1278/1276/1320 1258/1272/1316
f 10/88/81 1279/941/917 899/942/918 824/835/830
f 899/942/918 1279/941/917 1280/949/925 909/950/926
f 1119/904/932 912/902/930 909/1631/926 1280/897/925
f 72/197/198 98/523/541 1126/1146/1190 1119/904/932
f 1154/1174/1218 1217/915/943 1218/1173/1217 1150/1194/1238
f 36/289/290 91/408/426 1077/1072/1116 964/980/1008
f 1132/1238/1282 79/608/626 640/508/526 1281/1154/1198
f 1149/1172/1216 1150/1194/1238 1132/1238/1282 1281/1154/1198
f 1146/1185/1229 1141/1162/1206 1282/1161/1205 1283/1293/1337
f 998/1572/1044 1283/1293/1337 1282/1161/1205 1125/1571/1208
f 998/1572/1044 1145/1647/1045 1146/1185/1229 1283/1293/1337
f 1125/1164/1208 73/493/511 1284/1103/1147 998/1016/1044
f 1286/1101/1145 996/1013/1041 997/1012/1040 1285/1102/1146
f 996/1013/1041 1286/1101/1145 1287/1100/1144 995/1010/1038
f 1288/1099/1143 994/1009/1037 995/1010/1038 1287/1100/1144
f 1289/1098/1142 993/1008/1036 994/1009/1037 1288/1099/1143
f 1290/1097/1141 992/1007/1035 993/1008/1036 1289/1098/1142
f 1291/1096/1140 991/1006/1034 992/1007/1035 1290/1097/1141
f 991/1006/1034 1291/1096/1140 1292/1095/1139 990/1005/1033
f 1293/1094/1138 989/1004/1032 990/1005/1033 1292/1095/1139
f 654/435/453 42/316/317 989/1004/1032 1293/1094/1138
f 1285/1102/1146 997/1012/1040 998/1016/1044 1284/1103/1147
f 1177/1195/1239 1174/1196/1240 1175/1234/1278 1178/1233/1277
f 1181/1236/1280 1185/1235/1279 1186/1197/1241 1182/1198/1242
f 821/799/795 820/796/792 94/694/546 5/86/79
f 759/765/758 762/770/763 83/734/545 2/2/2
f 99/496/514 75/501/519 1128/1148/1192 1127/1147/1191
f 1208/1227/1271 1207/1226/1270 1294/1230/1274 1295/1229/1273
f 1294/1230/1274 1207/1226/1270 1173/1014/1042 996/1013/1041
f 995/1010/1038 1176/1011/1039 1208/1227/1271 1295/1229/1273
f 1191/1207/1251 1180/1061/1105 1204/1208/1252
f 1065/1060/1104 1179/1232/1276 1180/1061/1105
f 1064/1059/1103 1184/1231/1275 1179/1232/1276 1065/1060/1104
f 1183/1058/1102 1184/1231/1275 1064/1059/1103
f 1183/1058/1102 1187/1199/1243 1203/1204/1248
f 28/1656/242 1223/939/967 1220/1242/1286 55/623/641
f 1334/1360/1338 1337/1361/1339 1336/1362/1340 1335/1363/1341
f 1338/1364/1342 1339/1365/1343 1334/1360/1338 1335/1363/1341
f 1299/1366/1344 1111/1335/1173 1321/1332/1170 1304/1367/1345
f 1114/1336/1174 1111/1335/1173 1299/1366/1344 1300/1368/1346
f 1301/1369/1347 1113/1339/1177 1114/1336/1174 1300/1368/1346
f 1302/1351/1189 1117/1340/1178 1113/1339/1177 1301/1369/1347
f 907/946/922 1306/948/924 1305/1124/960
f 1341/1370/1348 1342/1371/1349 1332/1350/1188 1340/1372/1350
f 930/1121/957 1308/1373/1351 906/1120/956
f 1325/1134/970 1322/1133/969 1340/1372/1350 1333/1349/1187
f 1308/1373/1351 930/1121/957 933/1127/963 1309/1374/1352
f 931/1123/959 1307/1122/958 1310/1138/974 939/1137/973
f 707/759/712 708/760/713 1323/1136/972 1324/1135/971
f 23/245/231 673/761/714 1309/1374/1352 933/1127/963
f 901/944/920 1336/1362/1340 1337/1361/1339
f 1331/1348/1186 1330/1347/1185 1339/1365/1343 1338/1364/1342
f 14/163/154 674/143/134 1311/882/877 866/918/895
f 1312/881/876 865/901/893 866/918/895 1311/882/877
f 1313/880/875 864/896/891 865/901/893 1312/881/876
f 864/896/891 1313/880/875 1314/865/860 852/894/889
f 852/894/889 1314/865/860 1315/864/859 850/892/887
f 850/892/887 1315/864/859 1316/863/858 849/890/885
f 849/890/885 1316/863/858 1317/862/857 848/886/881
f 848/886/881 1317/862/857 1318/861/856 847/870/865
f 1319/860/855 846/867/862 847/870/865 1318/861/856
f 846/867/862 1319/860/855 1320/1333/1171 1110/1334/1172
f 1321/1332/1170 1111/1335/1173 1110/1334/1172 1320/1333/1171
f 1321/1332/1170 1109/1305/1164 902/1342/1180 1304/1367/1345
f 902/1342/1180 815/832/827 1303/945/921
f 1332/1350/1188 1333/1349/1187 1340/1372/1350
f 926/1057/949 925/954/945 1297/1375/1353 1296/1114/950
f 1307/1122/958 1322/1133/969 1323/1136/972 1310/1138/974
f 1309/1374/1352 1324/1135/971 1325/1134/970 1308/1373/1351
f 905/1119/955 1327/1343/1181 1326/1346/1184 904/1117/953
f 1300/1368/1346 1328/1345/1183 1329/1344/1182 1301/1369/1347
f 1299/1366/1344 1330/1347/1185 1328/1345/1183 1300/1368/1346
f 904/1117/953 1326/1346/1184 1331/1348/1186 903/956/947
f 1301/1369/1347 1329/1344/1182 1332/1350/1188 1302/1351/1189
f 906/1120/956 1333/1349/1187 1327/1343/1181 905/1119/955
f 1297/1375/1353 1335/1363/1341 1336/1362/1340 1296/1114/950
f 1303/945/921 1337/1361/1339 1334/1360/1338 902/1342/1180
f 1298/957/948 1338/1364/1342 1335/1363/1341 1297/1375/1353
f 902/1342/1180 1334/1360/1338 1339/1365/1343 1304/1367/1345
f 1306/948/924 1341/1370/1348 1340/1372/1350 1305/1124/960
f 1302/1351/1189 1332/1350/1188 1342/1371/1349 1118/1165/982
f 1118/1165/982 1342/1371/1349 1341/1370/1348 1306/948/924
f 1308/1373/1351 1325/1134/970 1333/1349/1187 906/1120/956
f 1305/1124/960 1340/1372/1350 1322/1133/969 1307/1122/958
f 673/761/714 707/759/712 1324/1135/971 1309/1374/1352
f 1310/1138/974 1323/1136/972 708/760/713 672/261/247
f 901/944/920 1337/1361/1339 1303/945/921
f 1296/1114/950 1336/1362/1340 901/944/920
f 903/956/947 1331/1348/1186 1338/1364/1342 1298/957/948
f 1304/1367/1345 1339/1365/1343 1330/1347/1185 1299/1366/1344
f 1372/1353/1209 774/782/774 1371/1376/784
f 1343/1310/1354 1345/1311/1355 1346/1312/1356 1344/1313/1357
f 1344/1313/1357 1348/1314/1358 1347/1315/1359 1343/1310/1354
f 1345/1311/1355 798/781/809 797/1691/805 1346/1312/1356
f 1348/1314/1358 1349/1316/1360 1350/1317/1361 1347/1315/1359
f 1349/1316/1360 1360/2508/1362 1359/1318/1363 1350/1317/1361
f 1351/1319/1364 1353/1320/1365 1354/1321/1366 1352/1322/1367
f 1352/1322/1367 1356/1323/1368 1355/1324/1369 1351/1319/1364
f 1353/1320/1365 807/1690/822 808/812/840 1354/1321/1366
f 1356/1323/1368 1357/1325/1370 1358/1326/1371 1355/1324/1369
f 1357/1325/1370 1363/2506/1372 1362/2503/1373 1358/1326/1371
f 1361/1706/1374 1369/1695/782 1366/1709/1375 2210/2455/1376 2209/2456/1377
f 1364/2457/1378 1373/2458/1379 1370/1697/783 1365/2459/1380
f 712/716/742 6/1707/58 798/781/809 1345/1311/1355
f 1346/1312/1356 797/1691/805 807/1690/822 1353/1320/1365
f 1354/1321/1366 808/812/840 8/93/94 716/717/743
f 1343/1310/1354 711/718/744 712/716/742 1345/1311/1355
f 1350/1317/1361 709/720/746 710/719/745 1347/1315/1359
f 1347/1315/1359 710/719/745 711/718/744 1343/1310/1354
f 1346/1312/1356 1353/1320/1365 1351/1319/1364 1344/1313/1357
f 1344/1313/1357 1351/1319/1364 1355/1324/1369 1348/1314/1358
f 1348/1314/1358 1355/1324/1369 1358/1326/1371 1349/1316/1360
f 1354/1321/1366 716/717/743 715/721/747 1352/1322/1367
f 1352/1322/1367 715/721/747 714/722/748 1356/1323/1368
f 1356/1323/1368 714/722/748 713/723/749 1357/1325/1370
f 1361/1706/1374 1365/2459/1380 1370/1697/783 1369/1695/782
f 1364/2457/1378 718/1330/751 85/1329/750 1373/2458/1379
f 717/726/752 709/720/746 1350/1317/1361 1359/1318/1363
f 1360/2508/1362 1349/1316/1360 1358/1326/1371 1362/2503/1373
f 1363/2506/1372 1357/1325/1370 713/723/749 719/2502/753
f 1366/1709/1375 1369/1695/782 1368/1694/781 1367/2460/1381
f 1370/1697/783 1373/2458/1379 1372/2461/1209 1371/1698/784
f 1367/2460/1381 751/1686/756 3/2532/755 1366/1709/1375
f 85/1329/750 752/1687/543 1372/2461/1209 1373/2458/1379
f 783/788/780 1368/1377/781 1371/1376/784 774/782/774
f 1414/1378/1382 1415/1379/1383 1416/1380/1384 1417/1381/1385
f 1415/1379/1383 1414/1378/1382 1418/1382/1386 1419/1383/1387
f 1417/1381/1385 1416/1380/1384 1420/1384/1388 1421/1385/1389
f 1419/1383/1387 1418/1382/1386 1422/1386/1390 1423/1387/1391
f 1423/1387/1391 1422/1386/1390 1424/1388/1392 1425/1389/1393
f 1425/1389/1393 1424/1388/1392 1426/1390/1394 1427/1391/1395
f 1427/1391/1395 1426/1390/1394 1428/1392/1396 1429/1393/1397
f 1429/1393/1397 1428/1392/1396 1430/1394/1398 1431/1395/1399
f 1431/1395/1399 1430/1394/1398 1432/1396/1400 1433/1397/1401
f 1433/1397/1401 1432/1396/1400 1434/1398/1402 1435/1399/1403
f 1435/1399/1403 1434/1398/1402 1436/1400/1404 1437/1401/1405
f 1437/1401/1405 1436/1400/1404 1438/1730/1406 1439/1731/1407
f 1439/1403/1407 1438/1402/1406 1440/1404/1408 1441/1405/1409
f 1441/1405/1409 1440/1404/1408 1442/1406/1410 1443/1407/1411
f 1421/1385/1389 1420/1384/1388 1444/1408/1412 1445/1409/1413
f 1445/1409/1413 1444/1408/1412 1446/1410/1414 1447/1411/1415
f 1447/1411/1415 1446/1410/1414 1448/1412/1416 1449/1413/1417
f 1449/1413/1417 1448/1412/1416 1450/1414/1418 1451/1415/1419
f 1451/1415/1419 1450/1414/1418 1452/1416/1420 1453/1417/1421
f 1453/1417/1421 1452/1416/1420 1443/1407/1411 1442/1406/1410
f 1378/1418/1422 1374/1419/1423 1462/1420/1424 1463/1421/1425
f 1379/1422/1426 1380/1423/1427 102/38/32 100/37/31
f 1463/1421/1425 1464/1424/1428 1381/1425/1429 1378/1418/1422
f 1380/1423/1427 1382/1426/1430 104/50/44 102/38/32
f 1383/1427/1431 1381/1425/1429 1464/1424/1428 1465/1428/1432
f 1384/1429/1433 1383/1427/1431 1465/1428/1432 1466/1430/1434
f 1382/1426/1430 1385/1431/1435 123/51/45 104/50/44
f 1386/1432/1436 1384/1429/1433 1466/1430/1434 1467/1433/1437
f 125/55/48 123/51/45 1385/1431/1435 1387/1434/1438
f 1467/1433/1437 1468/1435/1439 1388/1436/1440 1386/1432/1436
f 127/57/50 125/55/48 1387/1434/1438 1389/1437/1441
f 1468/1435/1439 1469/1438/1442 1390/1439/1443 1388/1436/1440
f 129/58/51 127/57/50 1389/1437/1441 1391/1440/1444
f 1392/1441/1445 1390/1439/1443 1469/1438/1442 1470/1442/1446
f 1470/1442/1446 1488/1443/1447 1394/1444/1448 1392/1441/1445
f 4/64/57 132/63/56 1395/1445/1449 1396/1446/1450
f 1393/1447/1451 1395/1445/1449 132/63/56 133/61/54
f 1391/1440/1444 1393/1447/1451 133/61/54 129/58/51
f 100/37/31 82/689/510 1375/1448/1452 1379/1422/1426
f 1488/1443/1447 1489/1449/1453 1397/1450/1454 1394/1444/1448
f 1376/1451/1455 1461/1452/1456 1462/1420/1424 1374/1419/1423
f 1377/1453/1457 753/789/785 755/792/788 1400/1454/1458
f 1460/1455/1459 1461/1452/1456 1376/1451/1455 1401/1456/1460
f 1400/1454/1458 755/792/788 757/802/798 1402/1457/1461
f 1403/1458/1462 1459/1459/1463 1460/1455/1459 1401/1456/1460
f 1404/1460/1464 1458/1461/1465 1459/1459/1463 1403/1458/1462
f 1402/1457/1461 757/802/798 776/804/800 1405/1462/1466
f 1406/1463/1467 1457/1464/1468 1458/1461/1465 1404/1460/1464
f 778/806/802 1407/1465/1469 1405/1462/1466 776/804/800
f 1456/1466/1470 1457/1464/1468 1406/1463/1467 1408/1467/1471
f 780/808/804 1409/1468/1472 1407/1465/1469 778/806/802
f 1455/1469/1473 1456/1466/1470 1408/1467/1471 1410/1470/1474
f 782/810/806 1411/1471/1475 1409/1468/1472 780/808/804
f 1412/1472/1476 1454/1473/1477 1455/1469/1473 1410/1470/1474
f 1490/1474/1478 1454/1473/1477 1412/1472/1476 1398/1475/1479
f 4/1733/57 1396/1732/1450 1399/1476/1480 785/815/810
f 1413/1477/1481 786/813/808 785/815/810 1399/1476/1480
f 1411/1471/1475 782/810/806 786/813/808 1413/1477/1481
f 753/789/785 1377/1453/1457 1375/1448/1452 82/689/510
f 1489/1727/1453 1490/1474/1478 1398/1475/1479 1397/1729/1454
f 1375/1448/1452 1377/1453/1457 1416/1380/1384 1415/1379/1383
f 1376/1451/1455 1374/1419/1423 1414/1378/1382 1417/1381/1385
f 1374/1419/1423 1378/1418/1422 1418/1382/1386 1414/1378/1382
f 1379/1422/1426 1375/1448/1452 1415/1379/1383 1419/1383/1387
f 1377/1453/1457 1400/1454/1458 1420/1384/1388 1416/1380/1384
f 1401/1456/1460 1376/1451/1455 1417/1381/1385 1421/1385/1389
f 1378/1418/1422 1381/1425/1429 1422/1386/1390 1418/1382/1386
f 1380/1423/1427 1379/1422/1426 1419/1383/1387 1423/1387/1391
f 1381/1425/1429 1383/1427/1431 1424/1388/1392 1422/1386/1390
f 1382/1426/1430 1380/1423/1427 1423/1387/1391 1425/1389/1393
f 1383/1427/1431 1384/1429/1433 1426/1390/1394 1424/1388/1392
f 1385/1431/1435 1382/1426/1430 1425/1389/1393 1427/1391/1395
f 1384/1429/1433 1386/1432/1436 1428/1392/1396 1426/1390/1394
f 1387/1434/1438 1385/1431/1435 1427/1391/1395 1429/1393/1397
f 1386/1432/1436 1388/1436/1440 1430/1394/1398 1428/1392/1396
f 1389/1437/1441 1387/1434/1438 1429/1393/1397 1431/1395/1399
f 1388/1436/1440 1390/1439/1443 1432/1396/1400 1430/1394/1398
f 1391/1440/1444 1389/1437/1441 1431/1395/1399 1433/1397/1401
f 1390/1439/1443 1392/1441/1445 1434/1398/1402 1432/1396/1400
f 1393/1447/1451 1391/1440/1444 1433/1397/1401 1435/1399/1403
f 1392/1441/1445 1394/1444/1448 1436/1400/1404 1434/1398/1402
f 1395/1445/1449 1393/1447/1451 1435/1399/1403 1437/1401/1405
f 1394/1444/1448 1397/1450/1454 1438/1730/1406 1436/1400/1404
f 1396/1446/1450 1395/1445/1449 1437/1401/1405 1439/1731/1407
f 1397/1729/1454 1398/1475/1479 1440/1404/1408 1438/1402/1406
f 1399/1476/1480 1396/1732/1450 1439/1403/1407 1441/1405/1409
f 1398/1475/1479 1412/1472/1476 1442/1406/1410 1440/1404/1408
f 1413/1477/1481 1399/1476/1480 1441/1405/1409 1443/1407/1411
f 1400/1454/1458 1402/1457/1461 1444/1408/1412 1420/1384/1388
f 1403/1458/1462 1401/1456/1460 1421/1385/1389 1445/1409/1413
f 1402/1457/1461 1405/1462/1466 1446/1410/1414 1444/1408/1412
f 1404/1460/1464 1403/1458/1462 1445/1409/1413 1447/1411/1415
f 1405/1462/1466 1407/1465/1469 1448/1412/1416 1446/1410/1414
f 1406/1463/1467 1404/1460/1464 1447/1411/1415 1449/1413/1417
f 1407/1465/1469 1409/1468/1472 1450/1414/1418 1448/1412/1416
f 1408/1467/1471 1406/1463/1467 1449/1413/1417 1451/1415/1419
f 1409/1468/1472 1411/1471/1475 1452/1416/1420 1450/1414/1418
f 1410/1470/1474 1408/1467/1471 1451/1415/1419 1453/1417/1421
f 1411/1471/1475 1413/1477/1481 1443/1407/1411 1452/1416/1420
f 1412/1472/1476 1410/1470/1474 1453/1417/1421 1442/1406/1410
f 1486/1478/1482 1487/1479/1483 783/788/780 781/787/779
f 779/786/778 1485/1480/1484 1486/1478/1482 781/787/779
f 777/785/777 1484/1481/1485 1485/1480/1484 779/786/778
f 1483/1482/1486 1484/1481/1485 777/785/777 775/784/776
f 1482/1490/1487 1483/1482/1486 775/784/776 758/768/761
f 1481/1491/1488 1482/1490/1487 758/768/761 756/766/759
f 754/764/757 1480/1492/1489 1481/1491/1488 756/766/759
f 1479/1493/1490 1480/1492/1489 754/764/757 1/1/1
f 1478/1494/1491 1479/1493/1490 1/1/1 101/4/4
f 101/4/4 103/6/6 1477/1495/1492 1478/1494/1491
f 1476/1522/1493 1477/1495/1492 103/6/6 105/8/8
f 1475/1525/1494 1476/1522/1493 105/8/8 122/32/22
f 1474/1528/1495 1475/1525/1494 122/32/22 124/33/23
f 124/33/23 126/34/24 1473/1529/1496 1474/1528/1495
f 126/34/24 128/35/25 1472/1530/1497 1473/1529/1496
f 1471/1531/1498 1472/1530/1497 128/35/25 130/36/26
f 1495/1532/1499 1494/1533/1500 1496/1536/1501 1497/1537/1502
f 1498/1538/1503 1496/1536/1501 1494/1533/1500 1499/1539/1504
f 1500/1540/1505 1498/1538/1503 1499/1539/1504 1501/1541/1506
f 1501/1541/1506 1502/1542/1507 1503/1543/1508 1500/1540/1505
f 1502/1542/1507 1504/1553/1509 1505/1555/1510 1503/1543/1508
f 1504/1553/1509 1506/1556/1511 1507/1557/1512 1505/1555/1510
f 1508/1558/1513 1507/1557/1512 1506/1556/1511 1509/1559/1514
f 1509/1559/1514 1510/1560/1515 1511/1561/1516 1508/1558/1513
f 1510/1560/1515 1512/1562/1517 1513/1563/1518 1511/1561/1516
f 1514/1564/1519 1513/1563/1518 1512/1562/1517 1515/1565/1520
f 1515/1565/1520 1516/1566/1521 1517/1567/1522 1514/1564/1519
f 1516/1566/1521 1518/1568/1523 1519/1569/1524 1517/1567/1522
f 1518/1568/1523 1520/1570/1525 1521/1630/1526 1519/1569/1524
f 1522/1632/1527 1521/1630/1526 1520/1570/1525 1523/1633/1528
f 1524/1635/1529 1522/1632/1527 1523/1633/1528 1525/1636/1530
f 1525/1636/1530 1526/1637/1531 1527/1638/1532 1524/1635/1529
f 130/36/26 745/763/27 744/1639/754
f 1562/1483/1533 1563/1717/1534 1564/1485/1535 1565/1486/1536
f 1567/1487/1537 1566/1718/1538 1564/1485/1535 1563/1717/1534
f 783/788/780 1487/1479/1483 1491/1641/1539 1367/1688/1381
f 1528/1689/1540 1527/1638/1532 1526/1637/1531 1529/1692/1541
f 1530/1725/1542 1528/1689/1540 1529/1692/1541 1531/1726/1543
f 1532/1701/1544 1530/1696/1542 1531/1700/1543 1533/1710/1545
f 1497/1537/1502 1532/1701/1544 1533/1710/1545 1495/1532/1499
f 1470/1442/1446 1469/1438/1442 1494/1533/1500 1495/1532/1499
f 1472/1530/1497 1471/1531/1498 1497/1537/1502 1496/1536/1501
f 1473/1529/1496 1472/1530/1497 1496/1536/1501 1498/1538/1503
f 1469/1438/1442 1468/1435/1439 1499/1539/1504 1494/1533/1500
f 1474/1528/1495 1473/1529/1496 1498/1538/1503 1500/1540/1505
f 1468/1435/1439 1467/1433/1437 1501/1541/1506 1499/1539/1504
f 1467/1433/1437 1466/1430/1434 1502/1542/1507 1501/1541/1506
f 1475/1525/1494 1474/1528/1495 1500/1540/1505 1503/1543/1508
f 1466/1430/1434 1465/1428/1432 1504/1553/1509 1502/1542/1507
f 1476/1522/1493 1475/1525/1494 1503/1543/1508 1505/1555/1510
f 1465/1428/1432 1464/1424/1428 1506/1556/1511 1504/1553/1509
f 1477/1495/1492 1476/1522/1493 1505/1555/1510 1507/1557/1512
f 1478/1494/1491 1477/1495/1492 1507/1557/1512 1508/1558/1513
f 1464/1424/1428 1463/1421/1425 1509/1559/1514 1506/1556/1511
f 1463/1421/1425 1462/1420/1424 1510/1560/1515 1509/1559/1514
f 1479/1493/1490 1478/1494/1491 1508/1558/1513 1511/1561/1516
f 1462/1420/1424 1461/1452/1456 1512/1562/1517 1510/1560/1515
f 1480/1492/1489 1479/1493/1490 1511/1561/1516 1513/1563/1518
f 1481/1491/1488 1480/1492/1489 1513/1563/1518 1514/1564/1519
f 1461/1452/1456 1460/1455/1459 1515/1565/1520 1512/1562/1517
f 1460/1455/1459 1459/1459/1463 1516/1566/1521 1515/1565/1520
f 1482/1490/1487 1481/1491/1488 1514/1564/1519 1517/1567/1522
f 1459/1459/1463 1458/1461/1465 1518/1568/1523 1516/1566/1521
f 1483/1482/1486 1482/1490/1487 1517/1567/1522 1519/1569/1524
f 1458/1461/1465 1457/1464/1468 1520/1570/1525 1518/1568/1523
f 1484/1481/1485 1483/1482/1486 1519/1569/1524 1521/1630/1526
f 1485/1480/1484 1484/1481/1485 1521/1630/1526 1522/1632/1527
f 1457/1464/1468 1456/1466/1470 1523/1633/1528 1520/1570/1525
f 1486/1478/1482 1485/1480/1484 1522/1632/1527 1524/1635/1529
f 1456/1466/1470 1455/1469/1473 1525/1636/1530 1523/1633/1528
f 1526/1637/1531 1525/1636/1530 1455/1469/1473 1454/1473/1477 1490/1474/1478 1529/1692/1541
f 1487/1479/1483 1486/1478/1482 1524/1635/1529 1527/1638/1532
f 1491/1641/1539 1487/1479/1483 1527/1638/1532 1528/1689/1540
f 1492/1728/1546 1491/1641/1539 1528/1689/1540 1530/1725/1542
f 1490/1474/1478 1489/1727/1453 1531/1726/1543 1529/1692/1541
f 1493/1712/1547 1492/1711/1546 1530/1696/1542 1532/1701/1544
f 1489/1449/1453 1488/1443/1447 1533/1710/1545 1531/1700/1543
f 1471/1531/1498 1493/1712/1547 1532/1701/1544 1497/1537/1502
f 1533/1710/1545 1488/1443/1447 1470/1442/1446 1495/1532/1499
f 1534/811/807 782/810/806 780/808/804 796/807/803
f 1535/826/821 1534/811/807 796/807/803 806/825/820
f 806/825/820 829/841/836 830/842/837 1535/826/821
f 144/60/53 1536/59/52 129/58/51
f 144/60/53 154/99/90 1537/76/69 1536/59/52
f 177/97/88 1537/76/69 154/99/90
f 744/1714/754 751/1722/756 1547/1498/1548 1544/1499/1549
f 1492/1496/1546 1493/1497/1547 1553/1500/1550 1550/1501/1551
f 1493/1497/1547 744/1714/754 1544/1499/1549 1553/1500/1550
f 1367/1713/1381 1491/1489/1539 1556/1502/1552 1559/1503/1553
f 1491/1489/1539 1492/1496/1546 1550/1501/1551 1556/1502/1552
f 751/728/756 1367/1713/1381 1559/1503/1553 1547/1723/1548
f 1546/1504/1554 1549/1721/1555 1539/1720/1556 1538/1507/1557
f 1552/1508/1558 1555/1509/1559 1541/1510/1560 1540/1511/1561
f 1555/1509/1559 1546/1504/1554 1538/1507/1557 1541/1510/1560
f 1561/1512/1562 1558/1513/1563 1542/1514/1564 1543/1515/1565
f 1558/1513/1563 1552/1508/1558 1540/1511/1561 1542/1514/1564
f 1549/1505/1555 1561/1512/1562 1543/1515/1565 1539/1506/1556
f 1544/1499/1549 1545/1516/1566 1554/1517/1567 1553/1500/1550
f 1545/1516/1566 1546/1504/1554 1555/1509/1559 1554/1517/1567
f 1546/1504/1554 1545/1516/1566 1548/1724/1568 1549/1721/1555
f 1545/1516/1566 1544/1499/1549 1547/1498/1548 1548/1724/1568
f 1550/1501/1551 1551/1519/1569 1557/1520/1570 1556/1502/1552
f 1551/1519/1569 1552/1508/1558 1558/1513/1563 1557/1520/1570
f 1552/1508/1558 1551/1519/1569 1554/1517/1567 1555/1509/1559
f 1551/1519/1569 1550/1501/1551 1553/1500/1550 1554/1517/1567
f 1556/1502/1552 1557/1520/1570 1560/1521/1571 1559/1503/1553
f 1557/1520/1570 1558/1513/1563 1561/1512/1562 1560/1521/1571
f 1549/1505/1555 1548/1518/1568 1560/1521/1571 1561/1512/1562
f 1548/1518/1568 1547/1723/1548 1559/1503/1553 1560/1521/1571
f 1538/1507/1557 1539/1720/1556 1563/1716/1534 1562/1483/1533
f 1540/1511/1561 1541/1510/1560 1565/1486/1536 1564/1719/1535
f 1541/1510/1560 1538/1507/1557 1562/1483/1533 1565/1486/1536
f 1543/1515/1565 1542/1514/1564 1566/1488/1538 1567/1715/1537
f 1542/1514/1564 1540/1511/1561 1564/1719/1535 1566/1488/1538
f 1539/1506/1556 1543/1515/1565 1567/1715/1537 1563/1484/1534
f 925/954/945 1298/957/948 1297/1375/1353
f 272/224/211 659/226/213 250/231/218 271/230/217
f 908/947/923 947/1167/984 946/1145/981 1306/948/924
f 293/465/259 667/216/187 465/536/499 206/135/126
f 130/36/26 744/1639/754 1493/1712/1547 1471/1531/1498
f 783/788/780 1367/1688/1381 1368/1377/781
f 749/691/544 748/762/28 121/30/20
f 1372/1353/1209 784/1352/1101 773/783/775 774/782/774
s 67
f 1574/1757/1572 1575/1758/1573 1595/1759/1574 1594/1760/1575
f 1575/1758/1573 1574/1757/1572 1577/1761/1576 1576/1762/1577
f 1576/1762/1577 1577/1761/1576 1579/1763/1578 1578/1764/1579
f 1578/1764/1579 1579/1763/1578 1581/1765/1580 1580/1766/1581
f 1580/1766/1581 1581/1765/1580 1583/1767/1582 1582/1768/1583
f 1582/1768/1583 1583/1767/1582 1584/1769/1584 1585/1770/1585
f 1585/1770/1585 1584/1769/1584 1586/1771/1586 1587/1772/1587
f 1587/1772/1587 1586/1771/1586 1588/1773/1588 1589/1774/1589
f 1589/1774/1589 1588/1773/1588 1590/1775/1590 1591/1776/1591
f 1591/1776/1591 1590/1775/1590 1592/1777/1592 1593/1778/1593
f 1593/1778/1593 1592/1777/1592 1597/1779/1594 1596/1780/1595
f 1594/1760/1575 1595/1759/1574 1660/1781/1596 1667/1782/1597
f 1596/1780/1595 1597/1779/1594 1666/1783/1598 1665/1784/1599
f 1598/1785/1600 1599/1786/1601 1605/1787/1602 1604/1788/1603
f 1601/1789/1604 1600/1790/1605 1603/1791/1606 1602/1792/1607
f 1602/1792/1607 1603/1791/1606 1608/1793/1608 1609/1794/1609
f 1604/1788/1603 1605/1787/1602 1607/1795/1610 1606/1796/1611
f 1606/1796/1611 1607/1795/1610 1613/1797/1612 1612/1798/1613
f 1609/1794/1609 1608/1793/1608 1610/1799/1614 1611/1800/1615
f 1612/1798/1613 1613/1797/1612 1615/1801/1616 1614/1802/1617
f 1570/1803/1618 1584/1769/1584 1583/1767/1582 1581/1765/1580
f 1579/1763/1578 1569/1804/1619 1570/1803/1618 1581/1765/1580
f 1568/1805/1620 1569/1804/1619 1579/1763/1578 1577/1761/1576
f 1590/1775/1590 1569/1804/1619 1568/1805/1620 1592/1777/1592
f 1570/1803/1618 1569/1804/1619 1590/1775/1590 1588/1773/1588
f 1588/1773/1588 1586/1771/1586 1584/1769/1584 1570/1803/1618
f 1594/1760/1575 1568/1805/1620 1577/1761/1576 1574/1757/1572
f 1594/1760/1575 1597/1779/1594 1592/1777/1592 1568/1805/1620
f 1594/1760/1575 1667/1782/1597 1666/1783/1598 1597/1779/1594
f 1604/1788/1603 1603/1791/1606 1600/1790/1605 1598/1785/1600
f 1603/1791/1606 1604/1788/1603 1606/1796/1611 1608/1793/1608
f 1612/1798/1613 1610/1799/1614 1608/1793/1608 1606/1796/1611
f 1612/1798/1613 1614/1802/1617 1616/1806/1621 1610/1799/1614
f 1617/1807/1622 1618/1808/1623 1620/1809/1624 1619/1810/1625
f 1618/1808/1623 1617/1807/1622 1650/1811/1626 1651/1812/1627
f 1619/1810/1625 1620/1809/1624 1622/1813/1628 1621/1814/1629
f 1621/1814/1629 1622/1813/1628 1624/1815/1630 1623/1816/1631
f 1623/1816/1631 1624/1815/1630 1626/1817/1632 1625/1818/1633
f 1625/1818/1633 1626/1817/1632 1630/1819/1634 1629/1820/1635
f 1627/1821/1636 1628/1822/1637 1634/1823/1638 1633/1824/1639
f 1628/1822/1637 1627/1821/1636 1629/1820/1635 1630/1819/1634
f 1631/1825/1640 1632/1826/1641 1636/1827/1642 1635/1828/1643
f 1632/1826/1641 1631/1825/1640 1633/1824/1639 1634/1823/1638
f 1635/1828/1643 1636/1827/1642 1638/1829/1644 1637/1830/1645
f 1637/1830/1645 1638/1829/1644 1664/1831/1646 1663/1832/1647
f 1639/1833/1648 1640/1834/1649 1642/1835/1650 1641/1836/1651
f 1641/1836/1651 1642/1835/1650 1644/1837/1652 1643/1838/1653
f 1643/1838/1653 1644/1837/1652 1646/1839/1654 1645/1840/1655
f 1645/1840/1655 1646/1839/1654 1648/1841/1656 1647/1842/1657
f 1647/1842/1657 1648/1841/1656 1615/1801/1616 1649/1843/1658
f 1649/1843/1658 1615/1801/1616 1659/1844/1659 1658/1845/1660
f 1651/1812/1627 1650/1811/1626 1662/1846/1661 1661/1847/1662
f 1653/1848/1663 1652/1849/1664 1654/1850/1665 1655/1851/1666
f 1655/1851/1666 1654/1850/1665 1656/1852/1667 1657/1853/1668
f 1657/1853/1668 1656/1852/1667 1658/1845/1660 1659/1844/1659
f 1623/1816/1631 1625/1818/1633 1629/1820/1635 1571/1854/1669
f 1571/1854/1669 1629/1820/1635 1627/1821/1636 1633/1824/1639
f 1621/1814/1629 1623/1816/1631 1571/1854/1669 1572/1855/1670
f 1572/1855/1670 1571/1854/1669 1633/1824/1639 1631/1825/1640
f 1619/1810/1625 1621/1814/1629 1572/1855/1670 1573/1856/1671
f 1573/1856/1671 1572/1855/1670 1631/1825/1640 1635/1828/1643
f 1650/1811/1626 1573/1856/1671 1635/1828/1643 1637/1830/1645
f 1617/1807/1622 1619/1810/1625 1573/1856/1671 1650/1811/1626
f 1662/1846/1661 1650/1811/1626 1637/1830/1645 1663/1832/1647
f 1652/1849/1664 1639/1833/1648 1641/1836/1651 1654/1850/1665
f 1643/1838/1653 1656/1852/1667 1654/1850/1665 1641/1836/1651
f 1645/1840/1655 1658/1845/1660 1656/1852/1667 1643/1838/1653
f 1645/1840/1655 1647/1842/1657 1649/1843/1658 1658/1845/1660
f 1611/1800/1615 1610/1799/1614 1616/1806/1621 1648/1841/1656
f 1614/1802/1617 1615/1801/1616 1648/1841/1656 1616/1806/1621
f 1620/1857/1624 1618/1858/1623 1575/1758/1573 1576/1762/1577
f 1622/1859/1628 1620/1857/1624 1576/1762/1577 1578/1764/1579
f 1578/1764/1579 1580/1766/1581 1624/1860/1630 1622/1859/1628
f 1626/1861/1632 1624/1860/1630 1580/1766/1581 1582/1768/1583
f 1582/1862/1583 1585/1863/1585 1630/1819/1634 1626/1817/1632
f 1630/1819/1634 1585/1863/1585 1587/1864/1587 1628/1822/1637
f 1589/1774/1589 1591/1776/1591 1632/1826/1641 1634/1823/1638
f 1634/1823/1638 1628/1822/1637 1587/1772/1587 1589/1774/1589
f 1636/1827/1642 1632/1826/1641 1591/1776/1591 1593/1778/1593
f 1636/1827/1642 1593/1778/1593 1596/1780/1595 1638/1829/1644
f 1596/1780/1595 1665/1784/1599 1664/1831/1646 1638/1829/1644
f 1602/1792/1607 1642/1835/1650 1640/1834/1649 1601/1789/1604
f 1609/1794/1609 1644/1837/1652 1642/1835/1650 1602/1792/1607
f 1611/1800/1615 1646/1839/1654 1644/1837/1652 1609/1794/1609
f 1611/1800/1615 1648/1841/1656 1646/1839/1654
f 1659/1844/1659 1615/1801/1616 1613/1865/1612
f 1657/1853/1668 1659/1844/1659 1613/1865/1612 1607/1866/1610
f 1657/1853/1668 1607/1866/1610 1605/1867/1602 1655/1851/1666
f 1595/1868/1574 1651/1812/1627 1661/1847/1662 1660/1869/1596
f 1599/1870/1601 1653/1848/1663 1655/1851/1666 1605/1867/1602
f 1575/1871/1573 1618/1808/1623 1651/1812/1627 1595/1868/1574
f 1661/1847/1662 1653/1848/1663 1599/1870/1601 1660/1869/1596
f 1662/1846/1661 1652/1849/1664 1653/1848/1663 1661/1847/1662
f 1652/1849/1664 1662/1846/1661 1663/1832/1647 1639/1833/1648
f 1664/1831/1646 1640/1834/1649 1639/1833/1648 1663/1832/1647
f 1665/1784/1599 1601/1789/1604 1640/1834/1649 1664/1831/1646
f 1666/1783/1598 1600/1790/1605 1601/1789/1604 1665/1784/1599
f 1667/1782/1597 1598/1785/1600 1600/1790/1605 1666/1783/1598
f 1660/1781/1596 1599/1786/1601 1598/1785/1600 1667/1782/1597
s 69
f 1669/1872/1672 1702/1873/1673 1698/1874/1674 1668/1875/1675
f 1671/1876/1676 1675/1877/1677 1676/1878/1678 1670/1879/1679
f 1670/1879/1679 1676/1878/1678 1677/1880/1680 1669/1872/1672
f 1672/1881/1681 1679/1882/1682 1680/1883/1683 1671/1876/1676
f 1673/1884/1684 1703/1885/1685 1704/1886/1686 1677/1880/1680
f 1675/1877/1677 1686/1887/1687 1687/1888/1688 1674/1889/1689
f 1716/1890/1690 1689/1891/1691 1690/1892/1692 1721/1893/1693 1722/1894/1694
f 1682/1895/1695 1684/1896/1696 1685/1897/1697 1681/1898/1698
f 1681/1898/1698 1685/1897/1697 1686/1899/1687 1680/1900/1683
f 1688/1901/1699 1699/1902/1700 1700/1903/1701 1692/1904/1702
f 1692/1904/1702 1694/1905/1703 1695/1906/1704 1691/1907/1705
f 1691/1907/1705 1695/1906/1704 1696/1908/1706 1690/1892/1692
f 1694/1905/1703 1706/1909/1707 1707/1910/1708 1693/1911/1709
f 1702/1873/1673 1704/1886/1686 1705/1912/1710 1701/1913/1711
f 1701/1913/1711 1705/1912/1710 1706/1909/1707 1700/1903/1701
f 1671/1876/1676 1680/1883/1683 1686/1887/1687 1675/1877/1677
f 1721/1893/1693 1690/1892/1692 1696/1908/1706 1727/1914/1712
f 1692/1904/1702 1700/1903/1701 1706/1909/1707 1694/1905/1703
f 1702/1873/1673 1669/1872/1672 1677/1880/1680 1704/1886/1686
f 1668/1875/1675 1708/1915/1713 1670/1879/1679 1669/1872/1672
f 1670/1879/1679 1708/1915/1713 1672/1881/1681 1671/1876/1676
f 1676/1878/1678 1709/1916/1714 1673/1884/1684 1677/1880/1680
f 1674/1889/1689 1709/1916/1714 1676/1878/1678 1675/1877/1677
f 1681/1898/1698 1710/1917/1715 1678/1918/1716 1682/1895/1695
f 1679/1919/1682 1710/1917/1715 1681/1898/1698 1680/1900/1683
f 1683/1920/1717 1711/1921/1718 1685/1897/1697 1684/1896/1696
f 1685/1897/1697 1711/1921/1718 1687/1922/1688 1686/1899/1687
f 1691/1907/1705 1712/1923/1719 1688/1901/1699 1692/1904/1702
f 1689/1891/1691 1712/1923/1719 1691/1907/1705 1690/1892/1692
f 1693/1911/1709 1713/1924/1720 1695/1906/1704 1694/1905/1703
f 1695/1906/1704 1713/1924/1720 1697/1925/1721 1696/1908/1706
f 1701/1913/1711 1714/1926/1722 1698/1874/1674 1702/1873/1673
f 1699/1902/1700 1714/1926/1722 1701/1913/1711 1700/1903/1701
f 1703/1885/1685 1715/1927/1723 1705/1912/1710 1704/1886/1686
f 1705/1912/1710 1715/1927/1723 1707/1910/1708 1706/1909/1707
f 1718/1928/1724 1716/1890/1690 1722/1894/1694 1723/1929/1725 1729/1930/1726
f 1735/1931/1727 1741/1932/1728 1739/1933/1729 1737/1934/1730
f 1678/1918/1716 1718/1928/1724 1730/1935/1731 1682/1895/1695
f 1682/1895/1695 1730/1935/1731 1732/1936/1732 1684/1896/1696
f 1684/1896/1696 1732/1936/1732 1733/1937/1733 1719/1938/1734 1683/1920/1717
f 1728/1939/1735 1736/1940/1736 1738/1941/1737 1731/1942/1738
f 1724/1943/1739 1740/1944/1740 1742/1945/1741 1720/1946/1742
f 1720/1946/1742 1742/1945/1741 1741/1932/1728 1735/1931/1727 1736/1940/1736 1728/1939/1735 1729/1930/1726 1723/1929/1725
f 1727/1914/1712 1696/1908/1706 1697/1925/1721 1717/1947/1743 1726/1948/1744
f 1731/1942/1738 1738/1941/1737 1737/1934/1730 1739/1933/1729 1740/1944/1740 1724/1943/1739 1725/1949/1745 1734/1950/1746
f 1734/1950/1746 1725/1949/1745 1726/1948/1744 1717/1947/1743 1719/1938/1734 1733/1937/1733
f 1721/1893/1693 1727/1914/1712 1724/1943/1739 1720/1946/1742
f 1728/1939/1735 1731/1942/1738 1732/1936/1732 1730/1935/1731
f 1735/1931/1727 1737/1934/1730 1738/1941/1737 1736/1940/1736
f 1739/1933/1729 1741/1932/1728 1742/1945/1741 1740/1944/1740
f 1720/1946/1742 1723/1929/1725 1722/1894/1694 1721/1893/1693
f 1724/1943/1739 1727/1914/1712 1726/1948/1744 1725/1949/1745
f 1728/1939/1735 1730/1935/1731 1718/1928/1724 1729/1930/1726
f 1731/1942/1738 1734/1950/1746 1733/1937/1733 1732/1936/1732
s 76
f 1747/1951/1747 1748/1952/1748 1752/1953/1749 1751/1954/1750
f 1748/1952/1748 1747/1951/1747 1750/1955/1751 1749/1956/1752
f 1749/1956/1752 1750/1955/1751 1753/1957/1753 1754/1958/1754
f 1751/1954/1750 1752/1953/1749 1745/1959/1755 1763/1960/1756
f 1754/1958/1754 1753/1957/1753 1755/1961/1757 1756/1962/1758
f 1756/1962/1758 1755/1961/1757 1758/1963/1759 1757/1964/1760
f 1757/1964/1760 1758/1963/1759 1764/1965/1761 1746/1966/1762
f 1759/1967/1763 1760/1968/1764 1763/1960/1756 1745/1959/1755
f 1760/1968/1764 1759/1967/1763 1762/1969/1765 1761/1970/1766
f 1761/1970/1766 1762/1969/1765 1746/1966/1762 1764/1965/1761
f 1750/1955/1751 1743/1971/1767 1755/1961/1757 1753/1957/1753
f 1743/1971/1767 1764/1965/1761 1758/1963/1759 1755/1961/1757
f 1751/1954/1750 1743/1971/1767 1750/1955/1751 1747/1951/1747
f 1751/1954/1750 1763/1960/1756 1764/1965/1761 1743/1971/1767
f 1764/1965/1761 1763/1960/1756 1760/1968/1764 1761/1970/1766
f 1765/1972/1768 1766/1973/1769 1780/1974/1770 1779/1975/1771
f 1766/1973/1769 1765/1972/1768 1767/1976/1772 1768/1977/1773
f 1768/1977/1773 1767/1976/1772 1769/1978/1774 1770/1979/1775
f 1770/1979/1775 1769/1978/1774 1771/1980/1776 1772/1981/1777
f 1772/1981/1777 1771/1980/1776 1774/1982/1778 1773/1983/1779
f 1773/1983/1779 1774/1982/1778 1781/1984/1780 1782/1985/1781
f 1775/1986/1782 1776/1987/1783 1784/1988/1784 1783/1989/1785
f 1776/1987/1783 1775/1986/1782 1777/1990/1786 1778/1991/1787
f 1778/1991/1787 1777/1990/1786 1779/1975/1771 1780/1974/1770
f 1782/1985/1781 1781/1984/1780 1783/1989/1785 1784/1988/1784
f 1779/1975/1771 1777/1990/1786 1775/1986/1782 1744/1992/1788
f 1744/1992/1788 1775/1986/1782 1774/1982/1778 1771/1980/1776
f 1769/1978/1774 1767/1976/1772 1744/1992/1788 1771/1980/1776
f 1767/1976/1772 1765/1972/1768 1779/1975/1771 1744/1992/1788
f 1774/1982/1778 1775/1986/1782 1783/1989/1785 1781/1984/1780
f 1766/1973/1769 1768/1977/1773 1749/1993/1752 1754/1994/1754
f 1772/1995/1777 1752/1953/1749 1748/1952/1748 1770/1996/1775
f 1772/1995/1777 1773/1997/1779 1745/1959/1755 1752/1953/1749
f 1749/1993/1752 1768/1977/1773 1770/1979/1775 1748/1998/1748
f 1778/1991/1787 1757/1999/1760 1746/2000/1762 1776/1987/1783
f 1759/2001/1763 1782/1985/1781 1784/1988/1784 1762/2002/1765
f 1780/1974/1770 1756/1962/1758 1757/1964/1760 1778/1991/1787
f 1766/1973/1769 1754/1958/1754 1756/1962/1758 1780/1974/1770
f 1776/1987/1783 1746/2000/1762 1762/2002/1765 1784/1988/1784
f 1745/1959/1755 1773/1997/1779 1782/2003/1781 1759/1967/1763
s 79
f 1785/2004/1789 1820/2005/1790 1821/2006/1791 1787/2007/1792
f 1786/2008/1793 1855/2009/1794 1854/2010/1795 1785/2004/1789
f 1787/2007/1792 1788/2011/1796 1789/2012/1797 1786/2008/1793
f 1788/2011/1796 1825/2013/1798 1826/2014/1799 1791/2015/1800
f 1790/2016/1801 1857/2017/1802 1856/2018/1803 1789/2012/1797
f 1791/2015/1800 1816/2019/1804 1817/2020/1805 1790/2016/1801
f 1792/2021/1806 1844/2022/1807 1845/2023/1808 1794/2024/1809
f 1793/2025/1810 1818/2026/1811 1819/2027/1812 1792/2021/1806
f 1794/2024/1809 1861/2028/1813 1860/2029/1814 1793/2025/1810
f 1795/2030/1815 1847/2031/1816 1848/2032/1817 1797/2033/1818
f 1797/2033/1818 1801/2034/1819 1802/2035/1820 1796/2036/1821
f 1798/2037/1822 1832/2038/1823 1833/2039/1824 1800/2040/1825
f 1799/2041/1826 1814/2042/1827 1815/2043/1828 1798/2037/1822
f 1801/2034/1819 1841/2044/1829 1842/2045/1830 1805/2046/1831
f 1858/2047/1832 1817/2020/1805 1818/2026/1811 1859/2048/1833
f 1804/2049/1834 1812/2050/1835 1813/2051/1836 1803/2052/1837
f 1805/2046/1831 1806/2053/1838 1807/2054/1839 1804/2049/1834
f 1808/2055/1840 1851/2056/1841 1853/2057/1842 1810/2058/1843
f 1810/2058/1843 1811/2059/1844 1812/2050/1835 1809/2060/1845
f 1811/2059/1844 1827/2061/1846 1828/2062/1847 1815/2043/1828
f 1816/2019/1804 1836/2063/1848 1837/2064/1849 1819/2027/1812
f 1820/2065/1790 1869/2066/1850 1868/2067/1851 1822/2068/1852
f 1822/2068/1852 1824/2069/1853 1825/2070/1798 1821/2071/1791
f 1823/2072/1854 1835/2073/1855 1836/2074/1848 1826/2075/1799
f 1824/2069/1853 1867/2076/1856 1866/2077/1857 1823/2072/1854
f 1827/2078/1846 1853/2079/1842 1852/2080/1858 1830/2081/1859
f 1829/2082/1860 1831/2083/1861 1832/2084/1823 1828/2085/1847
f 1830/2081/1859 1838/2086/1862 1839/2087/1863
f 1834/2088/1864 1843/2089/1865 1844/2090/1807 1837/2091/1849
f 1835/2073/1855 1865/2092/1866 1864/2093/1867 1834/2088/1864
f 1838/2086/1862 1849/2094/1868 1850/2095/1869 1842/2045/1830
f 1841/2044/1829 1848/2032/1817 1846/2096/1870 1840/2097/1871
f 1843/2089/1865 1863/2098/1872 1862/2099/1873 1845/2023/1808
f 1849/2094/1868 1852/2080/1858 1851/2100/1841
f 1822/2068/1852 1868/2067/1851 1867/2076/1856 1824/2069/1853
f 1865/2092/1866 1835/2073/1855 1823/2072/1854 1866/2077/1857
f 1863/2098/1872 1843/2089/1865 1834/2088/1864 1864/2093/1867
f 1830/2081/1859 1852/2080/1858 1849/2094/1868 1838/2086/1862
f 1786/2008/1793 1789/2012/1797 1856/2018/1803 1855/2009/1794
f 1857/2017/1802 1790/2016/1801 1817/2020/1805 1858/2047/1832
f 1859/2048/1833 1818/2026/1811 1793/2025/1810 1860/2029/1814
f 1812/2050/1835 1804/2049/1834 1807/2054/1839 1809/2060/1845
f 1787/2007/1792 1821/2006/1791 1825/2013/1798 1788/2011/1796
f 1815/2043/1828 1828/2062/1847 1832/2038/1823 1798/2037/1822
f 1869/2066/1850 1820/2065/1790 1785/2101/1789 1854/2102/1795
f 1791/2015/1800 1826/2014/1799 1836/2063/1848 1816/2019/1804
f 1819/2027/1812 1837/2064/1849 1844/2022/1807 1792/2021/1806
f 1794/2024/1809 1845/2023/1808 1862/2099/1873 1861/2028/1813
f 1797/2033/1818 1848/2032/1817 1841/2044/1829 1801/2034/1819
f 1805/2046/1831 1842/2045/1830 1850/2095/1869 1806/2053/1838
f 1810/2058/1843 1853/2057/1842 1827/2061/1846 1811/2059/1844
f 1785/2004/1789 1787/2007/1792 1786/2008/1793
f 1788/2011/1796 1791/2015/1800 1790/2016/1801 1789/2012/1797
f 1792/2021/1806 1794/2024/1809 1793/2025/1810
f 1795/2030/1815 1797/2033/1818 1796/2036/1821
f 1798/2037/1822 1800/2040/1825 1799/2041/1826
f 1801/2034/1819 1805/2046/1831 1804/2049/1834 1803/2052/1837 1802/2035/1820
f 1808/2055/1840 1810/2058/1843 1809/2060/1845
f 1811/2059/1844 1815/2043/1828 1814/2042/1827 1813/2051/1836 1812/2050/1835
f 1816/2019/1804 1819/2027/1812 1818/2026/1811 1817/2020/1805
f 1820/2065/1790 1822/2068/1852 1821/2071/1791
f 1823/2072/1854 1826/2075/1799 1825/2070/1798 1824/2069/1853
f 1827/2078/1846 1830/2081/1859 1829/2082/1860 1828/2085/1847
f 1831/2083/1861 1833/2103/1824 1832/2084/1823
f 1834/2088/1864 1837/2091/1849 1836/2074/1848 1835/2073/1855
f 1841/2044/1829 1840/2097/1871 1839/2087/1863
f 1843/2089/1865 1845/2023/1808 1844/2090/1807
f 1846/2096/1870 1848/2032/1817 1847/2031/1816
f 1849/2094/1868 1851/2100/1841 1850/2095/1869
f 1852/2080/1858 1853/2079/1842 1851/2100/1841
f 1855/2009/1794 1799/2041/1826 1800/2040/1825 1854/2010/1795
f 1856/2018/1803 1814/2042/1827 1799/2041/1826 1855/2009/1794
f 1857/2017/1802 1813/2051/1836 1814/2042/1827 1856/2018/1803
f 1813/2051/1836 1857/2017/1802 1858/2047/1832 1803/2052/1837
f 1803/2052/1837 1858/2047/1832 1859/2048/1833 1802/2035/1820
f 1802/2035/1820 1859/2048/1833 1860/2029/1814 1796/2036/1821
f 1861/2028/1813 1795/2030/1815 1796/2036/1821 1860/2029/1814
f 1862/2099/1873 1847/2031/1816 1795/2030/1815 1861/2028/1813
f 1863/2098/1872 1846/2096/1870 1847/2031/1816 1862/2099/1873
f 1840/2097/1871 1846/2096/1870 1863/2098/1872 1864/2093/1867
f 1865/2092/1866 1839/2087/1863 1840/2097/1871 1864/2093/1867
f 1830/2081/1859 1839/2087/1863 1865/2092/1866 1866/2077/1857
f 1867/2076/1856 1829/2082/1860 1830/2081/1859 1866/2077/1857
f 1868/2067/1851 1831/2083/1861 1829/2082/1860 1867/2076/1856
f 1869/2066/1850 1833/2103/1824 1831/2083/1861 1868/2067/1851
f 1800/2104/1825 1833/2103/1824 1869/2066/1850 1854/2102/1795
f 1838/2086/1862 1842/2045/1830 1841/2044/1829 1839/2087/1863
f 1806/2053/1838 1850/2095/1869 1851/2100/1841 1808/2105/1840
f 1808/2105/1840 1809/2060/1845 1807/2054/1839 1806/2053/1838
s 92
f 1876/2106/1874 1896/2107/1875 1897/2108/1876 1877/2109/1877
f 1877/2109/1877 1878/2110/1878 1879/2111/1879 1876/2106/1874
f 1878/2110/1878 1880/2112/1880 1881/2113/1881 1879/2111/1879
f 1880/2112/1880 1882/2114/1882 1883/2115/1883 1881/2113/1881
f 1882/2114/1882 1884/2116/1884 1885/2117/1885 1883/2115/1883
f 1884/2116/1884 1887/2118/1886 1886/2119/1887 1885/2117/1885
f 1887/2118/1886 1889/2120/1888 1888/2121/1889 1886/2119/1887
f 1889/2120/1888 1891/2122/1890 1890/2123/1891 1888/2121/1889
f 1891/2122/1890 1893/2124/1892 1892/2125/1893 1890/2123/1891
f 1893/2124/1892 1895/2126/1894 1894/2127/1895 1892/2125/1893
f 1895/2126/1894 1898/2128/1896 1899/2129/1897 1894/2127/1895
f 1896/2107/1875 1969/2130/1898 1962/2131/1899 1897/2108/1876
f 1898/2128/1896 1967/2132/1900 1968/2133/1901 1899/2129/1897
f 1900/2134/1902 1906/2135/1903 1907/2136/1904 1901/2137/1905
f 1903/2138/1906 1904/2139/1907 1905/2140/1908 1902/2141/1909
f 1904/2139/1907 1911/2142/1910 1910/2143/1911 1905/2140/1908
f 1906/2135/1903 1908/2144/1912 1909/2145/1913 1907/2136/1904
f 1908/2144/1912 1914/2146/1914 1915/2147/1915 1909/2145/1913
f 1911/2142/1910 1913/2148/1916 1912/2149/1917 1910/2143/1911
f 1914/2146/1914 1916/2150/1918 1917/2151/1919 1915/2147/1915
f 1872/2152/1920 1883/2115/1883 1885/2117/1885 1886/2119/1887
f 1881/2113/1881 1883/2115/1883 1872/2152/1920 1871/2153/1921
f 1870/2154/1922 1879/2111/1879 1881/2113/1881 1871/2153/1921
f 1892/2125/1893 1894/2127/1895 1870/2154/1922 1871/2153/1921
f 1872/2152/1920 1890/2123/1891 1892/2125/1893 1871/2153/1921
f 1890/2123/1891 1872/2152/1920 1886/2119/1887 1888/2121/1889
f 1896/2107/1875 1876/2106/1874 1879/2111/1879 1870/2154/1922
f 1896/2107/1875 1870/2154/1922 1894/2127/1895 1899/2129/1897
f 1896/2107/1875 1899/2129/1897 1968/2133/1901 1969/2130/1898
f 1906/2135/1903 1900/2134/1902 1902/2141/1909 1905/2140/1908
f 1905/2140/1908 1910/2143/1911 1908/2144/1912 1906/2135/1903
f 1914/2146/1914 1908/2144/1912 1910/2143/1911 1912/2149/1917
f 1914/2146/1914 1912/2149/1917 1918/2155/1923 1916/2150/1918
f 1919/2156/1924 1921/2157/1925 1922/2158/1926 1920/2159/1927
f 1920/2159/1927 1953/2160/1928 1952/2161/1929 1919/2156/1924
f 1921/2157/1925 1923/2162/1930 1924/2163/1931 1922/2158/1926
f 1923/2162/1930 1925/2164/1932 1926/2165/1933 1924/2163/1931
f 1925/2164/1932 1927/2166/1934 1928/2167/1935 1926/2165/1933
f 1927/2166/1934 1931/2168/1936 1932/2169/1937 1928/2167/1935
f 1929/2170/1938 1935/2171/1939 1936/2172/1940 1930/2173/1941
f 1930/2173/1941 1932/2169/1937 1931/2168/1936 1929/2170/1938
f 1933/2174/1942 1937/2175/1943 1938/2176/1944 1934/2177/1945
f 1934/2177/1945 1936/2172/1940 1935/2171/1939 1933/2174/1942
f 1937/2175/1943 1939/2178/1946 1940/2179/1947 1938/2176/1944
f 1939/2178/1946 1965/2180/1948 1966/2181/1949 1940/2179/1947
f 1941/2182/1950 1943/2183/1951 1944/2184/1952 1942/2185/1953
f 1943/2183/1951 1945/2186/1954 1946/2187/1955 1944/2184/1952
f 1945/2186/1954 1947/2188/1956 1948/2189/1957 1946/2187/1955
f 1947/2188/1956 1949/2190/1958 1950/2191/1959 1948/2189/1957
f 1949/2190/1958 1951/2192/1960 1917/2151/1919 1950/2191/1959
f 1951/2192/1960 1960/2193/1961 1961/2194/1962 1917/2151/1919
f 1953/2160/1928 1963/2195/1963 1964/2196/1964 1952/2161/1929
f 1955/2197/1965 1957/2198/1966 1956/2199/1967 1954/2200/1968
f 1957/2198/1966 1959/2201/1969 1958/2202/1970 1956/2199/1967
f 1959/2201/1969 1961/2194/1962 1960/2193/1961 1958/2202/1970
f 1925/2164/1932 1873/2203/1971 1931/2168/1936 1927/2166/1934
f 1873/2203/1971 1935/2171/1939 1929/2170/1938 1931/2168/1936
f 1923/2162/1930 1874/2204/1972 1873/2203/1971 1925/2164/1932
f 1874/2204/1972 1933/2174/1942 1935/2171/1939 1873/2203/1971
f 1921/2157/1925 1875/2205/1973 1874/2204/1972 1923/2162/1930
f 1875/2205/1973 1937/2175/1943 1933/2174/1942 1874/2204/1972
f 1952/2161/1929 1939/2178/1946 1937/2175/1943 1875/2205/1973
f 1919/2156/1924 1952/2161/1929 1875/2205/1973 1921/2157/1925
f 1964/2196/1964 1965/2180/1948 1939/2178/1946 1952/2161/1929
f 1954/2200/1968 1956/2199/1967 1943/2183/1951 1941/2182/1950
f 1945/2186/1954 1943/2183/1951 1956/2199/1967 1958/2202/1970
f 1947/2188/1956 1945/2186/1954 1958/2202/1970 1960/2193/1961
f 1947/2188/1956 1960/2193/1961 1951/2192/1960 1949/2190/1958
f 1913/2148/1916 1950/2191/1959 1918/2155/1923 1912/2149/1917
f 1916/2150/1918 1918/2155/1923 1950/2191/1959 1917/2151/1919
f 1922/2206/1926 1878/2110/1878 1877/2109/1877 1920/2207/1927
f 1924/2208/1931 1880/2112/1880 1878/2110/1878 1922/2206/1926
f 1880/2112/1880 1924/2208/1931 1926/2209/1933 1882/2114/1882
f 1928/2210/1935 1884/2116/1884 1882/2114/1882 1926/2209/1933
f 1884/2211/1884 1928/2167/1935 1932/2169/1937 1887/2212/1886
f 1932/2169/1937 1930/2173/1941 1889/2213/1888 1887/2212/1886
f 1891/2122/1890 1936/2172/1940 1934/2177/1945 1893/2124/1892
f 1936/2172/1940 1891/2122/1890 1889/2120/1888 1930/2173/1941
f 1938/2176/1944 1895/2126/1894 1893/2124/1892 1934/2177/1945
f 1938/2176/1944 1940/2179/1947 1898/2128/1896 1895/2126/1894
f 1898/2128/1896 1940/2179/1947 1966/2181/1949 1967/2132/1900
f 1904/2139/1907 1903/2138/1906 1942/2185/1953 1944/2184/1952
f 1911/2142/1910 1904/2139/1907 1944/2184/1952 1946/2187/1955
f 1913/2148/1916 1911/2142/1910 1946/2187/1955 1948/2189/1957
f 1913/2148/1916 1948/2189/1957 1950/2191/1959
f 1961/2194/1962 1915/2214/1915 1917/2151/1919
f 1959/2201/1969 1909/2215/1913 1915/2214/1915 1961/2194/1962
f 1959/2201/1969 1957/2198/1966 1907/2216/1904 1909/2215/1913
f 1897/2217/1876 1962/2218/1899 1963/2195/1963 1953/2160/1928
f 1901/2219/1905 1907/2216/1904 1957/2198/1966 1955/2197/1965
f 1877/2220/1877 1897/2217/1876 1953/2160/1928 1920/2159/1927
f 1963/2195/1963 1962/2218/1899 1901/2219/1905 1955/2197/1965
f 1964/2196/1964 1963/2195/1963 1955/2197/1965 1954/2200/1968
f 1954/2200/1968 1941/2182/1950 1965/2180/1948 1964/2196/1964
f 1966/2181/1949 1965/2180/1948 1941/2182/1950 1942/2185/1953
f 1967/2132/1900 1966/2181/1949 1942/2185/1953 1903/2138/1906
f 1968/2133/1901 1967/2132/1900 1903/2138/1906 1902/2141/1909
f 1969/2130/1898 1968/2133/1901 1902/2141/1909 1900/2134/1902
f 1962/2131/1899 1969/2130/1898 1900/2134/1902 1901/2137/1905
s 99
f 1971/2221/1974 1970/2222/1975 2000/2223/1976 2004/2224/1977
f 1973/2225/1978 1972/2226/1979 1978/2227/1980 1977/2228/1981
f 1972/2226/1979 1971/2221/1974 1979/2229/1982 1978/2227/1980
f 1974/2230/1983 1973/2225/1978 1982/2231/1984 1981/2232/1985
f 1975/2233/1986 1979/2229/1982 2006/2234/1987 2005/2235/1988
f 1977/2228/1981 1976/2236/1989 1989/2237/1990 1988/2238/1991
f 2018/2239/1992 2024/2240/1993 2023/2241/1994 1992/2242/1995 1991/2243/1996
f 1984/2244/1997 1983/2245/1998 1987/2246/1999 1986/2247/2000
f 1983/2245/1998 1982/2248/1984 1988/2249/1991 1987/2246/1999
f 1990/2250/2001 1994/2251/2002 2002/2252/2003 2001/2253/2004
f 1994/2251/2002 1993/2254/2005 1997/2255/2006 1996/2256/2007
f 1993/2254/2005 1992/2242/1995 1998/2257/2008 1997/2255/2006
f 1996/2256/2007 1995/2258/2009 2009/2259/2010 2008/2260/2011
f 2004/2224/1977 2003/2261/2012 2007/2262/2013 2006/2234/1987
f 2003/2261/2012 2002/2252/2003 2008/2260/2011 2007/2262/2013
f 1973/2225/1978 1977/2228/1981 1988/2238/1991 1982/2231/1984
f 2023/2241/1994 2029/2263/2014 1998/2257/2008 1992/2242/1995
f 1994/2251/2002 1996/2256/2007 2008/2260/2011 2002/2252/2003
f 2004/2224/1977 2006/2234/1987 1979/2229/1982 1971/2221/1974
f 1970/2222/1975 1971/2221/1974 1972/2226/1979 2010/2264/2015
f 1972/2226/1979 1973/2225/1978 1974/2230/1983 2010/2264/2015
f 1978/2227/1980 1979/2229/1982 1975/2233/1986 2011/2265/2016
f 1976/2236/1989 1977/2228/1981 1978/2227/1980 2011/2265/2016
f 1983/2245/1998 1984/2244/1997 1980/2266/2017 2012/2267/2018
f 1981/2268/1985 1982/2248/1984 1983/2245/1998 2012/2267/2018
f 1985/2269/2019 1986/2247/2000 1987/2246/1999 2013/2270/2020
f 1987/2246/1999 1988/2249/1991 1989/2271/1990 2013/2270/2020
f 1993/2254/2005 1994/2251/2002 1990/2250/2001 2014/2272/2021
f 1991/2243/1996 1992/2242/1995 1993/2254/2005 2014/2272/2021
f 1995/2258/2009 1996/2256/2007 1997/2255/2006 2015/2273/2022
f 1997/2255/2006 1998/2257/2008 1999/2274/2023 2015/2273/2022
f 2003/2261/2012 2004/2224/1977 2000/2223/1976 2016/2275/2024
f 2001/2253/2004 2002/2252/2003 2003/2261/2012 2016/2275/2024
f 2005/2235/1988 2006/2234/1987 2007/2262/2013 2017/2276/2025
f 2007/2262/2013 2008/2260/2011 2009/2259/2010 2017/2276/2025
f 2020/2277/2026 2031/2278/2027 2025/2279/2028 2024/2240/1993 2018/2239/1992
f 2037/2280/2029 2039/2281/2030 2041/2282/2031 2043/2283/2032
f 1980/2266/2017 1984/2244/1997 2032/2284/2033 2020/2277/2026
f 1984/2244/1997 1986/2247/2000 2034/2285/2034 2032/2284/2033
f 1986/2247/2000 1985/2269/2019 2021/2286/2035 2035/2287/2036 2034/2285/2034
f 2030/2288/2037 2033/2289/2038 2040/2290/2039 2038/2291/2040
f 2026/2292/2041 2022/2293/2042 2044/2294/2043 2042/2295/2044
f 2022/2293/2042 2025/2279/2028 2031/2278/2027 2030/2288/2037 2038/2291/2040 2037/2280/2029 2043/2283/2032 2044/2294/2043
f 2029/2263/2014 2028/2296/2045 2019/2297/2046 1999/2274/2023 1998/2257/2008
f 2033/2289/2038 2036/2298/2047 2027/2299/2048 2026/2292/2041 2042/2295/2044 2041/2282/2031 2039/2281/2030 2040/2290/2039
f 2036/2298/2047 2035/2287/2036 2021/2286/2035 2019/2297/2046 2028/2296/2045 2027/2299/2048
f 2023/2241/1994 2022/2293/2042 2026/2292/2041 2029/2263/2014
f 2030/2288/2037 2032/2284/2033 2034/2285/2034 2033/2289/2038
f 2037/2280/2029 2038/2291/2040 2040/2290/2039 2039/2281/2030
f 2041/2282/2031 2042/2295/2044 2044/2294/2043 2043/2283/2032
f 2022/2293/2042 2023/2241/1994 2024/2240/1993 2025/2279/2028
f 2026/2292/2041 2027/2299/2048 2028/2296/2045 2029/2263/2014
f 2030/2288/2037 2031/2278/2027 2020/2277/2026 2032/2284/2033
f 2033/2289/2038 2034/2285/2034 2035/2287/2036 2036/2298/2047
s 105
f 2049/2300/2049 2053/2301/2050 2054/2302/2051 2050/2303/2052
f 2050/2303/2052 2051/2304/2053 2052/2305/2054 2049/2300/2049
f 2051/2304/2053 2056/2306/2055 2055/2307/2056 2052/2305/2054
f 2053/2301/2050 2065/2308/2057 2047/2309/2058 2054/2302/2051
f 2056/2306/2055 2058/2310/2059 2057/2311/2060 2055/2307/2056
f 2058/2310/2059 2059/2312/2061 2060/2313/2062 2057/2311/2060
f 2059/2312/2061 2048/2314/2063 2066/2315/2064 2060/2313/2062
f 2061/2316/2065 2047/2309/2058 2065/2308/2057 2062/2317/2066
f 2062/2317/2066 2063/2318/2067 2064/2319/2068 2061/2316/2065
f 2063/2318/2067 2066/2315/2064 2048/2314/2063 2064/2319/2068
f 2052/2305/2054 2055/2307/2056 2057/2311/2060 2045/2320/2069
f 2045/2320/2069 2057/2311/2060 2060/2313/2062 2066/2315/2064
f 2053/2301/2050 2049/2300/2049 2052/2305/2054 2045/2320/2069
f 2053/2301/2050 2045/2320/2069 2066/2315/2064 2065/2308/2057
f 2066/2315/2064 2063/2318/2067 2062/2317/2066 2065/2308/2057
f 2067/2321/2070 2081/2322/2071 2082/2323/2072 2068/2324/2073
f 2068/2324/2073 2070/2325/2074 2069/2326/2075 2067/2321/2070
f 2070/2325/2074 2072/2327/2076 2071/2328/2077 2069/2326/2075
f 2072/2327/2076 2074/2329/2078 2073/2330/2079 2071/2328/2077
f 2074/2329/2078 2075/2331/2080 2076/2332/2081 2073/2330/2079
f 2075/2331/2080 2084/2333/2082 2083/2334/2083 2076/2332/2081
f 2077/2335/2084 2085/2336/2085 2086/2337/2086 2078/2338/2087
f 2078/2338/2087 2080/2339/2088 2079/2340/2089 2077/2335/2084
f 2080/2339/2088 2082/2323/2072 2081/2322/2071 2079/2340/2089
f 2084/2333/2082 2086/2337/2086 2085/2336/2085 2083/2334/2083
f 2081/2322/2071 2046/2341/2090 2077/2335/2084 2079/2340/2089
f 2046/2341/2090 2073/2330/2079 2076/2332/2081 2077/2335/2084
f 2071/2328/2077 2073/2330/2079 2046/2341/2090 2069/2326/2075
f 2069/2326/2075 2046/2341/2090 2081/2322/2071 2067/2321/2070
f 2076/2332/2081 2083/2334/2083 2085/2336/2085 2077/2335/2084
f 2068/2324/2073 2056/2342/2055 2051/2343/2053 2070/2325/2074
f 2074/2344/2078 2072/2345/2076 2050/2303/2052 2054/2302/2051
f 2074/2344/2078 2054/2302/2051 2047/2309/2058 2075/2346/2080
f 2051/2343/2053 2050/2347/2052 2072/2327/2076 2070/2325/2074
f 2080/2339/2088 2078/2338/2087 2048/2348/2063 2059/2349/2061
f 2061/2350/2065 2064/2351/2068 2086/2337/2086 2084/2333/2082
f 2082/2323/2072 2080/2339/2088 2059/2312/2061 2058/2310/2059
f 2068/2324/2073 2082/2323/2072 2058/2310/2059 2056/2306/2055
f 2078/2338/2087 2086/2337/2086 2064/2351/2068 2048/2348/2063
f 2047/2309/2058 2061/2316/2065 2084/2352/2082 2075/2346/2080
s 107
f 2087/2353/2091 2089/2354/2092 2123/2355/2093 2122/2356/2094
f 2088/2357/2095 2087/2353/2091 2156/2358/2096 2157/2359/2097
f 2089/2354/2092 2088/2357/2095 2091/2360/2098 2090/2361/2099
f 2090/2361/2099 2093/2362/2100 2128/2363/2101 2127/2364/2102
f 2092/2365/2103 2091/2360/2098 2158/2366/2104 2159/2367/2105
f 2093/2362/2100 2092/2365/2103 2119/2368/2106 2118/2369/2107
f 2094/2370/2108 2096/2371/2109 2147/2372/2110 2146/2373/2111
f 2095/2374/2112 2094/2370/2108 2121/2375/2113 2120/2376/2114
f 2096/2371/2109 2095/2374/2112 2162/2377/2115 2163/2378/2116
f 2097/2379/2117 2099/2380/2118 2150/2381/2119 2149/2382/2120
f 2099/2380/2118 2098/2383/2121 2104/2384/2122 2103/2385/2123
f 2100/2386/2124 2102/2387/2125 2135/2388/2126 2134/2389/2127
f 2101/2390/2128 2100/2386/2124 2117/2391/2129 2116/2392/2130
f 2103/2385/2123 2107/2393/2131 2144/2394/2132 2143/2395/2133
f 2160/2396/2134 2161/2397/2135 2120/2376/2114 2119/2368/2106
f 2106/2398/2136 2105/2399/2137 2115/2400/2138 2114/2401/2139
f 2107/2393/2131 2106/2398/2136 2109/2402/2140 2108/2403/2141
f 2110/2404/2142 2112/2405/2143 2155/2406/2144 2153/2407/2145
f 2112/2405/2143 2111/2408/2146 2114/2401/2139 2113/2409/2147
f 2113/2409/2147 2117/2391/2129 2130/2410/2148 2129/2411/2149
f 2118/2369/2107 2121/2375/2113 2139/2412/2150 2138/2413/2151
f 2122/2414/2094 2124/2415/2152 2170/2416/2153 2171/2417/2154
f 2124/2415/2152 2123/2418/2093 2127/2419/2102 2126/2420/2155
f 2125/2421/2156 2128/2422/2101 2138/2423/2151 2137/2424/2157
f 2126/2420/2155 2125/2421/2156 2168/2425/2158 2169/2426/2159
f 2129/2427/2149 2132/2428/2160 2154/2429/2161 2155/2430/2144
f 2131/2431/2162 2130/2432/2148 2134/2433/2127 2133/2434/2163
f 2132/2428/2160 2141/2435/2164 2140/2436/2165
f 2136/2437/2166 2139/2438/2150 2146/2439/2111 2145/2440/2167
f 2137/2424/2157 2136/2437/2166 2166/2441/2168 2167/2442/2169
f 2140/2436/2165 2144/2394/2132 2152/2443/2170 2151/2444/2171
f 2143/2395/2133 2142/2445/2172 2148/2446/2173 2150/2381/2119
f 2145/2440/2167 2147/2372/2110 2164/2447/2174 2165/2448/2175
f 2151/2444/2171 2153/2449/2145 2154/2429/2161
f 2124/2415/2152 2126/2420/2155 2169/2426/2159 2170/2416/2153
f 2167/2442/2169 2168/2425/2158 2125/2421/2156 2137/2424/2157
f 2165/2448/2175 2166/2441/2168 2136/2437/2166 2145/2440/2167
f 2132/2428/2160 2140/2436/2165 2151/2444/2171 2154/2429/2161
f 2088/2357/2095 2157/2359/2097 2158/2366/2104 2091/2360/2098
f 2159/2367/2105 2160/2396/2134 2119/2368/2106 2092/2365/2103
f 2161/2397/2135 2162/2377/2115 2095/2374/2112 2120/2376/2114
f 2114/2401/2139 2111/2408/2146 2109/2402/2140 2106/2398/2136
f 2089/2354/2092 2090/2361/2099 2127/2364/2102 2123/2355/2093
f 2117/2391/2129 2100/2386/2124 2134/2389/2127 2130/2410/2148
f 2171/2417/2154 2156/2450/2096 2087/2451/2091 2122/2414/2094
f 2093/2362/2100 2118/2369/2107 2138/2413/2151 2128/2363/2101
f 2121/2375/2113 2094/2370/2108 2146/2373/2111 2139/2412/2150
f 2096/2371/2109 2163/2378/2116 2164/2447/2174 2147/2372/2110
f 2099/2380/2118 2103/2385/2123 2143/2395/2133 2150/2381/2119
f 2107/2393/2131 2108/2403/2141 2152/2443/2170 2144/2394/2132
f 2112/2405/2143 2113/2409/2147 2129/2411/2149 2155/2406/2144
f 2087/2353/2091 2088/2357/2095 2089/2354/2092
f 2090/2361/2099 2091/2360/2098 2092/2365/2103 2093/2362/2100
f 2094/2370/2108 2095/2374/2112 2096/2371/2109
f 2097/2379/2117 2098/2383/2121 2099/2380/2118
f 2100/2386/2124 2101/2390/2128 2102/2387/2125
f 2103/2385/2123 2104/2384/2122 2105/2399/2137 2106/2398/2136 2107/2393/2131
f 2110/2404/2142 2111/2408/2146 2112/2405/2143
f 2113/2409/2147 2114/2401/2139 2115/2400/2138 2116/2392/2130 2117/2391/2129
f 2118/2369/2107 2119/2368/2106 2120/2376/2114 2121/2375/2113
f 2122/2414/2094 2123/2418/2093 2124/2415/2152
f 2125/2421/2156 2126/2420/2155 2127/2419/2102 2128/2422/2101
f 2129/2427/2149 2130/2432/2148 2131/2431/2162 2132/2428/2160
f 2133/2434/2163 2134/2433/2127 2135/2452/2126
f 2136/2437/2166 2137/2424/2157 2138/2423/2151 2139/2438/2150
f 2143/2395/2133 2141/2435/2164 2142/2445/2172
f 2145/2440/2167 2146/2439/2111 2147/2372/2110
f 2148/2446/2173 2149/2382/2120 2150/2381/2119
f 2151/2444/2171 2152/2443/2170 2153/2449/2145
f 2154/2429/2161 2153/2449/2145 2155/2430/2144
f 2157/2359/2097 2156/2358/2096 2102/2387/2125 2101/2390/2128
f 2158/2366/2104 2157/2359/2097 2101/2390/2128 2116/2392/2130
f 2159/2367/2105 2158/2366/2104 2116/2392/2130 2115/2400/2138
f 2115/2400/2138 2105/2399/2137 2160/2396/2134 2159/2367/2105
f 2105/2399/2137 2104/2384/2122 2161/2397/2135 2160/2396/2134
f 2104/2384/2122 2098/2383/2121 2162/2377/2115 2161/2397/2135
f 2163/2378/2116 2162/2377/2115 2098/2383/2121 2097/2379/2117
f 2164/2447/2174 2163/2378/2116 2097/2379/2117 2149/2382/2120
f 2165/2448/2175 2164/2447/2174 2149/2382/2120 2148/2446/2173
f 2142/2445/2172 2166/2441/2168 2165/2448/2175 2148/2446/2173
f 2167/2442/2169 2166/2441/2168 2142/2445/2172 2141/2435/2164
f 2132/2428/2160 2168/2425/2158 2167/2442/2169 2141/2435/2164
f 2169/2426/2159 2168/2425/2158 2132/2428/2160 2131/2431/2162
f 2170/2416/2153 2169/2426/2159 2131/2431/2162 2133/2434/2163
f 2171/2417/2154 2170/2416/2153 2133/2434/2163 2135/2452/2126
f 2102/2453/2125 2156/2450/2096 2171/2417/2154 2135/2452/2126
f 2140/2436/2165 2141/2435/2164 2143/2395/2133 2144/2394/2132
f 2108/2403/2141 2110/2454/2142 2153/2449/2145 2152/2443/2170
f 2110/2454/2142 2108/2403/2141 2109/2402/2140 2111/2408/2146
s 1
f 742/1327/740 741/755/739 2174/2462/2176 2173/2463/2177
f 738/715/735 742/1327/740 2173/2463/2177 2172/2464/2178
f 741/755/739 718/1330/751 2175/2465/2179 2174/2462/2176
f 1364/2457/1378 1365/2459/1380 2177/2466/2180 2178/2467/2181
f 1365/2459/1380 1361/1706/1374 2176/2468/2182 2177/2466/2180
f 718/1330/751 1364/2457/1378 2178/2467/2181 2175/2465/2179
f 2173/2463/2177 2174/2462/2176 2182/2469/2183 2181/2470/2184
f 2172/2464/2178 2173/2463/2177 2181/2470/2184 2180/2471/2185
f 2174/2462/2176 2175/2465/2179 2184/2472/2186 2182/2469/2183
f 2178/2467/2181 2177/2466/2180 2187/2473/2187 2188/2474/2188
f 2177/2466/2180 2176/2468/2182 2186/2475/2189 2187/2473/2187
f 2175/2465/2179 2178/2467/2181 2188/2474/2188 2184/2472/2186
f 2179/2476/2190 2180/2471/2185 2190/2477/2191 2189/2478/2192
f 2181/2470/2184 2182/2469/2183 2192/2528/2193 2191/2480/2194
f 2183/2529/2195 2179/2476/2190 2189/2478/2192 2193/2482/2196
f 2180/2471/2185 2181/2470/2184 2191/2480/2194 2190/2477/2191
f 2182/2469/2183 2184/2472/2186 2194/2534/2197 2192/2528/2193
f 2186/2475/2189 2185/2484/2198 2195/2526/2199 2196/2486/2200
f 2188/2474/2188 2187/2473/2187 2197/2487/2201 2198/2488/2202
f 2185/2484/2198 2183/2481/2195 2193/2535/2196 2195/2526/2199
f 2187/2473/2187 2186/2475/2189 2196/2486/2200 2197/2487/2201
f 2184/2472/2186 2188/2474/2188 2198/2488/2202 2194/2534/2197
f 2190/2477/2191 2191/2480/2194 2192/2528/2193 2189/2478/2192
f 2202/2500/2203 2201/2511/2204 737/2512/724 736/2514/723
f 2212/2523/2205 2211/2505/2206 1359/1318/1363 1360/2508/1362
f 2199/2489/2207 2200/2533/2208 2211/2491/2206 2210/2455/1376
f 2200/2490/2208 2199/2531/2207 2203/725/737 2202/2492/2203
f 2201/2511/2204 2204/2516/736 2206/2517/2209 2205/2510/2210
f 2205/2510/2210 2206/2518/2209 2208/2519/2211 2207/2507/2212
f 2207/2507/2212 2208/2520/2211 2214/2521/2213 2213/2501/2214
f 2209/2522/1377 2212/2523/2205 2213/2501/2214 2214/2524/2213
f 2205/2510/2210 740/2509/734 739/2525/733
f 3/1685/755 743/754/738 2203/725/737 2199/2531/2207
f 2200/2515/2208 2202/2500/2203 736/2514/723 717/2513/752
f 737/2512/724 2201/2511/2204 2205/2510/2210 739/2525/733
f 740/2509/734 2205/2510/2210 2207/2507/2212 719/2502/753
f 2213/2501/2214 1362/2503/1373 1363/2506/1372
f 3/2532/755 2199/2489/2207 2210/2455/1376 1366/1709/1375
f 2211/2505/2206 2200/2504/2208 717/726/752 1359/1318/1363
f 1360/2508/1362 1362/2503/1373 2213/2501/2214 2212/2523/2205
f 1363/2506/1372 719/2502/753 2207/2507/2212 2213/2501/2214
f 2206/2493/2209 2204/724/736 738/715/735 2172/2464/2178
f 1361/1706/1374 2209/2456/1377 2214/2494/2213 2176/2468/2182
f 2206/2493/2209 2172/2464/2178 2180/2471/2185 2179/2476/2190
f 2208/2495/2211 2206/2493/2209 2179/2476/2190 2183/2529/2195
f 2176/2468/2182 2214/2494/2213 2185/2484/2198 2186/2475/2189
f 2214/2494/2213 2208/2530/2211 2183/2481/2195 2185/2484/2198
f 2201/2511/2204 2202/2500/2203 2203/2499/737 2204/2498/736
f 2209/2497/1377 2210/2496/1376 2211/2505/2206 2212/2523/2205
f 2195/2526/2199 2198/2488/2202 2197/2487/2201 2196/2486/2200
f 2193/2482/2196 2194/2483/2197 2198/2527/2202 2195/2485/2199
f 2189/2478/2192 2192/2479/2193 2194/2483/2197 2193/2482/2196
f 2215/2537/2215 2216/2580/2216 2237/2582/2217 2238/2614/2218
f 2216/2538/2216 2215/2578/2215 2218/2572/2219 2217/2544/2220
f 2217/2544/2220 2218/2572/2219 2222/2571/2221 2221/2545/2222
f 2219/2546/2223 2220/2568/2224 2224/2567/2225 2223/2549/2226
f 2220/2568/2224 2219/2546/2223 2221/2545/2222 2222/2571/2221
f 2223/2549/2226 2224/2567/2225 2226/2565/2227 2225/2550/2228
f 2225/2550/2228 2226/2565/2227 2228/2563/2229 2227/2553/2230
f 2227/2553/2230 2228/2563/2229 2230/2560/2231 2229/2554/2232
f 2229/2554/2232 2230/2560/2231 2232/2559/2233 2231/2555/2234
f 2231/2555/2234 2232/2559/2233 2234/2574/2235 2233/2556/2236
f 2233/2556/2236 2234/2574/2235 2236/2539/2237 2235/2576/2238
f 2235/2540/2238 2236/2610/2237 2253/2595/2239 2254/2612/2240
f 2238/2614/2218 2237/2582/2217 2239/2541/2241 2240/2608/2242
f 2240/2608/2242 2239/2541/2241 2241/2586/2243 2242/2607/2244
f 2242/2607/2244 2241/2586/2243 2243/2587/2245 2244/2604/2246
f 2244/2604/2246 2243/2587/2245 2245/2589/2247 2246/2603/2248
f 2246/2603/2248 2245/2589/2247 2247/2590/2249 2248/2601/2250
f 2248/2601/2250 2247/2590/2249 2251/2542/2251 2252/2599/2252
f 2249/2592/2253 2250/2596/2254 2252/2599/2252 2251/2542/2251
f 2250/2596/2254 2249/2592/2253 2254/2612/2240 2253/2595/2239
f 47/2543/332 2216/2538/2216 2217/2544/2220 366/2547/333
f 366/2547/333 2217/2544/2220 2221/2545/2222 2219/2546/2223
f 2219/2546/2223 368/2548/336 367/332/334 366/2547/333
f 368/2548/336 2219/2546/2223 2223/2549/2226 369/2551/338
f 2225/2550/2228 370/2552/341 369/2551/338 2223/2549/2226
f 370/2552/341 2225/2550/2228 2227/2553/2230 371/2557/343
f 2229/2554/2232 2231/2555/2234 371/2557/343 2227/2553/2230
f 2231/2555/2234 2233/2556/2236 372/2577/345 371/2557/343
f 394/2558/386 2234/2574/2235 2232/2559/2233 396/2561/387
f 2232/2559/2233 2230/2560/2231 398/2562/389 396/2561/387
f 398/2562/389 2230/2560/2231 2228/2563/2229 400/2564/391
f 400/2564/391 2228/2563/2229 2226/2565/2227 402/2566/393
f 402/2566/393 2226/2565/2227 2224/2567/2225 404/2569/395
f 2220/2568/2224 406/2570/397 404/2569/395 2224/2567/2225
f 406/2570/397 2220/2568/2224 2222/2571/2221 408/2573/399
f 2218/2572/2219 410/2579/401 408/2573/399 2222/2571/2221
f 2236/2539/2237 2234/2574/2235 394/2558/386 87/2575/385
f 2233/2556/2236 2235/2576/2238 49/1546/344 372/2577/345
f 2218/2572/2219 2215/2578/2215 90/1534/403 410/2579/401
f 47/331/332 1019/2581/1047 2237/2582/2217 2216/2580/2216
f 1019/2581/1047 2241/2586/2243 2239/2541/2241 2237/2582/2217
f 2241/2586/2243 1019/2581/1047 1020/2583/1046 1021/2584/1048
f 1021/2584/1048 1022/2585/1049 2243/2587/2245 2241/2586/2243
f 2245/2589/2247 2243/2587/2245 1022/2585/1049 1023/2588/1050
f 1023/2588/1050 1024/2591/1051 2247/2590/2249 2245/2589/2247
f 2251/2542/2251 2247/2590/2249 1024/2591/1051 2249/2592/2253
f 2249/2592/2253 1024/2591/1051 1025/2593/1052 2254/2612/2240
f 1047/2611/1084 1049/2594/1086 2250/2596/2254 2253/2595/2239
f 2250/2596/2254 1049/2594/1086 1051/2597/1088 2252/2599/2252
f 1051/2597/1088 1053/2598/1090 2248/2601/2250 2252/2599/2252
f 1053/2598/1090 1055/2600/1092 2246/2603/2248 2248/2601/2250
f 1055/2600/1092 1057/2602/1094 2244/2604/2246 2246/2603/2248
f 2242/2607/2244 2244/2604/2246 1057/2602/1094 1059/2605/1096
f 1059/2605/1096 1061/2606/1098 2240/2608/2242 2242/2607/2244
f 2238/2614/2218 2240/2608/2242 1061/2606/1098 1063/2609/1100
f 2236/2610/2237 87/377/385 1047/2611/1084 2253/2595/2239
f 2254/2612/2240 1025/2593/1052 49/2613/344 2235/2540/2238
f 2238/2614/2218 1063/2609/1100 90/2615/403 2215/2537/2215
g default
v -0.034172 0.642148 0.644690
v -0.034486 0.647191 0.645733
v -0.038037 0.645448 0.638862
v -0.041859 0.671814 0.590073
v -0.039351 0.667815 0.594892
v -0.034978 0.670029 0.599491
v -0.035639 0.673363 0.594945
v -0.037494 0.662135 0.548447
v -0.035465 0.658670 0.552984
v -0.039352 0.659302 0.560423
v -0.041901 0.662530 0.552466
v -0.038003 0.636515 0.606335
v -0.033931 0.633888 0.603161
v -0.033864 0.633271 0.608874
v -0.066464 0.691283 0.577730
v -0.062803 0.686524 0.577133
v -0.054641 0.686874 0.582879
v -0.062609 0.692526 0.582231
v -0.008087 0.692236 0.582100
v -0.061432 0.680684 0.535802
v -0.056303 0.675232 0.536752
v -0.062586 0.677050 0.539657
v -0.066059 0.682116 0.541210
v -0.082118 0.724745 0.592734
v -0.077902 0.724608 0.596727
v -0.079535 0.729567 0.594003
v -0.032657 0.729575 0.593689
v -0.031314 0.725136 0.596966
v -0.027432 0.726874 0.592579
v -0.032805 0.730348 0.562001
v -0.027812 0.727478 0.561241
v -0.031550 0.727263 0.557160
v -0.079562 0.730349 0.561962
v -0.078446 0.727178 0.557121
v -0.082849 0.726009 0.560997
v -0.007114 0.642149 0.644694
v -0.007114 0.647396 0.645319
v -0.007114 0.670104 0.599340
v -0.007114 0.673543 0.594785
v -0.007114 0.662109 0.548471
v -0.007114 0.658669 0.552986
v -0.007114 0.633908 0.603122
v -0.007114 0.633271 0.608874
v -0.007114 0.686716 0.583021
v -0.007114 0.690946 0.582317
v -0.007114 0.691955 0.581230
v -0.007114 0.698071 0.579796
v -0.007114 0.683771 0.537217
v -0.007114 0.691497 0.544511
v -0.007114 0.675330 0.536665
v -0.007114 0.680928 0.535914
v 0.019944 0.642148 0.644690
v 0.020258 0.647191 0.645733
v 0.023810 0.645448 0.638862
v 0.027631 0.671814 0.590073
v 0.025124 0.667815 0.594892
v 0.020750 0.670029 0.599491
v 0.021412 0.673363 0.594945
v 0.023267 0.662135 0.548447
v 0.021238 0.658670 0.552984
v 0.025125 0.659302 0.560423
v 0.027674 0.662530 0.552466
v 0.023775 0.636515 0.606335
v 0.019703 0.633888 0.603161
v 0.019637 0.633271 0.608874
v 0.052237 0.691283 0.577730
v 0.048575 0.686524 0.577133
v 0.040413 0.686874 0.582879
v 0.048381 0.692526 0.582231
v -0.006140 0.692236 0.582100
v 0.047205 0.680684 0.535802
v 0.042076 0.675232 0.536752
v 0.048358 0.677050 0.539657
v 0.051832 0.682116 0.541210
v 0.067891 0.724745 0.592734
v 0.063674 0.724608 0.596727
v 0.065307 0.729567 0.594003
v 0.018430 0.729575 0.593689
v 0.017087 0.725136 0.596966
v 0.013204 0.726874 0.592579
v 0.018578 0.730348 0.562001
v 0.013585 0.727478 0.561241
v 0.017323 0.727263 0.557160
v 0.065334 0.730349 0.561962
v 0.064219 0.727178 0.557121
v 0.068621 0.726009 0.560997
vt 0.488576 0.008859
vt 0.489856 0.011357
vt 0.486005 0.022443
vt 0.484239 0.021293
vt 0.810903 0.164341
vt 0.809316 0.163442
vt 0.813578 0.154799
vt 0.815284 0.155626
vt 0.490781 0.008566
vt 0.498183 0.025589
vt 0.496844 0.027747
vt 0.498307 0.029862
vt 0.498978 0.027165
vt 0.504556 0.034713
vt 0.504914 0.038096
vt 0.491494 0.042254
vt 0.491060 0.039218
vt 0.828914 0.173412
vt 0.827282 0.172353
vt 0.831850 0.163652
vt 0.833742 0.164569
vt 0.775384 0.148313
vt 0.775603 0.150428
vt 0.766191 0.154092
vt 0.766838 0.151626
vt 0.777527 0.148555
vt 0.780114 0.138586
vt 0.781934 0.139468
vt 0.489756 0.041850
vt 0.484221 0.023435
vt 0.797560 0.157620
vt 0.795708 0.156752
vt 0.799864 0.148154
vt 0.801721 0.149054
vt 0.507110 0.038620
vt 0.507878 0.036502
vt 0.522093 0.037710
vt 0.521641 0.039650
vt 0.499945 0.050050
vt 0.497737 0.049959
vt 0.831092 0.185687
vt 0.830879 0.182255
vt 0.839695 0.167453
vt 0.841118 0.168143
vt 0.841314 0.168754
vt 0.841557 0.168355
vt 0.843595 0.169343
vt 0.849067 0.181598
vt 0.847538 0.183044
vt 0.498241 0.051971
vt 0.517344 0.049696
vt 0.517037 0.051715
vt 0.523627 0.039727
vt 0.519160 0.050437
vt 0.525007 0.038089
vt 0.540152 0.044658
vt 0.538781 0.046160
vt 0.540642 0.047087
vt 0.536654 0.057487
vt 0.535013 0.056491
vt 0.535046 0.058594
vt 0.518838 0.052552
vt 0.838860 0.196954
vt 0.778666 0.151330
vt 0.829267 0.186830
vt 0.828430 0.184858
vt 0.495588 0.051407
vt 0.548753 0.069070
vt 0.548540 0.072348
vt 0.772616 0.134953
vt 0.774427 0.135831
vt 0.764268 0.152413
vt 0.549607 0.055964
vt 0.771613 0.134467
vt 0.745225 0.149927
vt 0.752477 0.134875
vt 0.616232 0.017170
vt 0.618920 0.030062
vt 0.617019 0.030973
vt 0.614638 0.019482
vt 0.819408 0.146787
vt 0.817719 0.146098
vt 0.605584 0.034827
vt 0.604536 0.032514
vt 0.614083 0.016594
vt 0.603859 0.036735
vt 0.596239 0.044042
vt 0.597034 0.040734
vt 0.603544 0.033973
vt 0.609832 0.046952
vt 0.609008 0.049905
vt 0.837690 0.155299
vt 0.835847 0.154674
vt 0.784816 0.128846
vt 0.782120 0.120085
vt 0.783655 0.118049
vt 0.786612 0.127706
vt 0.786334 0.130377
vt 0.618658 0.032188
vt 0.610784 0.049730
vt 0.805864 0.140481
vt 0.804035 0.139565
vt 0.593994 0.044277
vt 0.579453 0.043414
vt 0.579256 0.041432
vt 0.593507 0.042077
vt 0.601818 0.056736
vt 0.599617 0.056540
vt 0.848673 0.149401
vt 0.841720 0.167917
vt 0.845848 0.151361
vt 0.856792 0.163945
vt 0.856605 0.166041
vt 0.601057 0.058666
vt 0.582453 0.055975
vt 0.582410 0.053933
vt 0.580514 0.054432
vt 0.577473 0.043233
vt 0.561613 0.047647
vt 0.560448 0.045979
vt 0.576317 0.041430
vt 0.564010 0.058380
vt 0.562253 0.059153
vt 0.559648 0.048324
vt 0.580559 0.056571
vt 0.563704 0.060460
vt 0.862330 0.148514
vt 0.789218 0.129551
vt 0.848439 0.147261
vt 0.846373 0.147826
vt 0.603761 0.058451
vt 0.781145 0.117580
vt 0.760073 0.119196
vt 0.767391 0.104176
vn -0.084914 -0.929477 0.358974
vn -0.983672 0.035423 0.176449
vn -0.985384 -0.169715 -0.014710
vn -0.136405 -0.970667 0.197989
vn -0.079936 0.850416 0.520003
vn 0.000000 -0.933492 0.358598
vn -0.000000 0.852557 0.522634
vn -0.162395 0.873553 0.458839
vn -0.998187 0.007100 0.059763
vn -0.739766 -0.601314 0.301940
vn -0.060107 0.655151 0.753103
vn -0.161226 0.250616 0.954567
vn -0.668293 -0.709263 0.224344
vn -0.635632 -0.764482 0.107422
vn -0.914310 -0.395430 -0.087598
vn -0.000000 0.888322 0.459222
vn -0.000000 0.693952 0.720022
vn -0.052297 -0.717146 -0.694958
vn -0.658088 -0.746053 0.101610
vn -0.105997 -0.536042 -0.837510
vn -0.066192 -0.887723 -0.455595
vn -0.000000 -0.692845 -0.721087
vn -0.000000 -0.888144 -0.459566
vn -0.123346 -0.903019 -0.411513
vn -0.000000 -0.910025 -0.414554
vn -0.000000 -0.980813 0.194950
vn -0.886330 -0.446560 0.122489
vn -0.068898 -0.417206 0.906197
vn -0.082386 -0.300414 0.950244
vn -0.932803 -0.328224 0.148823
vn -0.922185 -0.351742 -0.160786
vn -0.000000 0.528677 0.848823
vn 0.000000 0.140186 0.990125
vn 0.142584 -0.200049 0.969356
vn -0.000000 0.243785 0.969829
vn -0.000000 0.988566 0.150792
vn 0.816019 0.566905 0.112837
vn 0.046078 -0.317003 0.947305
vn -0.040832 0.375088 -0.926090
vn -0.952687 -0.301518 -0.038400
vn -0.098456 0.442384 -0.891405
vn -0.079112 0.987818 0.134001
vn -0.093054 0.994344 -0.051200
vn 0.045269 0.985577 0.163059
vn 0.785695 0.604961 -0.129248
vn 0.050688 0.996444 -0.067311
vn 0.040831 0.465576 -0.884065
vn -0.000001 0.916575 -0.399864
vn -0.000000 0.422541 -0.906344
vn -0.000000 0.366009 -0.930611
vn -0.000000 -0.533699 -0.845675
vn 0.084914 -0.929477 0.358974
vn 0.136405 -0.970667 0.197987
vn 0.985384 -0.169715 -0.014710
vn 0.983672 0.035423 0.176449
vn 0.079936 0.850416 0.520003
vn 0.998187 0.007100 0.059763
vn 0.162395 0.873553 0.458839
vn 0.739766 -0.601314 0.301941
vn 0.668293 -0.709263 0.224343
vn 0.161226 0.250615 0.954567
vn 0.060107 0.655152 0.753102
vn 0.914310 -0.395430 -0.087598
vn 0.635632 -0.764482 0.107422
vn 0.052297 -0.717145 -0.694959
vn 0.105997 -0.536041 -0.837511
vn 0.658089 -0.746053 0.101610
vn 0.066192 -0.887723 -0.455595
vn 0.123346 -0.903019 -0.411514
vn 0.886330 -0.446560 0.122488
vn 0.932803 -0.328223 0.148822
vn 0.082385 -0.300413 0.950244
vn 0.068898 -0.417205 0.906197
vn 0.922185 -0.351742 -0.160787
vn -0.142584 -0.200049 0.969356
vn -0.046079 -0.317002 0.947305
vn -0.816019 0.566905 0.112836
vn 0.040833 0.375087 -0.926090
vn 0.098457 0.442384 -0.891405
vn 0.952687 -0.301518 -0.038401
vn 0.093054 0.994344 -0.051198
vn 0.079112 0.987818 0.134001
vn -0.045269 0.985577 0.163059
vn -0.050689 0.996444 -0.067308
vn -0.785696 0.604961 -0.129247
vn -0.040832 0.465577 -0.884065
s 1
g Moving_piece
usemtl initialShadingGroup
f 2255/2616/2255 2257/2617/2256 2266/2618/2257 2268/2619/2258
f 2256/2620/2259 2255/2621/2255 2290/2622/2260 2291/2623/2261
f 2257/2617/2256 2256/2624/2259 2260/2625/2262 2259/2626/2263
f 2258/2627/2264 2261/2628/2265 2271/2629/2266 2270/2630/2267
f 2259/2626/2263 2258/2627/2264 2265/2631/2268 2264/2632/2269
f 2261/2633/2265 2260/2634/2262 2292/2635/2270 2293/2636/2271
f 2262/2637/2272 2265/2638/2268 2276/2639/2273 2275/2640/2274
f 2263/2641/2275 2262/2637/2272 2294/2642/2276 2295/2643/2277
f 2264/2632/2269 2263/2644/2275 2267/2645/2278 2266/2618/2257
f 2268/2646/2258 2267/2647/2278 2296/2648/2279 2297/2649/2280
f 2269/2650/2281 2272/2651/2282 2279/2652/2283 2278/2653/2284
f 2270/2630/2267 2269/2650/2281 2277/2654/2285 2276/2655/2273
f 2272/2656/2282 2271/2657/2266 2298/2658/2286 2299/2659/2287 2273/2660/2288
f 2273/2660/2288 2300/2661/2289 2301/2662/2290 2283/2663/2291 2282/2664/2292
f 2274/2665/2293 2277/2654/2285 2289/2666/2294 2288/2667/2295
f 2278/2653/2284 2280/2668/2296 2287/2669/2297 2289/2666/2294
f 2280/2668/2296 2279/2670/2283 2282/2671/2292 2281/2672/2298
f 2281/2672/2298 2283/2673/2291 2285/2674/2299 2284/2675/2300
f 2284/2675/2300 2286/2676/2301 2288/2677/2295 2287/2669/2297
f 2256/2620/2259 2291/2623/2261 2292/2635/2270 2260/2634/2262
f 2280/2668/2296 2281/2672/2298 2284/2675/2300 2287/2669/2297
f 2263/2641/2275 2295/2643/2277 2296/2648/2279 2267/2647/2278
f 2268/2646/2258 2297/2649/2280 2290/2622/2260 2255/2621/2255
f 2266/2618/2257 2257/2617/2256 2259/2626/2263 2264/2632/2269
f 2261/2633/2265 2293/2636/2271 2298/2658/2286 2271/2657/2266
f 2265/2631/2268 2258/2627/2264 2270/2630/2267 2276/2655/2273
f 2272/2656/2282 2273/2660/2288 2282/2664/2292 2279/2678/2283
f 2277/2654/2285 2269/2650/2281 2278/2653/2284 2289/2666/2294
f 2255/2616/2255 2256/2624/2259 2257/2617/2256
f 2258/2627/2264 2259/2626/2263 2260/2625/2262 2261/2628/2265
f 2262/2637/2272 2263/2641/2275 2264/2679/2269 2265/2638/2268
f 2266/2618/2257 2267/2645/2278 2268/2619/2258
f 2269/2680/2281 2270/2681/2267 2271/2657/2266 2272/2656/2282
f 2273/2660/2288 2299/2659/2287 2300/2661/2289
f 2274/2665/2293 2275/2682/2274 2276/2655/2273 2277/2654/2285
f 2278/2653/2284 2279/2652/2283 2280/2668/2296
f 2281/2672/2298 2282/2671/2292 2283/2673/2291
f 2284/2675/2300 2285/2674/2299 2286/2676/2301
f 2287/2669/2297 2288/2667/2295 2289/2666/2294
f 2303/2683/2302 2302/2684/2303 2286/2676/2301 2285/2674/2299
f 2305/2685/2304 2304/2686/2305 2275/2640/2274 2274/2687/2293
f 2304/2686/2305 2294/2642/2276 2262/2637/2272 2275/2640/2274
f 2301/2688/2290 2303/2683/2302 2285/2674/2299 2283/2673/2291
f 2302/2689/2303 2305/2685/2304 2274/2687/2293 2288/2690/2295 2286/2691/2301
f 2306/2692/2306 2319/2693/2307 2317/2694/2308 2308/2695/2309
f 2307/2696/2310 2291/2623/2261 2290/2622/2260 2306/2697/2306
f 2308/2695/2309 2310/2698/2311 2311/2699/2312 2307/2700/2310
f 2309/2701/2313 2321/2702/2314 2322/2703/2315 2312/2704/2316
f 2310/2698/2311 2315/2705/2317 2316/2706/2318 2309/2701/2313
f 2312/2707/2316 2293/2636/2271 2292/2635/2270 2311/2708/2312
f 2313/2709/2319 2326/2710/2320 2327/2711/2321 2316/2712/2318
f 2314/2713/2322 2295/2643/2277 2294/2642/2276 2313/2709/2319
f 2315/2705/2317 2317/2694/2308 2318/2714/2323 2314/2715/2322
f 2319/2716/2307 2297/2649/2280 2296/2648/2279 2318/2717/2323
f 2320/2718/2324 2329/2719/2325 2330/2720/2326 2323/2721/2327
f 2321/2702/2314 2327/2722/2321 2328/2723/2328 2320/2718/2324
f 2323/2724/2327 2324/2725/2329 2299/2659/2287 2298/2658/2286 2322/2726/2315
f 2324/2725/2329 2333/2727/2330 2334/2728/2331 2301/2662/2290 2300/2661/2289
f 2325/2729/2332 2339/2730/2333 2340/2731/2334 2328/2723/2328
f 2329/2719/2325 2340/2731/2334 2338/2732/2335 2331/2733/2336
f 2331/2733/2336 2332/2734/2337 2333/2735/2330 2330/2736/2326
f 2332/2734/2337 2335/2737/2338 2336/2738/2339 2334/2739/2331
f 2335/2737/2338 2338/2732/2335 2339/2740/2333 2337/2741/2340
f 2307/2696/2310 2311/2708/2312 2292/2635/2270 2291/2623/2261
f 2331/2733/2336 2338/2732/2335 2335/2737/2338 2332/2734/2337
f 2314/2713/2322 2318/2717/2323 2296/2648/2279 2295/2643/2277
f 2319/2716/2307 2306/2697/2306 2290/2622/2260 2297/2649/2280
f 2317/2694/2308 2315/2705/2317 2310/2698/2311 2308/2695/2309
f 2312/2707/2316 2322/2726/2315 2298/2658/2286 2293/2636/2271
f 2316/2706/2318 2327/2722/2321 2321/2702/2314 2309/2701/2313
f 2323/2724/2327 2330/2742/2326 2333/2727/2330 2324/2725/2329
f 2328/2723/2328 2340/2731/2334 2329/2719/2325 2320/2718/2324
f 2306/2692/2306 2308/2695/2309 2307/2700/2310
f 2309/2701/2313 2312/2704/2316 2311/2699/2312 2310/2698/2311
f 2313/2709/2319 2316/2712/2318 2315/2743/2317 2314/2713/2322
f 2317/2694/2308 2319/2693/2307 2318/2714/2323
f 2320/2744/2324 2323/2724/2327 2322/2726/2315 2321/2745/2314
f 2324/2725/2329 2300/2661/2289 2299/2659/2287
f 2325/2729/2332 2328/2723/2328 2327/2722/2321 2326/2746/2320
f 2329/2719/2325 2331/2733/2336 2330/2720/2326
f 2332/2734/2337 2334/2739/2331 2333/2735/2330
f 2335/2737/2338 2337/2741/2340 2336/2738/2339
f 2338/2732/2335 2340/2731/2334 2339/2730/2333
f 2303/2683/2302 2336/2738/2339 2337/2741/2340 2302/2684/2303
f 2305/2685/2304 2325/2747/2332 2326/2710/2320 2304/2686/2305
f 2304/2686/2305 2326/2710/2320 2313/2709/2319 2294/2642/2276
f 2301/2688/2290 2334/2739/2331 2336/2738/2339 2303/2683/2302
f 2302/2689/2303 2337/2748/2340 2339/2749/2333 2325/2747/2332 2305/2685/2304
g default
v -2.375133 0.230551 -2.312909
v -2.377667 0.218056 -2.330437
v -2.379185 0.200124 -2.340062
v -2.379246 0.194218 -2.340007
v -2.378094 0.176441 -2.330050
v -2.375813 0.164225 -2.312293
v -2.372858 0.159989 -2.290252
v -2.369811 0.164572 -2.268294
v -2.367278 0.177067 -2.250766
v -2.365760 0.194998 -2.241141
v -2.365698 0.200904 -2.241196
v -2.366851 0.218681 -2.251153
v -2.369131 0.230898 -2.268909
v -2.372087 0.235134 -2.290950
v -1.478088 0.214697 -2.428186
v -1.479830 0.206106 -2.440237
v -1.480874 0.193777 -2.446854
v -1.481014 0.180152 -2.446728
v -1.480222 0.167929 -2.439882
v -1.478654 0.159529 -2.427673
v -1.476621 0.156617 -2.412519
v -1.474527 0.159768 -2.397421
v -1.472785 0.168359 -2.385370
v -1.471741 0.180688 -2.378752
v -1.471601 0.194313 -2.378879
v -1.472393 0.206536 -2.385724
v -1.473961 0.214935 -2.397933
v -1.475994 0.217848 -2.413087
v 2.375133 0.230551 -2.312909
v 2.377667 0.218056 -2.330437
v 2.379185 0.200124 -2.340062
v 2.379246 0.194218 -2.340007
v 2.378094 0.176441 -2.330050
v 2.375813 0.164225 -2.312293
v 2.372858 0.159989 -2.290252
v 2.369811 0.164572 -2.268294
v 2.367278 0.177067 -2.250766
v 2.365760 0.194998 -2.241141
v 2.365698 0.200904 -2.241196
v 2.366851 0.218681 -2.251153
v 2.369131 0.230898 -2.268909
v 2.372087 0.235134 -2.290950
v 1.478088 0.214697 -2.428186
v 1.479830 0.206106 -2.440237
v 1.480874 0.193777 -2.446854
v 1.481014 0.180152 -2.446728
v 1.480222 0.167929 -2.439882
v 1.478654 0.159529 -2.427673
v 1.476621 0.156617 -2.412519
v 1.474527 0.159768 -2.397421
v 1.472785 0.168359 -2.385370
v 1.471741 0.180688 -2.378752
v 1.471601 0.194313 -2.378879
v 1.472393 0.206536 -2.385724
v 1.473961 0.214935 -2.397933
v 1.475994 0.217848 -2.413087
v -0.191491 -0.049820 -1.275673
v -0.208583 -0.066909 -1.275326
v -0.231931 -0.073164 -1.275198
v -0.255279 -0.066909 -1.275326
v -0.272371 -0.049820 -1.275673
v -0.278627 -0.026477 -1.276147
v -0.272371 -0.003134 -1.276622
v -0.255279 0.013954 -1.276969
v -0.231931 0.020209 -1.277096
v -0.208583 0.013954 -1.276969
v -0.191491 -0.003134 -1.276622
v -0.185235 -0.026477 -1.276147
v -0.191491 -0.052531 -1.408999
v -0.208583 -0.069619 -1.408652
v -0.231931 -0.075874 -1.408524
v -0.255279 -0.069619 -1.408652
v -0.272371 -0.052531 -1.408999
v -0.278627 -0.029188 -1.409474
v -0.272371 -0.005845 -1.409948
v -0.255279 0.011244 -1.410295
v -0.231931 0.017499 -1.410421
v -0.208583 0.011244 -1.410295
v -0.191491 -0.005845 -1.409948
v -0.185235 -0.029188 -1.409474
v -0.182499 -0.027469 -1.203005
v -0.212635 -0.058178 -1.686794
v -0.229727 -0.075267 -1.686447
v -0.253077 -0.081522 -1.686320
v -0.276426 -0.075267 -1.686447
v -0.293518 -0.058178 -1.686793
v -0.299773 -0.034835 -1.687269
v -0.293515 -0.011492 -1.687744
v -0.276424 0.005596 -1.688091
v -0.253076 0.011851 -1.688218
v -0.229728 0.005596 -1.688091
v -0.212638 -0.011492 -1.687744
v -0.206381 -0.034835 -1.687269
v -0.249815 -0.067935 -1.988242
v -0.272413 -0.086946 -1.987855
v -0.303283 -0.093905 -1.987714
v -0.334154 -0.086946 -1.987855
v -0.356751 -0.067937 -1.988242
v -0.365021 -0.041971 -1.988769
v -0.356746 -0.016001 -1.989298
v -0.334147 0.003010 -1.989685
v -0.303282 0.009968 -1.989826
v -0.272413 0.003009 -1.989684
v -0.249815 -0.016000 -1.989298
v -0.241545 -0.041967 -1.988769
v -0.311609 -0.110660 -2.221808
v -0.332412 -0.121096 -2.207779
v -0.360832 -0.124915 -2.202643
v -0.389252 -0.121096 -2.207779
v -0.410056 -0.110661 -2.221807
v -0.417669 -0.096408 -2.240970
v -0.410051 -0.082154 -2.260136
v -0.389246 -0.071718 -2.274168
v -0.360831 -0.067899 -2.279303
v -0.332413 -0.071719 -2.274168
v -0.311609 -0.082153 -2.260138
v -0.303995 -0.096406 -2.240973
v -0.324497 -0.066125 -2.186782
v -0.324285 -0.082200 -2.210231
v -0.345008 -0.083849 -2.185104
v -0.343250 -0.100590 -2.205305
v -0.373246 -0.090374 -2.183579
v -0.370813 -0.107320 -2.202868
v -0.402224 -0.083875 -2.184185
v -0.399883 -0.100981 -2.205353
v -0.423875 -0.066137 -2.186167
v -0.422989 -0.081624 -2.209996
v -0.432131 -0.041971 -2.188245
v -0.432749 -0.055281 -2.213088
v -0.424856 -0.017847 -2.189945
v -0.426427 -0.029593 -2.214532
v -0.404069 -0.000205 -2.190926
v -0.406339 -0.010823 -2.214856
v -0.375486 0.006246 -2.191334
v -0.378180 -0.003848 -2.214750
v -0.346857 -0.000219 -2.191350
v -0.349577 -0.010567 -2.214604
v -0.325613 -0.017854 -2.190415
v -0.328069 -0.029320 -2.214295
v -0.317301 -0.041967 -2.188460
v -0.318990 -0.055509 -2.213246
v -0.165407 -0.067037 -1.253038
v -0.182498 -0.077639 -1.266444
v -0.176002 -0.035163 -1.215894
v -0.205847 -0.081520 -1.271350
v -0.229196 -0.077639 -1.266444
v -0.246287 -0.067037 -1.253038
v -0.252543 -0.052554 -1.234725
v -0.246287 -0.038071 -1.216411
v -0.229195 -0.027469 -1.203005
v -0.205847 -0.023588 -1.198098
v -0.165407 -0.038071 -1.216411
v -0.159151 -0.052554 -1.234725
v 0.191491 -0.049820 -1.275673
v 0.208583 -0.066909 -1.275326
v 0.231931 -0.073164 -1.275198
v 0.255279 -0.066909 -1.275326
v 0.272371 -0.049820 -1.275673
v 0.278627 -0.026477 -1.276147
v 0.272371 -0.003134 -1.276622
v 0.255279 0.013954 -1.276969
v 0.231931 0.020209 -1.277096
v 0.208583 0.013954 -1.276969
v 0.191491 -0.003134 -1.276622
v 0.185235 -0.026477 -1.276147
v 0.191491 -0.052531 -1.408999
v 0.208583 -0.069619 -1.408652
v 0.231931 -0.075874 -1.408524
v 0.255279 -0.069619 -1.408652
v 0.272371 -0.052531 -1.408999
v 0.278627 -0.029188 -1.409474
v 0.272371 -0.005845 -1.409948
v 0.255279 0.011244 -1.410295
v 0.231931 0.017499 -1.410421
v 0.208583 0.011244 -1.410295
v 0.191491 -0.005845 -1.409948
v 0.185235 -0.029188 -1.409474
v 0.182499 -0.027469 -1.203005
v 0.212635 -0.058178 -1.686794
v 0.229727 -0.075267 -1.686447
v 0.253077 -0.081522 -1.686320
v 0.276426 -0.075267 -1.686447
v 0.293518 -0.058178 -1.686793
v 0.299773 -0.034835 -1.687269
v 0.293515 -0.011492 -1.687744
v 0.276424 0.005596 -1.688091
v 0.253076 0.011851 -1.688218
v 0.229728 0.005596 -1.688091
v 0.212638 -0.011492 -1.687744
v 0.206381 -0.034835 -1.687269
v 0.249815 -0.067935 -1.988242
v 0.272413 -0.086946 -1.987855
v 0.303283 -0.093905 -1.987714
v 0.334154 -0.086946 -1.987855
v 0.356751 -0.067937 -1.988242
v 0.365021 -0.041971 -1.988769
v 0.356746 -0.016001 -1.989298
v 0.334147 0.003010 -1.989685
v 0.303282 0.009968 -1.989826
v 0.272413 0.003009 -1.989684
v 0.249815 -0.016000 -1.989298
v 0.241545 -0.041967 -1.988769
v 0.311609 -0.110660 -2.221808
v 0.332412 -0.121096 -2.207779
v 0.360832 -0.124915 -2.202643
v 0.389252 -0.121096 -2.207779
v 0.410056 -0.110661 -2.221807
v 0.417669 -0.096408 -2.240970
v 0.410051 -0.082154 -2.260136
v 0.389246 -0.071718 -2.274168
v 0.360831 -0.067899 -2.279303
v 0.332413 -0.071719 -2.274168
v 0.311609 -0.082153 -2.260138
v 0.303995 -0.096406 -2.240973
v 0.324497 -0.066125 -2.186782
v 0.324285 -0.082200 -2.210231
v 0.345008 -0.083849 -2.185104
v 0.343250 -0.100590 -2.205305
v 0.373246 -0.090374 -2.183579
v 0.370813 -0.107320 -2.202868
v 0.402224 -0.083875 -2.184185
v 0.399883 -0.100981 -2.205353
v 0.423875 -0.066137 -2.186167
v 0.422989 -0.081624 -2.209996
v 0.432131 -0.041971 -2.188245
v 0.432749 -0.055281 -2.213088
v 0.424856 -0.017847 -2.189945
v 0.426427 -0.029593 -2.214532
v 0.404069 -0.000205 -2.190926
v 0.406339 -0.010823 -2.214856
v 0.375486 0.006246 -2.191334
v 0.378180 -0.003848 -2.214750
v 0.346857 -0.000219 -2.191350
v 0.349577 -0.010567 -2.214604
v 0.325613 -0.017854 -2.190415
v 0.328069 -0.029320 -2.214295
v 0.317301 -0.041967 -2.188460
v 0.318990 -0.055509 -2.213246
v 0.165407 -0.067037 -1.253038
v 0.182498 -0.077639 -1.266444
v 0.176002 -0.035163 -1.215894
v 0.205847 -0.081520 -1.271350
v 0.229196 -0.077639 -1.266444
v 0.246287 -0.067037 -1.253038
v 0.252543 -0.052554 -1.234725
v 0.246287 -0.038071 -1.216411
v 0.229195 -0.027469 -1.203005
v 0.205847 -0.023588 -1.198098
v 0.165407 -0.038071 -1.216411
v 0.159151 -0.052554 -1.234725
vt 0.836880 0.996602
vt 0.836880 0.002988
vt 0.853299 0.002988
vt 0.853299 0.996602
vt 0.868763 0.002988
vt 0.868763 0.996602
vt 0.877538 0.002988
vt 0.877538 0.996602
vt 0.893014 0.002988
vt 0.893014 0.996602
vt 0.909453 0.002988
vt 0.909453 0.996602
vt 0.926625 0.002988
vt 0.926625 0.996602
vt 0.943799 0.002988
vt 0.943799 0.996602
vt 0.960243 0.002988
vt 0.960243 0.996602
vt 0.975728 0.002988
vt 0.975728 0.996602
vt 0.984512 0.002988
vt 0.984512 0.996602
vt 1.000000 0.002988
vt 0.786185 0.996602
vt 0.802593 0.002988
vt 0.802593 0.996602
vt 0.819735 0.002988
vt 0.819735 0.996602
vt 0.657131 0.996666
vt 0.640702 0.996666
vt 0.640702 0.002988
vt 0.657131 0.002988
vt 0.625237 0.996666
vt 0.625237 0.002988
vt 0.616472 0.996666
vt 0.616472 0.002988
vt 0.601026 0.996666
vt 0.601026 0.002988
vt 0.584631 0.996666
vt 0.584631 0.002988
vt 0.567511 0.996666
vt 0.781312 0.002988
vt 0.764121 0.996666
vt 0.764121 0.002988
vt 0.747663 0.996666
vt 0.747663 0.002988
vt 0.732170 0.996666
vt 0.732170 0.002988
vt 0.723385 0.996666
vt 0.723385 0.002988
vt 0.707901 0.996666
vt 0.707901 0.002988
vt 0.691462 0.996666
vt 0.691462 0.002988
vt 0.674296 0.996666
vt 0.674296 0.002988
vt 0.567511 0.002988
vt 0.781312 0.996666
vt 0.786185 0.002988
vt 1.000000 0.996602
vt 0.243304 0.048610
vt 0.265848 0.048610
vt 0.265848 0.155895
vt 0.243304 0.155895
vt 0.289886 0.048610
vt 0.289886 0.155895
vt 0.028704 0.048610
vt 0.051417 0.048610
vt 0.051417 0.155895
vt 0.028704 0.155895
vt 0.068428 0.048610
vt 0.068428 0.155895
vt 0.081117 0.048610
vt 0.081117 0.155895
vt 0.104013 0.048610
vt 0.104013 0.155895
vt 0.128185 0.048610
vt 0.128185 0.155895
vt 0.153044 0.048610
vt 0.153044 0.155895
vt 0.177372 0.048610
vt 0.177372 0.155895
vt 0.201235 0.048610
vt 0.201235 0.155895
vt 0.222395 0.048610
vt 0.222395 0.155895
vt 0.177372 0.000000
vt 0.214337 0.000000
vt 0.201235 0.000000
vt 0.265848 0.410321
vt 0.243304 0.410321
vt 0.289886 0.410322
vt 0.051417 0.410321
vt 0.028704 0.410321
vt 0.068428 0.410321
vt 0.081117 0.410321
vt 0.104013 0.410321
vt 0.128185 0.410321
vt 0.153044 0.410321
vt 0.177372 0.410321
vt 0.201235 0.410322
vt 0.222395 0.410321
vt 0.265848 0.691292
vt 0.243304 0.691292
vt 0.289886 0.691292
vt 0.051417 0.691292
vt 0.028704 0.691292
vt 0.068428 0.691292
vt 0.081117 0.691292
vt 0.104013 0.691292
vt 0.128185 0.691292
vt 0.153044 0.691292
vt 0.177372 0.691292
vt 0.201235 0.691292
vt 0.222395 0.691292
vt 0.243304 0.885003
vt 0.243304 0.930264
vt 0.222395 0.930264
vt 0.222395 0.885003
vt 0.265848 0.885003
vt 0.265848 0.930264
vt 0.289886 0.885003
vt 0.289886 0.930264
vt 0.028704 0.930264
vt 0.028704 0.885003
vt 0.051417 0.885003
vt 0.051417 0.930264
vt 0.068428 0.885003
vt 0.068428 0.930264
vt 0.081117 0.885003
vt 0.081117 0.930264
vt 0.104013 0.885003
vt 0.104013 0.930264
vt 0.128185 0.885003
vt 0.128185 0.930264
vt 0.153044 0.885003
vt 0.153044 0.930264
vt 0.177372 0.885003
vt 0.177372 0.930264
vt 0.201235 0.885003
vt 0.201235 0.930264
vt 0.265848 0.998281
vt 0.243304 0.998281
vt 0.289886 0.998281
vt 0.000000 0.998281
vt 0.000000 0.930264
vt 0.020439 0.998281
vt 0.081117 0.998281
vt 0.104013 0.998281
vt 0.128185 0.998281
vt 0.153044 0.998281
vt 0.177372 0.998281
vt 0.201235 0.998281
vt 0.222395 0.998281
vt 0.243304 0.000000
vt 0.265848 0.000000
vt 0.289886 0.000000
vt 0.028704 0.000000
vt 0.051417 0.000000
vt 0.068428 0.000000
vt 0.081117 0.000000
vt 0.104013 0.000000
vt 0.128185 0.000000
vt 0.153044 0.000000
vt 0.222395 0.000000
vt 0.243304 0.048610
vt 0.243304 0.155895
vt 0.265848 0.155895
vt 0.265848 0.048610
vt 0.289886 0.155895
vt 0.289886 0.048610
vt 0.028704 0.048610
vt 0.028704 0.155895
vt 0.051417 0.155895
vt 0.051417 0.048610
vt 0.068428 0.155895
vt 0.068428 0.048610
vt 0.081117 0.155895
vt 0.081117 0.048610
vt 0.104013 0.155895
vt 0.104013 0.048610
vt 0.128185 0.155895
vt 0.128185 0.048610
vt 0.153044 0.155895
vt 0.153044 0.048610
vt 0.177372 0.155895
vt 0.177372 0.048610
vt 0.201235 0.155895
vt 0.201235 0.048610
vt 0.222395 0.155895
vt 0.222395 0.048610
vt 0.201235 0.000000
vt 0.214337 0.000000
vt 0.177372 0.000000
vt 0.243304 0.410321
vt 0.265848 0.410321
vt 0.289886 0.410322
vt 0.028704 0.410321
vt 0.051417 0.410321
vt 0.068428 0.410321
vt 0.081117 0.410321
vt 0.104013 0.410321
vt 0.128185 0.410321
vt 0.153044 0.410321
vt 0.177372 0.410321
vt 0.201235 0.410322
vt 0.222395 0.410321
vt 0.243304 0.691292
vt 0.265848 0.691292
vt 0.289886 0.691292
vt 0.028704 0.691292
vt 0.051417 0.691292
vt 0.068428 0.691292
vt 0.081117 0.691292
vt 0.104013 0.691292
vt 0.128185 0.691292
vt 0.153044 0.691292
vt 0.177372 0.691292
vt 0.201235 0.691292
vt 0.222395 0.691292
vt 0.243304 0.885003
vt 0.222395 0.885003
vt 0.222395 0.930264
vt 0.243304 0.930264
vt 0.265848 0.930264
vt 0.265848 0.885003
vt 0.289886 0.930264
vt 0.289886 0.885003
vt 0.028704 0.930264
vt 0.051417 0.930264
vt 0.051417 0.885003
vt 0.028704 0.885003
vt 0.068428 0.930264
vt 0.068428 0.885003
vt 0.081117 0.930264
vt 0.081117 0.885003
vt 0.104013 0.930264
vt 0.104013 0.885003
vt 0.128185 0.930264
vt 0.128185 0.885003
vt 0.153044 0.930264
vt 0.153044 0.885003
vt 0.177372 0.930264
vt 0.177372 0.885003
vt 0.201235 0.930264
vt 0.201235 0.885003
vt 0.243304 0.998281
vt 0.265848 0.998281
vt 0.289886 0.998281
vt 0.000000 0.930264
vt 0.000000 0.998281
vt 0.020439 0.998281
vt 0.081117 0.998281
vt 0.104013 0.998281
vt 0.128185 0.998281
vt 0.153044 0.998281
vt 0.177372 0.998281
vt 0.201235 0.998281
vt 0.222395 0.998281
vt 0.265848 0.000000
vt 0.243304 0.000000
vt 0.289886 0.000000
vt 0.051417 0.000000
vt 0.028704 0.000000
vt 0.068428 0.000000
vt 0.081117 0.000000
vt 0.104013 0.000000
vt 0.128185 0.000000
vt 0.153044 0.000000
vt 0.222395 0.000000
vn -0.034290 0.918815 -0.393197
vn -0.034141 0.919287 -0.392104
vn -0.081265 0.670464 -0.737478
vn -0.081472 0.668781 -0.738982
vn -0.109991 0.311822 -0.943753
vn -0.110098 0.309479 -0.944511
vn -0.116545 -0.326969 -0.937821
vn -0.116604 -0.324638 -0.938623
vn -0.095142 -0.682241 -0.724910
vn -0.095314 -0.680583 -0.726444
vn -0.053068 -0.925513 -0.374978
vn -0.053208 -0.925058 -0.376082
vn -0.002638 -0.999963 0.008242
vn -0.002637 -0.999963 0.008250
vn 0.051282 -0.919487 0.389761
vn 0.051444 -0.919008 0.390867
vn 0.103980 -0.670732 0.734375
vn 0.104224 -0.669038 0.735884
vn 0.139648 -0.312163 0.939709
vn 0.139801 -0.309822 0.940461
vn 0.146200 0.326634 0.933775
vn 0.146306 0.324286 0.934576
vn 0.117857 0.681981 0.721811
vn 0.118066 0.680314 0.723349
vn 0.070210 0.925317 0.372639
vn 0.070362 0.924856 0.373753
vn 0.017879 0.999787 -0.010327
vn 0.017880 0.999787 -0.010318
vn 0.034290 0.918815 -0.393197
vn 0.081472 0.668781 -0.738982
vn 0.081265 0.670464 -0.737478
vn 0.034141 0.919287 -0.392104
vn 0.110098 0.309479 -0.944511
vn 0.109992 0.311822 -0.943752
vn 0.116604 -0.324638 -0.938623
vn 0.116545 -0.326969 -0.937821
vn 0.095314 -0.680584 -0.726444
vn 0.095142 -0.682241 -0.724910
vn 0.053208 -0.925058 -0.376082
vn 0.053068 -0.925513 -0.374978
vn 0.002637 -0.999963 0.008250
vn 0.002638 -0.999963 0.008242
vn -0.051444 -0.919008 0.390867
vn -0.051282 -0.919487 0.389762
vn -0.104224 -0.669038 0.735884
vn -0.103980 -0.670732 0.734375
vn -0.139801 -0.309822 0.940461
vn -0.139647 -0.312163 0.939709
vn -0.146306 0.324286 0.934576
vn -0.146200 0.326634 0.933775
vn -0.118066 0.680314 0.723349
vn -0.117857 0.681981 0.721811
vn -0.070362 0.924856 0.373753
vn -0.070210 0.925317 0.372639
vn -0.017880 0.999787 -0.010318
vn -0.017879 0.999787 -0.010327
vn 0.888110 -0.423976 -0.177495
vn 0.517995 -0.844610 -0.135335
vn 0.506176 -0.862387 -0.008606
vn 0.867292 -0.496610 -0.034405
vn -0.012681 -0.999557 -0.026920
vn 0.008456 -0.999771 0.019682
vn -0.507985 -0.860368 0.041447
vn -0.493512 -0.868679 0.042941
vn -0.859527 -0.504726 0.080403
vn -0.863067 -0.502118 0.054705
vn -0.991722 -0.018638 0.127044
vn -0.998670 0.001071 0.051551
vn -0.860551 0.478871 0.173591
vn -0.863062 0.503935 0.034248
vn -0.498906 0.843933 0.197156
vn -0.493516 0.869704 0.007598
vn -0.017690 0.983334 0.180946
vn 0.008456 0.999744 -0.020968
vn 0.460583 0.879120 0.122517
vn 0.506185 0.861319 -0.043650
vn 0.831014 0.555835 0.021525
vn 0.867289 0.494805 -0.054564
vn 0.990184 0.092029 -0.105199
vn 0.998691 -0.001019 -0.051136
vn 0.433853 0.840050 0.325713
vn 0.668711 0.719927 0.185827
vn 0.808703 0.588135 -0.009816
vn 0.486090 -0.873489 -0.027080
vn 0.853629 -0.515749 -0.072940
vn 0.008226 -0.999483 0.031078
vn -0.471819 -0.876896 0.091867
vn -0.844259 -0.517649 0.138802
vn -0.988715 0.003418 0.149771
vn -0.844198 0.523419 0.115596
vn -0.471710 0.880173 0.052772
vn 0.008240 0.999878 -0.013292
vn 0.485787 0.871604 -0.065703
vn 0.853217 0.512709 -0.095656
vn 0.995184 -0.001647 -0.098010
vn 0.456962 -0.884627 -0.092845
vn 0.825052 -0.537319 -0.174863
vn 0.005652 -0.999903 0.012711
vn -0.446580 -0.885904 0.125463
vn -0.815355 -0.535055 0.221162
vn -0.966304 0.003828 0.257374
vn -0.814879 0.541128 0.207734
vn -0.446303 0.889036 0.102121
vn 0.006049 0.999865 -0.015269
vn 0.458203 0.880823 -0.119166
vn 0.826673 0.529021 -0.191697
vn 0.977096 -0.005319 -0.212734
vn 0.799165 -0.550875 -0.240567
vn 0.795804 -0.189551 0.575123
vn 0.980148 0.195157 0.034974
vn 0.943120 0.018829 -0.331918
vn 0.417992 -0.904996 -0.079158
vn 0.389857 -0.357456 0.848668
vn -0.040861 -0.996277 0.075911
vn -0.009919 -0.484655 0.874649
vn -0.481454 -0.853134 0.200911
vn -0.451320 -0.601833 0.658868
vn -0.823149 -0.495893 0.276616
vn -0.847711 -0.479763 0.226307
vn -0.958185 0.024613 0.285089
vn -0.971030 -0.042309 -0.235184
vn -0.813310 0.539581 0.217667
vn -0.745060 0.413584 -0.523291
vn -0.467013 0.878837 0.097695
vn -0.387133 0.671155 -0.632202
vn -0.041349 0.998193 -0.043596
vn -0.023390 0.766422 -0.641911
vn 0.391770 0.901323 -0.184753
vn 0.342691 0.740496 -0.578125
vn 0.765765 0.569618 -0.298564
vn 0.721879 0.569185 -0.393598
vn 0.337847 -0.019403 0.941001
vn 0.696165 -0.000583 0.717882
vn 0.049773 -0.031535 0.998263
vn -0.307570 -0.257684 0.915969
vn -0.806371 -0.459687 0.372093
vn -0.950760 -0.116207 -0.287318
vn -0.702152 0.336628 -0.627426
vn -0.339551 0.601631 -0.723012
vn 0.023722 0.707115 -0.706701
vn 0.397691 0.694167 -0.599979
vn 0.776801 0.540794 -0.322678
vn 0.949546 0.229062 0.214229
vn 0.719109 -0.011251 -0.694806
vn 0.420525 -0.156254 -0.893725
vn 0.121947 -0.298086 -0.946717
vn -0.405968 -0.906173 -0.118493
vn -0.732025 -0.603803 0.315534
vn -0.881540 -0.108436 0.459487
vn -0.731734 0.404687 0.548446
vn -0.374975 0.743096 0.554258
vn 0.044371 0.879068 0.474627
vn 0.886698 0.287479 -0.362108
vn -0.888111 -0.423976 -0.177495
vn -0.867292 -0.496610 -0.034405
vn -0.506176 -0.862387 -0.008606
vn -0.517995 -0.844610 -0.135335
vn -0.008456 -0.999771 0.019682
vn 0.012681 -0.999557 -0.026920
vn 0.493512 -0.868678 0.042941
vn 0.507985 -0.860368 0.041447
vn 0.863067 -0.502118 0.054705
vn 0.859528 -0.504726 0.080403
vn 0.998670 0.001071 0.051551
vn 0.991722 -0.018638 0.127044
vn 0.863062 0.503935 0.034248
vn 0.860552 0.478871 0.173591
vn 0.493516 0.869704 0.007598
vn 0.498906 0.843933 0.197156
vn -0.008456 0.999744 -0.020968
vn 0.017690 0.983334 0.180946
vn -0.506185 0.861320 -0.043650
vn -0.460583 0.879120 0.122517
vn -0.867289 0.494805 -0.054564
vn -0.831014 0.555835 0.021525
vn -0.998691 -0.001019 -0.051136
vn -0.990184 0.092029 -0.105199
vn -0.808703 0.588135 -0.009816
vn -0.668711 0.719927 0.185827
vn -0.433852 0.840050 0.325713
vn -0.853629 -0.515749 -0.072940
vn -0.486090 -0.873489 -0.027080
vn -0.008227 -0.999483 0.031078
vn 0.471819 -0.876896 0.091867
vn 0.844259 -0.517649 0.138802
vn 0.988715 0.003418 0.149771
vn 0.844198 0.523420 0.115596
vn 0.471710 0.880173 0.052772
vn -0.008240 0.999878 -0.013292
vn -0.485787 0.871604 -0.065703
vn -0.853217 0.512709 -0.095656
vn -0.995184 -0.001647 -0.098010
vn -0.825052 -0.537319 -0.174863
vn -0.456962 -0.884627 -0.092845
vn -0.005652 -0.999903 0.012711
vn 0.446580 -0.885904 0.125463
vn 0.815355 -0.535055 0.221162
vn 0.966304 0.003829 0.257374
vn 0.814879 0.541128 0.207734
vn 0.446303 0.889036 0.102121
vn -0.006049 0.999865 -0.015269
vn -0.458203 0.880823 -0.119166
vn -0.826673 0.529021 -0.191697
vn -0.977096 -0.005319 -0.212734
vn -0.799165 -0.550875 -0.240567
vn -0.943120 0.018829 -0.331918
vn -0.980149 0.195154 0.034974
vn -0.795804 -0.189551 0.575123
vn -0.389858 -0.357455 0.848668
vn -0.417992 -0.904996 -0.079158
vn 0.009917 -0.484655 0.874649
vn 0.040861 -0.996277 0.075911
vn 0.451319 -0.601834 0.658868
vn 0.481453 -0.853134 0.200911
vn 0.847710 -0.479763 0.226307
vn 0.823149 -0.495893 0.276616
vn 0.971029 -0.042309 -0.235185
vn 0.958185 0.024613 0.285089
vn 0.745060 0.413584 -0.523291
vn 0.813310 0.539581 0.217667
vn 0.387132 0.671155 -0.632202
vn 0.467013 0.878837 0.097695
vn 0.023390 0.766422 -0.641911
vn 0.041349 0.998193 -0.043596
vn -0.342690 0.740496 -0.578125
vn -0.391770 0.901323 -0.184754
vn -0.721880 0.569183 -0.393598
vn -0.765765 0.569618 -0.298564
vn -0.696165 -0.000583 0.717882
vn -0.337849 -0.019403 0.941000
vn -0.049776 -0.031535 0.998262
vn 0.307568 -0.257684 0.915970
vn 0.806372 -0.459686 0.372092
vn 0.950760 -0.116206 -0.287319
vn 0.702153 0.336628 -0.627426
vn 0.339550 0.601631 -0.723012
vn -0.023722 0.707115 -0.706701
vn -0.397690 0.694167 -0.599979
vn -0.776803 0.540792 -0.322678
vn -0.949546 0.229059 0.214229
vn -0.420525 -0.156254 -0.893725
vn -0.719109 -0.011251 -0.694806
vn -0.121947 -0.298086 -0.946717
vn 0.405966 -0.906174 -0.118493
vn 0.732025 -0.603803 0.315534
vn 0.881541 -0.108437 0.459486
vn 0.731735 0.404687 0.548445
vn 0.374976 0.743096 0.554258
vn -0.044370 0.879068 0.474627
vn -0.886698 0.287479 -0.362108
s 1
g Tubes
usemtl initialShadingGroup
f 2341/2750/2341 2355/2751/2342 2356/2752/2343 2342/2753/2344
f 2342/2753/2344 2356/2752/2343 2357/2754/2345 2343/2755/2346
f 2343/2755/2346 2357/2754/2345 2358/2756/2347 2344/2757/2348
f 2344/2757/2348 2358/2756/2347 2359/2758/2349 2345/2759/2350
f 2345/2759/2350 2359/2758/2349 2360/2760/2351 2346/2761/2352
f 2346/2761/2352 2360/2760/2351 2361/2762/2353 2347/2763/2354
f 2347/2763/2354 2361/2762/2353 2362/2764/2355 2348/2765/2356
f 2348/2765/2356 2362/2764/2355 2363/2766/2357 2349/2767/2358
f 2349/2767/2358 2363/2766/2357 2364/2768/2359 2350/2769/2360
f 2350/2769/2360 2364/2768/2359 2365/2770/2361 2351/2771/2362
f 2351/2771/2362 2365/2770/2361 2366/2772/2363 2352/2809/2364
f 2352/2773/2364 2366/2808/2363 2367/2774/2365 2353/2775/2366
f 2353/2775/2366 2367/2774/2365 2368/2776/2367 2354/2777/2368
f 2354/2777/2368 2368/2776/2367 2355/2751/2342 2341/2750/2341
s 2
f 2369/2778/2369 2370/2779/2370 2384/2780/2371 2383/2781/2372
f 2370/2779/2370 2371/2782/2373 2385/2783/2374 2384/2780/2371
f 2371/2782/2373 2372/2784/2375 2386/2785/2376 2385/2783/2374
f 2372/2784/2375 2373/2786/2377 2387/2787/2378 2386/2785/2376
f 2373/2786/2377 2374/2788/2379 2388/2789/2380 2387/2787/2378
f 2374/2788/2379 2375/2790/2381 2389/2806/2382 2388/2789/2380
f 2375/2807/2381 2376/2792/2383 2390/2793/2384 2389/2791/2382
f 2376/2792/2383 2377/2794/2385 2391/2795/2386 2390/2793/2384
f 2377/2794/2385 2378/2796/2387 2392/2797/2388 2391/2795/2386
f 2378/2796/2387 2379/2798/2389 2393/2799/2390 2392/2797/2388
f 2379/2798/2389 2380/2800/2391 2394/2801/2392 2393/2799/2390
f 2380/2800/2391 2381/2802/2393 2395/2803/2394 2394/2801/2392
f 2381/2802/2393 2382/2804/2395 2396/2805/2396 2395/2803/2394
f 2382/2804/2395 2369/2778/2369 2383/2781/2372 2396/2805/2396
s 3
f 2397/2810/2397 2398/2811/2398 2410/2812/2399 2409/2813/2400
f 2398/2811/2398 2399/2814/2401 2411/2815/2402 2410/2812/2399
f 2399/2816/2401 2400/2817/2403 2412/2818/2404 2411/2819/2402
f 2400/2817/2403 2401/2820/2405 2413/2821/2406 2412/2818/2404
f 2401/2820/2405 2402/2822/2407 2414/2823/2408 2413/2821/2406
f 2402/2822/2407 2403/2824/2409 2415/2825/2410 2414/2823/2408
f 2403/2824/2409 2404/2826/2411 2416/2827/2412 2415/2825/2410
f 2404/2826/2411 2405/2828/2413 2417/2829/2414 2416/2827/2412
f 2405/2828/2413 2406/2830/2415 2418/2831/2416 2417/2829/2414
f 2406/2830/2415 2407/2832/2417 2419/2833/2418 2418/2831/2416
f 2407/2832/2417 2408/2834/2419 2420/2835/2420 2419/2833/2418
f 2408/2834/2419 2397/2810/2397 2409/2813/2400 2420/2835/2420
f 2407/2832/2417 2406/2830/2415 2421/2836/2421 2484/2837/2422 2492/2838/2423
f 2409/2813/2400 2410/2812/2399 2423/2839/2424 2422/2840/2425
f 2410/2812/2399 2411/2815/2402 2424/2841/2426 2423/2839/2424
f 2411/2819/2402 2412/2818/2404 2425/2842/2427 2424/2843/2426
f 2412/2818/2404 2413/2821/2406 2426/2844/2428 2425/2842/2427
f 2413/2821/2406 2414/2823/2408 2427/2845/2429 2426/2844/2428
f 2414/2823/2408 2415/2825/2410 2428/2846/2430 2427/2845/2429
f 2415/2825/2410 2416/2827/2412 2429/2847/2431 2428/2846/2430
f 2416/2827/2412 2417/2829/2414 2430/2848/2432 2429/2847/2431
f 2417/2829/2414 2418/2831/2416 2431/2849/2433 2430/2848/2432
f 2418/2831/2416 2419/2833/2418 2432/2850/2434 2431/2849/2433
f 2419/2833/2418 2420/2835/2420 2433/2851/2435 2432/2850/2434
f 2420/2835/2420 2409/2813/2400 2422/2840/2425 2433/2851/2435
f 2422/2840/2425 2423/2839/2424 2435/2852/2436 2434/2853/2437
f 2423/2839/2424 2424/2841/2426 2436/2854/2438 2435/2852/2436
f 2424/2843/2426 2425/2842/2427 2437/2855/2439 2436/2856/2438
f 2425/2842/2427 2426/2844/2428 2438/2857/2440 2437/2855/2439
f 2426/2844/2428 2427/2845/2429 2439/2858/2441 2438/2857/2440
f 2427/2845/2429 2428/2846/2430 2440/2859/2442 2439/2858/2441
f 2428/2846/2430 2429/2847/2431 2441/2860/2443 2440/2859/2442
f 2429/2847/2431 2430/2848/2432 2442/2861/2444 2441/2860/2443
f 2430/2848/2432 2431/2849/2433 2443/2862/2445 2442/2861/2444
f 2431/2849/2433 2432/2850/2434 2444/2863/2446 2443/2862/2445
f 2432/2850/2434 2433/2851/2435 2445/2864/2447 2444/2863/2446
f 2433/2851/2435 2422/2840/2425 2434/2853/2437 2445/2864/2447
f 2458/2865/2448 2459/2866/2449 2481/2867/2450 2480/2868/2451
f 2459/2866/2449 2458/2865/2448 2460/2869/2452 2461/2870/2453
f 2461/2870/2453 2460/2869/2452 2462/2871/2454 2463/2872/2455
f 2463/2873/2455 2462/2874/2454 2464/2875/2456 2465/2876/2457
f 2465/2876/2457 2464/2875/2456 2466/2877/2458 2467/2878/2459
f 2467/2878/2459 2466/2877/2458 2468/2879/2460 2469/2880/2461
f 2469/2880/2461 2468/2879/2460 2470/2881/2462 2471/2882/2463
f 2471/2882/2463 2470/2881/2462 2472/2883/2464 2473/2884/2465
f 2473/2884/2465 2472/2883/2464 2474/2885/2466 2475/2886/2467
f 2475/2886/2467 2474/2885/2466 2476/2887/2468 2477/2888/2469
f 2477/2888/2469 2476/2887/2468 2478/2889/2470 2479/2890/2471
f 2479/2890/2471 2478/2889/2470 2480/2868/2451 2481/2867/2450
f 2434/2853/2437 2435/2852/2436 2460/2869/2452 2458/2865/2448
f 2435/2852/2436 2436/2854/2438 2462/2871/2454 2460/2869/2452
f 2436/2856/2438 2437/2855/2439 2464/2875/2456 2462/2874/2454
f 2437/2855/2439 2438/2857/2440 2466/2877/2458 2464/2875/2456
f 2438/2857/2440 2439/2858/2441 2468/2879/2460 2466/2877/2458
f 2439/2858/2441 2440/2859/2442 2470/2881/2462 2468/2879/2460
f 2440/2859/2442 2441/2860/2443 2472/2883/2464 2470/2881/2462
f 2441/2860/2443 2442/2861/2444 2474/2885/2466 2472/2883/2464
f 2442/2861/2444 2443/2862/2445 2476/2887/2468 2474/2885/2466
f 2443/2862/2445 2444/2863/2446 2478/2889/2470 2476/2887/2468
f 2444/2863/2446 2445/2864/2447 2480/2868/2451 2478/2889/2470
f 2445/2864/2447 2434/2853/2437 2458/2865/2448 2480/2868/2451
f 2459/2866/2449 2461/2870/2453 2447/2891/2472 2446/2892/2473
f 2461/2870/2453 2463/2872/2455 2448/2893/2474 2447/2891/2472
f 2463/2873/2455 2465/2876/2457 2449/2894/2475 2448/2895/2474
f 2465/2876/2457 2467/2878/2459 2450/2896/2476 2449/2894/2475
f 2467/2878/2459 2469/2880/2461 2451/2897/2477 2450/2896/2476
f 2469/2880/2461 2471/2882/2463 2452/2898/2478 2451/2897/2477
f 2471/2882/2463 2473/2884/2465 2453/2899/2479 2452/2898/2478
f 2473/2884/2465 2475/2886/2467 2454/2900/2480 2453/2899/2479
f 2475/2886/2467 2477/2888/2469 2455/2901/2481 2454/2900/2480
f 2477/2888/2469 2479/2890/2471 2456/2902/2482 2455/2901/2481
f 2479/2890/2471 2481/2867/2450 2457/2903/2483 2456/2902/2482
f 2481/2867/2450 2459/2866/2449 2446/2892/2473 2457/2903/2483
f 2398/2811/2398 2397/2810/2397 2482/2904/2484 2483/2905/2485
f 2399/2814/2401 2398/2811/2398 2483/2905/2485 2485/2906/2486
f 2400/2817/2403 2399/2816/2401 2485/2907/2486 2486/2908/2487
f 2401/2820/2405 2400/2817/2403 2486/2908/2487 2487/2909/2488
f 2402/2822/2407 2401/2820/2405 2487/2909/2488 2488/2910/2489
f 2403/2824/2409 2402/2822/2407 2488/2910/2489 2489/2911/2490
f 2404/2826/2411 2403/2824/2409 2489/2911/2490 2490/2912/2491
f 2405/2828/2413 2404/2826/2411 2490/2912/2491 2491/2913/2492
f 2406/2830/2415 2405/2828/2413 2491/2913/2492 2421/2836/2421
f 2408/2834/2419 2407/2832/2417 2492/2838/2423 2493/2914/2493
f 2397/2810/2397 2408/2834/2419 2493/2914/2493 2482/2904/2484
s 5
f 2494/2915/2494 2506/2916/2495 2507/2917/2496 2495/2918/2497
f 2495/2918/2497 2507/2917/2496 2508/2919/2498 2496/2920/2499
f 2496/2921/2499 2508/2922/2498 2509/2923/2500 2497/2924/2501
f 2497/2924/2501 2509/2923/2500 2510/2925/2502 2498/2926/2503
f 2498/2926/2503 2510/2925/2502 2511/2927/2504 2499/2928/2505
f 2499/2928/2505 2511/2927/2504 2512/2929/2506 2500/2930/2507
f 2500/2930/2507 2512/2929/2506 2513/2931/2508 2501/2932/2509
f 2501/2932/2509 2513/2931/2508 2514/2933/2510 2502/2934/2511
f 2502/2934/2511 2514/2933/2510 2515/2935/2512 2503/2936/2513
f 2503/2936/2513 2515/2935/2512 2516/2937/2514 2504/2938/2515
f 2504/2938/2515 2516/2937/2514 2517/2939/2516 2505/2940/2517
f 2505/2940/2517 2517/2939/2516 2506/2916/2495 2494/2915/2494
f 2504/2938/2515 2589/2941/2518 2581/2942/2519 2518/2943/2520 2503/2936/2513
f 2506/2916/2495 2519/2944/2521 2520/2945/2522 2507/2917/2496
f 2507/2917/2496 2520/2945/2522 2521/2946/2523 2508/2919/2498
f 2508/2922/2498 2521/2947/2523 2522/2948/2524 2509/2923/2500
f 2509/2923/2500 2522/2948/2524 2523/2949/2525 2510/2925/2502
f 2510/2925/2502 2523/2949/2525 2524/2950/2526 2511/2927/2504
f 2511/2927/2504 2524/2950/2526 2525/2951/2527 2512/2929/2506
f 2512/2929/2506 2525/2951/2527 2526/2952/2528 2513/2931/2508
f 2513/2931/2508 2526/2952/2528 2527/2953/2529 2514/2933/2510
f 2514/2933/2510 2527/2953/2529 2528/2954/2530 2515/2935/2512
f 2515/2935/2512 2528/2954/2530 2529/2955/2531 2516/2937/2514
f 2516/2937/2514 2529/2955/2531 2530/2956/2532 2517/2939/2516
f 2517/2939/2516 2530/2956/2532 2519/2944/2521 2506/2916/2495
f 2519/2944/2521 2531/2957/2533 2532/2958/2534 2520/2945/2522
f 2520/2945/2522 2532/2958/2534 2533/2959/2535 2521/2946/2523
f 2521/2947/2523 2533/2960/2535 2534/2961/2536 2522/2948/2524
f 2522/2948/2524 2534/2961/2536 2535/2962/2537 2523/2949/2525
f 2523/2949/2525 2535/2962/2537 2536/2963/2538 2524/2950/2526
f 2524/2950/2526 2536/2963/2538 2537/2964/2539 2525/2951/2527
f 2525/2951/2527 2537/2964/2539 2538/2965/2540 2526/2952/2528
f 2526/2952/2528 2538/2965/2540 2539/2966/2541 2527/2953/2529
f 2527/2953/2529 2539/2966/2541 2540/2967/2542 2528/2954/2530
f 2528/2954/2530 2540/2967/2542 2541/2968/2543 2529/2955/2531
f 2529/2955/2531 2541/2968/2543 2542/2969/2544 2530/2956/2532
f 2530/2956/2532 2542/2969/2544 2531/2957/2533 2519/2944/2521
f 2555/2970/2545 2577/2971/2546 2578/2972/2547 2556/2973/2548
f 2556/2973/2548 2558/2974/2549 2557/2975/2550 2555/2970/2545
f 2558/2974/2549 2560/2976/2551 2559/2977/2552 2557/2975/2550
f 2560/2978/2551 2562/2979/2553 2561/2980/2554 2559/2981/2552
f 2562/2979/2553 2564/2982/2555 2563/2983/2556 2561/2980/2554
f 2564/2982/2555 2566/2984/2557 2565/2985/2558 2563/2983/2556
f 2566/2984/2557 2568/2986/2559 2567/2987/2560 2565/2985/2558
f 2568/2986/2559 2570/2988/2561 2569/2989/2562 2567/2987/2560
f 2570/2988/2561 2572/2990/2563 2571/2991/2564 2569/2989/2562
f 2572/2990/2563 2574/2992/2565 2573/2993/2566 2571/2991/2564
f 2574/2992/2565 2576/2994/2567 2575/2995/2568 2573/2993/2566
f 2576/2994/2567 2578/2972/2547 2577/2971/2546 2575/2995/2568
f 2531/2957/2533 2555/2970/2545 2557/2975/2550 2532/2958/2534
f 2532/2958/2534 2557/2975/2550 2559/2977/2552 2533/2959/2535
f 2533/2960/2535 2559/2981/2552 2561/2980/2554 2534/2961/2536
f 2534/2961/2536 2561/2980/2554 2563/2983/2556 2535/2962/2537
f 2535/2962/2537 2563/2983/2556 2565/2985/2558 2536/2963/2538
f 2536/2963/2538 2565/2985/2558 2567/2987/2560 2537/2964/2539
f 2537/2964/2539 2567/2987/2560 2569/2989/2562 2538/2965/2540
f 2538/2965/2540 2569/2989/2562 2571/2991/2564 2539/2966/2541
f 2539/2966/2541 2571/2991/2564 2573/2993/2566 2540/2967/2542
f 2540/2967/2542 2573/2993/2566 2575/2995/2568 2541/2968/2543
f 2541/2968/2543 2575/2995/2568 2577/2971/2546 2542/2969/2544
f 2542/2969/2544 2577/2971/2546 2555/2970/2545 2531/2957/2533
f 2556/2973/2548 2543/2996/2569 2544/2997/2570 2558/2974/2549
f 2558/2974/2549 2544/2997/2570 2545/2998/2571 2560/2976/2551
f 2560/2978/2551 2545/2999/2571 2546/3000/2572 2562/2979/2553
f 2562/2979/2553 2546/3000/2572 2547/3001/2573 2564/2982/2555
f 2564/2982/2555 2547/3001/2573 2548/3002/2574 2566/2984/2557
f 2566/2984/2557 2548/3002/2574 2549/3003/2575 2568/2986/2559
f 2568/2986/2559 2549/3003/2575 2550/3004/2576 2570/2988/2561
f 2570/2988/2561 2550/3004/2576 2551/3005/2577 2572/2990/2563
f 2572/2990/2563 2551/3005/2577 2552/3006/2578 2574/2992/2565
f 2574/2992/2565 2552/3006/2578 2553/3007/2579 2576/2994/2567
f 2576/2994/2567 2553/3007/2579 2554/3008/2580 2578/2972/2547
f 2578/2972/2547 2554/3008/2580 2543/2996/2569 2556/2973/2548
f 2495/2918/2497 2580/3009/2581 2579/3010/2582 2494/2915/2494
f 2496/2920/2499 2582/3011/2583 2580/3009/2581 2495/2918/2497
f 2497/2924/2501 2583/3012/2584 2582/3013/2583 2496/2921/2499
f 2498/2926/2503 2584/3014/2585 2583/3012/2584 2497/2924/2501
f 2499/2928/2505 2585/3015/2586 2584/3014/2585 2498/2926/2503
f 2500/2930/2507 2586/3016/2587 2585/3015/2586 2499/2928/2505
f 2501/2932/2509 2587/3017/2588 2586/3016/2587 2500/2930/2507
f 2502/2934/2511 2588/3018/2589 2587/3017/2588 2501/2932/2509
f 2503/2936/2513 2518/2943/2520 2588/3018/2589 2502/2934/2511
f 2505/2940/2517 2590/3019/2590 2589/2941/2518 2504/2938/2515
f 2494/2915/2494 2579/3010/2582 2590/3019/2590 2505/2940/2517
g default
v -3.554824 0.180344 -1.079956
v -3.554824 0.152985 -1.107315
v -3.554824 0.117238 -1.122122
v -3.554824 0.097892 -1.124028
v -3.554824 0.078546 -1.122122
v -3.554824 0.042800 -1.107315
v -3.551050 0.195151 -1.043838
v -3.547421 0.189508 -1.062083
v -3.544076 0.180344 -1.078897
v -3.541145 0.168012 -1.093636
v -3.538738 0.152985 -1.105731
v -3.536951 0.135841 -1.114719
v -3.535850 0.117238 -1.120253
v -3.535478 0.097892 -1.122122
v -3.535850 0.078546 -1.120253
v -3.536951 0.059944 -1.114719
v -3.538738 0.042800 -1.105731
v -3.541145 0.027773 -1.093636
v -3.544076 0.015440 -1.078897
v -3.547421 0.006277 -1.062083
v -3.551050 0.000634 -1.043837
v -3.547421 0.195151 -1.042737
v -3.540302 0.189508 -1.059923
v -3.533741 0.180344 -1.075762
v -3.527991 0.168012 -1.089646
v -3.523271 0.152985 -1.101039
v -3.519764 0.135841 -1.109505
v -3.517605 0.117238 -1.114719
v -3.516876 0.097892 -1.116479
v -3.517605 0.078546 -1.114719
v -3.519764 0.059944 -1.109505
v -3.523271 0.042800 -1.101039
v -3.527991 0.027773 -1.089645
v -3.533741 0.015440 -1.075762
v -3.540302 0.006277 -1.059923
v -3.547421 0.000634 -1.042737
v -3.544076 0.195151 -1.040949
v -3.533741 0.189508 -1.056416
v -3.524216 0.180344 -1.070671
v -3.515868 0.168012 -1.083166
v -3.509016 0.152985 -1.093420
v -3.503925 0.135841 -1.101039
v -3.500790 0.117238 -1.105731
v -3.499731 0.097892 -1.107315
v -3.500790 0.078546 -1.105731
v -3.503925 0.059944 -1.101039
v -3.509016 0.042800 -1.093420
v -3.515868 0.027773 -1.083166
v -3.524216 0.015440 -1.070671
v -3.533741 0.006277 -1.056416
v -3.544076 0.000634 -1.040949
v -3.541145 0.195151 -1.038543
v -3.527991 0.189508 -1.051697
v -3.515868 0.180344 -1.063820
v -3.505242 0.168012 -1.074445
v -3.496522 0.152985 -1.083166
v -3.490042 0.135841 -1.089646
v -3.486052 0.117238 -1.093636
v -3.484705 0.097892 -1.094983
v -3.486052 0.078546 -1.093636
v -3.490042 0.059944 -1.089645
v -3.496522 0.042800 -1.083166
v -3.505242 0.027773 -1.074445
v -3.515868 0.015440 -1.063820
v -3.527991 0.006277 -1.051697
v -3.541145 0.000634 -1.038543
v -3.538738 0.195151 -1.035611
v -3.523271 0.189508 -1.045946
v -3.509016 0.180344 -1.055471
v -3.496522 0.168012 -1.063820
v -3.486268 0.152985 -1.070671
v -3.478648 0.135841 -1.075762
v -3.473957 0.117238 -1.078897
v -3.472373 0.097892 -1.079956
v -3.473957 0.078546 -1.078897
v -3.478648 0.059944 -1.075762
v -3.486268 0.042800 -1.070671
v -3.496522 0.027773 -1.063820
v -3.509016 0.015440 -1.055471
v -3.523271 0.006277 -1.045946
v -3.538738 0.000634 -1.035611
v -3.554824 0.197057 -1.024863
v -3.536951 0.195151 -1.032267
v -3.519764 0.189508 -1.039386
v -3.503925 0.180344 -1.045946
v -3.490042 0.168012 -1.051697
v -3.478648 0.152985 -1.056416
v -3.470182 0.135841 -1.059923
v -3.464969 0.117238 -1.062083
v -3.463209 0.097892 -1.062812
v -3.464969 0.078546 -1.062083
v -3.470182 0.059944 -1.059923
v -3.478648 0.042800 -1.056416
v -3.490042 0.027773 -1.051697
v -3.503925 0.015440 -1.045946
v -3.519764 0.006277 -1.039385
v -3.536951 0.000634 -1.032267
v -3.535850 0.195151 -1.028637
v -3.517605 0.189508 -1.032267
v -3.500790 0.180344 -1.035611
v -3.486052 0.168012 -1.038543
v -3.473957 0.152985 -1.040949
v -3.464969 0.135841 -1.042737
v -3.459434 0.117238 -1.043837
v -3.457566 0.097892 -1.044209
v -3.459434 0.078546 -1.043837
v -3.464969 0.059944 -1.042737
v -3.473957 0.042800 -1.040949
v -3.486052 0.027773 -1.038543
v -3.500790 0.015440 -1.035611
v -3.517605 0.006277 -1.032267
v -3.535850 0.000634 -1.028637
v -3.535478 0.195151 -1.024863
v -3.516876 0.189508 -1.024863
v -3.499731 0.180344 -1.024863
v -3.484705 0.168012 -1.024863
v -3.472373 0.152985 -1.024863
v -3.463209 0.135841 -1.024863
v -3.457566 0.117238 -1.024863
v -3.455660 0.097892 -1.024863
v -3.457566 0.078546 -1.024863
v -3.463209 0.059944 -1.024863
v -3.472373 0.042800 -1.024863
v -3.484705 0.027773 -1.024863
v -3.499731 0.015440 -1.024863
v -3.516876 0.006277 -1.024863
v -3.535478 0.000634 -1.024863
v -3.535850 0.195151 -1.021089
v -3.517605 0.189508 -1.017460
v -3.500790 0.180344 -1.014115
v -3.486052 0.168012 -1.011184
v -3.473957 0.152985 -1.008778
v -3.464969 0.135841 -1.006990
v -3.459434 0.117238 -1.005889
v -3.457566 0.097892 -1.005517
v -3.459434 0.078546 -1.005889
v -3.464969 0.059944 -1.006990
v -3.473957 0.042800 -1.008778
v -3.486052 0.027773 -1.011184
v -3.500790 0.015440 -1.014115
v -3.517605 0.006277 -1.017460
v -3.535850 0.000634 -1.021089
v -3.536951 0.195151 -1.017460
v -3.519764 0.189508 -1.010341
v -3.503925 0.180344 -1.003780
v -3.490042 0.168012 -0.998030
v -3.478648 0.152985 -0.993310
v -3.470182 0.135841 -0.989804
v -3.464969 0.117238 -0.987644
v -3.463209 0.097892 -0.986915
v -3.464969 0.078546 -0.987644
v -3.470182 0.059944 -0.989804
v -3.478648 0.042800 -0.993310
v -3.490042 0.027773 -0.998030
v -3.503925 0.015440 -1.003780
v -3.519764 0.006277 -1.010341
v -3.536951 0.000634 -1.017460
v -3.538738 0.195151 -1.014115
v -3.523271 0.189508 -1.003780
v -3.509016 0.180344 -0.994256
v -3.496522 0.168012 -0.985907
v -3.486268 0.152985 -0.979056
v -3.478648 0.135841 -0.973964
v -3.473957 0.117238 -0.970829
v -3.472373 0.097892 -0.969771
v -3.473957 0.078546 -0.970829
v -3.478648 0.059944 -0.973964
v -3.486268 0.042800 -0.979055
v -3.496522 0.027773 -0.985907
v -3.509016 0.015441 -0.994256
v -3.523271 0.006277 -1.003780
v -3.538738 0.000634 -1.014115
v -3.541145 0.195151 -1.011184
v -3.527991 0.189508 -0.998030
v -3.515868 0.180344 -0.985907
v -3.505242 0.168012 -0.975281
v -3.496522 0.152985 -0.966561
v -3.490042 0.135841 -0.960081
v -3.486052 0.117238 -0.956091
v -3.484705 0.097892 -0.954744
v -3.486052 0.078546 -0.956091
v -3.490042 0.059944 -0.960081
v -3.496522 0.042800 -0.966561
v -3.505242 0.027773 -0.975281
v -3.515868 0.015440 -0.985907
v -3.527991 0.006277 -0.998030
v -3.541145 0.000634 -1.011184
v -3.544076 0.195151 -1.008778
v -3.533741 0.189508 -0.993310
v -3.524216 0.180344 -0.979056
v -3.515868 0.168012 -0.966561
v -3.509016 0.152985 -0.956307
v -3.503925 0.135841 -0.948688
v -3.500790 0.117238 -0.943996
v -3.499731 0.097892 -0.942411
v -3.500790 0.078546 -0.943996
v -3.503925 0.059944 -0.948688
v -3.509016 0.042800 -0.956307
v -3.515868 0.027773 -0.966561
v -3.524216 0.015440 -0.979055
v -3.533741 0.006277 -0.993310
v -3.544076 0.000634 -1.008778
v -3.547421 0.195151 -1.006990
v -3.540302 0.189508 -0.989804
v -3.533741 0.180344 -0.973964
v -3.527991 0.168012 -0.960081
v -3.523271 0.152985 -0.948688
v -3.519764 0.135841 -0.940222
v -3.517605 0.117238 -0.935008
v -3.516876 0.097892 -0.933248
v -3.517605 0.078546 -0.935008
v -3.519764 0.059944 -0.940221
v -3.523271 0.042800 -0.948688
v -3.527991 0.027773 -0.960081
v -3.533741 0.015440 -0.973964
v -3.540302 0.006277 -0.989804
v -3.547421 0.000634 -1.006990
v -3.551050 0.195151 -1.005889
v -3.547421 0.189508 -0.987644
v -3.544077 0.180344 -0.970829
v -3.541145 0.168012 -0.956091
v -3.538738 0.152985 -0.943996
v -3.536951 0.135841 -0.935008
v -3.535850 0.117238 -0.929473
v -3.535478 0.097892 -0.927605
v -3.535850 0.078546 -0.929473
v -3.536951 0.059944 -0.935008
v -3.538738 0.042800 -0.943996
v -3.541145 0.027773 -0.956091
v -3.544077 0.015440 -0.970829
v -3.547421 0.006277 -0.987644
v -3.551050 0.000634 -1.005889
v -3.554824 0.195151 -1.005517
v -3.554824 0.189508 -0.986915
v -3.554824 0.180344 -0.969771
v -3.554824 0.168012 -0.954744
v -3.554824 0.152985 -0.942411
v -3.554824 0.135841 -0.933248
v -3.554824 0.117238 -0.927605
v -3.554824 0.097892 -0.925699
v -3.554824 0.078546 -0.927605
v -3.554824 0.059944 -0.933248
v -3.554824 0.042800 -0.942411
v -3.554824 0.027773 -0.954744
v -3.554824 0.015440 -0.969771
v -3.554824 0.006277 -0.986915
v -3.554824 0.000634 -1.005517
v -3.558598 0.195151 -1.005889
v -3.562228 0.189508 -0.987644
v -3.565572 0.180344 -0.970829
v -3.568504 0.168012 -0.956091
v -3.570910 0.152985 -0.943996
v -3.572697 0.135841 -0.935008
v -3.573799 0.117238 -0.929473
v -3.574170 0.097892 -0.927605
v -3.573799 0.078546 -0.929473
v -3.572697 0.059944 -0.935008
v -3.570910 0.042800 -0.943996
v -3.568504 0.027773 -0.956091
v -3.565572 0.015440 -0.970829
v -3.562228 0.006277 -0.987644
v -3.558598 0.000634 -1.005889
v -3.562228 0.195151 -1.006990
v -3.569347 0.189508 -0.989804
v -3.575907 0.180344 -0.973964
v -3.581658 0.168012 -0.960081
v -3.586377 0.152985 -0.948688
v -3.589884 0.135841 -0.940222
v -3.592044 0.117238 -0.935008
v -3.592772 0.097892 -0.933248
v -3.592044 0.078546 -0.935008
v -3.589884 0.059944 -0.940222
v -3.586377 0.042800 -0.948688
v -3.581658 0.027773 -0.960081
v -3.575907 0.015440 -0.973964
v -3.569347 0.006277 -0.989804
v -3.562228 0.000634 -1.006990
v -3.565572 0.195151 -1.008778
v -3.575907 0.189508 -0.993310
v -3.585432 0.180344 -0.979056
v -3.593780 0.168012 -0.966561
v -3.600632 0.152985 -0.956307
v -3.605724 0.135841 -0.948688
v -3.608858 0.117238 -0.943996
v -3.609917 0.097892 -0.942411
v -3.608858 0.078546 -0.943996
v -3.605724 0.059944 -0.948688
v -3.600632 0.042800 -0.956307
v -3.593780 0.027773 -0.966561
v -3.585432 0.015440 -0.979055
v -3.575907 0.006277 -0.993310
v -3.565572 0.000634 -1.008778
v -3.568504 0.195151 -1.011184
v -3.581658 0.189508 -0.998030
v -3.593780 0.180344 -0.985907
v -3.604406 0.168012 -0.975281
v -3.613127 0.152985 -0.966561
v -3.619606 0.135841 -0.960081
v -3.623597 0.117238 -0.956091
v -3.624944 0.097892 -0.954744
v -3.623597 0.078546 -0.956091
v -3.619606 0.059944 -0.960081
v -3.613127 0.042800 -0.966561
v -3.604406 0.027773 -0.975281
v -3.593780 0.015440 -0.985907
v -3.581658 0.006277 -0.998030
v -3.568504 0.000634 -1.011184
v -3.554824 -0.001272 -1.024863
v -3.570910 0.195151 -1.014115
v -3.586377 0.189508 -1.003780
v -3.600632 0.180344 -0.994256
v -3.613127 0.168012 -0.985907
v -3.623381 0.152985 -0.979056
v -3.631000 0.135841 -0.973964
v -3.635692 0.117238 -0.970829
v -3.637276 0.097892 -0.969771
v -3.635692 0.078546 -0.970829
v -3.631000 0.059944 -0.973964
v -3.623381 0.042800 -0.979055
v -3.613127 0.027773 -0.985907
v -3.600632 0.015441 -0.994256
v -3.586377 0.006277 -1.003780
v -3.570910 0.000634 -1.014115
v -3.572697 0.195151 -1.017460
v -3.589884 0.189508 -1.010341
v -3.605724 0.180344 -1.003780
v -3.619606 0.168012 -0.998030
v -3.631000 0.152985 -0.993310
v -3.639466 0.135841 -0.989804
v -3.644680 0.117238 -0.987644
v -3.646440 0.097892 -0.986915
v -3.644680 0.078546 -0.987644
v -3.639466 0.059944 -0.989804
v -3.631000 0.042800 -0.993310
v -3.619606 0.027773 -0.998030
v -3.605724 0.015440 -1.003780
v -3.589884 0.006277 -1.010341
v -3.572697 0.000634 -1.017460
v -3.573799 0.195151 -1.021089
v -3.592044 0.189508 -1.017460
v -3.608858 0.180344 -1.014115
v -3.623597 0.168012 -1.011184
v -3.635692 0.152985 -1.008778
v -3.644680 0.135841 -1.006990
v -3.650214 0.117238 -1.005889
v -3.652083 0.097892 -1.005517
v -3.650214 0.078546 -1.005889
v -3.644680 0.059944 -1.006990
v -3.635692 0.042800 -1.008778
v -3.623597 0.027773 -1.011184
v -3.608858 0.015440 -1.014115
v -3.592044 0.006277 -1.017460
v -3.573799 0.000634 -1.021089
v -3.574170 0.195151 -1.024863
v -3.592772 0.189508 -1.024863
v -3.609917 0.180344 -1.024863
v -3.624944 0.168012 -1.024863
v -3.637276 0.152985 -1.024863
v -3.646440 0.135841 -1.024863
v -3.652083 0.117238 -1.024863
v -3.653988 0.097892 -1.024863
v -3.652083 0.078546 -1.024863
v -3.646440 0.059944 -1.024863
v -3.637276 0.042800 -1.024863
v -3.624944 0.027773 -1.024863
v -3.609917 0.015440 -1.024863
v -3.592772 0.006277 -1.024863
v -3.574170 0.000634 -1.024863
v -3.573799 0.195151 -1.028637
v -3.592044 0.189508 -1.032267
v -3.608858 0.180344 -1.035611
v -3.623597 0.168012 -1.038543
v -3.635692 0.152985 -1.040949
v -3.644680 0.135841 -1.042737
v -3.650214 0.117238 -1.043838
v -3.652083 0.097892 -1.044209
v -3.650214 0.078546 -1.043838
v -3.644680 0.059944 -1.042737
v -3.635692 0.042800 -1.040949
v -3.623597 0.027773 -1.038543
v -3.608858 0.015440 -1.035611
v -3.592044 0.006277 -1.032267
v -3.573799 0.000634 -1.028637
v -3.572697 0.195151 -1.032267
v -3.589884 0.189508 -1.039386
v -3.605723 0.180344 -1.045946
v -3.619606 0.168012 -1.051697
v -3.631000 0.152985 -1.056416
v -3.639466 0.135841 -1.059923
v -3.644680 0.117238 -1.062083
v -3.646440 0.097892 -1.062812
v -3.644680 0.078546 -1.062083
v -3.639466 0.059944 -1.059923
v -3.631000 0.042800 -1.056416
v -3.619606 0.027773 -1.051697
v -3.605723 0.015440 -1.045946
v -3.589884 0.006277 -1.039385
v -3.572697 0.000634 -1.032267
v -3.570910 0.195151 -1.035611
v -3.586377 0.189508 -1.045946
v -3.600632 0.180344 -1.055471
v -3.613127 0.168012 -1.063820
v -3.623381 0.152985 -1.070671
v -3.631000 0.135841 -1.075762
v -3.635692 0.117238 -1.078897
v -3.637276 0.097892 -1.079956
v -3.635692 0.078546 -1.078897
v -3.631000 0.059944 -1.075762
v -3.623381 0.042800 -1.070671
v -3.613127 0.027773 -1.063820
v -3.600632 0.015440 -1.055471
v -3.586377 0.006277 -1.045946
v -3.570910 0.000634 -1.035611
v -3.568504 0.195151 -1.038543
v -3.581658 0.189508 -1.051697
v -3.593780 0.180344 -1.063820
v -3.604406 0.168012 -1.074445
v -3.613126 0.152985 -1.083166
v -3.619606 0.135841 -1.089645
v -3.623597 0.117238 -1.093636
v -3.624944 0.097892 -1.094983
v -3.623597 0.078546 -1.093636
v -3.619606 0.059944 -1.089645
v -3.613126 0.042800 -1.083166
v -3.604406 0.027773 -1.074445
v -3.593780 0.015440 -1.063820
v -3.581658 0.006277 -1.051697
v -3.568504 0.000634 -1.038543
v -3.565572 0.195151 -1.040949
v -3.575907 0.189508 -1.056416
v -3.585432 0.180344 -1.070671
v -3.593780 0.168012 -1.083166
v -3.600632 0.152985 -1.093420
v -3.605724 0.135841 -1.101039
v -3.608858 0.117238 -1.105731
v -3.609917 0.097892 -1.107315
v -3.608858 0.078546 -1.105731
v -3.605724 0.059944 -1.101039
v -3.600632 0.042800 -1.093420
v -3.593780 0.027773 -1.083166
v -3.585432 0.015440 -1.070671
v -3.575907 0.006277 -1.056416
v -3.565572 0.000634 -1.040949
v -3.562228 0.195151 -1.042737
v -3.569347 0.189508 -1.059923
v -3.575907 0.180344 -1.075762
v -3.581658 0.168012 -1.089645
v -3.586377 0.152985 -1.101039
v -3.589884 0.135841 -1.109505
v -3.592044 0.117238 -1.114719
v -3.592772 0.097892 -1.116479
v -3.592044 0.078546 -1.114719
v -3.589884 0.059944 -1.109505
v -3.586377 0.042800 -1.101039
v -3.581658 0.027773 -1.089645
v -3.575907 0.015440 -1.075762
v -3.569347 0.006277 -1.059923
v -3.562228 0.000634 -1.042737
v -3.558598 0.195151 -1.043837
v -3.562228 0.189508 -1.062083
v -3.565572 0.180344 -1.078897
v -3.568504 0.168012 -1.093636
v -3.570910 0.152985 -1.105731
v -3.572697 0.135841 -1.114719
v -3.573799 0.117238 -1.120253
v -3.574170 0.097892 -1.122122
v -3.573799 0.078546 -1.120253
v -3.572697 0.059944 -1.114719
v -3.570910 0.042800 -1.105731
v -3.568504 0.027773 -1.093636
v -3.565572 0.015440 -1.078897
v -3.562228 0.006277 -1.062083
v -3.558598 0.000634 -1.043837
v -3.554824 0.195151 -1.044209
v -3.554824 0.189508 -1.062812
v -3.554824 0.168012 -1.094983
v -3.554824 0.135841 -1.116479
v -3.554824 0.059944 -1.116479
v -3.554824 0.027773 -1.094983
v -3.554824 0.015440 -1.079956
v -3.554824 0.006277 -1.062812
v -3.554824 0.000634 -1.044209
v 3.554824 0.180344 -1.079956
v 3.554824 0.152985 -1.107315
v 3.554824 0.117238 -1.122122
v 3.554824 0.097892 -1.124028
v 3.554824 0.078546 -1.122122
v 3.554824 0.042800 -1.107315
v 3.551050 0.195151 -1.043838
v 3.547420 0.189508 -1.062083
v 3.544076 0.180344 -1.078897
v 3.541144 0.168012 -1.093636
v 3.538738 0.152985 -1.105731
v 3.536951 0.135841 -1.114719
v 3.535849 0.117238 -1.120253
v 3.535478 0.097892 -1.122122
v 3.535849 0.078546 -1.120253
v 3.536951 0.059944 -1.114719
v 3.538738 0.042800 -1.105731
v 3.541144 0.027773 -1.093636
v 3.544076 0.015440 -1.078897
v 3.547420 0.006277 -1.062083
v 3.551050 0.000634 -1.043837
v 3.547420 0.195151 -1.042737
v 3.540302 0.189508 -1.059923
v 3.533741 0.180344 -1.075762
v 3.527991 0.168012 -1.089646
v 3.523271 0.152985 -1.101039
v 3.519765 0.135841 -1.109505
v 3.517605 0.117238 -1.114719
v 3.516876 0.097892 -1.116479
v 3.517605 0.078546 -1.114719
v 3.519765 0.059944 -1.109505
v 3.523271 0.042800 -1.101039
v 3.527991 0.027773 -1.089645
v 3.533741 0.015440 -1.075762
v 3.540302 0.006277 -1.059923
v 3.547420 0.000634 -1.042737
v 3.544076 0.195151 -1.040949
v 3.533741 0.189508 -1.056416
v 3.524216 0.180344 -1.070671
v 3.515868 0.168012 -1.083166
v 3.509016 0.152985 -1.093420
v 3.503925 0.135841 -1.101039
v 3.500790 0.117238 -1.105731
v 3.499731 0.097892 -1.107315
v 3.500790 0.078546 -1.105731
v 3.503925 0.059944 -1.101039
v 3.509016 0.042800 -1.093420
v 3.515868 0.027773 -1.083166
v 3.524216 0.015440 -1.070671
v 3.533741 0.006277 -1.056416
v 3.544076 0.000634 -1.040949
v 3.541144 0.195151 -1.038543
v 3.527991 0.189508 -1.051697
v 3.515868 0.180344 -1.063820
v 3.505242 0.168012 -1.074445
v 3.496522 0.152985 -1.083166
v 3.490042 0.135841 -1.089646
v 3.486051 0.117238 -1.093636
v 3.484704 0.097892 -1.094983
v 3.486051 0.078546 -1.093636
v 3.490042 0.059944 -1.089645
v 3.496522 0.042800 -1.083166
v 3.505242 0.027773 -1.074445
v 3.515868 0.015440 -1.063820
v 3.527991 0.006277 -1.051697
v 3.541144 0.000634 -1.038543
v 3.538738 0.195151 -1.035611
v 3.523271 0.189508 -1.045946
v 3.509016 0.180344 -1.055471
v 3.496522 0.168012 -1.063820
v 3.486267 0.152985 -1.070671
v 3.478648 0.135841 -1.075762
v 3.473956 0.117238 -1.078897
v 3.472372 0.097892 -1.079956
v 3.473956 0.078546 -1.078897
v 3.478648 0.059944 -1.075762
v 3.486267 0.042800 -1.070671
v 3.496522 0.027773 -1.063820
v 3.509016 0.015440 -1.055471
v 3.523271 0.006277 -1.045946
v 3.538738 0.000634 -1.035611
v 3.554824 0.197057 -1.024863
v 3.536951 0.195151 -1.032267
v 3.519765 0.189508 -1.039386
v 3.503925 0.180344 -1.045946
v 3.490042 0.168012 -1.051697
v 3.478648 0.152985 -1.056416
v 3.470182 0.135841 -1.059923
v 3.464969 0.117238 -1.062083
v 3.463209 0.097892 -1.062812
v 3.464969 0.078546 -1.062083
v 3.470182 0.059944 -1.059923
v 3.478648 0.042800 -1.056416
v 3.490042 0.027773 -1.051697
v 3.503925 0.015440 -1.045946
v 3.519765 0.006277 -1.039385
v 3.536951 0.000634 -1.032267
v 3.535849 0.195151 -1.028637
v 3.517605 0.189508 -1.032267
v 3.500790 0.180344 -1.035611
v 3.486051 0.168012 -1.038543
v 3.473956 0.152985 -1.040949
v 3.464969 0.135841 -1.042737
v 3.459434 0.117238 -1.043837
v 3.457565 0.097892 -1.044209
v 3.459434 0.078546 -1.043837
v 3.464969 0.059944 -1.042737
v 3.473956 0.042800 -1.040949
v 3.486051 0.027773 -1.038543
v 3.500790 0.015440 -1.035611
v 3.517605 0.006277 -1.032267
v 3.535849 0.000634 -1.028637
v 3.535478 0.195151 -1.024863
v 3.516876 0.189508 -1.024863
v 3.499731 0.180344 -1.024863
v 3.484704 0.168012 -1.024863
v 3.472372 0.152985 -1.024863
v 3.463209 0.135841 -1.024863
v 3.457565 0.117238 -1.024863
v 3.455660 0.097892 -1.024863
v 3.457565 0.078546 -1.024863
v 3.463209 0.059944 -1.024863
v 3.472372 0.042800 -1.024863
v 3.484704 0.027773 -1.024863
v 3.499731 0.015440 -1.024863
v 3.516876 0.006277 -1.024863
v 3.535478 0.000634 -1.024863
v 3.535849 0.195151 -1.021089
v 3.517605 0.189508 -1.017460
v 3.500790 0.180344 -1.014115
v 3.486051 0.168012 -1.011184
v 3.473956 0.152985 -1.008778
v 3.464969 0.135841 -1.006990
v 3.459434 0.117238 -1.005889
v 3.457565 0.097892 -1.005517
v 3.459434 0.078546 -1.005889
v 3.464969 0.059944 -1.006990
v 3.473956 0.042800 -1.008778
v 3.486051 0.027773 -1.011184
v 3.500790 0.015440 -1.014115
v 3.517605 0.006277 -1.017460
v 3.535849 0.000634 -1.021089
v 3.536951 0.195151 -1.017460
v 3.519765 0.189508 -1.010341
v 3.503925 0.180344 -1.003780
v 3.490042 0.168012 -0.998030
v 3.478648 0.152985 -0.993310
v 3.470182 0.135841 -0.989804
v 3.464969 0.117238 -0.987644
v 3.463209 0.097892 -0.986915
v 3.464969 0.078546 -0.987644
v 3.470182 0.059944 -0.989804
v 3.478648 0.042800 -0.993310
v 3.490042 0.027773 -0.998030
v 3.503925 0.015440 -1.003780
v 3.519765 0.006277 -1.010341
v 3.536951 0.000634 -1.017460
v 3.538738 0.195151 -1.014115
v 3.523271 0.189508 -1.003780
v 3.509016 0.180344 -0.994256
v 3.496522 0.168012 -0.985907
v 3.486267 0.152985 -0.979056
v 3.478648 0.135841 -0.973964
v 3.473956 0.117238 -0.970829
v 3.472372 0.097892 -0.969771
v 3.473956 0.078546 -0.970829
v 3.478648 0.059944 -0.973964
v 3.486267 0.042800 -0.979055
v 3.496522 0.027773 -0.985907
v 3.509016 0.015441 -0.994256
v 3.523271 0.006277 -1.003780
v 3.538738 0.000634 -1.014115
v 3.541144 0.195151 -1.011184
v 3.527991 0.189508 -0.998030
v 3.515868 0.180344 -0.985907
v 3.505242 0.168012 -0.975281
v 3.496522 0.152985 -0.966561
v 3.490042 0.135841 -0.960081
v 3.486051 0.117238 -0.956091
v 3.484704 0.097892 -0.954744
v 3.486051 0.078546 -0.956091
v 3.490042 0.059944 -0.960081
v 3.496522 0.042800 -0.966561
v 3.505242 0.027773 -0.975281
v 3.515868 0.015440 -0.985907
v 3.527991 0.006277 -0.998030
v 3.541144 0.000634 -1.011184
v 3.544076 0.195151 -1.008778
v 3.533741 0.189508 -0.993310
v 3.524216 0.180344 -0.979056
v 3.515868 0.168012 -0.966561
v 3.509016 0.152985 -0.956307
v 3.503925 0.135841 -0.948688
v 3.500790 0.117238 -0.943996
v 3.499731 0.097892 -0.942411
v 3.500790 0.078546 -0.943996
v 3.503925 0.059944 -0.948688
v 3.509016 0.042800 -0.956307
v 3.515868 0.027773 -0.966561
v 3.524216 0.015440 -0.979055
v 3.533741 0.006277 -0.993310
v 3.544076 0.000634 -1.008778
v 3.547420 0.195151 -1.006990
v 3.540302 0.189508 -0.989804
v 3.533741 0.180344 -0.973964
v 3.527991 0.168012 -0.960081
v 3.523271 0.152985 -0.948688
v 3.519765 0.135841 -0.940222
v 3.517605 0.117238 -0.935008
v 3.516876 0.097892 -0.933248
v 3.517605 0.078546 -0.935008
v 3.519765 0.059944 -0.940221
v 3.523271 0.042800 -0.948688
v 3.527991 0.027773 -0.960081
v 3.533741 0.015440 -0.973964
v 3.540302 0.006277 -0.989804
v 3.547420 0.000634 -1.006990
v 3.551050 0.195151 -1.005889
v 3.547420 0.189508 -0.987644
v 3.544076 0.180344 -0.970829
v 3.541144 0.168012 -0.956091
v 3.538738 0.152985 -0.943996
v 3.536951 0.135841 -0.935008
v 3.535849 0.117238 -0.929473
v 3.535478 0.097892 -0.927605
v 3.535849 0.078546 -0.929473
v 3.536951 0.059944 -0.935008
v 3.538738 0.042800 -0.943996
v 3.541144 0.027773 -0.956091
v 3.544076 0.015440 -0.970829
v 3.547420 0.006277 -0.987644
v 3.551050 0.000634 -1.005889
v 3.554824 0.195151 -1.005517
v 3.554824 0.189508 -0.986915
v 3.554824 0.180344 -0.969771
v 3.554824 0.168012 -0.954744
v 3.554824 0.152985 -0.942411
v 3.554824 0.135841 -0.933248
v 3.554824 0.117238 -0.927605
v 3.554824 0.097892 -0.925699
v 3.554824 0.078546 -0.927605
v 3.554824 0.059944 -0.933248
v 3.554824 0.042800 -0.942411
v 3.554824 0.027773 -0.954744
v 3.554824 0.015440 -0.969771
v 3.554824 0.006277 -0.986915
v 3.554824 0.000634 -1.005517
v 3.558598 0.195151 -1.005889
v 3.562227 0.189508 -0.987644
v 3.565572 0.180344 -0.970829
v 3.568504 0.168012 -0.956091
v 3.570910 0.152985 -0.943996
v 3.572697 0.135841 -0.935008
v 3.573798 0.117238 -0.929473
v 3.574170 0.097892 -0.927605
v 3.573798 0.078546 -0.929473
v 3.572697 0.059944 -0.935008
v 3.570910 0.042800 -0.943996
v 3.568504 0.027773 -0.956091
v 3.565572 0.015440 -0.970829
v 3.562227 0.006277 -0.987644
v 3.558598 0.000634 -1.005889
v 3.562227 0.195151 -1.006990
v 3.569347 0.189508 -0.989804
v 3.575907 0.180344 -0.973964
v 3.581657 0.168012 -0.960081
v 3.586377 0.152985 -0.948688
v 3.589884 0.135841 -0.940222
v 3.592044 0.117238 -0.935008
v 3.592772 0.097892 -0.933248
v 3.592044 0.078546 -0.935008
v 3.589884 0.059944 -0.940222
v 3.586377 0.042800 -0.948688
v 3.581657 0.027773 -0.960081
v 3.575907 0.015440 -0.973964
v 3.569347 0.006277 -0.989804
v 3.562227 0.000634 -1.006990
v 3.565572 0.195151 -1.008778
v 3.575907 0.189508 -0.993310
v 3.585432 0.180344 -0.979056
v 3.593781 0.168012 -0.966561
v 3.600632 0.152985 -0.956307
v 3.605724 0.135841 -0.948688
v 3.608857 0.117238 -0.943996
v 3.609917 0.097892 -0.942411
v 3.608857 0.078546 -0.943996
v 3.605724 0.059944 -0.948688
v 3.600632 0.042800 -0.956307
v 3.593781 0.027773 -0.966561
v 3.585432 0.015440 -0.979055
v 3.575907 0.006277 -0.993310
v 3.565572 0.000634 -1.008778
v 3.568504 0.195151 -1.011184
v 3.581657 0.189508 -0.998030
v 3.593781 0.180344 -0.985907
v 3.604406 0.168012 -0.975281
v 3.613127 0.152985 -0.966561
v 3.619606 0.135841 -0.960081
v 3.623597 0.117238 -0.956091
v 3.624943 0.097892 -0.954744
v 3.623597 0.078546 -0.956091
v 3.619606 0.059944 -0.960081
v 3.613127 0.042800 -0.966561
v 3.604406 0.027773 -0.975281
v 3.593781 0.015440 -0.985907
v 3.581657 0.006277 -0.998030
v 3.568504 0.000634 -1.011184
v 3.554824 -0.001272 -1.024863
v 3.570910 0.195151 -1.014115
v 3.586377 0.189508 -1.003780
v 3.600632 0.180344 -0.994256
v 3.613127 0.168012 -0.985907
v 3.623380 0.152985 -0.979056
v 3.631000 0.135841 -0.973964
v 3.635691 0.117238 -0.970829
v 3.637276 0.097892 -0.969771
v 3.635691 0.078546 -0.970829
v 3.631000 0.059944 -0.973964
v 3.623380 0.042800 -0.979055
v 3.613127 0.027773 -0.985907
v 3.600632 0.015441 -0.994256
v 3.586377 0.006277 -1.003780
v 3.570910 0.000634 -1.014115
v 3.572697 0.195151 -1.017460
v 3.589884 0.189508 -1.010341
v 3.605724 0.180344 -1.003780
v 3.619606 0.168012 -0.998030
v 3.631000 0.152985 -0.993310
v 3.639466 0.135841 -0.989804
v 3.644679 0.117238 -0.987644
v 3.646440 0.097892 -0.986915
v 3.644679 0.078546 -0.987644
v 3.639466 0.059944 -0.989804
v 3.631000 0.042800 -0.993310
v 3.619606 0.027773 -0.998030
v 3.605724 0.015440 -1.003780
v 3.589884 0.006277 -1.010341
v 3.572697 0.000634 -1.017460
v 3.573798 0.195151 -1.021089
v 3.592044 0.189508 -1.017460
v 3.608857 0.180344 -1.014115
v 3.623597 0.168012 -1.011184
v 3.635691 0.152985 -1.008778
v 3.644679 0.135841 -1.006990
v 3.650214 0.117238 -1.005889
v 3.652083 0.097892 -1.005517
v 3.650214 0.078546 -1.005889
v 3.644679 0.059944 -1.006990
v 3.635691 0.042800 -1.008778
v 3.623597 0.027773 -1.011184
v 3.608857 0.015440 -1.014115
v 3.592044 0.006277 -1.017460
v 3.573798 0.000634 -1.021089
v 3.574170 0.195151 -1.024863
v 3.592772 0.189508 -1.024863
v 3.609917 0.180344 -1.024863
v 3.624943 0.168012 -1.024863
v 3.637276 0.152985 -1.024863
v 3.646440 0.135841 -1.024863
v 3.652083 0.117238 -1.024863
v 3.653988 0.097892 -1.024863
v 3.652083 0.078546 -1.024863
v 3.646440 0.059944 -1.024863
v 3.637276 0.042800 -1.024863
v 3.624943 0.027773 -1.024863
v 3.609917 0.015440 -1.024863
v 3.592772 0.006277 -1.024863
v 3.574170 0.000634 -1.024863
v 3.573798 0.195151 -1.028637
v 3.592044 0.189508 -1.032267
v 3.608857 0.180344 -1.035611
v 3.623597 0.168012 -1.038543
v 3.635691 0.152985 -1.040949
v 3.644679 0.135841 -1.042737
v 3.650214 0.117238 -1.043838
v 3.652083 0.097892 -1.044209
v 3.650214 0.078546 -1.043838
v 3.644679 0.059944 -1.042737
v 3.635691 0.042800 -1.040949
v 3.623597 0.027773 -1.038543
v 3.608857 0.015440 -1.035611
v 3.592044 0.006277 -1.032267
v 3.573798 0.000634 -1.028637
v 3.572697 0.195151 -1.032267
v 3.589884 0.189508 -1.039386
v 3.605722 0.180344 -1.045946
v 3.619606 0.168012 -1.051697
v 3.631000 0.152985 -1.056416
v 3.639466 0.135841 -1.059923
v 3.644679 0.117238 -1.062083
v 3.646440 0.097892 -1.062812
v 3.644679 0.078546 -1.062083
v 3.639466 0.059944 -1.059923
v 3.631000 0.042800 -1.056416
v 3.619606 0.027773 -1.051697
v 3.605722 0.015440 -1.045946
v 3.589884 0.006277 -1.039385
v 3.572697 0.000634 -1.032267
v 3.570910 0.195151 -1.035611
v 3.586377 0.189508 -1.045946
v 3.600632 0.180344 -1.055471
v 3.613127 0.168012 -1.063820
v 3.623380 0.152985 -1.070671
v 3.631000 0.135841 -1.075762
v 3.635691 0.117238 -1.078897
v 3.637276 0.097892 -1.079956
v 3.635691 0.078546 -1.078897
v 3.631000 0.059944 -1.075762
v 3.623380 0.042800 -1.070671
v 3.613127 0.027773 -1.063820
v 3.600632 0.015440 -1.055471
v 3.586377 0.006277 -1.045946
v 3.570910 0.000634 -1.035611
v 3.568504 0.195151 -1.038543
v 3.581657 0.189508 -1.051697
v 3.593781 0.180344 -1.063820
v 3.604406 0.168012 -1.074445
v 3.613126 0.152985 -1.083166
v 3.619606 0.135841 -1.089645
v 3.623597 0.117238 -1.093636
v 3.624943 0.097892 -1.094983
v 3.623597 0.078546 -1.093636
v 3.619606 0.059944 -1.089645
v 3.613126 0.042800 -1.083166
v 3.604406 0.027773 -1.074445
v 3.593781 0.015440 -1.063820
v 3.581657 0.006277 -1.051697
v 3.568504 0.000634 -1.038543
v 3.565572 0.195151 -1.040949
v 3.575907 0.189508 -1.056416
v 3.585432 0.180344 -1.070671
v 3.593781 0.168012 -1.083166
v 3.600632 0.152985 -1.093420
v 3.605724 0.135841 -1.101039
v 3.608857 0.117238 -1.105731
v 3.609917 0.097892 -1.107315
v 3.608857 0.078546 -1.105731
v 3.605724 0.059944 -1.101039
v 3.600632 0.042800 -1.093420
v 3.593781 0.027773 -1.083166
v 3.585432 0.015440 -1.070671
v 3.575907 0.006277 -1.056416
v 3.565572 0.000634 -1.040949
v 3.562227 0.195151 -1.042737
v 3.569347 0.189508 -1.059923
v 3.575907 0.180344 -1.075762
v 3.581657 0.168012 -1.089645
v 3.586377 0.152985 -1.101039
v 3.589884 0.135841 -1.109505
v 3.592044 0.117238 -1.114719
v 3.592772 0.097892 -1.116479
v 3.592044 0.078546 -1.114719
v 3.589884 0.059944 -1.109505
v 3.586377 0.042800 -1.101039
v 3.581657 0.027773 -1.089645
v 3.575907 0.015440 -1.075762
v 3.569347 0.006277 -1.059923
v 3.562227 0.000634 -1.042737
v 3.558598 0.195151 -1.043837
v 3.562227 0.189508 -1.062083
v 3.565572 0.180344 -1.078897
v 3.568504 0.168012 -1.093636
v 3.570910 0.152985 -1.105731
v 3.572697 0.135841 -1.114719
v 3.573798 0.117238 -1.120253
v 3.574170 0.097892 -1.122122
v 3.573798 0.078546 -1.120253
v 3.572697 0.059944 -1.114719
v 3.570910 0.042800 -1.105731
v 3.568504 0.027773 -1.093636
v 3.565572 0.015440 -1.078897
v 3.562227 0.006277 -1.062083
v 3.558598 0.000634 -1.043837
v 3.554824 0.195151 -1.044209
v 3.554824 0.189508 -1.062812
v 3.554824 0.168012 -1.094983
v 3.554824 0.135841 -1.116479
v 3.554824 0.059944 -1.116479
v 3.554824 0.027773 -1.094983
v 3.554824 0.015440 -1.079956
v 3.554824 0.006277 -1.062812
v 3.554824 0.000634 -1.044209
vt 0.015625 0.000000
vt 0.046875 0.000000
vt 0.078125 0.000000
vt 0.109375 0.000000
vt 0.140625 0.000000
vt 0.171875 0.000000
vt 0.203125 0.000000
vt 0.234375 0.000000
vt 0.265625 0.000000
vt 0.296875 0.000000
vt 0.328125 0.000000
vt 0.359375 0.000000
vt 0.390625 0.000000
vt 0.421875 0.000000
vt 0.453125 0.000000
vt 0.484375 0.000000
vt 0.515625 0.000000
vt 0.546875 0.000000
vt 0.578125 0.000000
vt 0.609375 0.000000
vt 0.640625 0.000000
vt 0.671875 0.000000
vt 0.703125 0.000000
vt 0.734375 0.000000
vt 0.765625 0.000000
vt 0.796875 0.000000
vt 0.828125 0.000000
vt 0.859375 0.000000
vt 0.890625 0.000000
vt 0.921875 0.000000
vt 0.953125 0.000000
vt 0.984375 0.000000
vt 0.750000 0.062500
vt 0.781250 0.062500
vt 0.812500 0.062500
vt 0.000000 0.062500
vt 0.031250 0.062500
vt 0.062500 0.062500
vt 0.093750 0.062500
vt 0.125000 0.062500
vt 0.156250 0.062500
vt 0.187500 0.062500
vt 0.218750 0.062500
vt 0.250000 0.062500
vt 0.281250 0.062500
vt 0.312500 0.062500
vt 0.343750 0.062500
vt 0.375000 0.062500
vt 0.406250 0.062500
vt 0.437500 0.062500
vt 0.468750 0.062500
vt 0.500000 0.062500
vt 0.531250 0.062500
vt 0.562500 0.062500
vt 0.593750 0.062500
vt 0.625000 0.062500
vt 0.656250 0.062500
vt 0.687500 0.062500
vt 0.718750 0.062500
vt 0.843750 0.062500
vt 0.875000 0.062500
vt 0.906250 0.062500
vt 0.937500 0.062500
vt 0.968750 0.062500
vt 1.000000 0.062500
vt 0.000000 0.125000
vt 0.031250 0.125000
vt 0.062500 0.125000
vt 0.093750 0.125000
vt 0.125000 0.125000
vt 0.156250 0.125000
vt 0.187500 0.125000
vt 0.218750 0.125000
vt 0.250000 0.125000
vt 0.281250 0.125000
vt 0.312500 0.125000
vt 0.343750 0.125000
vt 0.375000 0.125000
vt 0.406250 0.125000
vt 0.437500 0.125000
vt 0.468750 0.125000
vt 0.500000 0.125000
vt 0.531250 0.125000
vt 0.562500 0.125000
vt 0.593750 0.125000
vt 0.625000 0.125000
vt 0.750000 0.125000
vt 0.781250 0.125000
vt 0.812500 0.125000
vt 0.843750 0.125000
vt 0.875000 0.125000
vt 0.906250 0.125000
vt 0.937500 0.125000
vt 0.968750 0.125000
vt 1.000000 0.125000
vt 0.656250 0.125000
vt 0.687500 0.125000
vt 0.718750 0.125000
vt 0.750000 0.187500
vt 0.781250 0.187500
vt 0.812500 0.187500
vt 0.843750 0.187500
vt 0.000000 0.187500
vt 0.031250 0.187500
vt 0.062500 0.187500
vt 0.093750 0.187500
vt 0.125000 0.187500
vt 0.156250 0.187500
vt 0.875000 0.187500
vt 0.906250 0.187500
vt 0.937500 0.187500
vt 0.968750 0.187500
vt 1.000000 0.187500
vt 0.187500 0.187500
vt 0.218750 0.187500
vt 0.250000 0.187500
vt 0.281250 0.187500
vt 0.312500 0.187500
vt 0.343750 0.187500
vt 0.375000 0.187500
vt 0.406250 0.187500
vt 0.437500 0.187500
vt 0.468750 0.187500
vt 0.500000 0.187500
vt 0.531250 0.187500
vt 0.562500 0.187500
vt 0.593750 0.187500
vt 0.625000 0.187500
vt 0.656250 0.187500
vt 0.687500 0.187500
vt 0.718750 0.187500
vt 0.000000 0.250000
vt 0.093750 0.250000
vt 0.750000 0.250000
vt 0.812500 0.250000
vt 0.843750 0.250000
vt 0.875000 0.250000
vt 0.906250 0.250000
vt 0.937500 0.250000
vt 0.968750 0.250000
vt 1.000000 0.250000
vt 0.031250 0.250000
vt 0.062500 0.250000
vt 0.125000 0.250000
vt 0.156250 0.250000
vt 0.187500 0.250000
vt 0.218750 0.250000
vt 0.250000 0.250000
vt 0.281250 0.250000
vt 0.312500 0.250000
vt 0.343750 0.250000
vt 0.375000 0.250000
vt 0.406250 0.250000
vt 0.437500 0.250000
vt 0.468750 0.250000
vt 0.500000 0.250000
vt 0.531250 0.250000
vt 0.562500 0.250000
vt 0.593750 0.250000
vt 0.625000 0.250000
vt 0.656250 0.250000
vt 0.687500 0.250000
vt 0.718750 0.250000
vt 0.781250 0.250000
vt 0.062500 0.312500
vt 0.781250 0.312500
vt 0.812500 0.312500
vt 0.843750 0.312500
vt 0.875000 0.312500
vt 0.906250 0.312500
vt 0.937500 0.312500
vt 0.968750 0.312500
vt 0.000000 0.312500
vt 0.031250 0.312500
vt 0.093750 0.312500
vt 0.125000 0.312500
vt 0.156250 0.312500
vt 0.187500 0.312500
vt 0.218750 0.312500
vt 0.250000 0.312500
vt 0.281250 0.312500
vt 0.312500 0.312500
vt 0.343750 0.312500
vt 0.375000 0.312500
vt 0.406250 0.312500
vt 0.437500 0.312500
vt 0.468750 0.312500
vt 0.500000 0.312500
vt 0.531250 0.312500
vt 0.562500 0.312500
vt 0.593750 0.312500
vt 0.625000 0.312500
vt 0.656250 0.312500
vt 0.687500 0.312500
vt 0.718750 0.312500
vt 1.000000 0.312500
vt 0.750000 0.312500
vt 0.000000 0.375000
vt 0.031250 0.375000
vt 0.062500 0.375000
vt 0.093750 0.375000
vt 0.125000 0.375000
vt 0.156250 0.375000
vt 0.187500 0.375000
vt 0.750000 0.375000
vt 0.781250 0.375000
vt 0.812500 0.375000
vt 0.843750 0.375000
vt 0.875000 0.375000
vt 0.906250 0.375000
vt 0.937500 0.375000
vt 0.968750 0.375000
vt 1.000000 0.375000
vt 0.218750 0.375000
vt 0.250000 0.375000
vt 0.281250 0.375000
vt 0.312500 0.375000
vt 0.343750 0.375000
vt 0.375000 0.375000
vt 0.406250 0.375000
vt 0.437500 0.375000
vt 0.468750 0.375000
vt 0.500000 0.375000
vt 0.531250 0.375000
vt 0.562500 0.375000
vt 0.593750 0.375000
vt 0.625000 0.375000
vt 0.656250 0.375000
vt 0.687500 0.375000
vt 0.718750 0.375000
vt 0.000000 0.437500
vt 0.031250 0.437500
vt 0.062500 0.437500
vt 0.093750 0.437500
vt 0.125000 0.437500
vt 0.156250 0.437500
vt 0.187500 0.437500
vt 0.218750 0.437500
vt 0.250000 0.437500
vt 0.281250 0.437500
vt 0.312500 0.437500
vt 0.343750 0.437500
vt 0.375000 0.437500
vt 0.406250 0.437500
vt 0.437500 0.437500
vt 0.468750 0.437500
vt 0.500000 0.437500
vt 0.531250 0.437500
vt 0.562500 0.437500
vt 0.593750 0.437500
vt 0.625000 0.437500
vt 0.656250 0.437500
vt 0.687500 0.437500
vt 0.718750 0.437500
vt 0.750000 0.437500
vt 0.781250 0.437500
vt 0.812500 0.437500
vt 0.843750 0.437500
vt 0.875000 0.437500
vt 0.906250 0.437500
vt 0.937500 0.437500
vt 0.968750 0.437500
vt 1.000000 0.437500
vt 0.000000 0.500000
vt 0.031250 0.500000
vt 0.062500 0.500000
vt 0.093750 0.500000
vt 0.125000 0.500000
vt 0.156250 0.500000
vt 0.187500 0.500000
vt 0.218750 0.500000
vt 0.250000 0.500000
vt 0.281250 0.500000
vt 0.312500 0.500000
vt 0.343750 0.500000
vt 0.375000 0.500000
vt 0.406250 0.500000
vt 0.437500 0.500000
vt 0.468750 0.500000
vt 0.500000 0.500000
vt 0.531250 0.500000
vt 0.562500 0.500000
vt 0.593750 0.500000
vt 0.625000 0.500000
vt 0.656250 0.500000
vt 0.687500 0.500000
vt 0.718750 0.500000
vt 0.750000 0.500000
vt 0.781250 0.500000
vt 0.812500 0.500000
vt 0.843750 0.500000
vt 0.875000 0.500000
vt 0.906250 0.500000
vt 0.937500 0.500000
vt 0.968750 0.500000
vt 1.000000 0.500000
vt 0.000000 0.562500
vt 0.031250 0.562500
vt 0.062500 0.562500
vt 0.093750 0.562500
vt 0.125000 0.562500
vt 0.156250 0.562500
vt 0.187500 0.562500
vt 0.218750 0.562500
vt 0.250000 0.562500
vt 0.281250 0.562500
vt 0.312500 0.562500
vt 0.343750 0.562500
vt 0.375000 0.562500
vt 0.406250 0.562500
vt 0.437500 0.562500
vt 0.468750 0.562500
vt 0.500000 0.562500
vt 0.531250 0.562500
vt 0.562500 0.562500
vt 0.593750 0.562500
vt 0.625000 0.562500
vt 0.656250 0.562500
vt 0.687500 0.562500
vt 0.718750 0.562500
vt 0.750000 0.562500
vt 0.968750 0.562500
vt 1.000000 0.562500
vt 0.781250 0.562500
vt 0.812500 0.562500
vt 0.843750 0.562500
vt 0.875000 0.562500
vt 0.906250 0.562500
vt 0.937500 0.562500
vt 0.687500 0.625000
vt 0.031250 0.625000
vt 0.125000 0.625000
vt 0.156250 0.625000
vt 0.187500 0.625000
vt 0.218750 0.625000
vt 0.250000 0.625000
vt 0.281250 0.625000
vt 0.312500 0.625000
vt 0.343750 0.625000
vt 0.375000 0.625000
vt 0.406250 0.625000
vt 0.437500 0.625000
vt 0.468750 0.625000
vt 0.500000 0.625000
vt 0.531250 0.625000
vt 0.562500 0.625000
vt 0.593750 0.625000
vt 0.625000 0.625000
vt 0.656250 0.625000
vt 0.718750 0.625000
vt 0.000000 0.625000
vt 0.062500 0.625000
vt 0.093750 0.625000
vt 0.750000 0.625000
vt 0.781250 0.625000
vt 0.812500 0.625000
vt 0.843750 0.625000
vt 0.875000 0.625000
vt 0.906250 0.625000
vt 0.937500 0.625000
vt 0.968750 0.625000
vt 1.000000 0.625000
vt 0.562500 0.687500
vt 0.593750 0.687500
vt 0.656250 0.687500
vt 0.687500 0.687500
vt 0.718750 0.687500
vt 0.750000 0.687500
vt 0.000000 0.687500
vt 0.031250 0.687500
vt 0.093750 0.687500
vt 0.125000 0.687500
vt 0.156250 0.687500
vt 0.187500 0.687500
vt 0.218750 0.687500
vt 0.250000 0.687500
vt 0.281250 0.687500
vt 0.312500 0.687500
vt 0.343750 0.687500
vt 0.375000 0.687500
vt 0.406250 0.687500
vt 0.437500 0.687500
vt 0.468750 0.687500
vt 0.500000 0.687500
vt 0.531250 0.687500
vt 0.625000 0.687500
vt 1.000000 0.687500
vt 0.062500 0.687500
vt 0.781250 0.687500
vt 0.812500 0.687500
vt 0.843750 0.687500
vt 0.875000 0.687500
vt 0.906250 0.687500
vt 0.937500 0.687500
vt 0.968750 0.687500
vt 0.625000 0.750000
vt 0.000000 0.750000
vt 0.031250 0.750000
vt 0.062500 0.750000
vt 0.093750 0.750000
vt 0.125000 0.750000
vt 0.156250 0.750000
vt 0.187500 0.750000
vt 0.218750 0.750000
vt 0.250000 0.750000
vt 0.281250 0.750000
vt 0.312500 0.750000
vt 0.343750 0.750000
vt 0.375000 0.750000
vt 0.406250 0.750000
vt 0.437500 0.750000
vt 0.468750 0.750000
vt 0.500000 0.750000
vt 0.531250 0.750000
vt 0.562500 0.750000
vt 0.593750 0.750000
vt 0.656250 0.750000
vt 0.687500 0.750000
vt 0.718750 0.750000
vt 0.750000 0.750000
vt 0.781250 0.750000
vt 0.812500 0.750000
vt 0.843750 0.750000
vt 0.875000 0.750000
vt 0.906250 0.750000
vt 0.937500 0.750000
vt 0.968750 0.750000
vt 1.000000 0.750000
vt 0.468750 0.812500
vt 0.500000 0.812500
vt 0.531250 0.812500
vt 0.562500 0.812500
vt 0.593750 0.812500
vt 0.625000 0.812500
vt 0.656250 0.812500
vt 0.687500 0.812500
vt 0.718750 0.812500
vt 0.750000 0.812500
vt 0.187500 0.812500
vt 0.218750 0.812500
vt 0.250000 0.812500
vt 0.281250 0.812500
vt 0.312500 0.812500
vt 0.343750 0.812500
vt 0.375000 0.812500
vt 0.406250 0.812500
vt 0.437500 0.812500
vt 0.000000 0.812500
vt 0.031250 0.812500
vt 0.062500 0.812500
vt 0.093750 0.812500
vt 0.125000 0.812500
vt 0.156250 0.812500
vt 0.875000 0.812500
vt 0.906250 0.812500
vt 0.937500 0.812500
vt 0.968750 0.812500
vt 1.000000 0.812500
vt 0.781250 0.812500
vt 0.812500 0.812500
vt 0.843750 0.812500
vt 0.062500 0.875000
vt 0.093750 0.875000
vt 0.125000 0.875000
vt 0.156250 0.875000
vt 0.187500 0.875000
vt 0.218750 0.875000
vt 0.250000 0.875000
vt 0.281250 0.875000
vt 0.312500 0.875000
vt 0.343750 0.875000
vt 0.375000 0.875000
vt 0.406250 0.875000
vt 0.437500 0.875000
vt 0.468750 0.875000
vt 0.500000 0.875000
vt 0.531250 0.875000
vt 0.562500 0.875000
vt 0.593750 0.875000
vt 0.625000 0.875000
vt 0.656250 0.875000
vt 0.687500 0.875000
vt 0.718750 0.875000
vt 0.000000 0.875000
vt 0.031250 0.875000
vt 0.750000 0.875000
vt 0.781250 0.875000
vt 0.812500 0.875000
vt 0.843750 0.875000
vt 0.875000 0.875000
vt 0.906250 0.875000
vt 0.937500 0.875000
vt 0.968750 0.875000
vt 1.000000 0.875000
vt 0.000000 0.937500
vt 0.031250 0.937500
vt 0.062500 0.937500
vt 0.093750 0.937500
vt 0.125000 0.937500
vt 0.156250 0.937500
vt 0.187500 0.937500
vt 0.218750 0.937500
vt 0.250000 0.937500
vt 0.281250 0.937500
vt 0.312500 0.937500
vt 0.343750 0.937500
vt 0.375000 0.937500
vt 0.406250 0.937500
vt 0.437500 0.937500
vt 0.468750 0.937500
vt 0.500000 0.937500
vt 0.531250 0.937500
vt 0.562500 0.937500
vt 0.593750 0.937500
vt 0.625000 0.937500
vt 0.656250 0.937500
vt 0.687500 0.937500
vt 0.718750 0.937500
vt 0.843750 0.937500
vt 0.875000 0.937500
vt 0.906250 0.937500
vt 0.937500 0.937500
vt 0.968750 0.937500
vt 1.000000 0.937500
vt 0.750000 0.937500
vt 0.781250 0.937500
vt 0.812500 0.937500
vt 0.015625 1.000000
vt 0.046875 1.000000
vt 0.078125 1.000000
vt 0.109375 1.000000
vt 0.140625 1.000000
vt 0.171875 1.000000
vt 0.203125 1.000000
vt 0.234375 1.000000
vt 0.265625 1.000000
vt 0.296875 1.000000
vt 0.328125 1.000000
vt 0.359375 1.000000
vt 0.390625 1.000000
vt 0.421875 1.000000
vt 0.453125 1.000000
vt 0.484375 1.000000
vt 0.515625 1.000000
vt 0.546875 1.000000
vt 0.578125 1.000000
vt 0.609375 1.000000
vt 0.640625 1.000000
vt 0.671875 1.000000
vt 0.703125 1.000000
vt 0.734375 1.000000
vt 0.765625 1.000000
vt 0.796875 1.000000
vt 0.828125 1.000000
vt 0.859375 1.000000
vt 0.890625 1.000000
vt 0.921875 1.000000
vt 0.953125 1.000000
vt 0.984375 1.000000
vt 0.750000 0.187500
vt 0.750000 0.250000
vt 0.718750 0.250000
vt 0.718750 0.187500
vt 0.750000 0.625000
vt 0.750000 0.687500
vt 0.718750 0.687500
vt 0.718750 0.625000
vt 0.750000 0.125000
vt 0.718750 0.125000
vt 0.750000 0.562500
vt 0.718750 0.562500
vt 0.750000 0.062500
vt 0.718750 0.062500
vt 0.750000 0.500000
vt 0.718750 0.500000
vt 0.750000 0.937500
vt 0.734375 1.000000
vt 0.718750 0.937500
vt 0.734375 0.000000
vt 0.750000 0.437500
vt 0.718750 0.437500
vt 0.750000 0.875000
vt 0.718750 0.875000
vt 0.750000 0.375000
vt 0.718750 0.375000
vt 0.750000 0.812500
vt 0.718750 0.812500
vt 0.750000 0.312500
vt 0.718750 0.312500
vt 0.750000 0.750000
vt 0.718750 0.750000
vt 0.687500 0.812500
vt 0.687500 0.750000
vt 0.687500 0.312500
vt 0.687500 0.250000
vt 0.687500 0.687500
vt 0.687500 0.187500
vt 0.687500 0.625000
vt 0.687500 0.125000
vt 0.687500 0.562500
vt 0.687500 0.062500
vt 0.687500 0.500000
vt 0.703125 1.000000
vt 0.687500 0.937500
vt 0.703125 0.000000
vt 0.687500 0.437500
vt 0.687500 0.875000
vt 0.687500 0.375000
vt 0.656250 0.562500
vt 0.656250 0.500000
vt 0.671875 1.000000
vt 0.656250 0.937500
vt 0.671875 0.000000
vt 0.656250 0.062500
vt 0.656250 0.437500
vt 0.656250 0.875000
vt 0.656250 0.375000
vt 0.656250 0.812500
vt 0.656250 0.312500
vt 0.656250 0.750000
vt 0.656250 0.250000
vt 0.656250 0.687500
vt 0.656250 0.187500
vt 0.656250 0.625000
vt 0.656250 0.125000
vt 0.625000 0.312500
vt 0.625000 0.250000
vt 0.625000 0.750000
vt 0.625000 0.687500
vt 0.625000 0.187500
vt 0.625000 0.625000
vt 0.625000 0.125000
vt 0.625000 0.562500
vt 0.625000 0.062500
vt 0.625000 0.500000
vt 0.640625 1.000000
vt 0.625000 0.937500
vt 0.640625 0.000000
vt 0.625000 0.437500
vt 0.625000 0.875000
vt 0.625000 0.375000
vt 0.625000 0.812500
vt 0.609375 0.000000
vt 0.593750 0.062500
vt 0.593750 0.500000
vt 0.593750 0.437500
vt 0.593750 0.937500
vt 0.593750 0.875000
vt 0.593750 0.375000
vt 0.593750 0.812500
vt 0.593750 0.312500
vt 0.593750 0.750000
vt 0.593750 0.250000
vt 0.593750 0.687500
vt 0.593750 0.187500
vt 0.593750 0.625000
vt 0.593750 0.125000
vt 0.593750 0.562500
vt 0.609375 1.000000
vt 0.562500 0.250000
vt 0.562500 0.187500
vt 0.562500 0.687500
vt 0.562500 0.625000
vt 0.562500 0.125000
vt 0.562500 0.562500
vt 0.562500 0.062500
vt 0.562500 0.500000
vt 0.578125 1.000000
vt 0.562500 0.937500
vt 0.578125 0.000000
vt 0.562500 0.437500
vt 0.562500 0.875000
vt 0.562500 0.375000
vt 0.562500 0.812500
vt 0.562500 0.312500
vt 0.562500 0.750000
vt 0.531250 0.937500
vt 0.531250 0.875000
vt 0.531250 0.437500
vt 0.531250 0.375000
vt 0.531250 0.812500
vt 0.531250 0.312500
vt 0.531250 0.750000
vt 0.531250 0.250000
vt 0.531250 0.687500
vt 0.531250 0.187500
vt 0.531250 0.625000
vt 0.531250 0.125000
vt 0.531250 0.562500
vt 0.531250 0.062500
vt 0.531250 0.500000
vt 0.546875 1.000000
vt 0.546875 0.000000
vt 0.500000 0.687500
vt 0.500000 0.625000
vt 0.500000 0.187500
vt 0.500000 0.125000
vt 0.500000 0.562500
vt 0.500000 0.062500
vt 0.500000 0.500000
vt 0.515625 1.000000
vt 0.500000 0.937500
vt 0.515625 0.000000
vt 0.500000 0.437500
vt 0.500000 0.875000
vt 0.500000 0.375000
vt 0.500000 0.812500
vt 0.500000 0.312500
vt 0.500000 0.750000
vt 0.500000 0.250000
vt 0.468750 0.437500
vt 0.468750 0.375000
vt 0.468750 0.875000
vt 0.468750 0.812500
vt 0.468750 0.312500
vt 0.468750 0.750000
vt 0.468750 0.250000
vt 0.468750 0.687500
vt 0.468750 0.187500
vt 0.468750 0.625000
vt 0.468750 0.125000
vt 0.468750 0.562500
vt 0.468750 0.062500
vt 0.468750 0.500000
vt 0.484375 1.000000
vt 0.468750 0.937500
vt 0.484375 0.000000
vt 0.437500 0.187500
vt 0.437500 0.125000
vt 0.437500 0.625000
vt 0.437500 0.562500
vt 0.437500 0.062500
vt 0.437500 0.500000
vt 0.453125 1.000000
vt 0.437500 0.937500
vt 0.453125 0.000000
vt 0.437500 0.437500
vt 0.437500 0.875000
vt 0.437500 0.375000
vt 0.437500 0.812500
vt 0.437500 0.312500
vt 0.437500 0.750000
vt 0.437500 0.250000
vt 0.437500 0.687500
vt 0.406250 0.875000
vt 0.406250 0.812500
vt 0.406250 0.375000
vt 0.406250 0.312500
vt 0.406250 0.750000
vt 0.406250 0.250000
vt 0.406250 0.687500
vt 0.406250 0.187500
vt 0.406250 0.625000
vt 0.406250 0.125000
vt 0.406250 0.562500
vt 0.406250 0.062500
vt 0.406250 0.500000
vt 0.421875 1.000000
vt 0.406250 0.937500
vt 0.421875 0.000000
vt 0.406250 0.437500
vt 0.375000 0.625000
vt 0.375000 0.562500
vt 0.375000 0.125000
vt 0.375000 0.062500
vt 0.375000 0.500000
vt 0.390625 1.000000
vt 0.375000 0.937500
vt 0.390625 0.000000
vt 0.375000 0.437500
vt 0.375000 0.875000
vt 0.375000 0.375000
vt 0.375000 0.812500
vt 0.375000 0.312500
vt 0.375000 0.750000
vt 0.375000 0.250000
vt 0.375000 0.687500
vt 0.375000 0.187500
vt 0.343750 0.375000
vt 0.343750 0.312500
vt 0.343750 0.812500
vt 0.343750 0.750000
vt 0.343750 0.250000
vt 0.343750 0.687500
vt 0.343750 0.187500
vt 0.343750 0.625000
vt 0.343750 0.125000
vt 0.343750 0.562500
vt 0.343750 0.062500
vt 0.343750 0.500000
vt 0.359375 1.000000
vt 0.343750 0.937500
vt 0.359375 0.000000
vt 0.343750 0.437500
vt 0.343750 0.875000
vt 0.312500 0.125000
vt 0.312500 0.062500
vt 0.312500 0.562500
vt 0.312500 0.500000
vt 0.328125 1.000000
vt 0.312500 0.937500
vt 0.328125 0.000000
vt 0.312500 0.437500
vt 0.312500 0.875000
vt 0.312500 0.375000
vt 0.312500 0.812500
vt 0.312500 0.312500
vt 0.312500 0.750000
vt 0.312500 0.250000
vt 0.312500 0.687500
vt 0.312500 0.187500
vt 0.312500 0.625000
vt 0.281250 0.312500
vt 0.281250 0.250000
vt 0.281250 0.750000
vt 0.281250 0.687500
vt 0.281250 0.187500
vt 0.281250 0.625000
vt 0.281250 0.125000
vt 0.281250 0.562500
vt 0.281250 0.062500
vt 0.281250 0.500000
vt 0.296875 1.000000
vt 0.281250 0.937500
vt 0.296875 0.000000
vt 0.281250 0.437500
vt 0.281250 0.875000
vt 0.281250 0.375000
vt 0.281250 0.812500
vt 0.265625 1.000000
vt 0.250000 0.937500
vt 0.265625 0.000000
vt 0.250000 0.062500
vt 0.250000 0.500000
vt 0.250000 0.437500
vt 0.250000 0.875000
vt 0.250000 0.375000
vt 0.250000 0.812500
vt 0.250000 0.312500
vt 0.250000 0.750000
vt 0.250000 0.250000
vt 0.250000 0.687500
vt 0.250000 0.187500
vt 0.250000 0.625000
vt 0.250000 0.125000
vt 0.250000 0.562500
vt 0.218750 0.750000
vt 0.218750 0.687500
vt 0.218750 0.250000
vt 0.218750 0.187500
vt 0.218750 0.625000
vt 0.218750 0.125000
vt 0.218750 0.562500
vt 0.218750 0.062500
vt 0.218750 0.500000
vt 0.234375 1.000000
vt 0.218750 0.937500
vt 0.234375 0.000000
vt 0.218750 0.437500
vt 0.218750 0.875000
vt 0.218750 0.375000
vt 0.218750 0.812500
vt 0.218750 0.312500
vt 0.187500 0.500000
vt 0.187500 0.437500
vt 0.187500 0.937500
vt 0.187500 0.875000
vt 0.187500 0.375000
vt 0.187500 0.812500
vt 0.187500 0.312500
vt 0.187500 0.750000
vt 0.187500 0.250000
vt 0.187500 0.687500
vt 0.187500 0.187500
vt 0.187500 0.625000
vt 0.187500 0.125000
vt 0.187500 0.562500
vt 0.187500 0.062500
vt 0.203125 1.000000
vt 0.203125 0.000000
vt 0.156250 0.250000
vt 0.156250 0.187500
vt 0.156250 0.687500
vt 0.156250 0.625000
vt 0.156250 0.125000
vt 0.156250 0.562500
vt 0.156250 0.062500
vt 0.156250 0.500000
vt 0.171875 1.000000
vt 0.156250 0.937500
vt 0.171875 0.000000
vt 0.156250 0.437500
vt 0.156250 0.875000
vt 0.156250 0.375000
vt 0.156250 0.812500
vt 0.156250 0.312500
vt 0.156250 0.750000
vt 0.125000 0.937500
vt 0.125000 0.875000
vt 0.125000 0.437500
vt 0.125000 0.375000
vt 0.125000 0.812500
vt 0.125000 0.312500
vt 0.125000 0.750000
vt 0.125000 0.250000
vt 0.125000 0.687500
vt 0.125000 0.187500
vt 0.125000 0.625000
vt 0.125000 0.125000
vt 0.125000 0.562500
vt 0.125000 0.062500
vt 0.125000 0.500000
vt 0.140625 1.000000
vt 0.140625 0.000000
vt 0.093750 0.687500
vt 0.093750 0.625000
vt 0.093750 0.187500
vt 0.093750 0.125000
vt 0.093750 0.562500
vt 0.093750 0.062500
vt 0.093750 0.500000
vt 0.109375 1.000000
vt 0.093750 0.937500
vt 0.109375 0.000000
vt 0.093750 0.437500
vt 0.093750 0.875000
vt 0.093750 0.375000
vt 0.093750 0.812500
vt 0.093750 0.312500
vt 0.093750 0.750000
vt 0.093750 0.250000
vt 0.062500 0.437500
vt 0.062500 0.375000
vt 0.062500 0.875000
vt 0.062500 0.812500
vt 0.062500 0.312500
vt 0.062500 0.750000
vt 0.062500 0.250000
vt 0.062500 0.687500
vt 0.062500 0.187500
vt 0.062500 0.625000
vt 0.062500 0.125000
vt 0.062500 0.562500
vt 0.062500 0.062500
vt 0.062500 0.500000
vt 0.078125 1.000000
vt 0.062500 0.937500
vt 0.078125 0.000000
vt 0.031250 0.187500
vt 0.031250 0.125000
vt 0.031250 0.625000
vt 0.031250 0.562500
vt 0.031250 0.062500
vt 0.031250 0.500000
vt 0.046875 1.000000
vt 0.031250 0.937500
vt 0.046875 0.000000
vt 0.031250 0.437500
vt 0.031250 0.875000
vt 0.031250 0.375000
vt 0.031250 0.812500
vt 0.031250 0.312500
vt 0.031250 0.750000
vt 0.031250 0.250000
vt 0.031250 0.687500
vt 0.000000 0.375000
vt 0.000000 0.312500
vt 0.000000 0.812500
vt 0.000000 0.750000
vt 0.000000 0.250000
vt 0.000000 0.687500
vt 0.000000 0.187500
vt 0.000000 0.625000
vt 0.000000 0.125000
vt 0.000000 0.562500
vt 0.000000 0.062500
vt 0.000000 0.500000
vt 0.015625 1.000000
vt 0.000000 0.937500
vt 0.015625 0.000000
vt 0.000000 0.437500
vt 0.000000 0.875000
vt 1.000000 0.062500
vt 1.000000 0.125000
vt 0.968750 0.125000
vt 0.968750 0.062500
vt 1.000000 0.500000
vt 1.000000 0.562500
vt 0.968750 0.562500
vt 0.968750 0.500000
vt 1.000000 0.937500
vt 0.984375 1.000000
vt 0.968750 0.937500
vt 0.984375 0.000000
vt 1.000000 0.437500
vt 0.968750 0.437500
vt 1.000000 0.875000
vt 0.968750 0.875000
vt 1.000000 0.375000
vt 0.968750 0.375000
vt 1.000000 0.812500
vt 0.968750 0.812500
vt 1.000000 0.312500
vt 0.968750 0.312500
vt 1.000000 0.750000
vt 0.968750 0.750000
vt 1.000000 0.250000
vt 0.968750 0.250000
vt 1.000000 0.687500
vt 0.968750 0.687500
vt 1.000000 0.187500
vt 0.968750 0.187500
vt 1.000000 0.625000
vt 0.968750 0.625000
vt 0.937500 0.812500
vt 0.937500 0.750000
vt 0.937500 0.312500
vt 0.937500 0.250000
vt 0.937500 0.687500
vt 0.937500 0.187500
vt 0.937500 0.625000
vt 0.937500 0.125000
vt 0.937500 0.562500
vt 0.937500 0.062500
vt 0.937500 0.500000
vt 0.953125 1.000000
vt 0.937500 0.937500
vt 0.953125 0.000000
vt 0.937500 0.437500
vt 0.937500 0.875000
vt 0.937500 0.375000
vt 0.906250 0.562500
vt 0.906250 0.500000
vt 0.921875 1.000000
vt 0.906250 0.937500
vt 0.921875 0.000000
vt 0.906250 0.062500
vt 0.906250 0.437500
vt 0.906250 0.875000
vt 0.906250 0.375000
vt 0.906250 0.812500
vt 0.906250 0.312500
vt 0.906250 0.750000
vt 0.906250 0.250000
vt 0.906250 0.687500
vt 0.906250 0.187500
vt 0.906250 0.625000
vt 0.906250 0.125000
vt 0.875000 0.312500
vt 0.875000 0.250000
vt 0.875000 0.750000
vt 0.875000 0.687500
vt 0.875000 0.187500
vt 0.875000 0.625000
vt 0.875000 0.125000
vt 0.875000 0.562500
vt 0.875000 0.062500
vt 0.875000 0.500000
vt 0.890625 1.000000
vt 0.875000 0.937500
vt 0.890625 0.000000
vt 0.875000 0.437500
vt 0.875000 0.875000
vt 0.875000 0.375000
vt 0.875000 0.812500
vt 0.859375 1.000000
vt 0.843750 0.937500
vt 0.859375 0.000000
vt 0.843750 0.062500
vt 0.843750 0.500000
vt 0.843750 0.437500
vt 0.843750 0.875000
vt 0.843750 0.375000
vt 0.843750 0.812500
vt 0.843750 0.312500
vt 0.843750 0.750000
vt 0.843750 0.250000
vt 0.843750 0.687500
vt 0.843750 0.187500
vt 0.843750 0.625000
vt 0.843750 0.125000
vt 0.843750 0.562500
vt 0.812500 0.750000
vt 0.812500 0.687500
vt 0.812500 0.250000
vt 0.812500 0.187500
vt 0.812500 0.625000
vt 0.812500 0.125000
vt 0.812500 0.562500
vt 0.812500 0.062500
vt 0.812500 0.500000
vt 0.828125 1.000000
vt 0.812500 0.937500
vt 0.828125 0.000000
vt 0.812500 0.437500
vt 0.812500 0.875000
vt 0.812500 0.375000
vt 0.812500 0.812500
vt 0.812500 0.312500
vt 0.781250 0.500000
vt 0.781250 0.437500
vt 0.781250 0.937500
vt 0.781250 0.875000
vt 0.781250 0.375000
vt 0.781250 0.812500
vt 0.781250 0.312500
vt 0.781250 0.750000
vt 0.781250 0.250000
vt 0.781250 0.687500
vt 0.781250 0.187500
vt 0.781250 0.625000
vt 0.781250 0.125000
vt 0.781250 0.562500
vt 0.781250 0.062500
vt 0.796875 1.000000
vt 0.796875 0.000000
vt 0.765625 1.000000
vt 0.765625 0.000000
vn -0.000001 -0.828646 -0.559772
vn -0.000001 -0.704062 -0.710139
vn 0.138541 -0.704061 -0.696494
vn 0.109205 -0.828646 -0.549017
vn -0.000001 0.380539 -0.924765
vn -0.000001 0.552763 -0.833339
vn 0.162576 0.552763 -0.817326
vn 0.180412 0.380539 -0.906996
vn -0.000001 -0.921708 -0.387885
vn 0.075672 -0.921708 -0.380431
vn -0.000002 0.193931 -0.981015
vn 0.191386 0.193932 -0.962165
vn -0.000000 -0.979598 -0.200966
vn 0.039207 -0.979598 -0.197105
vn -0.000002 -0.000000 -1.000000
vn 0.195090 -0.000000 -0.980785
vn -0.000001 0.979598 -0.200966
vn -0.000000 1.000000 -0.000000
vn 0.039207 0.979598 -0.197105
vn 0.000000 -1.000000 0.000000
vn -0.000002 -0.193932 -0.981015
vn 0.191386 -0.193932 -0.962165
vn -0.000001 0.921708 -0.387884
vn 0.075672 0.921708 -0.380431
vn -0.000001 -0.380540 -0.924765
vn 0.180412 -0.380539 -0.906996
vn -0.000001 0.828646 -0.559773
vn 0.109206 0.828646 -0.549017
vn -0.000001 -0.552763 -0.833338
vn 0.162576 -0.552764 -0.817326
vn -0.000001 0.704061 -0.710140
vn 0.138541 0.704061 -0.696494
vn 0.214216 0.828646 -0.517163
vn 0.271759 0.704061 -0.656083
vn 0.318905 -0.552764 -0.769904
vn 0.271759 -0.704061 -0.656083
vn 0.318905 0.552763 -0.769904
vn 0.214216 -0.828646 -0.517162
vn 0.353892 0.380539 -0.854371
vn 0.148437 -0.921708 -0.358358
vn 0.375418 0.193931 -0.906340
vn 0.076906 -0.979598 -0.185668
vn 0.382684 -0.000000 -0.923880
vn 0.076906 0.979598 -0.185669
vn 0.375418 -0.193931 -0.906340
vn 0.148437 0.921708 -0.358359
vn 0.353892 -0.380540 -0.854371
vn 0.545023 0.193931 -0.815684
vn 0.555570 -0.000000 -0.831470
vn 0.111651 0.979598 -0.167097
vn 0.111651 -0.979598 -0.167097
vn 0.545023 -0.193931 -0.815684
vn 0.215497 0.921708 -0.322514
vn 0.513772 -0.380540 -0.768914
vn 0.310993 0.828646 -0.465434
vn 0.462978 -0.552764 -0.692895
vn 0.394532 0.704061 -0.590460
vn 0.394532 -0.704061 -0.590459
vn 0.462978 0.552763 -0.692895
vn 0.310993 -0.828646 -0.465434
vn 0.513772 0.380539 -0.768914
vn 0.215497 -0.921708 -0.322514
vn 0.589259 -0.552764 -0.589259
vn 0.502144 -0.704061 -0.502144
vn 0.502144 0.704061 -0.502145
vn 0.589259 0.552763 -0.589259
vn 0.395819 -0.828646 -0.395819
vn 0.653907 0.380539 -0.653907
vn 0.274276 -0.921708 -0.274276
vn 0.693683 0.193931 -0.693682
vn 0.142105 -0.979598 -0.142104
vn 0.707107 -0.000000 -0.707107
vn 0.142104 0.979598 -0.142105
vn 0.693683 -0.193931 -0.693682
vn 0.274276 0.921708 -0.274276
vn 0.653907 -0.380540 -0.653907
vn 0.395819 0.828646 -0.395819
vn 0.167097 -0.979598 -0.111651
vn 0.831470 -0.000000 -0.555570
vn 0.815684 -0.193931 -0.545023
vn 0.167096 0.979598 -0.111651
vn 0.322514 0.921708 -0.215497
vn 0.768914 -0.380539 -0.513772
vn 0.465434 0.828646 -0.310993
vn 0.692895 -0.552764 -0.462978
vn 0.590459 0.704061 -0.394533
vn 0.590459 -0.704061 -0.394532
vn 0.692895 0.552763 -0.462978
vn 0.465434 -0.828646 -0.310993
vn 0.768914 0.380539 -0.513772
vn 0.322514 -0.921708 -0.215497
vn 0.815684 0.193931 -0.545023
vn 0.656083 -0.704061 -0.271759
vn 0.517163 -0.828646 -0.214216
vn 0.769904 0.552763 -0.318905
vn 0.854371 0.380539 -0.353892
vn 0.358359 -0.921708 -0.148437
vn 0.906340 0.193931 -0.375418
vn 0.185669 -0.979598 -0.076906
vn 0.923880 -0.000000 -0.382683
vn 0.185668 0.979598 -0.076907
vn 0.906340 -0.193931 -0.375418
vn 0.358358 0.921708 -0.148437
vn 0.854371 -0.380539 -0.353892
vn 0.517163 0.828646 -0.214216
vn 0.769904 -0.552764 -0.318905
vn 0.656084 0.704061 -0.271759
vn 0.197105 0.979598 -0.039207
vn 0.380431 0.921708 -0.075673
vn 0.962165 -0.193931 -0.191386
vn 0.906996 -0.380539 -0.180413
vn 0.549017 0.828646 -0.109206
vn 0.817326 -0.552764 -0.162576
vn 0.696494 0.704061 -0.138541
vn 0.696494 -0.704061 -0.138541
vn 0.817326 0.552763 -0.162576
vn 0.549017 -0.828646 -0.109206
vn 0.906996 0.380539 -0.180413
vn 0.380431 -0.921708 -0.075672
vn 0.962165 0.193931 -0.191387
vn 0.197105 -0.979598 -0.039206
vn 0.980785 -0.000000 -0.195090
vn 0.833338 0.552764 0.000000
vn 0.924765 0.380539 0.000000
vn 0.559773 -0.828646 0.000000
vn 0.387884 -0.921708 0.000000
vn 0.981015 0.193931 0.000000
vn 0.200966 -0.979598 0.000000
vn 1.000000 0.000000 0.000000
vn 0.200966 0.979598 -0.000000
vn 0.981015 -0.193931 0.000000
vn 0.387884 0.921708 -0.000000
vn 0.924765 -0.380539 0.000000
vn 0.559773 0.828646 0.000000
vn 0.833338 -0.552763 0.000000
vn 0.710140 0.704061 0.000000
vn 0.710140 -0.704061 0.000000
vn 0.962165 -0.193931 0.191387
vn 0.906996 -0.380539 0.180413
vn 0.380432 0.921708 0.075672
vn 0.549017 0.828646 0.109206
vn 0.817326 -0.552764 0.162576
vn 0.696494 0.704061 0.138541
vn 0.696494 -0.704061 0.138542
vn 0.817326 0.552764 0.162576
vn 0.549017 -0.828646 0.109206
vn 0.906996 0.380539 0.180413
vn 0.380431 -0.921708 0.075673
vn 0.962165 0.193931 0.191387
vn 0.197105 -0.979598 0.039207
vn 0.980785 0.000000 0.195091
vn 0.197105 0.979598 0.039206
vn 0.517162 -0.828646 0.214216
vn 0.358359 -0.921708 0.148437
vn 0.854371 0.380539 0.353892
vn 0.906340 0.193931 0.375418
vn 0.185669 -0.979598 0.076907
vn 0.923879 0.000000 0.382684
vn 0.185668 0.979598 0.076906
vn 0.906340 -0.193931 0.375419
vn 0.358359 0.921708 0.148437
vn 0.854371 -0.380539 0.353892
vn 0.517163 0.828646 0.214216
vn 0.769904 -0.552764 0.318905
vn 0.656083 0.704061 0.271758
vn 0.656083 -0.704061 0.271759
vn 0.769904 0.552764 0.318905
vn 0.322514 0.921708 0.215497
vn 0.465434 0.828646 0.310993
vn 0.768914 -0.380539 0.513772
vn 0.692895 -0.552763 0.462978
vn 0.590459 0.704061 0.394532
vn 0.590459 -0.704061 0.394533
vn 0.692895 0.552764 0.462978
vn 0.465434 -0.828646 0.310993
vn 0.768914 0.380539 0.513772
vn 0.322514 -0.921708 0.215497
vn 0.815684 0.193931 0.545023
vn 0.167097 -0.979598 0.111651
vn 0.831470 0.000000 0.555570
vn 0.167097 0.979598 0.111651
vn 0.815684 -0.193930 0.545023
vn 0.653907 0.380539 0.653907
vn 0.693682 0.193931 0.693683
vn 0.274276 -0.921708 0.274276
vn 0.142105 -0.979598 0.142105
vn 0.707107 0.000000 0.707107
vn 0.142105 0.979598 0.142104
vn 0.693682 -0.193930 0.693683
vn 0.274276 0.921708 0.274276
vn 0.653907 -0.380539 0.653908
vn 0.395819 0.828646 0.395819
vn 0.589259 -0.552763 0.589259
vn 0.502144 0.704061 0.502144
vn 0.502144 -0.704061 0.502145
vn 0.589259 0.552764 0.589259
vn 0.395819 -0.828646 0.395819
vn 0.513772 -0.380539 0.768914
vn 0.462978 -0.552763 0.692896
vn 0.310993 0.828646 0.465434
vn 0.394532 0.704061 0.590459
vn 0.394532 -0.704061 0.590460
vn 0.462978 0.552764 0.692895
vn 0.310993 -0.828646 0.465434
vn 0.513772 0.380539 0.768914
vn 0.215497 -0.921708 0.322514
vn 0.545023 0.193931 0.815685
vn 0.111651 -0.979598 0.167097
vn 0.555570 0.000000 0.831470
vn 0.111651 0.979598 0.167097
vn 0.545023 -0.193930 0.815685
vn 0.215497 0.921708 0.322514
vn 0.148437 -0.921708 0.358359
vn 0.076906 -0.979598 0.185669
vn 0.375418 0.193931 0.906340
vn 0.382683 0.000000 0.923880
vn 0.076905 0.979598 0.185668
vn 0.375418 -0.193930 0.906340
vn 0.148437 0.921708 0.358358
vn 0.353892 -0.380539 0.854371
vn 0.214216 0.828646 0.517162
vn 0.318905 -0.552763 0.769904
vn 0.271759 0.704061 0.656084
vn 0.271759 -0.704061 0.656084
vn 0.318905 0.552764 0.769904
vn 0.214216 -0.828646 0.517163
vn 0.353892 0.380539 0.854371
vn 0.162576 -0.552763 0.817326
vn 0.138541 -0.704061 0.696495
vn 0.138541 0.704061 0.696494
vn 0.162576 0.552764 0.817326
vn 0.109206 -0.828646 0.549017
vn 0.180413 0.380539 0.906996
vn 0.075673 -0.921708 0.380432
vn 0.191386 0.193930 0.962165
vn 0.039207 -0.979598 0.197105
vn 0.195090 0.000000 0.980785
vn 0.039207 0.979598 0.197105
vn 0.191386 -0.193930 0.962165
vn 0.075673 0.921708 0.380431
vn 0.180413 -0.380539 0.906996
vn 0.109206 0.828646 0.549017
vn 0.000000 0.979598 0.200966
vn -0.000000 -0.979598 0.200966
vn -0.000000 0.000000 1.000000
vn -0.000000 -0.193930 0.981015
vn 0.000000 0.921708 0.387884
vn -0.000000 -0.380539 0.924765
vn -0.000000 0.828646 0.559773
vn -0.000000 -0.552763 0.833338
vn -0.000000 0.704061 0.710140
vn -0.000000 -0.704061 0.710140
vn -0.000000 0.552764 0.833338
vn 0.000000 -0.828646 0.559773
vn -0.000000 0.380539 0.924765
vn 0.000000 -0.921708 0.387885
vn -0.000000 0.193931 0.981015
vn -0.138541 0.704061 0.696494
vn -0.162576 0.552763 0.817326
vn -0.138541 -0.704061 0.696494
vn -0.109206 -0.828646 0.549017
vn -0.180413 0.380539 0.906996
vn -0.075673 -0.921708 0.380432
vn -0.191387 0.193930 0.962165
vn -0.039208 -0.979598 0.197105
vn -0.195091 0.000000 0.980785
vn -0.039208 0.979598 0.197105
vn -0.191387 -0.193930 0.962165
vn -0.075673 0.921708 0.380431
vn -0.180413 -0.380539 0.906996
vn -0.109206 0.828646 0.549017
vn -0.162576 -0.552763 0.817326
vn -0.382684 0.000000 0.923879
vn -0.375419 -0.193930 0.906340
vn -0.076906 0.979598 0.185668
vn -0.148437 0.921708 0.358358
vn -0.353892 -0.380539 0.854371
vn -0.214216 0.828646 0.517162
vn -0.318905 -0.552763 0.769904
vn -0.271759 0.704061 0.656083
vn -0.271759 -0.704061 0.656083
vn -0.318905 0.552763 0.769904
vn -0.214216 -0.828646 0.517163
vn -0.353892 0.380539 0.854371
vn -0.148437 -0.921708 0.358359
vn -0.375419 0.193930 0.906340
vn -0.076906 -0.979598 0.185669
vn -0.394532 -0.704061 0.590459
vn -0.310993 -0.828646 0.465434
vn -0.462978 0.552763 0.692895
vn -0.513772 0.380539 0.768914
vn -0.215497 -0.921708 0.322514
vn -0.545023 0.193930 0.815684
vn -0.111652 -0.979598 0.167097
vn -0.555571 0.000000 0.831469
vn -0.111651 0.979598 0.167097
vn -0.545023 -0.193930 0.815684
vn -0.215497 0.921708 0.322514
vn -0.513772 -0.380539 0.768914
vn -0.310993 0.828646 0.465434
vn -0.462978 -0.552763 0.692895
vn -0.394533 0.704061 0.590459
vn -0.142104 0.979598 0.142104
vn -0.274276 0.921708 0.274276
vn -0.693683 -0.193930 0.693682
vn -0.653908 -0.380539 0.653907
vn -0.395819 0.828646 0.395819
vn -0.589259 -0.552763 0.589259
vn -0.502144 0.704061 0.502144
vn -0.502145 -0.704061 0.502145
vn -0.589259 0.552763 0.589259
vn -0.395819 -0.828646 0.395819
vn -0.653908 0.380539 0.653907
vn -0.274276 -0.921708 0.274276
vn -0.693683 0.193930 0.693682
vn -0.142105 -0.979598 0.142105
vn -0.707107 0.000000 0.707106
vn -0.692896 0.552763 0.462978
vn -0.768914 0.380539 0.513772
vn -0.465434 -0.828646 0.310993
vn -0.322515 -0.921708 0.215497
vn -0.815685 0.193930 0.545023
vn -0.167097 -0.979598 0.111651
vn -0.831470 0.000000 0.555570
vn -0.167096 0.979598 0.111651
vn -0.815685 -0.193930 0.545023
vn -0.322514 0.921708 0.215497
vn -0.768914 -0.380539 0.513772
vn -0.465434 0.828646 0.310993
vn -0.692896 -0.552763 0.462978
vn -0.590459 0.704061 0.394532
vn -0.590459 -0.704061 0.394533
vn -0.906340 -0.193930 0.375418
vn -0.854371 -0.380539 0.353892
vn -0.358359 0.921708 0.148437
vn -0.517162 0.828646 0.214215
vn -0.769904 -0.552763 0.318905
vn -0.656083 0.704061 0.271758
vn -0.656083 -0.704061 0.271759
vn -0.769904 0.552763 0.318905
vn -0.517163 -0.828646 0.214216
vn -0.854371 0.380539 0.353892
vn -0.358359 -0.921708 0.148437
vn -0.906340 0.193930 0.375418
vn -0.185669 -0.979598 0.076907
vn -0.923880 0.000000 0.382683
vn -0.185669 0.979598 0.076906
vn -0.549017 -0.828646 0.109206
vn -0.380432 -0.921708 0.075673
vn -0.906996 0.380539 0.180413
vn -0.962166 0.193930 0.191386
vn -0.197105 -0.979598 0.039207
vn -0.980785 0.000000 0.195090
vn -0.197105 0.979598 0.039206
vn -0.962166 -0.193930 0.191386
vn -0.380432 0.921708 0.075672
vn -0.906996 -0.380539 0.180413
vn -0.549017 0.828646 0.109206
vn -0.817326 -0.552763 0.162576
vn -0.696494 0.704061 0.138541
vn -0.696494 -0.704061 0.138541
vn -0.817326 0.552763 0.162576
vn -0.924765 -0.380539 -0.000000
vn -0.833338 -0.552763 -0.000000
vn -0.559773 0.828646 -0.000000
vn -0.710140 0.704061 -0.000000
vn -0.710140 -0.704061 -0.000000
vn -0.833338 0.552763 -0.000000
vn -0.559773 -0.828646 -0.000000
vn -0.924765 0.380539 -0.000000
vn -0.387885 -0.921708 0.000000
vn -0.981015 0.193930 -0.000000
vn -0.200966 -0.979598 0.000000
vn -1.000000 -0.000000 -0.000000
vn -0.200966 0.979598 -0.000000
vn -0.981015 -0.193930 -0.000000
vn -0.387885 0.921708 -0.000000
vn -0.380432 -0.921708 -0.075673
vn -0.197105 -0.979598 -0.039206
vn -0.962165 0.193930 -0.191387
vn -0.980785 -0.000000 -0.195091
vn -0.197105 0.979598 -0.039207
vn -0.962165 -0.193930 -0.191387
vn -0.380432 0.921708 -0.075673
vn -0.906996 -0.380539 -0.180413
vn -0.549017 0.828646 -0.109207
vn -0.817326 -0.552763 -0.162576
vn -0.696494 0.704061 -0.138542
vn -0.696494 -0.704061 -0.138541
vn -0.817326 0.552763 -0.162577
vn -0.549017 -0.828646 -0.109206
vn -0.906996 0.380539 -0.180413
vn -0.517162 0.828646 -0.214216
vn -0.656083 0.704061 -0.271759
vn -0.769904 -0.552763 -0.318905
vn -0.656083 -0.704061 -0.271759
vn -0.769904 0.552763 -0.318905
vn -0.517162 -0.828646 -0.214216
vn -0.854371 0.380539 -0.353893
vn -0.358359 -0.921708 -0.148437
vn -0.906340 0.193930 -0.375419
vn -0.185669 -0.979598 -0.076906
vn -0.923879 -0.000000 -0.382684
vn -0.185669 0.979598 -0.076907
vn -0.906340 -0.193930 -0.375419
vn -0.358359 0.921708 -0.148437
vn -0.854371 -0.380539 -0.353892
vn -0.815684 0.193930 -0.545023
vn -0.831469 -0.000000 -0.555571
vn -0.167096 0.979598 -0.111651
vn -0.167097 -0.979598 -0.111651
vn -0.815684 -0.193930 -0.545023
vn -0.322514 0.921708 -0.215497
vn -0.768914 -0.380539 -0.513772
vn -0.465434 0.828646 -0.310993
vn -0.692895 -0.552763 -0.462978
vn -0.590459 0.704061 -0.394533
vn -0.590459 -0.704061 -0.394532
vn -0.692895 0.552763 -0.462978
vn -0.465434 -0.828646 -0.310993
vn -0.768914 0.380539 -0.513772
vn -0.322514 -0.921708 -0.215497
vn -0.589259 -0.552763 -0.589259
vn -0.502144 -0.704061 -0.502145
vn -0.502144 0.704061 -0.502145
vn -0.589259 0.552763 -0.589260
vn -0.395819 -0.828646 -0.395819
vn -0.653907 0.380539 -0.653908
vn -0.274276 -0.921708 -0.274276
vn -0.693682 0.193930 -0.693683
vn -0.142105 -0.979598 -0.142104
vn -0.707106 -0.000000 -0.707107
vn -0.142104 0.979598 -0.142105
vn -0.693682 -0.193930 -0.693683
vn -0.274276 0.921708 -0.274276
vn -0.653907 -0.380539 -0.653907
vn -0.395819 0.828646 -0.395819
vn -0.111651 0.979598 -0.167097
vn -0.111651 -0.979598 -0.167097
vn -0.555570 -0.000000 -0.831470
vn -0.545023 -0.193930 -0.815685
vn -0.215497 0.921708 -0.322515
vn -0.513772 -0.380539 -0.768914
vn -0.310993 0.828646 -0.465434
vn -0.462978 -0.552763 -0.692896
vn -0.394532 0.704061 -0.590460
vn -0.394532 -0.704061 -0.590459
vn -0.462978 0.552763 -0.692896
vn -0.310993 -0.828646 -0.465434
vn -0.513772 0.380539 -0.768914
vn -0.215497 -0.921708 -0.322514
vn -0.545023 0.193930 -0.815685
vn -0.271759 0.704061 -0.656083
vn -0.318905 0.552763 -0.769904
vn -0.271759 -0.704061 -0.656083
vn -0.214215 -0.828647 -0.517162
vn -0.353892 0.380539 -0.854371
vn -0.148437 -0.921708 -0.358359
vn -0.375418 0.193929 -0.906340
vn -0.076906 -0.979598 -0.185668
vn -0.382683 -0.000000 -0.923880
vn -0.076905 0.979598 -0.185669
vn -0.375418 -0.193930 -0.906340
vn -0.148437 0.921708 -0.358359
vn -0.353892 -0.380539 -0.854371
vn -0.214215 0.828646 -0.517163
vn -0.318905 -0.552764 -0.769904
vn -0.195092 -0.000000 -0.980785
vn -0.191388 -0.193930 -0.962165
vn -0.039207 0.979598 -0.197105
vn -0.075673 0.921708 -0.380432
vn -0.180413 -0.380539 -0.906996
vn -0.109207 0.828646 -0.549017
vn -0.162577 -0.552763 -0.817326
vn -0.138542 0.704061 -0.696494
vn -0.138542 -0.704061 -0.696494
vn -0.162577 0.552763 -0.817326
vn -0.109206 -0.828646 -0.549017
vn -0.180413 0.380539 -0.906996
vn -0.075673 -0.921708 -0.380432
vn -0.191388 0.193930 -0.962165
vn -0.039207 -0.979598 -0.197105
vn 0.000001 -0.828647 -0.559772
vn -0.109205 -0.828646 -0.549017
vn -0.138541 -0.704061 -0.696494
vn 0.000001 -0.704062 -0.710139
vn 0.000001 0.380539 -0.924765
vn -0.180412 0.380539 -0.906996
vn -0.162576 0.552763 -0.817326
vn 0.000001 0.552763 -0.833339
vn 0.000001 -0.921708 -0.387885
vn -0.075672 -0.921708 -0.380431
vn 0.000002 0.193931 -0.981015
vn -0.191386 0.193932 -0.962165
vn 0.000000 -0.979598 -0.200966
vn -0.039207 -0.979598 -0.197105
vn 0.000002 -0.000000 -1.000000
vn -0.195090 -0.000000 -0.980785
vn 0.000001 0.979598 -0.200966
vn -0.039207 0.979598 -0.197105
vn 0.000000 1.000000 -0.000000
vn -0.000000 -1.000000 0.000000
vn 0.000002 -0.193932 -0.981015
vn -0.191386 -0.193932 -0.962165
vn 0.000001 0.921708 -0.387884
vn -0.075672 0.921708 -0.380431
vn 0.000001 -0.380540 -0.924765
vn -0.180412 -0.380539 -0.906996
vn 0.000001 0.828646 -0.559773
vn -0.109206 0.828646 -0.549017
vn 0.000001 -0.552763 -0.833338
vn -0.162576 -0.552764 -0.817326
vn 0.000001 0.704061 -0.710140
vn -0.138541 0.704061 -0.696494
vn -0.271759 0.704061 -0.656083
vn -0.214216 0.828646 -0.517163
vn -0.271759 -0.704061 -0.656083
vn -0.318905 -0.552764 -0.769904
vn -0.318905 0.552763 -0.769904
vn -0.214216 -0.828646 -0.517162
vn -0.353892 0.380539 -0.854371
vn -0.148437 -0.921708 -0.358358
vn -0.375418 0.193931 -0.906340
vn -0.076906 -0.979598 -0.185668
vn -0.382684 -0.000000 -0.923880
vn -0.076906 0.979598 -0.185669
vn -0.375418 -0.193931 -0.906340
vn -0.148437 0.921708 -0.358359
vn -0.353892 -0.380540 -0.854371
vn -0.555570 -0.000000 -0.831470
vn -0.545023 0.193931 -0.815684
vn -0.111651 0.979598 -0.167097
vn -0.111651 -0.979598 -0.167097
vn -0.545023 -0.193931 -0.815684
vn -0.215497 0.921708 -0.322514
vn -0.513772 -0.380540 -0.768914
vn -0.310993 0.828646 -0.465434
vn -0.462978 -0.552764 -0.692895
vn -0.394532 0.704061 -0.590460
vn -0.394532 -0.704061 -0.590459
vn -0.462978 0.552763 -0.692895
vn -0.310993 -0.828646 -0.465434
vn -0.513772 0.380539 -0.768914
vn -0.215497 -0.921708 -0.322514
vn -0.502144 -0.704061 -0.502144
vn -0.589259 -0.552764 -0.589259
vn -0.589259 0.552763 -0.589259
vn -0.502144 0.704061 -0.502145
vn -0.395819 -0.828646 -0.395819
vn -0.653908 0.380539 -0.653907
vn -0.274276 -0.921708 -0.274276
vn -0.693683 0.193931 -0.693682
vn -0.142105 -0.979598 -0.142104
vn -0.707107 -0.000000 -0.707107
vn -0.142104 0.979598 -0.142105
vn -0.693683 -0.193931 -0.693682
vn -0.274276 0.921708 -0.274276
vn -0.653907 -0.380540 -0.653907
vn -0.395819 0.828646 -0.395819
vn -0.167097 -0.979598 -0.111651
vn -0.815684 -0.193931 -0.545023
vn -0.831470 -0.000000 -0.555570
vn -0.322514 0.921708 -0.215497
vn -0.167096 0.979598 -0.111651
vn -0.768914 -0.380539 -0.513772
vn -0.465434 0.828646 -0.310993
vn -0.692895 -0.552764 -0.462978
vn -0.590459 0.704061 -0.394533
vn -0.590459 -0.704061 -0.394532
vn -0.692895 0.552763 -0.462978
vn -0.465434 -0.828646 -0.310993
vn -0.768914 0.380539 -0.513772
vn -0.322514 -0.921708 -0.215497
vn -0.815684 0.193931 -0.545023
vn -0.517163 -0.828646 -0.214216
vn -0.656083 -0.704061 -0.271759
vn -0.854371 0.380539 -0.353892
vn -0.769904 0.552763 -0.318905
vn -0.358359 -0.921708 -0.148437
vn -0.906340 0.193931 -0.375418
vn -0.185669 -0.979598 -0.076906
vn -0.923880 -0.000000 -0.382683
vn -0.185668 0.979598 -0.076907
vn -0.906340 -0.193931 -0.375418
vn -0.358358 0.921708 -0.148437
vn -0.854371 -0.380539 -0.353892
vn -0.517163 0.828646 -0.214216
vn -0.769904 -0.552764 -0.318905
vn -0.656083 0.704061 -0.271759
vn -0.380431 0.921708 -0.075673
vn -0.197105 0.979598 -0.039207
vn -0.906996 -0.380539 -0.180413
vn -0.962165 -0.193931 -0.191386
vn -0.549017 0.828646 -0.109206
vn -0.817326 -0.552764 -0.162576
vn -0.696494 0.704061 -0.138541
vn -0.696494 -0.704061 -0.138541
vn -0.817326 0.552763 -0.162576
vn -0.549017 -0.828646 -0.109206
vn -0.906996 0.380539 -0.180413
vn -0.380431 -0.921708 -0.075672
vn -0.962165 0.193931 -0.191387
vn -0.197105 -0.979598 -0.039206
vn -0.980785 -0.000000 -0.195090
vn -0.924765 0.380539 0.000000
vn -0.833338 0.552764 0.000000
vn -0.387884 -0.921708 0.000000
vn -0.559773 -0.828646 0.000000
vn -0.981015 0.193931 0.000000
vn -0.200966 -0.979598 0.000000
vn -1.000000 0.000000 0.000000
vn -0.200966 0.979598 -0.000000
vn -0.981015 -0.193931 0.000000
vn -0.387884 0.921708 -0.000000
vn -0.924765 -0.380539 0.000000
vn -0.559773 0.828646 0.000000
vn -0.833338 -0.552763 0.000000
vn -0.710140 0.704061 0.000000
vn -0.710140 -0.704061 0.000000
vn -0.906996 -0.380539 0.180413
vn -0.962165 -0.193931 0.191387
vn -0.549017 0.828646 0.109206
vn -0.380431 0.921708 0.075672
vn -0.817326 -0.552764 0.162576
vn -0.696494 0.704061 0.138541
vn -0.696494 -0.704061 0.138542
vn -0.817326 0.552764 0.162576
vn -0.549017 -0.828646 0.109206
vn -0.906996 0.380539 0.180413
vn -0.380431 -0.921708 0.075673
vn -0.962165 0.193931 0.191387
vn -0.197105 -0.979598 0.039207
vn -0.980785 0.000000 0.195091
vn -0.197105 0.979598 0.039206
vn -0.358359 -0.921708 0.148437
vn -0.517162 -0.828646 0.214216
vn -0.906340 0.193931 0.375418
vn -0.854371 0.380539 0.353892
vn -0.185669 -0.979598 0.076907
vn -0.923879 0.000000 0.382684
vn -0.185668 0.979598 0.076906
vn -0.906340 -0.193931 0.375419
vn -0.358359 0.921708 0.148437
vn -0.854371 -0.380539 0.353892
vn -0.517163 0.828646 0.214216
vn -0.769904 -0.552764 0.318905
vn -0.656083 0.704061 0.271758
vn -0.656083 -0.704061 0.271759
vn -0.769904 0.552764 0.318905
vn -0.465434 0.828646 0.310993
vn -0.322514 0.921708 0.215497
vn -0.692895 -0.552763 0.462978
vn -0.768914 -0.380539 0.513772
vn -0.590459 0.704061 0.394532
vn -0.590459 -0.704061 0.394533
vn -0.692895 0.552764 0.462978
vn -0.465434 -0.828646 0.310993
vn -0.768914 0.380539 0.513772
vn -0.322514 -0.921708 0.215497
vn -0.815684 0.193931 0.545023
vn -0.167097 -0.979598 0.111651
vn -0.831470 0.000000 0.555570
vn -0.167097 0.979598 0.111651
vn -0.815684 -0.193930 0.545023
vn -0.693682 0.193931 0.693683
vn -0.653907 0.380539 0.653907
vn -0.142105 -0.979598 0.142105
vn -0.274276 -0.921708 0.274276
vn -0.707107 0.000000 0.707107
vn -0.142105 0.979598 0.142104
vn -0.693682 -0.193930 0.693683
vn -0.274276 0.921708 0.274276
vn -0.653907 -0.380539 0.653908
vn -0.395819 0.828646 0.395819
vn -0.589259 -0.552763 0.589259
vn -0.502144 0.704061 0.502144
vn -0.502144 -0.704061 0.502145
vn -0.589259 0.552764 0.589259
vn -0.395819 -0.828646 0.395819
vn -0.462978 -0.552763 0.692896
vn -0.513772 -0.380539 0.768914
vn -0.394532 0.704061 0.590459
vn -0.310993 0.828646 0.465434
vn -0.394532 -0.704061 0.590460
vn -0.462978 0.552764 0.692895
vn -0.310993 -0.828646 0.465434
vn -0.513772 0.380539 0.768914
vn -0.215497 -0.921708 0.322514
vn -0.545023 0.193931 0.815685
vn -0.111651 -0.979598 0.167097
vn -0.555570 0.000000 0.831470
vn -0.111651 0.979598 0.167097
vn -0.545023 -0.193930 0.815685
vn -0.215497 0.921708 0.322514
vn -0.076906 -0.979598 0.185669
vn -0.148437 -0.921708 0.358359
vn -0.382683 0.000000 0.923880
vn -0.375418 0.193931 0.906340
vn -0.076905 0.979598 0.185669
vn -0.375418 -0.193930 0.906340
vn -0.148437 0.921708 0.358358
vn -0.353892 -0.380539 0.854371
vn -0.214216 0.828646 0.517162
vn -0.318905 -0.552763 0.769904
vn -0.271759 0.704061 0.656084
vn -0.271759 -0.704061 0.656084
vn -0.318905 0.552764 0.769904
vn -0.214216 -0.828646 0.517163
vn -0.353892 0.380539 0.854371
vn -0.138541 -0.704061 0.696495
vn -0.162576 -0.552763 0.817326
vn -0.162576 0.552764 0.817326
vn -0.138541 0.704061 0.696494
vn -0.109206 -0.828646 0.549017
vn -0.180413 0.380539 0.906996
vn -0.075673 -0.921708 0.380432
vn -0.191386 0.193930 0.962165
vn -0.039207 -0.979598 0.197105
vn -0.195090 0.000000 0.980785
vn -0.039207 0.979598 0.197105
vn -0.191386 -0.193930 0.962165
vn -0.075673 0.921708 0.380431
vn -0.180413 -0.380539 0.906996
vn -0.109206 0.828646 0.549017
vn -0.000000 0.979598 0.200966
vn 0.000000 -0.979598 0.200966
vn 0.000000 -0.193930 0.981015
vn 0.000000 0.000000 1.000000
vn -0.000000 0.921708 0.387884
vn 0.000000 -0.380539 0.924765
vn 0.000000 0.828646 0.559773
vn 0.000000 -0.552763 0.833338
vn 0.000000 0.704061 0.710140
vn 0.000000 -0.704061 0.710140
vn 0.000000 0.552764 0.833338
vn -0.000000 -0.828646 0.559773
vn 0.000000 0.380539 0.924765
vn -0.000000 -0.921708 0.387885
vn 0.000000 0.193930 0.981015
vn 0.162576 0.552763 0.817326
vn 0.138541 0.704061 0.696494
vn 0.109206 -0.828646 0.549017
vn 0.138541 -0.704061 0.696494
vn 0.180413 0.380539 0.906996
vn 0.075673 -0.921708 0.380432
vn 0.191387 0.193930 0.962165
vn 0.039208 -0.979598 0.197105
vn 0.195091 0.000000 0.980785
vn 0.039208 0.979598 0.197105
vn 0.191387 -0.193930 0.962165
vn 0.075673 0.921708 0.380431
vn 0.180413 -0.380539 0.906996
vn 0.109206 0.828646 0.549017
vn 0.162576 -0.552763 0.817326
vn 0.375419 -0.193930 0.906340
vn 0.382684 0.000000 0.923879
vn 0.148437 0.921708 0.358358
vn 0.076906 0.979598 0.185668
vn 0.353892 -0.380539 0.854371
vn 0.214216 0.828646 0.517162
vn 0.318905 -0.552763 0.769904
vn 0.271759 0.704061 0.656083
vn 0.271759 -0.704061 0.656083
vn 0.318905 0.552763 0.769904
vn 0.214216 -0.828646 0.517163
vn 0.353892 0.380539 0.854371
vn 0.148437 -0.921708 0.358359
vn 0.375418 0.193930 0.906340
vn 0.076906 -0.979598 0.185669
vn 0.310993 -0.828646 0.465434
vn 0.394532 -0.704061 0.590459
vn 0.513772 0.380539 0.768914
vn 0.462978 0.552763 0.692895
vn 0.215497 -0.921708 0.322514
vn 0.545023 0.193930 0.815684
vn 0.111652 -0.979598 0.167097
vn 0.555571 0.000000 0.831469
vn 0.111651 0.979598 0.167097
vn 0.545023 -0.193930 0.815684
vn 0.215497 0.921708 0.322514
vn 0.513772 -0.380539 0.768914
vn 0.310993 0.828646 0.465434
vn 0.462978 -0.552763 0.692895
vn 0.394533 0.704061 0.590459
vn 0.274276 0.921708 0.274276
vn 0.142104 0.979598 0.142104
vn 0.653908 -0.380539 0.653907
vn 0.693683 -0.193930 0.693682
vn 0.395819 0.828646 0.395819
vn 0.589259 -0.552763 0.589259
vn 0.502144 0.704061 0.502144
vn 0.502145 -0.704061 0.502144
vn 0.589259 0.552763 0.589259
vn 0.395819 -0.828646 0.395819
vn 0.653908 0.380539 0.653907
vn 0.274276 -0.921708 0.274276
vn 0.693683 0.193930 0.693682
vn 0.142105 -0.979598 0.142105
vn 0.707107 0.000000 0.707106
vn 0.768914 0.380539 0.513772
vn 0.692896 0.552763 0.462978
vn 0.322515 -0.921708 0.215497
vn 0.465434 -0.828646 0.310993
vn 0.815685 0.193930 0.545023
vn 0.167097 -0.979598 0.111651
vn 0.831470 0.000000 0.555570
vn 0.167096 0.979598 0.111651
vn 0.815685 -0.193930 0.545023
vn 0.322514 0.921708 0.215497
vn 0.768914 -0.380539 0.513772
vn 0.465434 0.828646 0.310993
vn 0.692896 -0.552763 0.462978
vn 0.590459 0.704061 0.394532
vn 0.590459 -0.704061 0.394533
vn 0.854371 -0.380539 0.353892
vn 0.906340 -0.193930 0.375418
vn 0.517162 0.828646 0.214215
vn 0.358359 0.921708 0.148437
vn 0.769904 -0.552763 0.318905
vn 0.656083 0.704061 0.271758
vn 0.656083 -0.704061 0.271759
vn 0.769904 0.552763 0.318905
vn 0.517163 -0.828646 0.214216
vn 0.854371 0.380539 0.353892
vn 0.358359 -0.921708 0.148437
vn 0.906340 0.193930 0.375418
vn 0.185669 -0.979598 0.076907
vn 0.923880 0.000000 0.382683
vn 0.185669 0.979598 0.076906
vn 0.380432 -0.921708 0.075673
vn 0.549017 -0.828646 0.109206
vn 0.962166 0.193930 0.191386
vn 0.906996 0.380539 0.180413
vn 0.197105 -0.979598 0.039207
vn 0.980785 0.000000 0.195090
vn 0.197105 0.979598 0.039206
vn 0.962166 -0.193930 0.191386
vn 0.380432 0.921708 0.075672
vn 0.906996 -0.380539 0.180413
vn 0.549017 0.828646 0.109206
vn 0.817326 -0.552763 0.162576
vn 0.696494 0.704061 0.138541
vn 0.696494 -0.704061 0.138541
vn 0.817326 0.552763 0.162576
vn 0.833338 -0.552763 -0.000000
vn 0.924765 -0.380539 -0.000000
vn 0.710140 0.704061 -0.000000
vn 0.559773 0.828646 -0.000000
vn 0.710140 -0.704061 -0.000000
vn 0.833338 0.552763 -0.000000
vn 0.559773 -0.828646 -0.000000
vn 0.924765 0.380539 -0.000000
vn 0.387885 -0.921708 0.000000
vn 0.981015 0.193930 -0.000000
vn 0.200966 -0.979598 0.000000
vn 1.000000 -0.000000 -0.000000
vn 0.200966 0.979598 -0.000000
vn 0.981015 -0.193930 -0.000000
vn 0.387885 0.921708 -0.000000
vn 0.197105 -0.979598 -0.039206
vn 0.380432 -0.921708 -0.075673
vn 0.980785 -0.000000 -0.195091
vn 0.962165 0.193930 -0.191387
vn 0.197105 0.979598 -0.039207
vn 0.962165 -0.193930 -0.191387
vn 0.380432 0.921708 -0.075673
vn 0.906996 -0.380539 -0.180413
vn 0.549017 0.828646 -0.109207
vn 0.817326 -0.552763 -0.162576
vn 0.696494 0.704061 -0.138542
vn 0.696494 -0.704061 -0.138541
vn 0.817326 0.552763 -0.162577
vn 0.549017 -0.828646 -0.109206
vn 0.906996 0.380539 -0.180413
vn 0.656083 0.704061 -0.271759
vn 0.517162 0.828646 -0.214216
vn 0.656083 -0.704061 -0.271759
vn 0.769904 -0.552763 -0.318905
vn 0.769904 0.552763 -0.318905
vn 0.517162 -0.828646 -0.214216
vn 0.854371 0.380539 -0.353893
vn 0.358359 -0.921708 -0.148437
vn 0.906340 0.193930 -0.375419
vn 0.185669 -0.979598 -0.076906
vn 0.923879 -0.000000 -0.382684
vn 0.185669 0.979598 -0.076907
vn 0.906340 -0.193930 -0.375419
vn 0.358359 0.921708 -0.148437
vn 0.854371 -0.380539 -0.353892
vn 0.831469 -0.000000 -0.555571
vn 0.815684 0.193930 -0.545023
vn 0.167096 0.979598 -0.111651
vn 0.167097 -0.979598 -0.111651
vn 0.815684 -0.193930 -0.545023
vn 0.322514 0.921708 -0.215497
vn 0.768914 -0.380539 -0.513772
vn 0.465434 0.828646 -0.310993
vn 0.692895 -0.552763 -0.462978
vn 0.590459 0.704061 -0.394533
vn 0.590459 -0.704061 -0.394532
vn 0.692895 0.552763 -0.462978
vn 0.465434 -0.828646 -0.310993
vn 0.768914 0.380539 -0.513772
vn 0.322514 -0.921708 -0.215497
vn 0.502144 -0.704061 -0.502145
vn 0.589259 -0.552763 -0.589259
vn 0.589259 0.552763 -0.589260
vn 0.502144 0.704061 -0.502145
vn 0.395819 -0.828646 -0.395819
vn 0.653907 0.380539 -0.653908
vn 0.274276 -0.921708 -0.274276
vn 0.693682 0.193930 -0.693683
vn 0.142105 -0.979598 -0.142104
vn 0.707106 -0.000000 -0.707107
vn 0.142104 0.979598 -0.142105
vn 0.693682 -0.193930 -0.693683
vn 0.274276 0.921708 -0.274276
vn 0.653907 -0.380539 -0.653907
vn 0.395819 0.828646 -0.395819
vn 0.111651 0.979598 -0.167097
vn 0.111651 -0.979598 -0.167097
vn 0.545023 -0.193930 -0.815685
vn 0.555570 -0.000000 -0.831470
vn 0.215497 0.921708 -0.322515
vn 0.513772 -0.380539 -0.768914
vn 0.310993 0.828646 -0.465434
vn 0.462978 -0.552763 -0.692896
vn 0.394532 0.704061 -0.590460
vn 0.394532 -0.704061 -0.590459
vn 0.462978 0.552763 -0.692896
vn 0.310993 -0.828646 -0.465434
vn 0.513772 0.380539 -0.768914
vn 0.215497 -0.921708 -0.322514
vn 0.545023 0.193930 -0.815685
vn 0.318905 0.552763 -0.769904
vn 0.271759 0.704061 -0.656083
vn 0.214215 -0.828647 -0.517162
vn 0.271759 -0.704061 -0.656083
vn 0.353892 0.380539 -0.854371
vn 0.148437 -0.921708 -0.358359
vn 0.375418 0.193929 -0.906340
vn 0.076906 -0.979598 -0.185668
vn 0.382683 -0.000000 -0.923880
vn 0.076905 0.979598 -0.185669
vn 0.375418 -0.193930 -0.906340
vn 0.148437 0.921708 -0.358359
vn 0.353892 -0.380539 -0.854371
vn 0.214215 0.828646 -0.517163
vn 0.318905 -0.552764 -0.769904
vn 0.191388 -0.193930 -0.962165
vn 0.195092 -0.000000 -0.980785
vn 0.075673 0.921708 -0.380432
vn 0.039207 0.979598 -0.197105
vn 0.180413 -0.380539 -0.906996
vn 0.109207 0.828646 -0.549017
vn 0.162577 -0.552763 -0.817326
vn 0.138542 0.704061 -0.696494
vn 0.138542 -0.704061 -0.696494
vn 0.162577 0.552763 -0.817326
vn 0.109206 -0.828646 -0.549017
vn 0.180413 0.380539 -0.906996
vn 0.075673 -0.921708 -0.380432
vn 0.191388 0.193930 -0.962165
vn 0.039207 -0.979598 -0.197105
s 1
g Sphere
usemtl initialShadingGroup
f 3070/3118/2591 3069/3153/2592 2608/3182/2593 2609/3150/2594
f 3067/3373/2595 2592/3387/2596 2601/3386/2597 2602/3369/2598
f 3071/3106/2599 3070/3118/2591 2609/3150/2594 2610/3117/2600
f 2593/3340/2601 3067/3373/2595 2602/3369/2598 2603/3339/2602
f 3072/3052/2603 3071/3106/2599 2610/3117/2600 2611/3078/2604
f 2594/3307/2605 2593/3340/2601 2603/3339/2602 2604/3306/2606
f 3064/3544/2607 2672/3570/2608 2597/3537/2609
f 2898/3043/2610 3072/3052/2603 2611/3078/2604
f 2595/3274/2611 2594/3307/2605 2604/3306/2606 2605/3273/2612
f 3065/3505/2613 3064/3544/2607 2597/3537/2609 2598/3502/2614
f 3068/3224/2615 2595/3274/2611 2605/3273/2612 2606/3249/2616
f 2591/3457/2617 3065/3505/2613 2598/3502/2614 2599/3456/2618
f 2596/3216/2619 3068/3224/2615 2606/3249/2616 2607/3214/2620
f 3066/3439/2621 2591/3457/2617 2599/3456/2618 2600/3438/2622
f 3069/3153/2592 2596/3216/2619 2607/3214/2620 2608/3182/2593
f 2592/3387/2596 3066/3439/2621 2600/3438/2622 2601/3386/2597
f 2600/3438/2622 2599/3456/2618 2614/3455/2623 2615/3437/2624
f 2608/3182/2593 2607/3214/2620 2622/3213/2625 2623/3181/2626
f 2601/3386/2597 2600/3438/2622 2615/3437/2624 2616/3385/2627
f 2609/3150/2594 2608/3182/2593 2623/3181/2626 2624/3149/2628
f 2602/3369/2598 2601/3386/2597 2616/3385/2627 2617/3349/2629
f 2610/3117/2600 2609/3150/2594 2624/3149/2628 2625/3116/2630
f 2603/3339/2602 2602/3369/2598 2617/3349/2629 2618/3338/2631
f 2611/3078/2604 2610/3117/2600 2625/3116/2630 2626/3077/2632
f 2604/3306/2606 2603/3339/2602 2618/3338/2631 2619/3305/2633
f 2597/3537/2609 2672/3569/2608 2612/3536/2634
f 2898/3042/2610 2611/3078/2604 2626/3077/2632
f 2605/3273/2612 2604/3306/2606 2619/3305/2633 2620/3272/2635
f 2598/3502/2614 2597/3537/2609 2612/3536/2634 2613/3501/2636
f 2606/3249/2616 2605/3273/2612 2620/3272/2635 2621/3248/2637
f 2599/3456/2618 2598/3502/2614 2613/3501/2636 2614/3455/2623
f 2607/3214/2620 2606/3249/2616 2621/3248/2637 2622/3213/2625
f 2619/3305/2633 2618/3338/2631 2633/3337/2638 2634/3304/2639
f 2612/3536/2634 2672/3568/2608 2627/3535/2640
f 2898/3041/2610 2626/3077/2632 2641/3076/2641
f 2620/3272/2635 2619/3305/2633 2634/3304/2639 2635/3271/2642
f 2613/3501/2636 2612/3536/2634 2627/3535/2640 2628/3500/2643
f 2621/3248/2637 2620/3272/2635 2635/3271/2642 2636/3247/2644
f 2614/3455/2623 2613/3501/2636 2628/3500/2643 2629/3454/2645
f 2622/3213/2625 2621/3248/2637 2636/3247/2644 2637/3212/2646
f 2615/3437/2624 2614/3455/2623 2629/3454/2645 2630/3436/2647
f 2623/3181/2626 2622/3213/2625 2637/3212/2646 2638/3180/2648
f 2616/3385/2627 2615/3437/2624 2630/3436/2647 2631/3384/2649
f 2624/3149/2628 2623/3181/2626 2638/3180/2648 2639/3148/2650
f 2617/3349/2629 2616/3385/2627 2631/3384/2649 2632/3368/2651
f 2625/3116/2630 2624/3149/2628 2639/3148/2650 2640/3115/2652
f 2618/3338/2631 2617/3349/2629 2632/3368/2651 2633/3337/2638
f 2626/3077/2632 2625/3116/2630 2640/3115/2652 2641/3076/2641
f 2638/3180/2648 2637/3212/2646 2652/3211/2653 2653/3179/2654
f 2631/3384/2649 2630/3436/2647 2645/3415/2655 2646/3405/2656
f 2639/3148/2650 2638/3180/2648 2653/3179/2654 2654/3147/2657
f 2632/3368/2651 2631/3384/2649 2646/3405/2656 2647/3367/2658
f 2640/3115/2652 2639/3148/2650 2654/3147/2657 2655/3105/2659
f 2633/3337/2638 2632/3368/2651 2647/3367/2658 2648/3336/2660
f 2641/3076/2641 2640/3115/2652 2655/3105/2659 2656/3075/2661
f 2634/3304/2639 2633/3337/2638 2648/3336/2660 2649/3303/2662
f 2627/3535/2640 2672/3567/2608 2642/3534/2663
f 2898/3040/2610 2641/3076/2641 2656/3075/2661
f 2635/3271/2642 2634/3304/2639 2649/3303/2662 2650/3270/2664
f 2628/3500/2643 2627/3535/2640 2642/3534/2663 2643/3499/2665
f 2636/3247/2644 2635/3271/2642 2650/3270/2664 2651/3246/2666
f 2629/3454/2645 2628/3500/2643 2643/3499/2665 2644/3453/2667
f 2637/3212/2646 2636/3247/2644 2651/3246/2666 2652/3211/2653
f 2630/3436/2647 2629/3454/2645 2644/3453/2667 2645/3415/2655
f 2898/3039/2610 2656/3075/2661 2671/3074/2668
f 2650/3270/2664 2649/3303/2662 2664/3302/2669 2665/3269/2670
f 2643/3499/2665 2642/3534/2663 2657/3533/2671 2658/3498/2672
f 2651/3246/2666 2650/3270/2664 2665/3269/2670 2666/3245/2673
f 2644/3453/2667 2643/3499/2665 2658/3498/2672 2659/3452/2674
f 2652/3211/2653 2651/3246/2666 2666/3245/2673 2667/3210/2675
f 2645/3415/2655 2644/3453/2667 2659/3452/2674 2660/3435/2676
f 2653/3179/2654 2652/3211/2653 2667/3210/2675 2668/3178/2677
f 2646/3405/2656 2645/3415/2655 2660/3435/2676 2661/3383/2678
f 2654/3147/2657 2653/3179/2654 2668/3178/2677 2669/3146/2679
f 2647/3367/2658 2646/3405/2656 2661/3383/2678 2662/3366/2680
f 2655/3105/2659 2654/3147/2657 2669/3146/2679 2670/3104/2681
f 2648/3336/2660 2647/3367/2658 2662/3366/2680 2663/3335/2682
f 2656/3075/2661 2655/3105/2659 2670/3104/2681 2671/3074/2668
f 2649/3303/2662 2648/3336/2660 2663/3335/2682 2664/3302/2669
f 2642/3534/2663 2672/3566/2608 2657/3533/2671
f 2669/3146/2679 2668/3178/2677 2684/3177/2683 2685/3145/2684
f 2662/3366/2680 2661/3383/2678 2677/3382/2685 2678/3365/2686
f 2670/3104/2681 2669/3146/2679 2685/3145/2684 2686/3103/2687
f 2663/3335/2682 2662/3366/2680 2678/3365/2686 2679/3334/2688
f 2671/3074/2668 2670/3104/2681 2686/3103/2687 2687/3073/2689
f 2664/3302/2669 2663/3335/2682 2679/3334/2688 2680/3301/2690
f 2657/3533/2671 2672/3565/2608 2673/3532/2691
f 2898/3038/2610 2671/3074/2668 2687/3073/2689
f 2665/3269/2670 2664/3302/2669 2680/3301/2690 2681/3268/2692
f 2658/3498/2672 2657/3533/2671 2673/3532/2691 2674/3497/2693
f 2666/3245/2673 2665/3269/2670 2681/3268/2692 2682/3244/2694
f 2659/3452/2674 2658/3498/2672 2674/3497/2693 2675/3451/2695
f 2667/3210/2675 2666/3245/2673 2682/3244/2694 2683/3209/2696
f 2660/3435/2676 2659/3452/2674 2675/3451/2695 2676/3434/2697
f 2668/3178/2677 2667/3210/2675 2683/3209/2696 2684/3177/2683
f 2661/3383/2678 2660/3435/2676 2676/3434/2697 2677/3382/2685
f 2674/3497/2693 2673/3532/2691 2688/3531/2698 2689/3496/2699
f 2682/3244/2694 2681/3268/2692 2696/3267/2700 2697/3243/2701
f 2675/3451/2695 2674/3497/2693 2689/3496/2699 2690/3450/2702
f 2683/3209/2696 2682/3244/2694 2697/3243/2701 2698/3208/2703
f 2676/3434/2697 2675/3451/2695 2690/3450/2702 2691/3433/2704
f 2684/3177/2683 2683/3209/2696 2698/3208/2703 2699/3176/2705
f 2677/3382/2685 2676/3434/2697 2691/3433/2704 2692/3404/2706
f 2685/3145/2684 2684/3177/2683 2699/3176/2705 2700/3144/2707
f 2678/3365/2686 2677/3382/2685 2692/3404/2706 2693/3364/2708
f 2686/3103/2687 2685/3145/2684 2700/3144/2707 2701/3102/2709
f 2679/3334/2688 2678/3365/2686 2693/3364/2708 2694/3333/2710
f 2687/3073/2689 2686/3103/2687 2701/3102/2709 2702/3072/2711
f 2680/3301/2690 2679/3334/2688 2694/3333/2710 2695/3300/2712
f 2673/3532/2691 2672/3564/2608 2688/3531/2698
f 2898/3037/2610 2687/3073/2689 2702/3072/2711
f 2681/3268/2692 2680/3301/2690 2695/3300/2712 2696/3267/2700
f 2693/3364/2708 2692/3404/2706 2707/3403/2713 2708/3363/2714
f 2701/3102/2709 2700/3144/2707 2715/3143/2715 2716/3101/2716
f 2694/3333/2710 2693/3364/2708 2708/3363/2714 2709/3332/2717
f 2702/3072/2711 2701/3102/2709 2716/3101/2716 2717/3071/2718
f 2695/3300/2712 2694/3333/2710 2709/3332/2717 2710/3299/2719
f 2688/3531/2698 2672/3563/2608 2703/3530/2720
f 2898/3036/2610 2702/3072/2711 2717/3071/2718
f 2696/3267/2700 2695/3300/2712 2710/3299/2719 2711/3266/2721
f 2689/3496/2699 2688/3531/2698 2703/3530/2720 2704/3495/2722
f 2697/3243/2701 2696/3267/2700 2711/3266/2721 2712/3242/2723
f 2690/3450/2702 2689/3496/2699 2704/3495/2722 2705/3449/2724
f 2698/3208/2703 2697/3243/2701 2712/3242/2723 2713/3207/2725
f 2691/3433/2704 2690/3450/2702 2705/3449/2724 2706/3432/2726
f 2699/3176/2705 2698/3208/2703 2713/3207/2725 2714/3175/2727
f 2692/3404/2706 2691/3433/2704 2706/3432/2726 2707/3403/2713
f 2700/3144/2707 2699/3176/2705 2714/3175/2727 2715/3143/2715
f 2712/3242/2723 2711/3266/2721 2726/3265/2728 2727/3241/2729
f 2705/3449/2724 2704/3495/2722 2719/3494/2730 2720/3448/2731
f 2713/3207/2725 2712/3242/2723 2727/3241/2729 2728/3206/2732
f 2706/3432/2726 2705/3449/2724 2720/3448/2731 2721/3431/2733
f 2714/3175/2727 2713/3207/2725 2728/3206/2732 2729/3174/2734
f 2707/3403/2713 2706/3432/2726 2721/3431/2733 2722/3402/2735
f 2715/3143/2715 2714/3175/2727 2729/3174/2734 2730/3142/2736
f 2708/3363/2714 2707/3403/2713 2722/3402/2735 2723/3362/2737
f 2716/3101/2716 2715/3143/2715 2730/3142/2736 2731/3100/2738
f 2709/3332/2717 2708/3363/2714 2723/3362/2737 2724/3331/2739
f 2717/3071/2718 2716/3101/2716 2731/3100/2738 2732/3070/2740
f 2710/3299/2719 2709/3332/2717 2724/3331/2739 2725/3298/2741
f 2703/3530/2720 2672/3562/2608 2718/3529/2742
f 2898/3035/2610 2717/3071/2718 2732/3070/2740
f 2711/3266/2721 2710/3299/2719 2725/3298/2741 2726/3265/2728
f 2704/3495/2722 2703/3530/2720 2718/3529/2742 2719/3494/2730
f 2731/3100/2738 2730/3142/2736 2745/3141/2743 2746/3099/2744
f 2724/3331/2739 2723/3362/2737 2738/3361/2745 2739/3330/2746
f 2732/3070/2740 2731/3100/2738 2746/3099/2744 2747/3069/2747
f 2725/3298/2741 2724/3331/2739 2739/3330/2746 2740/3297/2748
f 2718/3529/2742 2672/3561/2608 2733/3528/2749
f 2898/3034/2610 2732/3070/2740 2747/3069/2747
f 2726/3265/2728 2725/3298/2741 2740/3297/2748 2741/3264/2750
f 2719/3494/2730 2718/3529/2742 2733/3528/2749 2734/3493/2751
f 2727/3241/2729 2726/3265/2728 2741/3264/2750 2742/3240/2752
f 2720/3448/2731 2719/3494/2730 2734/3493/2751 2735/3466/2753
f 2728/3206/2732 2727/3241/2729 2742/3240/2752 2743/3205/2754
f 2721/3431/2733 2720/3448/2731 2735/3466/2753 2736/3430/2755
f 2729/3174/2734 2728/3206/2732 2743/3205/2754 2744/3173/2756
f 2722/3402/2735 2721/3431/2733 2736/3430/2755 2737/3401/2757
f 2730/3142/2736 2729/3174/2734 2744/3173/2756 2745/3141/2743
f 2723/3362/2737 2722/3402/2735 2737/3401/2757 2738/3361/2745
f 2735/3466/2753 2734/3493/2751 2749/3492/2758 2750/3465/2759
f 2743/3205/2754 2742/3240/2752 2757/3239/2760 2758/3204/2761
f 2736/3430/2755 2735/3466/2753 2750/3465/2759 2751/3429/2762
f 2744/3173/2756 2743/3205/2754 2758/3204/2761 2759/3172/2763
f 2737/3401/2757 2736/3430/2755 2751/3429/2762 2752/3400/2764
f 2745/3141/2743 2744/3173/2756 2759/3172/2763 2760/3140/2765
f 2738/3361/2745 2737/3401/2757 2752/3400/2764 2753/3360/2766
f 2746/3099/2744 2745/3141/2743 2760/3140/2765 2761/3098/2767
f 2739/3330/2746 2738/3361/2745 2753/3360/2766 2754/3329/2768
f 2747/3069/2747 2746/3099/2744 2761/3098/2767 2762/3068/2769
f 2740/3297/2748 2739/3330/2746 2754/3329/2768 2755/3296/2770
f 2733/3528/2749 2672/3560/2608 2748/3527/2771
f 2898/3033/2610 2747/3069/2747 2762/3068/2769
f 2741/3264/2750 2740/3297/2748 2755/3296/2770 2756/3263/2772
f 2734/3493/2751 2733/3528/2749 2748/3527/2771 2749/3492/2758
f 2742/3240/2752 2741/3264/2750 2756/3263/2772 2757/3239/2760
f 2754/3329/2768 2753/3360/2766 2768/3359/2773 2769/3328/2774
f 2762/3068/2769 2761/3098/2767 2776/3097/2775 2777/3067/2776
f 2755/3296/2770 2754/3329/2768 2769/3328/2774 2770/3295/2777
f 2748/3527/2771 2672/3559/2608 2763/3526/2778
f 2898/3032/2610 2762/3068/2769 2777/3067/2776
f 2756/3263/2772 2755/3296/2770 2770/3295/2777 2771/3262/2779
f 2749/3492/2758 2748/3527/2771 2763/3526/2778 2764/3491/2780
f 2757/3239/2760 2756/3263/2772 2771/3262/2779 2772/3238/2781
f 2750/3465/2759 2749/3492/2758 2764/3491/2780 2765/3464/2782
f 2758/3204/2761 2757/3239/2760 2772/3238/2781 2773/3203/2783
f 2751/3429/2762 2750/3465/2759 2765/3464/2782 2766/3428/2784
f 2759/3172/2763 2758/3204/2761 2773/3203/2783 2774/3171/2785
f 2752/3400/2764 2751/3429/2762 2766/3428/2784 2767/3399/2786
f 2760/3140/2765 2759/3172/2763 2774/3171/2785 2775/3139/2787
f 2753/3360/2766 2752/3400/2764 2767/3399/2786 2768/3359/2773
f 2761/3098/2767 2760/3140/2765 2775/3139/2787 2776/3097/2775
f 2773/3203/2783 2772/3238/2781 2787/3237/2788 2788/3202/2789
f 2766/3428/2784 2765/3464/2782 2780/3463/2790 2781/3427/2791
f 2774/3171/2785 2773/3203/2783 2788/3202/2789 2789/3170/2792
f 2767/3399/2786 2766/3428/2784 2781/3427/2791 2782/3398/2793
f 2775/3139/2787 2774/3171/2785 2789/3170/2792 2790/3138/2794
f 2768/3359/2773 2767/3399/2786 2782/3398/2793 2783/3358/2795
f 2776/3097/2775 2775/3139/2787 2790/3138/2794 2791/3096/2796
f 2769/3328/2774 2768/3359/2773 2783/3358/2795 2784/3327/2797
f 2777/3067/2776 2776/3097/2775 2791/3096/2796 2792/3066/2798
f 2770/3295/2777 2769/3328/2774 2784/3327/2797 2785/3294/2799
f 2763/3526/2778 2672/3558/2608 2778/3525/2800
f 2898/3031/2610 2777/3067/2776 2792/3066/2798
f 2771/3262/2779 2770/3295/2777 2785/3294/2799 2786/3261/2801
f 2764/3491/2780 2763/3526/2778 2778/3525/2800 2779/3490/2802
f 2772/3238/2781 2771/3262/2779 2786/3261/2801 2787/3237/2788
f 2765/3464/2782 2764/3491/2780 2779/3490/2802 2780/3463/2790
f 2792/3066/2798 2791/3096/2796 2806/3095/2803 2807/3065/2804
f 2785/3294/2799 2784/3327/2797 2799/3326/2805 2800/3293/2806
f 2778/3525/2800 2672/3557/2608 2793/3524/2807
f 2898/3030/2610 2792/3066/2798 2807/3065/2804
f 2786/3261/2801 2785/3294/2799 2800/3293/2806 2801/3260/2808
f 2779/3490/2802 2778/3525/2800 2793/3524/2807 2794/3489/2809
f 2787/3237/2788 2786/3261/2801 2801/3260/2808 2802/3236/2810
f 2780/3463/2790 2779/3490/2802 2794/3489/2809 2795/3462/2811
f 2788/3202/2789 2787/3237/2788 2802/3236/2810 2803/3201/2812
f 2781/3427/2791 2780/3463/2790 2795/3462/2811 2796/3426/2813
f 2789/3170/2792 2788/3202/2789 2803/3201/2812 2804/3169/2814
f 2782/3398/2793 2781/3427/2791 2796/3426/2813 2797/3397/2815
f 2790/3138/2794 2789/3170/2792 2804/3169/2814 2805/3137/2816
f 2783/3358/2795 2782/3398/2793 2797/3397/2815 2798/3357/2817
f 2791/3096/2796 2790/3138/2794 2805/3137/2816 2806/3095/2803
f 2784/3327/2797 2783/3358/2795 2798/3357/2817 2799/3326/2805
f 2804/3169/2814 2803/3201/2812 2818/3200/2818 2819/3168/2819
f 2797/3397/2815 2796/3426/2813 2811/3425/2820 2812/3396/2821
f 2805/3137/2816 2804/3169/2814 2819/3168/2819 2820/3136/2822
f 2798/3357/2817 2797/3397/2815 2812/3396/2821 2813/3356/2823
f 2806/3095/2803 2805/3137/2816 2820/3136/2822 2821/3094/2824
f 2799/3326/2805 2798/3357/2817 2813/3356/2823 2814/3325/2825
f 2807/3065/2804 2806/3095/2803 2821/3094/2824 2822/3064/2826
f 2800/3293/2806 2799/3326/2805 2814/3325/2825 2815/3292/2827
f 2793/3524/2807 2672/3556/2608 2808/3523/2828
f 2898/3029/2610 2807/3065/2804 2822/3064/2826
f 2801/3260/2808 2800/3293/2806 2815/3292/2827 2816/3259/2829
f 2794/3489/2809 2793/3524/2807 2808/3523/2828 2809/3488/2830
f 2802/3236/2810 2801/3260/2808 2816/3259/2829 2817/3235/2831
f 2795/3462/2811 2794/3489/2809 2809/3488/2830 2810/3461/2832
f 2803/3201/2812 2802/3236/2810 2817/3235/2831 2818/3200/2818
f 2796/3426/2813 2795/3462/2811 2810/3461/2832 2811/3425/2820
f 2808/3523/2828 2672/3555/2608 2823/3522/2833
f 2898/3028/2610 2822/3064/2826 2837/3063/2834
f 2816/3259/2829 2815/3292/2827 2830/3291/2835 2831/3258/2836
f 2809/3488/2830 2808/3523/2828 2823/3522/2833 2824/3487/2837
f 2817/3235/2831 2816/3259/2829 2831/3258/2836 2832/3234/2838
f 2810/3461/2832 2809/3488/2830 2824/3487/2837 2825/3460/2839
f 2818/3200/2818 2817/3235/2831 2832/3234/2838 2833/3199/2840
f 2811/3425/2820 2810/3461/2832 2825/3460/2839 2826/3424/2841
f 2819/3168/2819 2818/3200/2818 2833/3199/2840 2834/3167/2842
f 2812/3396/2821 2811/3425/2820 2826/3424/2841 2827/3395/2843
f 2820/3136/2822 2819/3168/2819 2834/3167/2842 2835/3135/2844
f 2813/3356/2823 2812/3396/2821 2827/3395/2843 2828/3355/2845
f 2821/3094/2824 2820/3136/2822 2835/3135/2844 2836/3093/2846
f 2814/3325/2825 2813/3356/2823 2828/3355/2845 2829/3324/2847
f 2822/3064/2826 2821/3094/2824 2836/3093/2846 2837/3063/2834
f 2815/3292/2827 2814/3325/2825 2829/3324/2847 2830/3291/2835
f 2827/3395/2843 2826/3424/2841 2841/3423/2848 2842/3394/2849
f 2835/3135/2844 2834/3167/2842 2849/3166/2850 2850/3134/2851
f 2828/3355/2845 2827/3395/2843 2842/3394/2849 2843/3354/2852
f 2836/3093/2846 2835/3135/2844 2850/3134/2851 2851/3092/2853
f 2829/3324/2847 2828/3355/2845 2843/3354/2852 2844/3323/2854
f 2837/3063/2834 2836/3093/2846 2851/3092/2853 2852/3062/2855
f 2830/3291/2835 2829/3324/2847 2844/3323/2854 2845/3290/2856
f 2823/3522/2833 2672/3554/2608 2838/3521/2857
f 2898/3027/2610 2837/3063/2834 2852/3062/2855
f 2831/3258/2836 2830/3291/2835 2845/3290/2856 2846/3257/2858
f 2824/3487/2837 2823/3522/2833 2838/3521/2857 2839/3486/2859
f 2832/3234/2838 2831/3258/2836 2846/3257/2858 2847/3233/2860
f 2825/3460/2839 2824/3487/2837 2839/3486/2859 2840/3459/2861
f 2833/3199/2840 2832/3234/2838 2847/3233/2860 2848/3198/2862
f 2826/3424/2841 2825/3460/2839 2840/3459/2861 2841/3423/2848
f 2834/3167/2842 2833/3199/2840 2848/3198/2862 2849/3166/2850
f 2846/3257/2858 2845/3290/2856 2860/3289/2863 2861/3256/2864
f 2839/3486/2859 2838/3521/2857 2853/3520/2865 2854/3485/2866
f 2847/3233/2860 2846/3257/2858 2861/3256/2864 2862/3223/2867
f 2840/3459/2861 2839/3486/2859 2854/3485/2866 2855/3458/2868
f 2848/3198/2862 2847/3233/2860 2862/3223/2867 2863/3197/2869
f 2841/3423/2848 2840/3459/2861 2855/3458/2868 2856/3422/2870
f 2849/3166/2850 2848/3198/2862 2863/3197/2869 2864/3165/2871
f 2842/3394/2849 2841/3423/2848 2856/3422/2870 2857/3393/2872
f 2850/3134/2851 2849/3166/2850 2864/3165/2871 2865/3133/2873
f 2843/3354/2852 2842/3394/2849 2857/3393/2872 2858/3353/2874
f 2851/3092/2853 2850/3134/2851 2865/3133/2873 2866/3091/2875
f 2844/3323/2854 2843/3354/2852 2858/3353/2874 2859/3322/2876
f 2852/3062/2855 2851/3092/2853 2866/3091/2875 2867/3061/2877
f 2845/3290/2856 2844/3323/2854 2859/3322/2876 2860/3289/2863
f 2838/3521/2857 2672/3553/2608 2853/3520/2865
f 2898/3026/2610 2852/3062/2855 2867/3061/2877
f 2865/3133/2873 2864/3165/2871 2879/3164/2878 2880/3127/2879
f 2858/3353/2874 2857/3393/2872 2872/3392/2880 2873/3352/2881
f 2866/3091/2875 2865/3133/2873 2880/3127/2879 2881/3090/2882
f 2859/3322/2876 2858/3353/2874 2873/3352/2881 2874/3321/2883
f 2867/3061/2877 2866/3091/2875 2881/3090/2882 2882/3060/2884
f 2860/3289/2863 2859/3322/2876 2874/3321/2883 2875/3288/2885
f 2853/3520/2865 2672/3552/2608 2868/3519/2886
f 2898/3025/2610 2867/3061/2877 2882/3060/2884
f 2861/3256/2864 2860/3289/2863 2875/3288/2885 2876/3255/2887
f 2854/3485/2866 2853/3520/2865 2868/3519/2886 2869/3484/2888
f 2862/3223/2867 2861/3256/2864 2876/3255/2887 2877/3222/2889
f 2855/3458/2868 2854/3485/2866 2869/3484/2888 2870/3472/2890
f 2863/3197/2869 2862/3223/2867 2877/3222/2889 2878/3196/2891
f 2856/3422/2870 2855/3458/2868 2870/3472/2890 2871/3421/2892
f 2864/3165/2871 2863/3197/2869 2878/3196/2891 2879/3164/2878
f 2857/3393/2872 2856/3422/2870 2871/3421/2892 2872/3392/2880
f 2869/3484/2888 2868/3519/2886 2883/3518/2893 2884/3483/2894
f 2877/3222/2889 2876/3255/2887 2891/3254/2895 2892/3221/2896
f 2870/3472/2890 2869/3484/2888 2884/3483/2894 2885/3471/2897
f 2878/3196/2891 2877/3222/2889 2892/3221/2896 2893/3195/2898
f 2871/3421/2892 2870/3472/2890 2885/3471/2897 2886/3420/2899
f 2879/3164/2878 2878/3196/2891 2893/3195/2898 2894/3163/2900
f 2872/3392/2880 2871/3421/2892 2886/3420/2899 2887/3391/2901
f 2880/3127/2879 2879/3164/2878 2894/3163/2900 2895/3126/2902
f 2873/3352/2881 2872/3392/2880 2887/3391/2901 2888/3351/2903
f 2881/3090/2882 2880/3127/2879 2895/3126/2902 2896/3089/2904
f 2874/3321/2883 2873/3352/2881 2888/3351/2903 2889/3320/2905
f 2882/3060/2884 2881/3090/2882 2896/3089/2904 2897/3059/2906
f 2875/3288/2885 2874/3321/2883 2889/3320/2905 2890/3287/2907
f 2868/3519/2886 2672/3551/2608 2883/3518/2893
f 2898/3024/2610 2882/3060/2884 2897/3059/2906
f 2876/3255/2887 2875/3288/2885 2890/3287/2907 2891/3254/2895
f 2888/3351/2903 2887/3391/2901 2903/3390/2908 2904/3372/2909
f 2896/3089/2904 2895/3126/2902 2911/3125/2910 2912/3088/2911
f 2889/3320/2905 2888/3351/2903 2904/3372/2909 2905/3319/2912
f 2897/3059/2906 2896/3089/2904 2912/3088/2911 2913/3058/2913
f 2890/3287/2907 2889/3320/2905 2905/3319/2912 2906/3286/2914
f 2883/3518/2893 2672/3550/2608 2899/3517/2915
f 2898/3023/2610 2897/3059/2906 2913/3058/2913
f 2891/3254/2895 2890/3287/2907 2906/3286/2914 2907/3253/2916
f 2884/3483/2894 2883/3518/2893 2899/3517/2915 2900/3482/2917
f 2892/3221/2896 2891/3254/2895 2907/3253/2916 2908/3220/2918
f 2885/3471/2897 2884/3483/2894 2900/3482/2917 2901/3470/2919
f 2893/3195/2898 2892/3221/2896 2908/3220/2918 2909/3194/2920
f 2886/3420/2899 2885/3471/2897 2901/3470/2919 2902/3419/2921
f 2894/3163/2900 2893/3195/2898 2909/3194/2920 2910/3152/2922
f 2887/3391/2901 2886/3420/2899 2902/3419/2921 2903/3390/2908
f 2895/3126/2902 2894/3163/2900 2910/3152/2922 2911/3125/2910
f 2908/3220/2918 2907/3253/2916 2922/3252/2923 2923/3219/2924
f 2901/3470/2919 2900/3482/2917 2915/3481/2925 2916/3469/2926
f 2909/3194/2920 2908/3220/2918 2923/3219/2924 2924/3184/2927
f 2902/3419/2921 2901/3470/2919 2916/3469/2926 2917/3418/2928
f 2910/3152/2922 2909/3194/2920 2924/3184/2927 2925/3162/2929
f 2903/3390/2908 2902/3419/2921 2917/3418/2928 2918/3407/2930
f 2911/3125/2910 2910/3152/2922 2925/3162/2929 2926/3124/2931
f 2904/3372/2909 2903/3390/2908 2918/3407/2930 2919/3371/2932
f 2912/3088/2911 2911/3125/2910 2926/3124/2931 2927/3087/2933
f 2905/3319/2912 2904/3372/2909 2919/3371/2932 2920/3318/2934
f 2913/3058/2913 2912/3088/2911 2927/3087/2933 2928/3057/2935
f 2906/3286/2914 2905/3319/2912 2920/3318/2934 2921/3285/2936
f 2899/3517/2915 2672/3549/2608 2914/3516/2937
f 2898/3022/2610 2913/3058/2913 2928/3057/2935
f 2907/3253/2916 2906/3286/2914 2921/3285/2936 2922/3252/2923
f 2900/3482/2917 2899/3517/2915 2914/3516/2937 2915/3481/2925
f 2927/3087/2933 2926/3124/2931 2941/3123/2938 2942/3086/2939
f 2920/3318/2934 2919/3371/2932 2934/3350/2940 2935/3317/2941
f 2928/3057/2935 2927/3087/2933 2942/3086/2939 2943/3056/2942
f 2921/3285/2936 2920/3318/2934 2935/3317/2941 2936/3284/2943
f 2914/3516/2937 2672/3548/2608 2929/3515/2944
f 2898/3021/2610 2928/3057/2935 2943/3056/2942
f 2922/3252/2923 2921/3285/2936 2936/3284/2943 2937/3251/2945
f 2915/3481/2925 2914/3516/2937 2929/3515/2944 2930/3504/2946
f 2923/3219/2924 2922/3252/2923 2937/3251/2945 2938/3218/2947
f 2916/3469/2926 2915/3481/2925 2930/3504/2946 2931/3468/2948
f 2924/3184/2927 2923/3219/2924 2938/3218/2947 2939/3193/2949
f 2917/3418/2928 2916/3469/2926 2931/3468/2948 2932/3417/2950
f 2925/3162/2929 2924/3184/2927 2939/3193/2949 2940/3161/2951
f 2918/3407/2930 2917/3418/2928 2932/3417/2950 2933/3389/2952
f 2926/3124/2931 2925/3162/2929 2940/3161/2951 2941/3123/2938
f 2919/3371/2932 2918/3407/2930 2933/3389/2952 2934/3350/2940
f 2939/3193/2949 2938/3218/2947 2953/3217/2953 2954/3192/2954
f 2932/3417/2950 2931/3468/2948 2946/3467/2955 2947/3416/2956
f 2940/3161/2951 2939/3193/2949 2954/3192/2954 2955/3151/2957
f 2933/3389/2952 2932/3417/2950 2947/3416/2956 2948/3388/2958
f 2941/3123/2938 2940/3161/2951 2955/3151/2957 2956/3122/2959
f 2934/3350/2940 2933/3389/2952 2948/3388/2958 2949/3370/2960
f 2942/3086/2939 2941/3123/2938 2956/3122/2959 2957/3085/2961
f 2935/3317/2941 2934/3350/2940 2949/3370/2960 2950/3316/2962
f 2943/3056/2942 2942/3086/2939 2957/3085/2961 2958/3055/2963
f 2936/3284/2943 2935/3317/2941 2950/3316/2962 2951/3283/2964
f 2929/3515/2944 2672/3547/2608 2944/3514/2965
f 2898/3020/2610 2943/3056/2942 2958/3055/2963
f 2937/3251/2945 2936/3284/2943 2951/3283/2964 2952/3250/2966
f 2930/3504/2946 2929/3515/2944 2944/3514/2965 2945/3503/2967
f 2938/3218/2947 2937/3251/2945 2952/3250/2966 2953/3217/2953
f 2931/3468/2948 2930/3504/2946 2945/3503/2967 2946/3467/2955
f 2958/3084/2963 2957/3114/2961 2972/3113/2968 2973/3083/2969
f 2951/3315/2964 2950/3342/2962 2965/3341/2970 2966/3314/2971
f 2944/3543/2965 2672/3578/2608 2959/3542/2972
f 2898/3051/2610 2958/3084/2963 2973/3083/2969
f 2952/3282/2966 2951/3315/2964 2966/3314/2971 2967/3281/2973
f 2945/3513/2967 2944/3543/2965 2959/3542/2972 2960/3512/2974
f 2953/3232/2953 2952/3282/2966 2967/3281/2973 2968/3231/2975
f 2946/3477/2955 2945/3513/2967 2960/3512/2974 2961/3476/2976
f 2954/3215/2954 2953/3232/2953 2968/3231/2975 2969/3191/2977
f 2947/3447/2956 2946/3477/2955 2961/3476/2976 2962/3446/2978
f 2955/3160/2957 2954/3215/2954 2969/3191/2977 2970/3159/2979
f 2948/3406/2958 2947/3447/2956 2962/3446/2978 2963/3414/2980
f 2956/3132/2959 2955/3160/2957 2970/3159/2979 2971/3131/2981
f 2949/3381/2960 2948/3406/2958 2963/3414/2980 2964/3380/2982
f 2957/3114/2961 2956/3132/2959 2971/3131/2981 2972/3113/2968
f 2950/3342/2962 2949/3381/2960 2964/3380/2982 2965/3341/2970
f 2962/3446/2978 2961/3476/2976 2976/3475/2983 2977/3445/2984
f 2970/3159/2979 2969/3191/2977 2984/3190/2985 2985/3158/2986
f 2963/3414/2980 2962/3446/2978 2977/3445/2984 2978/3413/2987
f 2971/3131/2981 2970/3159/2979 2985/3158/2986 2986/3130/2988
f 2964/3380/2982 2963/3414/2980 2978/3413/2987 2979/3379/2989
f 2972/3113/2968 2971/3131/2981 2986/3130/2988 2987/3112/2990
f 2965/3341/2970 2964/3380/2982 2979/3379/2989 2980/3348/2991
f 2973/3083/2969 2972/3113/2968 2987/3112/2990 2988/3082/2992
f 2966/3314/2971 2965/3341/2970 2980/3348/2991 2981/3313/2993
f 2959/3542/2972 2672/3577/2608 2974/3541/2994
f 2898/3050/2610 2973/3083/2969 2988/3082/2992
f 2967/3281/2973 2966/3314/2971 2981/3313/2993 2982/3280/2995
f 2960/3512/2974 2959/3542/2972 2974/3541/2994 2975/3511/2996
f 2968/3231/2975 2967/3281/2973 2982/3280/2995 2983/3230/2997
f 2961/3476/2976 2960/3512/2974 2975/3511/2996 2976/3475/2983
f 2969/3191/2977 2968/3231/2975 2983/3230/2997 2984/3190/2985
f 2981/3313/2993 2980/3348/2991 2995/3347/2998 2996/3312/2999
f 2974/3541/2994 2672/3576/2608 2989/3540/3000
f 2898/3049/2610 2988/3082/2992 3003/3081/3001
f 2982/3280/2995 2981/3313/2993 2996/3312/2999 2997/3279/3002
f 2975/3511/2996 2974/3541/2994 2989/3540/3000 2990/3510/3003
f 2983/3230/2997 2982/3280/2995 2997/3279/3002 2998/3229/3004
f 2976/3475/2983 2975/3511/2996 2990/3510/3003 2991/3474/3005
f 2984/3190/2985 2983/3230/2997 2998/3229/3004 2999/3189/3006
f 2977/3445/2984 2976/3475/2983 2991/3474/3005 2992/3444/3007
f 2985/3158/2986 2984/3190/2985 2999/3189/3006 3000/3157/3008
f 2978/3413/2987 2977/3445/2984 2992/3444/3007 2993/3412/3009
f 2986/3130/2988 2985/3158/2986 3000/3157/3008 3001/3129/3010
f 2979/3379/2989 2978/3413/2987 2993/3412/3009 2994/3378/3011
f 2987/3112/2990 2986/3130/2988 3001/3129/3010 3002/3111/3012
f 2980/3348/2991 2979/3379/2989 2994/3378/3011 2995/3347/2998
f 2988/3082/2992 2987/3112/2990 3002/3111/3012 3003/3081/3001
f 3000/3157/3008 2999/3189/3006 3014/3188/3013 3015/3156/3014
f 2993/3412/3009 2992/3444/3007 3007/3443/3015 3008/3411/3016
f 3001/3129/3010 3000/3157/3008 3015/3156/3014 3016/3128/3017
f 2994/3378/3011 2993/3412/3009 3008/3411/3016 3009/3377/3018
f 3002/3111/3012 3001/3129/3010 3016/3128/3017 3017/3110/3019
f 2995/3347/2998 2994/3378/3011 3009/3377/3018 3010/3346/3020
f 3003/3081/3001 3002/3111/3012 3017/3110/3019 3018/3080/3021
f 2996/3312/2999 2995/3347/2998 3010/3346/3020 3011/3311/3022
f 2989/3540/3000 2672/3575/2608 3004/3539/3023
f 2898/3048/2610 3003/3081/3001 3018/3080/3021
f 2997/3279/3002 2996/3312/2999 3011/3311/3022 3012/3278/3024
f 2990/3510/3003 2989/3540/3000 3004/3539/3023 3005/3509/3025
f 2998/3229/3004 2997/3279/3002 3012/3278/3024 3013/3228/3026
f 2991/3474/3005 2990/3510/3003 3005/3509/3025 3006/3473/3027
f 2999/3189/3006 2998/3229/3004 3013/3228/3026 3014/3188/3013
f 2992/3444/3007 2991/3474/3005 3006/3473/3027 3007/3443/3015
f 3004/3539/3023 2672/3574/2608 3019/3538/3028
f 2898/3047/2610 3018/3080/3021 3033/3079/3029
f 3012/3278/3024 3011/3311/3022 3026/3310/3030 3027/3277/3031
f 3005/3509/3025 3004/3539/3023 3019/3538/3028 3020/3508/3032
f 3013/3228/3026 3012/3278/3024 3027/3277/3031 3028/3227/3033
f 3006/3473/3027 3005/3509/3025 3020/3508/3032 3021/3480/3034
f 3014/3188/3013 3013/3228/3026 3028/3227/3033 3029/3187/3035
f 3007/3443/3015 3006/3473/3027 3021/3480/3034 3022/3442/3036
f 3015/3156/3014 3014/3188/3013 3029/3187/3035 3030/3155/3037
f 3008/3411/3016 3007/3443/3015 3022/3442/3036 3023/3410/3038
f 3016/3128/3017 3015/3156/3014 3030/3155/3037 3031/3121/3039
f 3009/3377/3018 3008/3411/3016 3023/3410/3038 3024/3376/3040
f 3017/3110/3019 3016/3128/3017 3031/3121/3039 3032/3109/3041
f 3010/3346/3020 3009/3377/3018 3024/3376/3040 3025/3345/3042
f 3018/3080/3021 3017/3110/3019 3032/3109/3041 3033/3079/3029
f 3011/3311/3022 3010/3346/3020 3025/3345/3042 3026/3310/3030
f 3023/3410/3038 3022/3442/3036 3037/3441/3043 3038/3409/3044
f 3031/3121/3039 3030/3155/3037 3045/3154/3045 3046/3120/3046
f 3024/3376/3040 3023/3410/3038 3038/3409/3044 3039/3375/3047
f 3032/3109/3041 3031/3121/3039 3046/3120/3046 3047/3108/3048
f 3025/3345/3042 3024/3376/3040 3039/3375/3047 3040/3344/3049
f 3033/3079/3029 3032/3109/3041 3047/3108/3048 3048/3054/3050
f 3026/3310/3030 3025/3345/3042 3040/3344/3049 3041/3309/3051
f 3019/3538/3028 2672/3573/2608 3034/3546/3052
f 2898/3046/2610 3033/3079/3029 3048/3054/3050
f 3027/3277/3031 3026/3310/3030 3041/3309/3051 3042/3276/3053
f 3020/3508/3032 3019/3538/3028 3034/3546/3052 3035/3507/3054
f 3028/3227/3033 3027/3277/3031 3042/3276/3053 3043/3226/3055
f 3021/3480/3034 3020/3508/3032 3035/3507/3054 3036/3479/3056
f 3029/3187/3035 3028/3227/3033 3043/3226/3055 3044/3186/3057
f 3022/3442/3036 3021/3480/3034 3036/3479/3056 3037/3441/3043
f 3030/3155/3037 3029/3187/3035 3044/3186/3057 3045/3154/3045
f 3042/3276/3053 3041/3309/3051 3056/3308/3058 3057/3275/3059
f 3035/3507/3054 3034/3546/3052 3049/3545/3060 3050/3506/3061
f 3043/3226/3055 3042/3276/3053 3057/3275/3059 3058/3225/3062
f 3036/3479/3056 3035/3507/3054 3050/3506/3061 3051/3478/3063
f 3044/3186/3057 3043/3226/3055 3058/3225/3062 3059/3185/3064
f 3037/3441/3043 3036/3479/3056 3051/3478/3063 3052/3440/3065
f 3045/3154/3045 3044/3186/3057 3059/3185/3064 3060/3183/3066
f 3038/3409/3044 3037/3441/3043 3052/3440/3065 3053/3408/3067
f 3046/3120/3046 3045/3154/3045 3060/3183/3066 3061/3119/3068
f 3039/3375/3047 3038/3409/3044 3053/3408/3067 3054/3374/3069
f 3047/3108/3048 3046/3120/3046 3061/3119/3068 3062/3107/3070
f 3040/3344/3049 3039/3375/3047 3054/3374/3069 3055/3343/3071
f 3048/3054/3050 3047/3108/3048 3062/3107/3070 3063/3053/3072
f 3041/3309/3051 3040/3344/3049 3055/3343/3071 3056/3308/3058
f 3034/3546/3052 2672/3572/2608 3049/3545/3060
f 2898/3045/2610 3048/3054/3050 3063/3053/3072
f 3061/3119/3068 3060/3183/3066 3069/3153/2592 3070/3118/2591
f 3054/3374/3069 3053/3408/3067 2592/3387/2596 3067/3373/2595
f 3062/3107/3070 3061/3119/3068 3070/3118/2591 3071/3106/2599
f 3055/3343/3071 3054/3374/3069 3067/3373/2595 2593/3340/2601
f 3063/3053/3072 3062/3107/3070 3071/3106/2599 3072/3052/2603
f 3056/3308/3058 3055/3343/3071 2593/3340/2601 2594/3307/2605
f 3049/3545/3060 2672/3571/2608 3064/3544/2607
f 2898/3044/2610 3063/3053/3072 3072/3052/2603
f 3057/3275/3059 3056/3308/3058 2594/3307/2605 2595/3274/2611
f 3050/3506/3061 3049/3545/3060 3064/3544/2607 3065/3505/2613
f 3058/3225/3062 3057/3275/3059 2595/3274/2611 3068/3224/2615
f 3051/3478/3063 3050/3506/3061 3065/3505/2613 2591/3457/2617
f 3059/3185/3064 3058/3225/3062 3068/3224/2615 2596/3216/2619
f 3052/3440/3065 3051/3478/3063 2591/3457/2617 3066/3439/2621
f 3060/3183/3066 3059/3185/3064 2596/3216/2619 3069/3153/2592
f 3053/3408/3067 3052/3440/3065 3066/3439/2621 2592/3387/2596
s 4
f 3552/3579/3073 3091/3582/3074 3090/3581/3075 3551/3580/3076
f 3549/3583/3077 3084/3586/3078 3083/3585/3079 3074/3584/3080
f 3553/3587/3081 3092/3588/3082 3091/3582/3074 3552/3579/3073
f 3075/3589/3083 3085/3590/3084 3084/3586/3078 3549/3583/3077
f 3554/3591/3085 3093/3592/3086 3092/3588/3082 3553/3587/3081
f 3076/3593/3087 3086/3594/3088 3085/3590/3084 3075/3589/3083
f 3546/3595/3089 3079/3597/3090 3154/3596/3091
f 3380/3598/3092 3093/3592/3086 3554/3591/3085
f 3077/3599/3093 3087/3600/3094 3086/3594/3088 3076/3593/3087
f 3547/3601/3095 3080/3602/3096 3079/3597/3090 3546/3595/3089
f 3550/3603/3097 3088/3604/3098 3087/3600/3094 3077/3599/3093
f 3073/3605/3099 3081/3606/3100 3080/3602/3096 3547/3601/3095
f 3078/3607/3101 3089/3608/3102 3088/3604/3098 3550/3603/3097
f 3548/3609/3103 3082/3610/3104 3081/3606/3100 3073/3605/3099
f 3551/3580/3076 3090/3581/3075 3089/3608/3102 3078/3607/3101
f 3074/3584/3080 3083/3585/3079 3082/3610/3104 3548/3609/3103
f 3082/3610/3104 3097/3612/3105 3096/3611/3106 3081/3606/3100
f 3090/3581/3075 3105/3614/3107 3104/3613/3108 3089/3608/3102
f 3083/3585/3079 3098/3615/3109 3097/3612/3105 3082/3610/3104
f 3091/3582/3074 3106/3616/3110 3105/3614/3107 3090/3581/3075
f 3084/3586/3078 3099/3617/3111 3098/3615/3109 3083/3585/3079
f 3092/3588/3082 3107/3618/3112 3106/3616/3110 3091/3582/3074
f 3085/3590/3084 3100/3619/3113 3099/3617/3111 3084/3586/3078
f 3093/3592/3086 3108/3620/3114 3107/3618/3112 3092/3588/3082
f 3086/3594/3088 3101/3621/3115 3100/3619/3113 3085/3590/3084
f 3079/3597/3090 3094/3623/3116 3154/3622/3091
f 3380/3624/3092 3108/3620/3114 3093/3592/3086
f 3087/3600/3094 3102/3625/3117 3101/3621/3115 3086/3594/3088
f 3080/3602/3096 3095/3626/3118 3094/3623/3116 3079/3597/3090
f 3088/3604/3098 3103/3627/3119 3102/3625/3117 3087/3600/3094
f 3081/3606/3100 3096/3611/3106 3095/3626/3118 3080/3602/3096
f 3089/3608/3102 3104/3613/3108 3103/3627/3119 3088/3604/3098
f 3101/3621/3115 3116/3629/3120 3115/3628/3121 3100/3619/3113
f 3094/3623/3116 3109/3631/3122 3154/3630/3091
f 3380/3632/3092 3123/3633/3123 3108/3620/3114
f 3102/3625/3117 3117/3634/3124 3116/3629/3120 3101/3621/3115
f 3095/3626/3118 3110/3635/3125 3109/3631/3122 3094/3623/3116
f 3103/3627/3119 3118/3636/3126 3117/3634/3124 3102/3625/3117
f 3096/3611/3106 3111/3637/3127 3110/3635/3125 3095/3626/3118
f 3104/3613/3108 3119/3638/3128 3118/3636/3126 3103/3627/3119
f 3097/3612/3105 3112/3639/3129 3111/3637/3127 3096/3611/3106
f 3105/3614/3107 3120/3640/3130 3119/3638/3128 3104/3613/3108
f 3098/3615/3109 3113/3641/3131 3112/3639/3129 3097/3612/3105
f 3106/3616/3110 3121/3642/3132 3120/3640/3130 3105/3614/3107
f 3099/3617/3111 3114/3643/3133 3113/3641/3131 3098/3615/3109
f 3107/3618/3112 3122/3644/3134 3121/3642/3132 3106/3616/3110
f 3100/3619/3113 3115/3628/3121 3114/3643/3133 3099/3617/3111
f 3108/3620/3114 3123/3633/3123 3122/3644/3134 3107/3618/3112
f 3120/3640/3130 3135/3646/3135 3134/3645/3136 3119/3638/3128
f 3113/3641/3131 3128/3648/3137 3127/3647/3138 3112/3639/3129
f 3121/3642/3132 3136/3649/3139 3135/3646/3135 3120/3640/3130
f 3114/3643/3133 3129/3650/3140 3128/3648/3137 3113/3641/3131
f 3122/3644/3134 3137/3651/3141 3136/3649/3139 3121/3642/3132
f 3115/3628/3121 3130/3652/3142 3129/3650/3140 3114/3643/3133
f 3123/3633/3123 3138/3653/3143 3137/3651/3141 3122/3644/3134
f 3116/3629/3120 3131/3654/3144 3130/3652/3142 3115/3628/3121
f 3109/3631/3122 3124/3656/3145 3154/3655/3091
f 3380/3657/3092 3138/3653/3143 3123/3633/3123
f 3117/3634/3124 3132/3658/3146 3131/3654/3144 3116/3629/3120
f 3110/3635/3125 3125/3659/3147 3124/3656/3145 3109/3631/3122
f 3118/3636/3126 3133/3660/3148 3132/3658/3146 3117/3634/3124
f 3111/3637/3127 3126/3661/3149 3125/3659/3147 3110/3635/3125
f 3119/3638/3128 3134/3645/3136 3133/3660/3148 3118/3636/3126
f 3112/3639/3129 3127/3647/3138 3126/3661/3149 3111/3637/3127
f 3380/3662/3092 3153/3663/3150 3138/3653/3143
f 3132/3658/3146 3147/3665/3151 3146/3664/3152 3131/3654/3144
f 3125/3659/3147 3140/3667/3153 3139/3666/3154 3124/3656/3145
f 3133/3660/3148 3148/3668/3155 3147/3665/3151 3132/3658/3146
f 3126/3661/3149 3141/3669/3156 3140/3667/3153 3125/3659/3147
f 3134/3645/3136 3149/3670/3157 3148/3668/3155 3133/3660/3148
f 3127/3647/3138 3142/3671/3158 3141/3669/3156 3126/3661/3149
f 3135/3646/3135 3150/3672/3159 3149/3670/3157 3134/3645/3136
f 3128/3648/3137 3143/3673/3160 3142/3671/3158 3127/3647/3138
f 3136/3649/3139 3151/3674/3161 3150/3672/3159 3135/3646/3135
f 3129/3650/3140 3144/3675/3162 3143/3673/3160 3128/3648/3137
f 3137/3651/3141 3152/3676/3163 3151/3674/3161 3136/3649/3139
f 3130/3652/3142 3145/3677/3164 3144/3675/3162 3129/3650/3140
f 3138/3653/3143 3153/3663/3150 3152/3676/3163 3137/3651/3141
f 3131/3654/3144 3146/3664/3152 3145/3677/3164 3130/3652/3142
f 3124/3656/3145 3139/3666/3154 3154/3678/3091
f 3151/3674/3161 3167/3680/3165 3166/3679/3166 3150/3672/3159
f 3144/3675/3162 3160/3682/3167 3159/3681/3168 3143/3673/3160
f 3152/3676/3163 3168/3683/3169 3167/3680/3165 3151/3674/3161
f 3145/3677/3164 3161/3684/3170 3160/3682/3167 3144/3675/3162
f 3153/3663/3150 3169/3685/3171 3168/3683/3169 3152/3676/3163
f 3146/3664/3152 3162/3686/3172 3161/3684/3170 3145/3677/3164
f 3139/3666/3154 3155/3688/3173 3154/3687/3091
f 3380/3689/3092 3169/3685/3171 3153/3663/3150
f 3147/3665/3151 3163/3690/3174 3162/3686/3172 3146/3664/3152
f 3140/3667/3153 3156/3691/3175 3155/3688/3173 3139/3666/3154
f 3148/3668/3155 3164/3692/3176 3163/3690/3174 3147/3665/3151
f 3141/3669/3156 3157/3693/3177 3156/3691/3175 3140/3667/3153
f 3149/3670/3157 3165/3694/3178 3164/3692/3176 3148/3668/3155
f 3142/3671/3158 3158/3695/3179 3157/3693/3177 3141/3669/3156
f 3150/3672/3159 3166/3679/3166 3165/3694/3178 3149/3670/3157
f 3143/3673/3160 3159/3681/3168 3158/3695/3179 3142/3671/3158
f 3156/3691/3175 3171/3697/3180 3170/3696/3181 3155/3688/3173
f 3164/3692/3176 3179/3699/3182 3178/3698/3183 3163/3690/3174
f 3157/3693/3177 3172/3700/3184 3171/3697/3180 3156/3691/3175
f 3165/3694/3178 3180/3701/3185 3179/3699/3182 3164/3692/3176
f 3158/3695/3179 3173/3702/3186 3172/3700/3184 3157/3693/3177
f 3166/3679/3166 3181/3703/3187 3180/3701/3185 3165/3694/3178
f 3159/3681/3168 3174/3704/3188 3173/3702/3186 3158/3695/3179
f 3167/3680/3165 3182/3705/3189 3181/3703/3187 3166/3679/3166
f 3160/3682/3167 3175/3706/3190 3174/3704/3188 3159/3681/3168
f 3168/3683/3169 3183/3707/3191 3182/3705/3189 3167/3680/3165
f 3161/3684/3170 3176/3708/3192 3175/3706/3190 3160/3682/3167
f 3169/3685/3171 3184/3709/3193 3183/3707/3191 3168/3683/3169
f 3162/3686/3172 3177/3710/3194 3176/3708/3192 3161/3684/3170
f 3155/3688/3173 3170/3696/3181 3154/3711/3091
f 3380/3712/3092 3184/3709/3193 3169/3685/3171
f 3163/3690/3174 3178/3698/3183 3177/3710/3194 3162/3686/3172
f 3175/3706/3190 3190/3714/3195 3189/3713/3196 3174/3704/3188
f 3183/3707/3191 3198/3716/3197 3197/3715/3198 3182/3705/3189
f 3176/3708/3192 3191/3717/3199 3190/3714/3195 3175/3706/3190
f 3184/3709/3193 3199/3718/3200 3198/3716/3197 3183/3707/3191
f 3177/3710/3194 3192/3719/3201 3191/3717/3199 3176/3708/3192
f 3170/3696/3181 3185/3721/3202 3154/3720/3091
f 3380/3722/3092 3199/3718/3200 3184/3709/3193
f 3178/3698/3183 3193/3723/3203 3192/3719/3201 3177/3710/3194
f 3171/3697/3180 3186/3724/3204 3185/3721/3202 3170/3696/3181
f 3179/3699/3182 3194/3725/3205 3193/3723/3203 3178/3698/3183
f 3172/3700/3184 3187/3726/3206 3186/3724/3204 3171/3697/3180
f 3180/3701/3185 3195/3727/3207 3194/3725/3205 3179/3699/3182
f 3173/3702/3186 3188/3728/3208 3187/3726/3206 3172/3700/3184
f 3181/3703/3187 3196/3729/3209 3195/3727/3207 3180/3701/3185
f 3174/3704/3188 3189/3713/3196 3188/3728/3208 3173/3702/3186
f 3182/3705/3189 3197/3715/3198 3196/3729/3209 3181/3703/3187
f 3194/3725/3205 3209/3731/3210 3208/3730/3211 3193/3723/3203
f 3187/3726/3206 3202/3733/3212 3201/3732/3213 3186/3724/3204
f 3195/3727/3207 3210/3734/3214 3209/3731/3210 3194/3725/3205
f 3188/3728/3208 3203/3735/3215 3202/3733/3212 3187/3726/3206
f 3196/3729/3209 3211/3736/3216 3210/3734/3214 3195/3727/3207
f 3189/3713/3196 3204/3737/3217 3203/3735/3215 3188/3728/3208
f 3197/3715/3198 3212/3738/3218 3211/3736/3216 3196/3729/3209
f 3190/3714/3195 3205/3739/3219 3204/3737/3217 3189/3713/3196
f 3198/3716/3197 3213/3740/3220 3212/3738/3218 3197/3715/3198
f 3191/3717/3199 3206/3741/3221 3205/3739/3219 3190/3714/3195
f 3199/3718/3200 3214/3742/3222 3213/3740/3220 3198/3716/3197
f 3192/3719/3201 3207/3743/3223 3206/3741/3221 3191/3717/3199
f 3185/3721/3202 3200/3745/3224 3154/3744/3091
f 3380/3746/3092 3214/3742/3222 3199/3718/3200
f 3193/3723/3203 3208/3730/3211 3207/3743/3223 3192/3719/3201
f 3186/3724/3204 3201/3732/3213 3200/3745/3224 3185/3721/3202
f 3213/3740/3220 3228/3748/3225 3227/3747/3226 3212/3738/3218
f 3206/3741/3221 3221/3750/3227 3220/3749/3228 3205/3739/3219
f 3214/3742/3222 3229/3751/3229 3228/3748/3225 3213/3740/3220
f 3207/3743/3223 3222/3752/3230 3221/3750/3227 3206/3741/3221
f 3200/3745/3224 3215/3754/3231 3154/3753/3091
f 3380/3755/3092 3229/3751/3229 3214/3742/3222
f 3208/3730/3211 3223/3756/3232 3222/3752/3230 3207/3743/3223
f 3201/3732/3213 3216/3757/3233 3215/3754/3231 3200/3745/3224
f 3209/3731/3210 3224/3758/3234 3223/3756/3232 3208/3730/3211
f 3202/3733/3212 3217/3759/3235 3216/3757/3233 3201/3732/3213
f 3210/3734/3214 3225/3760/3236 3224/3758/3234 3209/3731/3210
f 3203/3735/3215 3218/3761/3237 3217/3759/3235 3202/3733/3212
f 3211/3736/3216 3226/3762/3238 3225/3760/3236 3210/3734/3214
f 3204/3737/3217 3219/3763/3239 3218/3761/3237 3203/3735/3215
f 3212/3738/3218 3227/3747/3226 3226/3762/3238 3211/3736/3216
f 3205/3739/3219 3220/3749/3228 3219/3763/3239 3204/3737/3217
f 3217/3759/3235 3232/3765/3240 3231/3764/3241 3216/3757/3233
f 3225/3760/3236 3240/3767/3242 3239/3766/3243 3224/3758/3234
f 3218/3761/3237 3233/3768/3244 3232/3765/3240 3217/3759/3235
f 3226/3762/3238 3241/3769/3245 3240/3767/3242 3225/3760/3236
f 3219/3763/3239 3234/3770/3246 3233/3768/3244 3218/3761/3237
f 3227/3747/3226 3242/3771/3247 3241/3769/3245 3226/3762/3238
f 3220/3749/3228 3235/3772/3248 3234/3770/3246 3219/3763/3239
f 3228/3748/3225 3243/3773/3249 3242/3771/3247 3227/3747/3226
f 3221/3750/3227 3236/3774/3250 3235/3772/3248 3220/3749/3228
f 3229/3751/3229 3244/3775/3251 3243/3773/3249 3228/3748/3225
f 3222/3752/3230 3237/3776/3252 3236/3774/3250 3221/3750/3227
f 3215/3754/3231 3230/3778/3253 3154/3777/3091
f 3380/3779/3092 3244/3775/3251 3229/3751/3229
f 3223/3756/3232 3238/3780/3254 3237/3776/3252 3222/3752/3230
f 3216/3757/3233 3231/3764/3241 3230/3778/3253 3215/3754/3231
f 3224/3758/3234 3239/3766/3243 3238/3780/3254 3223/3756/3232
f 3236/3774/3250 3251/3782/3255 3250/3781/3256 3235/3772/3248
f 3244/3775/3251 3259/3784/3257 3258/3783/3258 3243/3773/3249
f 3237/3776/3252 3252/3785/3259 3251/3782/3255 3236/3774/3250
f 3230/3778/3253 3245/3787/3260 3154/3786/3091
f 3380/3788/3092 3259/3784/3257 3244/3775/3251
f 3238/3780/3254 3253/3789/3261 3252/3785/3259 3237/3776/3252
f 3231/3764/3241 3246/3790/3262 3245/3787/3260 3230/3778/3253
f 3239/3766/3243 3254/3791/3263 3253/3789/3261 3238/3780/3254
f 3232/3765/3240 3247/3792/3264 3246/3790/3262 3231/3764/3241
f 3240/3767/3242 3255/3793/3265 3254/3791/3263 3239/3766/3243
f 3233/3768/3244 3248/3794/3266 3247/3792/3264 3232/3765/3240
f 3241/3769/3245 3256/3795/3267 3255/3793/3265 3240/3767/3242
f 3234/3770/3246 3249/3796/3268 3248/3794/3266 3233/3768/3244
f 3242/3771/3247 3257/3797/3269 3256/3795/3267 3241/3769/3245
f 3235/3772/3248 3250/3781/3256 3249/3796/3268 3234/3770/3246
f 3243/3773/3249 3258/3783/3258 3257/3797/3269 3242/3771/3247
f 3255/3793/3265 3270/3799/3270 3269/3798/3271 3254/3791/3263
f 3248/3794/3266 3263/3801/3272 3262/3800/3273 3247/3792/3264
f 3256/3795/3267 3271/3802/3274 3270/3799/3270 3255/3793/3265
f 3249/3796/3268 3264/3803/3275 3263/3801/3272 3248/3794/3266
f 3257/3797/3269 3272/3804/3276 3271/3802/3274 3256/3795/3267
f 3250/3781/3256 3265/3805/3277 3264/3803/3275 3249/3796/3268
f 3258/3783/3258 3273/3806/3278 3272/3804/3276 3257/3797/3269
f 3251/3782/3255 3266/3807/3279 3265/3805/3277 3250/3781/3256
f 3259/3784/3257 3274/3808/3280 3273/3806/3278 3258/3783/3258
f 3252/3785/3259 3267/3809/3281 3266/3807/3279 3251/3782/3255
f 3245/3787/3260 3260/3811/3282 3154/3810/3091
f 3380/3812/3092 3274/3808/3280 3259/3784/3257
f 3253/3789/3261 3268/3813/3283 3267/3809/3281 3252/3785/3259
f 3246/3790/3262 3261/3814/3284 3260/3811/3282 3245/3787/3260
f 3254/3791/3263 3269/3798/3271 3268/3813/3283 3253/3789/3261
f 3247/3792/3264 3262/3800/3273 3261/3814/3284 3246/3790/3262
f 3274/3808/3280 3289/3816/3285 3288/3815/3286 3273/3806/3278
f 3267/3809/3281 3282/3818/3287 3281/3817/3288 3266/3807/3279
f 3260/3811/3282 3275/3820/3289 3154/3819/3091
f 3380/3821/3092 3289/3816/3285 3274/3808/3280
f 3268/3813/3283 3283/3822/3290 3282/3818/3287 3267/3809/3281
f 3261/3814/3284 3276/3823/3291 3275/3820/3289 3260/3811/3282
f 3269/3798/3271 3284/3824/3292 3283/3822/3290 3268/3813/3283
f 3262/3800/3273 3277/3825/3293 3276/3823/3291 3261/3814/3284
f 3270/3799/3270 3285/3826/3294 3284/3824/3292 3269/3798/3271
f 3263/3801/3272 3278/3827/3295 3277/3825/3293 3262/3800/3273
f 3271/3802/3274 3286/3828/3296 3285/3826/3294 3270/3799/3270
f 3264/3803/3275 3279/3829/3297 3278/3827/3295 3263/3801/3272
f 3272/3804/3276 3287/3830/3298 3286/3828/3296 3271/3802/3274
f 3265/3805/3277 3280/3831/3299 3279/3829/3297 3264/3803/3275
f 3273/3806/3278 3288/3815/3286 3287/3830/3298 3272/3804/3276
f 3266/3807/3279 3281/3817/3288 3280/3831/3299 3265/3805/3277
f 3286/3828/3296 3301/3833/3300 3300/3832/3301 3285/3826/3294
f 3279/3829/3297 3294/3835/3302 3293/3834/3303 3278/3827/3295
f 3287/3830/3298 3302/3836/3304 3301/3833/3300 3286/3828/3296
f 3280/3831/3299 3295/3837/3305 3294/3835/3302 3279/3829/3297
f 3288/3815/3286 3303/3838/3306 3302/3836/3304 3287/3830/3298
f 3281/3817/3288 3296/3839/3307 3295/3837/3305 3280/3831/3299
f 3289/3816/3285 3304/3840/3308 3303/3838/3306 3288/3815/3286
f 3282/3818/3287 3297/3841/3309 3296/3839/3307 3281/3817/3288
f 3275/3820/3289 3290/3843/3310 3154/3842/3091
f 3380/3844/3092 3304/3840/3308 3289/3816/3285
f 3283/3822/3290 3298/3845/3311 3297/3841/3309 3282/3818/3287
f 3276/3823/3291 3291/3846/3312 3290/3843/3310 3275/3820/3289
f 3284/3824/3292 3299/3847/3313 3298/3845/3311 3283/3822/3290
f 3277/3825/3293 3292/3848/3314 3291/3846/3312 3276/3823/3291
f 3285/3826/3294 3300/3832/3301 3299/3847/3313 3284/3824/3292
f 3278/3827/3295 3293/3834/3303 3292/3848/3314 3277/3825/3293
f 3290/3843/3310 3305/3850/3315 3154/3849/3091
f 3380/3851/3092 3319/3852/3316 3304/3840/3308
f 3298/3845/3311 3313/3854/3317 3312/3853/3318 3297/3841/3309
f 3291/3846/3312 3306/3855/3319 3305/3850/3315 3290/3843/3310
f 3299/3847/3313 3314/3856/3320 3313/3854/3317 3298/3845/3311
f 3292/3848/3314 3307/3857/3321 3306/3855/3319 3291/3846/3312
f 3300/3832/3301 3315/3858/3322 3314/3856/3320 3299/3847/3313
f 3293/3834/3303 3308/3859/3323 3307/3857/3321 3292/3848/3314
f 3301/3833/3300 3316/3860/3324 3315/3858/3322 3300/3832/3301
f 3294/3835/3302 3309/3861/3325 3308/3859/3323 3293/3834/3303
f 3302/3836/3304 3317/3862/3326 3316/3860/3324 3301/3833/3300
f 3295/3837/3305 3310/3863/3327 3309/3861/3325 3294/3835/3302
f 3303/3838/3306 3318/3864/3328 3317/3862/3326 3302/3836/3304
f 3296/3839/3307 3311/3865/3329 3310/3863/3327 3295/3837/3305
f 3304/3840/3308 3319/3852/3316 3318/3864/3328 3303/3838/3306
f 3297/3841/3309 3312/3853/3318 3311/3865/3329 3296/3839/3307
f 3309/3861/3325 3324/3867/3330 3323/3866/3331 3308/3859/3323
f 3317/3862/3326 3332/3869/3332 3331/3868/3333 3316/3860/3324
f 3310/3863/3327 3325/3870/3334 3324/3867/3330 3309/3861/3325
f 3318/3864/3328 3333/3871/3335 3332/3869/3332 3317/3862/3326
f 3311/3865/3329 3326/3872/3336 3325/3870/3334 3310/3863/3327
f 3319/3852/3316 3334/3873/3337 3333/3871/3335 3318/3864/3328
f 3312/3853/3318 3327/3874/3338 3326/3872/3336 3311/3865/3329
f 3305/3850/3315 3320/3876/3339 3154/3875/3091
f 3380/3877/3092 3334/3873/3337 3319/3852/3316
f 3313/3854/3317 3328/3878/3340 3327/3874/3338 3312/3853/3318
f 3306/3855/3319 3321/3879/3341 3320/3876/3339 3305/3850/3315
f 3314/3856/3320 3329/3880/3342 3328/3878/3340 3313/3854/3317
f 3307/3857/3321 3322/3881/3343 3321/3879/3341 3306/3855/3319
f 3315/3858/3322 3330/3882/3344 3329/3880/3342 3314/3856/3320
f 3308/3859/3323 3323/3866/3331 3322/3881/3343 3307/3857/3321
f 3316/3860/3324 3331/3868/3333 3330/3882/3344 3315/3858/3322
f 3328/3878/3340 3343/3884/3345 3342/3883/3346 3327/3874/3338
f 3321/3879/3341 3336/3886/3347 3335/3885/3348 3320/3876/3339
f 3329/3880/3342 3344/3887/3349 3343/3884/3345 3328/3878/3340
f 3322/3881/3343 3337/3888/3350 3336/3886/3347 3321/3879/3341
f 3330/3882/3344 3345/3889/3351 3344/3887/3349 3329/3880/3342
f 3323/3866/3331 3338/3890/3352 3337/3888/3350 3322/3881/3343
f 3331/3868/3333 3346/3891/3353 3345/3889/3351 3330/3882/3344
f 3324/3867/3330 3339/3892/3354 3338/3890/3352 3323/3866/3331
f 3332/3869/3332 3347/3893/3355 3346/3891/3353 3331/3868/3333
f 3325/3870/3334 3340/3894/3356 3339/3892/3354 3324/3867/3330
f 3333/3871/3335 3348/3895/3357 3347/3893/3355 3332/3869/3332
f 3326/3872/3336 3341/3896/3358 3340/3894/3356 3325/3870/3334
f 3334/3873/3337 3349/3897/3359 3348/3895/3357 3333/3871/3335
f 3327/3874/3338 3342/3883/3346 3341/3896/3358 3326/3872/3336
f 3320/3876/3339 3335/3885/3348 3154/3898/3091
f 3380/3899/3092 3349/3897/3359 3334/3873/3337
f 3347/3893/3355 3362/3901/3360 3361/3900/3361 3346/3891/3353
f 3340/3894/3356 3355/3903/3362 3354/3902/3363 3339/3892/3354
f 3348/3895/3357 3363/3904/3364 3362/3901/3360 3347/3893/3355
f 3341/3896/3358 3356/3905/3365 3355/3903/3362 3340/3894/3356
f 3349/3897/3359 3364/3906/3366 3363/3904/3364 3348/3895/3357
f 3342/3883/3346 3357/3907/3367 3356/3905/3365 3341/3896/3358
f 3335/3885/3348 3350/3909/3368 3154/3908/3091
f 3380/3910/3092 3364/3906/3366 3349/3897/3359
f 3343/3884/3345 3358/3911/3369 3357/3907/3367 3342/3883/3346
f 3336/3886/3347 3351/3912/3370 3350/3909/3368 3335/3885/3348
f 3344/3887/3349 3359/3913/3371 3358/3911/3369 3343/3884/3345
f 3337/3888/3350 3352/3914/3372 3351/3912/3370 3336/3886/3347
f 3345/3889/3351 3360/3915/3373 3359/3913/3371 3344/3887/3349
f 3338/3890/3352 3353/3916/3374 3352/3914/3372 3337/3888/3350
f 3346/3891/3353 3361/3900/3361 3360/3915/3373 3345/3889/3351
f 3339/3892/3354 3354/3902/3363 3353/3916/3374 3338/3890/3352
f 3351/3912/3370 3366/3918/3375 3365/3917/3376 3350/3909/3368
f 3359/3913/3371 3374/3920/3377 3373/3919/3378 3358/3911/3369
f 3352/3914/3372 3367/3921/3379 3366/3918/3375 3351/3912/3370
f 3360/3915/3373 3375/3922/3380 3374/3920/3377 3359/3913/3371
f 3353/3916/3374 3368/3923/3381 3367/3921/3379 3352/3914/3372
f 3361/3900/3361 3376/3924/3382 3375/3922/3380 3360/3915/3373
f 3354/3902/3363 3369/3925/3383 3368/3923/3381 3353/3916/3374
f 3362/3901/3360 3377/3926/3384 3376/3924/3382 3361/3900/3361
f 3355/3903/3362 3370/3927/3385 3369/3925/3383 3354/3902/3363
f 3363/3904/3364 3378/3928/3386 3377/3926/3384 3362/3901/3360
f 3356/3905/3365 3371/3929/3387 3370/3927/3385 3355/3903/3362
f 3364/3906/3366 3379/3930/3388 3378/3928/3386 3363/3904/3364
f 3357/3907/3367 3372/3931/3389 3371/3929/3387 3356/3905/3365
f 3350/3909/3368 3365/3917/3376 3154/3932/3091
f 3380/3933/3092 3379/3930/3388 3364/3906/3366
f 3358/3911/3369 3373/3919/3378 3372/3931/3389 3357/3907/3367
f 3370/3927/3385 3386/3935/3390 3385/3934/3391 3369/3925/3383
f 3378/3928/3386 3394/3937/3392 3393/3936/3393 3377/3926/3384
f 3371/3929/3387 3387/3938/3394 3386/3935/3390 3370/3927/3385
f 3379/3930/3388 3395/3939/3395 3394/3937/3392 3378/3928/3386
f 3372/3931/3389 3388/3940/3396 3387/3938/3394 3371/3929/3387
f 3365/3917/3376 3381/3942/3397 3154/3941/3091
f 3380/3943/3092 3395/3939/3395 3379/3930/3388
f 3373/3919/3378 3389/3944/3398 3388/3940/3396 3372/3931/3389
f 3366/3918/3375 3382/3945/3399 3381/3942/3397 3365/3917/3376
f 3374/3920/3377 3390/3946/3400 3389/3944/3398 3373/3919/3378
f 3367/3921/3379 3383/3947/3401 3382/3945/3399 3366/3918/3375
f 3375/3922/3380 3391/3948/3402 3390/3946/3400 3374/3920/3377
f 3368/3923/3381 3384/3949/3403 3383/3947/3401 3367/3921/3379
f 3376/3924/3382 3392/3950/3404 3391/3948/3402 3375/3922/3380
f 3369/3925/3383 3385/3934/3391 3384/3949/3403 3368/3923/3381
f 3377/3926/3384 3393/3936/3393 3392/3950/3404 3376/3924/3382
f 3390/3946/3400 3405/3952/3405 3404/3951/3406 3389/3944/3398
f 3383/3947/3401 3398/3954/3407 3397/3953/3408 3382/3945/3399
f 3391/3948/3402 3406/3955/3409 3405/3952/3405 3390/3946/3400
f 3384/3949/3403 3399/3956/3410 3398/3954/3407 3383/3947/3401
f 3392/3950/3404 3407/3957/3411 3406/3955/3409 3391/3948/3402
f 3385/3934/3391 3400/3958/3412 3399/3956/3410 3384/3949/3403
f 3393/3936/3393 3408/3959/3413 3407/3957/3411 3392/3950/3404
f 3386/3935/3390 3401/3960/3414 3400/3958/3412 3385/3934/3391
f 3394/3937/3392 3409/3961/3415 3408/3959/3413 3393/3936/3393
f 3387/3938/3394 3402/3962/3416 3401/3960/3414 3386/3935/3390
f 3395/3939/3395 3410/3963/3417 3409/3961/3415 3394/3937/3392
f 3388/3940/3396 3403/3964/3418 3402/3962/3416 3387/3938/3394
f 3381/3942/3397 3396/3966/3419 3154/3965/3091
f 3380/3967/3092 3410/3963/3417 3395/3939/3395
f 3389/3944/3398 3404/3951/3406 3403/3964/3418 3388/3940/3396
f 3382/3945/3399 3397/3953/3408 3396/3966/3419 3381/3942/3397
f 3409/3961/3415 3424/3969/3420 3423/3968/3421 3408/3959/3413
f 3402/3962/3416 3417/3971/3422 3416/3970/3423 3401/3960/3414
f 3410/3963/3417 3425/3972/3424 3424/3969/3420 3409/3961/3415
f 3403/3964/3418 3418/3973/3425 3417/3971/3422 3402/3962/3416
f 3396/3966/3419 3411/3975/3426 3154/3974/3091
f 3380/3976/3092 3425/3972/3424 3410/3963/3417
f 3404/3951/3406 3419/3977/3427 3418/3973/3425 3403/3964/3418
f 3397/3953/3408 3412/3978/3428 3411/3975/3426 3396/3966/3419
f 3405/3952/3405 3420/3979/3429 3419/3977/3427 3404/3951/3406
f 3398/3954/3407 3413/3980/3430 3412/3978/3428 3397/3953/3408
f 3406/3955/3409 3421/3981/3431 3420/3979/3429 3405/3952/3405
f 3399/3956/3410 3414/3982/3432 3413/3980/3430 3398/3954/3407
f 3407/3957/3411 3422/3983/3433 3421/3981/3431 3406/3955/3409
f 3400/3958/3412 3415/3984/3434 3414/3982/3432 3399/3956/3410
f 3408/3959/3413 3423/3968/3421 3422/3983/3433 3407/3957/3411
f 3401/3960/3414 3416/3970/3423 3415/3984/3434 3400/3958/3412
f 3421/3981/3431 3436/3986/3435 3435/3985/3436 3420/3979/3429
f 3414/3982/3432 3429/3988/3437 3428/3987/3438 3413/3980/3430
f 3422/3983/3433 3437/3989/3439 3436/3986/3435 3421/3981/3431
f 3415/3984/3434 3430/3990/3440 3429/3988/3437 3414/3982/3432
f 3423/3968/3421 3438/3991/3441 3437/3989/3439 3422/3983/3433
f 3416/3970/3423 3431/3992/3442 3430/3990/3440 3415/3984/3434
f 3424/3969/3420 3439/3993/3443 3438/3991/3441 3423/3968/3421
f 3417/3971/3422 3432/3994/3444 3431/3992/3442 3416/3970/3423
f 3425/3972/3424 3440/3995/3445 3439/3993/3443 3424/3969/3420
f 3418/3973/3425 3433/3996/3446 3432/3994/3444 3417/3971/3422
f 3411/3975/3426 3426/3998/3447 3154/3997/3091
f 3380/3999/3092 3440/3995/3445 3425/3972/3424
f 3419/3977/3427 3434/4000/3448 3433/3996/3446 3418/3973/3425
f 3412/3978/3428 3427/4001/3449 3426/3998/3447 3411/3975/3426
f 3420/3979/3429 3435/3985/3436 3434/4000/3448 3419/3977/3427
f 3413/3980/3430 3428/3987/3438 3427/4001/3449 3412/3978/3428
f 3440/4002/3445 3455/4005/3450 3454/4004/3451 3439/4003/3443
f 3433/4006/3446 3448/4009/3452 3447/4008/3453 3432/4007/3444
f 3426/4010/3447 3441/4012/3454 3154/4011/3091
f 3380/4013/3092 3455/4005/3450 3440/4002/3445
f 3434/4014/3448 3449/4015/3455 3448/4009/3452 3433/4006/3446
f 3427/4016/3449 3442/4017/3456 3441/4012/3454 3426/4010/3447
f 3435/4018/3436 3450/4019/3457 3449/4015/3455 3434/4014/3448
f 3428/4020/3438 3443/4021/3458 3442/4017/3456 3427/4016/3449
f 3436/4022/3435 3451/4023/3459 3450/4019/3457 3435/4018/3436
f 3429/4024/3437 3444/4025/3460 3443/4021/3458 3428/4020/3438
f 3437/4026/3439 3452/4027/3461 3451/4023/3459 3436/4022/3435
f 3430/4028/3440 3445/4029/3462 3444/4025/3460 3429/4024/3437
f 3438/4030/3441 3453/4031/3463 3452/4027/3461 3437/4026/3439
f 3431/4032/3442 3446/4033/3464 3445/4029/3462 3430/4028/3440
f 3439/4003/3443 3454/4004/3451 3453/4031/3463 3438/4030/3441
f 3432/4007/3444 3447/4008/3453 3446/4033/3464 3431/4032/3442
f 3444/4025/3460 3459/4035/3465 3458/4034/3466 3443/4021/3458
f 3452/4027/3461 3467/4037/3467 3466/4036/3468 3451/4023/3459
f 3445/4029/3462 3460/4038/3469 3459/4035/3465 3444/4025/3460
f 3453/4031/3463 3468/4039/3470 3467/4037/3467 3452/4027/3461
f 3446/4033/3464 3461/4040/3471 3460/4038/3469 3445/4029/3462
f 3454/4004/3451 3469/4041/3472 3468/4039/3470 3453/4031/3463
f 3447/4008/3453 3462/4042/3473 3461/4040/3471 3446/4033/3464
f 3455/4005/3450 3470/4043/3474 3469/4041/3472 3454/4004/3451
f 3448/4009/3452 3463/4044/3475 3462/4042/3473 3447/4008/3453
f 3441/4012/3454 3456/4046/3476 3154/4045/3091
f 3380/4047/3092 3470/4043/3474 3455/4005/3450
f 3449/4015/3455 3464/4048/3477 3463/4044/3475 3448/4009/3452
f 3442/4017/3456 3457/4049/3478 3456/4046/3476 3441/4012/3454
f 3450/4019/3457 3465/4050/3479 3464/4048/3477 3449/4015/3455
f 3443/4021/3458 3458/4034/3466 3457/4049/3478 3442/4017/3456
f 3451/4023/3459 3466/4036/3468 3465/4050/3479 3450/4019/3457
f 3463/4044/3475 3478/4052/3480 3477/4051/3481 3462/4042/3473
f 3456/4046/3476 3471/4054/3482 3154/4053/3091
f 3380/4055/3092 3485/4056/3483 3470/4043/3474
f 3464/4048/3477 3479/4057/3484 3478/4052/3480 3463/4044/3475
f 3457/4049/3478 3472/4058/3485 3471/4054/3482 3456/4046/3476
f 3465/4050/3479 3480/4059/3486 3479/4057/3484 3464/4048/3477
f 3458/4034/3466 3473/4060/3487 3472/4058/3485 3457/4049/3478
f 3466/4036/3468 3481/4061/3488 3480/4059/3486 3465/4050/3479
f 3459/4035/3465 3474/4062/3489 3473/4060/3487 3458/4034/3466
f 3467/4037/3467 3482/4063/3490 3481/4061/3488 3466/4036/3468
f 3460/4038/3469 3475/4064/3491 3474/4062/3489 3459/4035/3465
f 3468/4039/3470 3483/4065/3492 3482/4063/3490 3467/4037/3467
f 3461/4040/3471 3476/4066/3493 3475/4064/3491 3460/4038/3469
f 3469/4041/3472 3484/4067/3494 3483/4065/3492 3468/4039/3470
f 3462/4042/3473 3477/4051/3481 3476/4066/3493 3461/4040/3471
f 3470/4043/3474 3485/4056/3483 3484/4067/3494 3469/4041/3472
f 3482/4063/3490 3497/4069/3495 3496/4068/3496 3481/4061/3488
f 3475/4064/3491 3490/4071/3497 3489/4070/3498 3474/4062/3489
f 3483/4065/3492 3498/4072/3499 3497/4069/3495 3482/4063/3490
f 3476/4066/3493 3491/4073/3500 3490/4071/3497 3475/4064/3491
f 3484/4067/3494 3499/4074/3501 3498/4072/3499 3483/4065/3492
f 3477/4051/3481 3492/4075/3502 3491/4073/3500 3476/4066/3493
f 3485/4056/3483 3500/4076/3503 3499/4074/3501 3484/4067/3494
f 3478/4052/3480 3493/4077/3504 3492/4075/3502 3477/4051/3481
f 3471/4054/3482 3486/4079/3505 3154/4078/3091
f 3380/4080/3092 3500/4076/3503 3485/4056/3483
f 3479/4057/3484 3494/4081/3506 3493/4077/3504 3478/4052/3480
f 3472/4058/3485 3487/4082/3507 3486/4079/3505 3471/4054/3482
f 3480/4059/3486 3495/4083/3508 3494/4081/3506 3479/4057/3484
f 3473/4060/3487 3488/4084/3509 3487/4082/3507 3472/4058/3485
f 3481/4061/3488 3496/4068/3496 3495/4083/3508 3480/4059/3486
f 3474/4062/3489 3489/4070/3498 3488/4084/3509 3473/4060/3487
f 3486/4079/3505 3501/4086/3510 3154/4085/3091
f 3380/4087/3092 3515/4088/3511 3500/4076/3503
f 3494/4081/3506 3509/4090/3512 3508/4089/3513 3493/4077/3504
f 3487/4082/3507 3502/4091/3514 3501/4086/3510 3486/4079/3505
f 3495/4083/3508 3510/4092/3515 3509/4090/3512 3494/4081/3506
f 3488/4084/3509 3503/4093/3516 3502/4091/3514 3487/4082/3507
f 3496/4068/3496 3511/4094/3517 3510/4092/3515 3495/4083/3508
f 3489/4070/3498 3504/4095/3518 3503/4093/3516 3488/4084/3509
f 3497/4069/3495 3512/4096/3519 3511/4094/3517 3496/4068/3496
f 3490/4071/3497 3505/4097/3520 3504/4095/3518 3489/4070/3498
f 3498/4072/3499 3513/4098/3521 3512/4096/3519 3497/4069/3495
f 3491/4073/3500 3506/4099/3522 3505/4097/3520 3490/4071/3497
f 3499/4074/3501 3514/4100/3523 3513/4098/3521 3498/4072/3499
f 3492/4075/3502 3507/4101/3524 3506/4099/3522 3491/4073/3500
f 3500/4076/3503 3515/4088/3511 3514/4100/3523 3499/4074/3501
f 3493/4077/3504 3508/4089/3513 3507/4101/3524 3492/4075/3502
f 3505/4097/3520 3520/4103/3525 3519/4102/3526 3504/4095/3518
f 3513/4098/3521 3528/4105/3527 3527/4104/3528 3512/4096/3519
f 3506/4099/3522 3521/4106/3529 3520/4103/3525 3505/4097/3520
f 3514/4100/3523 3529/4107/3530 3528/4105/3527 3513/4098/3521
f 3507/4101/3524 3522/4108/3531 3521/4106/3529 3506/4099/3522
f 3515/4088/3511 3530/4109/3532 3529/4107/3530 3514/4100/3523
f 3508/4089/3513 3523/4110/3533 3522/4108/3531 3507/4101/3524
f 3501/4086/3510 3516/4112/3534 3154/4111/3091
f 3380/4113/3092 3530/4109/3532 3515/4088/3511
f 3509/4090/3512 3524/4114/3535 3523/4110/3533 3508/4089/3513
f 3502/4091/3514 3517/4115/3536 3516/4112/3534 3501/4086/3510
f 3510/4092/3515 3525/4116/3537 3524/4114/3535 3509/4090/3512
f 3503/4093/3516 3518/4117/3538 3517/4115/3536 3502/4091/3514
f 3511/4094/3517 3526/4118/3539 3525/4116/3537 3510/4092/3515
f 3504/4095/3518 3519/4102/3526 3518/4117/3538 3503/4093/3516
f 3512/4096/3519 3527/4104/3528 3526/4118/3539 3511/4094/3517
f 3524/4114/3535 3539/4120/3540 3538/4119/3541 3523/4110/3533
f 3517/4115/3536 3532/4122/3542 3531/4121/3543 3516/4112/3534
f 3525/4116/3537 3540/4123/3544 3539/4120/3540 3524/4114/3535
f 3518/4117/3538 3533/4124/3545 3532/4122/3542 3517/4115/3536
f 3526/4118/3539 3541/4125/3546 3540/4123/3544 3525/4116/3537
f 3519/4102/3526 3534/4126/3547 3533/4124/3545 3518/4117/3538
f 3527/4104/3528 3542/4127/3548 3541/4125/3546 3526/4118/3539
f 3520/4103/3525 3535/4128/3549 3534/4126/3547 3519/4102/3526
f 3528/4105/3527 3543/4129/3550 3542/4127/3548 3527/4104/3528
f 3521/4106/3529 3536/4130/3551 3535/4128/3549 3520/4103/3525
f 3529/4107/3530 3544/4131/3552 3543/4129/3550 3528/4105/3527
f 3522/4108/3531 3537/4132/3553 3536/4130/3551 3521/4106/3529
f 3530/4109/3532 3545/4133/3554 3544/4131/3552 3529/4107/3530
f 3523/4110/3533 3538/4119/3541 3537/4132/3553 3522/4108/3531
f 3516/4112/3534 3531/4121/3543 3154/4134/3091
f 3380/4135/3092 3545/4133/3554 3530/4109/3532
f 3543/4129/3550 3552/3579/3073 3551/3580/3076 3542/4127/3548
f 3536/4130/3551 3549/3583/3077 3074/3584/3080 3535/4128/3549
f 3544/4131/3552 3553/3587/3081 3552/3579/3073 3543/4129/3550
f 3537/4132/3553 3075/3589/3083 3549/3583/3077 3536/4130/3551
f 3545/4133/3554 3554/3591/3085 3553/3587/3081 3544/4131/3552
f 3538/4119/3541 3076/3593/3087 3075/3589/3083 3537/4132/3553
f 3531/4121/3543 3546/3595/3089 3154/4136/3091
f 3380/4137/3092 3554/3591/3085 3545/4133/3554
f 3539/4120/3540 3077/3599/3093 3076/3593/3087 3538/4119/3541
f 3532/4122/3542 3547/3601/3095 3546/3595/3089 3531/4121/3543
f 3540/4123/3544 3550/3603/3097 3077/3599/3093 3539/4120/3540
f 3533/4124/3545 3073/3605/3099 3547/3601/3095 3532/4122/3542
f 3541/4125/3546 3078/3607/3101 3550/3603/3097 3540/4123/3544
f 3534/4126/3547 3548/3609/3103 3073/3605/3099 3533/4124/3545
f 3542/4127/3548 3551/3580/3076 3078/3607/3101 3541/4125/3546
f 3535/4128/3549 3074/3584/3080 3548/3609/3103 3534/4126/3547
g default
v 0.000000 0.212793 -0.108566
v 0.000000 0.118168 -0.290213
v 0.000000 -0.005465 -0.388520
v 0.000000 -0.072375 -0.401170
v 0.015035 0.264004 0.131235
v 0.029492 0.244487 0.010100
v 0.042816 0.212793 -0.101538
v 0.054495 0.170140 -0.199390
v 0.064079 0.118168 -0.279695
v 0.071201 0.058873 -0.339366
v 0.075586 -0.005465 -0.376112
v 0.077067 -0.072375 -0.388520
v 0.029492 0.264004 0.138544
v 0.057851 0.244487 0.024438
v 0.083987 0.212793 -0.080723
v 0.106895 0.170140 -0.172898
v 0.125695 0.118168 -0.248543
v 0.139665 0.058873 -0.304753
v 0.148267 -0.005465 -0.339366
v 0.151172 -0.072375 -0.351054
v 0.042816 0.264004 0.150413
v 0.083987 0.244487 0.047720
v 0.121930 0.212793 -0.046922
v 0.155187 0.170140 -0.129877
v 0.182481 0.118168 -0.197956
v 0.202762 0.058873 -0.248543
v 0.215251 -0.005465 -0.279695
v 0.219468 -0.072375 -0.290213
v 0.054495 0.264004 0.166387
v 0.106895 0.244487 0.079054
v 0.155187 0.212793 -0.001433
v 0.197516 0.170140 -0.071980
v 0.232254 0.118168 -0.129876
v 0.258067 0.058873 -0.172898
v 0.273963 -0.005465 -0.199390
v 0.279330 -0.072375 -0.208335
v 0.064079 0.264004 0.185851
v 0.125695 0.244487 0.117234
v 0.182481 0.212793 0.053996
v 0.232254 0.170140 -0.001433
v 0.273102 0.118168 -0.046922
v 0.303455 0.058873 -0.080723
v 0.322146 -0.005465 -0.101538
v 0.328457 -0.072375 -0.108566
v 0.000000 0.270594 0.257210
v 0.071201 0.264004 0.208057
v 0.139665 0.244487 0.160793
v 0.202762 0.212793 0.117234
v 0.258067 0.170140 0.079054
v 0.303455 0.118168 0.047721
v 0.337181 0.058873 0.024438
v 0.357949 -0.005465 0.010100
v 0.364962 -0.072375 0.005259
v 0.075586 0.264004 0.232152
v 0.148267 0.244487 0.208057
v 0.215251 0.212793 0.185851
v 0.273963 0.170140 0.166387
v 0.322146 0.118168 0.150413
v 0.357949 0.058873 0.138544
v 0.379997 -0.005465 0.131235
v 0.387442 -0.072375 0.128767
v 0.077067 0.264004 0.257210
v 0.151172 0.244487 0.257210
v 0.219468 0.212793 0.257210
v 0.279330 0.170141 0.257210
v 0.328457 0.118168 0.257210
v 0.364962 0.058873 0.257210
v 0.387442 -0.005465 0.257211
v 0.395032 -0.072375 0.257211
v 0.075586 0.264004 0.282269
v 0.148267 0.244487 0.306364
v 0.215251 0.212793 0.328570
v 0.273963 0.170141 0.348034
v 0.322146 0.118168 0.364008
v 0.357949 0.058873 0.375877
v 0.379997 -0.005465 0.383186
v 0.387441 -0.072375 0.385654
v 0.071201 0.264004 0.306364
v 0.139665 0.244487 0.353628
v 0.202762 0.212793 0.397187
v 0.258067 0.170141 0.435367
v 0.303455 0.118168 0.466700
v 0.337181 0.058873 0.489983
v 0.357949 -0.005465 0.504321
v 0.364962 -0.072375 0.509162
v 0.064079 0.264004 0.328570
v 0.125695 0.244487 0.397187
v 0.182481 0.212793 0.460425
v 0.232254 0.170141 0.515854
v 0.273102 0.118168 0.561343
v 0.303455 0.058873 0.595144
v 0.322146 -0.005465 0.615959
v 0.328457 -0.072375 0.622987
v 0.054495 0.264004 0.348034
v 0.106895 0.244487 0.435367
v 0.155187 0.212793 0.515854
v 0.197516 0.170141 0.586401
v 0.232254 0.118168 0.644297
v 0.258067 0.058873 0.687318
v 0.273962 -0.005465 0.713811
v 0.279330 -0.072375 0.722756
v 0.042816 0.264004 0.364007
v 0.083987 0.244487 0.466700
v 0.121930 0.212793 0.561343
v 0.155187 0.170141 0.644297
v 0.182481 0.118168 0.712376
v 0.202762 0.058873 0.762964
v 0.215251 -0.005465 0.794115
v 0.219468 -0.072375 0.804634
v 0.029492 0.264004 0.375877
v 0.057851 0.244487 0.489983
v 0.083987 0.212793 0.595144
v 0.106895 0.170141 0.687318
v 0.125695 0.118168 0.762964
v 0.139665 0.058873 0.819173
v 0.148267 -0.005465 0.853787
v 0.151172 -0.072375 0.865475
v 0.015035 0.264004 0.383186
v 0.029492 0.244487 0.504321
v 0.042816 0.212793 0.615959
v 0.054495 0.170141 0.713811
v 0.064079 0.118168 0.794115
v 0.071201 0.058873 0.853787
v 0.075586 -0.005465 0.890533
v 0.077067 -0.072375 0.902940
v -0.000000 0.264004 0.385654
v -0.000000 0.244487 0.509162
v -0.000000 0.212793 0.622987
v -0.000000 0.170141 0.722756
v -0.000000 0.118168 0.804634
v 0.000000 0.058873 0.865475
v -0.000000 -0.005465 0.902940
v -0.000000 -0.072375 0.915591
v -0.015035 0.264004 0.383186
v -0.029492 0.244487 0.504321
v -0.042816 0.212793 0.615959
v -0.054495 0.170141 0.713811
v -0.064079 0.118168 0.794115
v -0.071201 0.058873 0.853787
v -0.075586 -0.005465 0.890533
v -0.077067 -0.072375 0.902940
v -0.029492 0.264004 0.375877
v -0.057851 0.244487 0.489983
v -0.083987 0.212793 0.595144
v -0.106895 0.170141 0.687318
v -0.125695 0.118168 0.762964
v -0.139665 0.058873 0.819173
v -0.148267 -0.005465 0.853787
v -0.151172 -0.072375 0.865474
v -0.042816 0.264004 0.364007
v -0.083987 0.244487 0.466700
v -0.121930 0.212793 0.561342
v -0.155187 0.170141 0.644297
v -0.182481 0.118168 0.712376
v -0.202762 0.058873 0.762964
v -0.215251 -0.005465 0.794115
v -0.219468 -0.072375 0.804634
v -0.054495 0.264004 0.348034
v -0.106895 0.244487 0.435367
v -0.155187 0.212793 0.515853
v -0.197516 0.170141 0.586401
v -0.232254 0.118168 0.644297
v -0.258067 0.058873 0.687318
v -0.273963 -0.005465 0.713810
v -0.279330 -0.072375 0.722755
v -0.064079 0.264004 0.328570
v -0.125695 0.244487 0.397187
v -0.182481 0.212793 0.460425
v -0.232254 0.170141 0.515854
v -0.273102 0.118168 0.561342
v -0.303455 0.058873 0.595144
v -0.322146 -0.005465 0.615959
v -0.328457 -0.072375 0.622987
v -0.071200 0.264004 0.306364
v -0.139665 0.244487 0.353628
v -0.202762 0.212793 0.397187
v -0.258067 0.170141 0.435367
v -0.303455 0.118168 0.466700
v -0.337181 0.058873 0.489983
v -0.357949 -0.005465 0.504320
v -0.364962 -0.072375 0.509161
v -0.075586 0.264004 0.282268
v -0.148267 0.244487 0.306364
v -0.215251 0.212793 0.328570
v -0.273963 0.170141 0.348034
v -0.322146 0.118168 0.364007
v -0.357949 0.058873 0.375877
v -0.379997 -0.005465 0.383186
v -0.387441 -0.072375 0.385654
v -0.077067 0.264004 0.257210
v -0.151172 0.244487 0.257210
v -0.219468 0.212793 0.257210
v -0.279330 0.170141 0.257210
v -0.328457 0.118168 0.257210
v -0.364962 0.058873 0.257210
v -0.387441 -0.005465 0.257210
v -0.395032 -0.072375 0.257210
v -0.075586 0.264004 0.232152
v -0.148267 0.244487 0.208057
v -0.215251 0.212793 0.185851
v -0.273962 0.170140 0.166387
v -0.322146 0.118168 0.150413
v -0.357949 0.058873 0.138544
v -0.379997 -0.005465 0.131235
v -0.387441 -0.072375 0.128767
v -0.071200 0.264004 0.208057
v -0.139665 0.244487 0.160793
v -0.202762 0.212793 0.117234
v -0.258067 0.170140 0.079054
v -0.303455 0.118168 0.047720
v -0.337181 0.058873 0.024438
v -0.357949 -0.005465 0.010100
v -0.364962 -0.072375 0.005259
v -0.064079 0.264004 0.185851
v -0.125695 0.244487 0.117234
v -0.182481 0.212793 0.053996
v -0.232254 0.170140 -0.001433
v -0.273102 0.118168 -0.046922
v -0.303455 0.058873 -0.080723
v -0.322146 -0.005465 -0.101538
v -0.328457 -0.072375 -0.108566
v -0.054494 0.264004 0.166387
v -0.106895 0.244487 0.079054
v -0.155187 0.212793 -0.001433
v -0.197516 0.170140 -0.071980
v -0.232254 0.118168 -0.129876
v -0.258067 0.058873 -0.172897
v -0.273962 -0.005465 -0.199390
v -0.279329 -0.072375 -0.208335
v -0.042816 0.264004 0.150413
v -0.083987 0.244487 0.047721
v -0.121930 0.212793 -0.046922
v -0.155187 0.170140 -0.129876
v -0.182481 0.118168 -0.197955
v -0.202762 0.058873 -0.248543
v -0.215251 -0.005465 -0.279694
v -0.219468 -0.072375 -0.290213
v -0.029492 0.264004 0.138544
v -0.057851 0.244487 0.024438
v -0.083987 0.212793 -0.080723
v -0.106895 0.170140 -0.172897
v -0.125695 0.118168 -0.248543
v -0.139665 0.058873 -0.304752
v -0.148267 -0.005465 -0.339366
v -0.151172 -0.072375 -0.351053
v -0.015035 0.264004 0.131235
v -0.029492 0.244487 0.010100
v -0.042816 0.212793 -0.101538
v -0.054494 0.170140 -0.199390
v -0.064079 0.118168 -0.279694
v -0.071200 0.058873 -0.339366
v -0.075586 -0.005465 -0.376112
v -0.077067 -0.072375 -0.388519
v 0.000000 0.264004 0.128767
v 0.000000 0.244487 0.005259
v 0.000000 0.170140 -0.208335
v 0.000000 0.058873 -0.351054
vt 0.000000 0.500000
vt 0.031250 0.500000
vt 0.062500 0.500000
vt 0.093750 0.500000
vt 0.125000 0.500000
vt 0.156250 0.500000
vt 0.187500 0.500000
vt 0.218750 0.500000
vt 0.250000 0.500000
vt 0.281250 0.500000
vt 0.312500 0.500000
vt 0.343750 0.500000
vt 0.375000 0.500000
vt 0.406250 0.500000
vt 0.437500 0.500000
vt 0.468750 0.500000
vt 0.500000 0.500000
vt 0.531250 0.500000
vt 0.562500 0.500000
vt 0.593750 0.500000
vt 0.625000 0.500000
vt 0.656250 0.500000
vt 0.687500 0.500000
vt 0.718750 0.500000
vt 0.750000 0.500000
vt 0.781250 0.500000
vt 0.812500 0.500000
vt 0.843750 0.500000
vt 0.875000 0.500000
vt 0.906250 0.500000
vt 0.937500 0.500000
vt 0.968750 0.500000
vt 1.000000 0.500000
vt 0.000000 0.562500
vt 0.031250 0.562500
vt 0.062500 0.562500
vt 0.093750 0.562500
vt 0.125000 0.562500
vt 0.156250 0.562500
vt 0.187500 0.562500
vt 0.218750 0.562500
vt 0.250000 0.562500
vt 0.281250 0.562500
vt 0.312500 0.562500
vt 0.343750 0.562500
vt 0.375000 0.562500
vt 0.406250 0.562500
vt 0.437500 0.562500
vt 0.468750 0.562500
vt 0.500000 0.562500
vt 0.531250 0.562500
vt 0.562500 0.562500
vt 0.593750 0.562500
vt 0.625000 0.562500
vt 0.656250 0.562500
vt 0.687500 0.562500
vt 0.718750 0.562500
vt 0.750000 0.562500
vt 0.968750 0.562500
vt 1.000000 0.562500
vt 0.781250 0.562500
vt 0.812500 0.562500
vt 0.843750 0.562500
vt 0.875000 0.562500
vt 0.906250 0.562500
vt 0.937500 0.562500
vt 0.687500 0.625000
vt 0.031250 0.625000
vt 0.125000 0.625000
vt 0.156250 0.625000
vt 0.187500 0.625000
vt 0.218750 0.625000
vt 0.250000 0.625000
vt 0.281250 0.625000
vt 0.312500 0.625000
vt 0.343750 0.625000
vt 0.375000 0.625000
vt 0.406250 0.625000
vt 0.437500 0.625000
vt 0.468750 0.625000
vt 0.500000 0.625000
vt 0.531250 0.625000
vt 0.562500 0.625000
vt 0.593750 0.625000
vt 0.625000 0.625000
vt 0.656250 0.625000
vt 0.718750 0.625000
vt 0.000000 0.625000
vt 0.062500 0.625000
vt 0.093750 0.625000
vt 0.750000 0.625000
vt 0.781250 0.625000
vt 0.812500 0.625000
vt 0.843750 0.625000
vt 0.875000 0.625000
vt 0.906250 0.625000
vt 0.937500 0.625000
vt 0.968750 0.625000
vt 1.000000 0.625000
vt 0.562500 0.687500
vt 0.593750 0.687500
vt 0.656250 0.687500
vt 0.687500 0.687500
vt 0.718750 0.687500
vt 0.750000 0.687500
vt 0.000000 0.687500
vt 0.031250 0.687500
vt 0.093750 0.687500
vt 0.125000 0.687500
vt 0.156250 0.687500
vt 0.187500 0.687500
vt 0.218750 0.687500
vt 0.250000 0.687500
vt 0.281250 0.687500
vt 0.312500 0.687500
vt 0.343750 0.687500
vt 0.375000 0.687500
vt 0.406250 0.687500
vt 0.437500 0.687500
vt 0.468750 0.687500
vt 0.500000 0.687500
vt 0.531250 0.687500
vt 0.625000 0.687500
vt 1.000000 0.687500
vt 0.062500 0.687500
vt 0.781250 0.687500
vt 0.812500 0.687500
vt 0.843750 0.687500
vt 0.875000 0.687500
vt 0.906250 0.687500
vt 0.937500 0.687500
vt 0.968750 0.687500
vt 0.625000 0.750000
vt 0.000000 0.750000
vt 0.031250 0.750000
vt 0.062500 0.750000
vt 0.093750 0.750000
vt 0.125000 0.750000
vt 0.156250 0.750000
vt 0.187500 0.750000
vt 0.218750 0.750000
vt 0.250000 0.750000
vt 0.281250 0.750000
vt 0.312500 0.750000
vt 0.343750 0.750000
vt 0.375000 0.750000
vt 0.406250 0.750000
vt 0.437500 0.750000
vt 0.468750 0.750000
vt 0.500000 0.750000
vt 0.531250 0.750000
vt 0.562500 0.750000
vt 0.593750 0.750000
vt 0.656250 0.750000
vt 0.687500 0.750000
vt 0.718750 0.750000
vt 0.750000 0.750000
vt 0.781250 0.750000
vt 0.812500 0.750000
vt 0.843750 0.750000
vt 0.875000 0.750000
vt 0.906250 0.750000
vt 0.937500 0.750000
vt 0.968750 0.750000
vt 1.000000 0.750000
vt 0.468750 0.812500
vt 0.500000 0.812500
vt 0.531250 0.812500
vt 0.562500 0.812500
vt 0.593750 0.812500
vt 0.625000 0.812500
vt 0.656250 0.812500
vt 0.687500 0.812500
vt 0.718750 0.812500
vt 0.750000 0.812500
vt 0.187500 0.812500
vt 0.218750 0.812500
vt 0.250000 0.812500
vt 0.281250 0.812500
vt 0.312500 0.812500
vt 0.343750 0.812500
vt 0.375000 0.812500
vt 0.406250 0.812500
vt 0.437500 0.812500
vt 0.000000 0.812500
vt 0.031250 0.812500
vt 0.062500 0.812500
vt 0.093750 0.812500
vt 0.125000 0.812500
vt 0.156250 0.812500
vt 0.875000 0.812500
vt 0.906250 0.812500
vt 0.937500 0.812500
vt 0.968750 0.812500
vt 1.000000 0.812500
vt 0.781250 0.812500
vt 0.812500 0.812500
vt 0.843750 0.812500
vt 0.062500 0.875000
vt 0.093750 0.875000
vt 0.125000 0.875000
vt 0.156250 0.875000
vt 0.187500 0.875000
vt 0.218750 0.875000
vt 0.250000 0.875000
vt 0.281250 0.875000
vt 0.312500 0.875000
vt 0.343750 0.875000
vt 0.375000 0.875000
vt 0.406250 0.875000
vt 0.437500 0.875000
vt 0.468750 0.875000
vt 0.500000 0.875000
vt 0.531250 0.875000
vt 0.562500 0.875000
vt 0.593750 0.875000
vt 0.625000 0.875000
vt 0.656250 0.875000
vt 0.687500 0.875000
vt 0.718750 0.875000
vt 0.000000 0.875000
vt 0.031250 0.875000
vt 0.750000 0.875000
vt 0.781250 0.875000
vt 0.812500 0.875000
vt 0.843750 0.875000
vt 0.875000 0.875000
vt 0.906250 0.875000
vt 0.937500 0.875000
vt 0.968750 0.875000
vt 1.000000 0.875000
vt 0.000000 0.937500
vt 0.031250 0.937500
vt 0.062500 0.937500
vt 0.093750 0.937500
vt 0.125000 0.937500
vt 0.156250 0.937500
vt 0.187500 0.937500
vt 0.218750 0.937500
vt 0.250000 0.937500
vt 0.281250 0.937500
vt 0.312500 0.937500
vt 0.343750 0.937500
vt 0.375000 0.937500
vt 0.406250 0.937500
vt 0.437500 0.937500
vt 0.468750 0.937500
vt 0.500000 0.937500
vt 0.531250 0.937500
vt 0.562500 0.937500
vt 0.593750 0.937500
vt 0.625000 0.937500
vt 0.656250 0.937500
vt 0.687500 0.937500
vt 0.718750 0.937500
vt 0.843750 0.937500
vt 0.875000 0.937500
vt 0.906250 0.937500
vt 0.937500 0.937500
vt 0.968750 0.937500
vt 1.000000 0.937500
vt 0.750000 0.937500
vt 0.781250 0.937500
vt 0.812500 0.937500
vt 0.015625 1.000000
vt 0.046875 1.000000
vt 0.078125 1.000000
vt 0.109375 1.000000
vt 0.140625 1.000000
vt 0.171875 1.000000
vt 0.203125 1.000000
vt 0.234375 1.000000
vt 0.265625 1.000000
vt 0.296875 1.000000
vt 0.328125 1.000000
vt 0.359375 1.000000
vt 0.390625 1.000000
vt 0.421875 1.000000
vt 0.453125 1.000000
vt 0.484375 1.000000
vt 0.515625 1.000000
vt 0.546875 1.000000
vt 0.578125 1.000000
vt 0.609375 1.000000
vt 0.640625 1.000000
vt 0.671875 1.000000
vt 0.703125 1.000000
vt 0.734375 1.000000
vt 0.765625 1.000000
vt 0.796875 1.000000
vt 0.828125 1.000000
vt 0.859375 1.000000
vt 0.890625 1.000000
vt 0.921875 1.000000
vt 0.953125 1.000000
vt 0.984375 1.000000
vn -0.000002 0.619866 -0.784707
vn -0.000001 0.786460 -0.617642
vn 0.198282 0.776502 -0.598104
vn 0.249991 0.607344 -0.754081
vn -0.000003 0.354797 -0.934943
vn 0.295385 0.344749 -0.891008
vn -0.000004 -0.000000 -1.000000
vn 0.314676 -0.000000 -0.949199
vn -0.000001 0.994338 -0.106264
vn -0.000000 1.000000 -0.000000
vn 0.034539 0.993958 -0.104183
vn -0.000001 0.976803 -0.214138
vn 0.069519 0.975291 -0.209698
vn -0.000001 0.943298 -0.331947
vn 0.107532 0.939801 -0.324362
vn -0.000001 0.885243 -0.465129
vn 0.150141 0.878834 -0.452889
vn 0.208743 0.930052 -0.302373
vn 0.288642 0.861319 -0.418110
vn 0.375716 0.750093 -0.544240
vn 0.464628 0.575455 -0.673033
vn 0.538204 0.320226 -0.779610
vn 0.568120 -0.000000 -0.822945
vn 0.067676 0.992880 -0.098031
vn 0.135769 0.971025 -0.196667
vn 0.711691 0.291677 -0.639078
vn 0.744044 -0.000000 -0.668130
vn 0.098091 0.991272 -0.088083
vn 0.195831 0.964742 -0.175851
vn 0.298473 0.916012 -0.268021
vn 0.407191 0.836958 -0.365646
vn 0.520055 0.715164 -0.466994
vn 0.628179 0.535908 -0.564087
vn 0.502008 0.810717 -0.301208
vn 0.629017 0.679630 -0.377413
vn 0.743440 0.498318 -0.446068
vn 0.826561 0.266158 -0.495941
vn 0.857491 -0.000000 -0.514499
vn 0.124608 0.989385 -0.074766
vn 0.247371 0.957485 -0.148424
vn 0.373344 0.900241 -0.224008
vn 0.146245 0.987509 -0.058632
vn 0.288722 0.950390 -0.115752
vn 0.431699 0.885258 -0.173073
vn 0.572884 0.786800 -0.229675
vn 0.706219 0.648916 -0.283131
vn 0.820426 0.467669 -0.328918
vn 0.899581 0.246344 -0.360651
vn 0.928185 -0.000000 -0.372119
vn 0.756877 0.625901 -0.188107
vn 0.868760 0.445687 -0.215913
vn 0.943856 0.232616 -0.234577
vn 0.970477 -0.000000 -0.241193
vn 0.162240 0.985927 -0.040322
vn 0.318821 0.944497 -0.079237
vn 0.473104 0.873125 -0.117581
vn 0.621426 0.768100 -0.154443
vn 0.172049 0.984874 -0.020534
vn 0.337070 0.940620 -0.040229
vn 0.497738 0.865291 -0.059404
vn 0.649588 0.756324 -0.077527
vn 0.785422 0.611821 -0.093739
vn 0.895224 0.432617 -0.106844
vn 0.967578 0.224626 -0.115479
vn 0.992953 -0.000000 -0.118507
vn 0.794627 0.607098 0.000000
vn 0.903640 0.428293 -0.000000
vn 0.975044 0.222010 0.000000
vn 1.000000 0.000000 0.000000
vn 0.175354 0.984505 -0.000000
vn 0.343180 0.939270 -0.000000
vn 0.505905 0.862589 -0.000000
vn 0.658803 0.752315 0.000000
vn 0.337070 0.940620 0.040229
vn 0.497738 0.865291 0.059404
vn 0.649588 0.756324 0.077527
vn 0.785422 0.611821 0.093739
vn 0.895224 0.432617 0.106844
vn 0.967578 0.224626 0.115479
vn 0.992953 0.000000 0.118508
vn 0.172049 0.984874 0.020534
vn 0.868760 0.445687 0.215913
vn 0.943856 0.232615 0.234577
vn 0.970477 0.000000 0.241193
vn 0.162240 0.985927 0.040321
vn 0.318822 0.944497 0.079237
vn 0.473104 0.873125 0.117581
vn 0.621426 0.768100 0.154443
vn 0.756877 0.625901 0.188107
vn 0.288722 0.950390 0.115752
vn 0.431699 0.885258 0.173073
vn 0.572884 0.786800 0.229675
vn 0.706219 0.648916 0.283131
vn 0.820426 0.467669 0.328918
vn 0.899580 0.246344 0.360652
vn 0.928185 0.000000 0.372120
vn 0.146246 0.987509 0.058632
vn 0.743440 0.498318 0.446068
vn 0.826561 0.266157 0.495941
vn 0.857491 0.000000 0.514499
vn 0.124609 0.989385 0.074766
vn 0.247371 0.957485 0.148424
vn 0.373344 0.900241 0.224008
vn 0.502008 0.810717 0.301207
vn 0.629017 0.679630 0.377413
vn 0.298473 0.916012 0.268020
vn 0.407191 0.836958 0.365646
vn 0.520055 0.715164 0.466994
vn 0.628179 0.535908 0.564087
vn 0.711691 0.291676 0.639078
vn 0.744044 0.000000 0.668131
vn 0.098091 0.991272 0.088083
vn 0.195831 0.964742 0.175851
vn 0.538204 0.320225 0.779611
vn 0.568120 0.000000 0.822946
vn 0.067675 0.992880 0.098031
vn 0.135769 0.971025 0.196667
vn 0.208743 0.930052 0.302373
vn 0.288642 0.861319 0.418110
vn 0.375716 0.750094 0.544240
vn 0.464628 0.575455 0.673033
vn 0.150141 0.878834 0.452889
vn 0.198282 0.776503 0.598104
vn 0.249991 0.607344 0.754081
vn 0.295385 0.344747 0.891009
vn 0.314676 0.000000 0.949199
vn 0.034539 0.993958 0.104182
vn 0.069519 0.975292 0.209698
vn 0.107532 0.939801 0.324362
vn 0.000000 0.994338 0.106264
vn 0.000000 0.976803 0.214138
vn -0.000000 0.943298 0.331947
vn -0.000000 0.885243 0.465129
vn -0.000000 0.786460 0.617641
vn -0.000000 0.619866 0.784707
vn -0.000000 0.354796 0.934944
vn -0.000001 0.000000 1.000000
vn -0.150141 0.878834 0.452889
vn -0.198282 0.776502 0.598104
vn -0.249991 0.607344 0.754081
vn -0.295386 0.344747 0.891009
vn -0.314677 0.000000 0.949199
vn -0.034540 0.993958 0.104182
vn -0.069519 0.975292 0.209698
vn -0.107532 0.939801 0.324362
vn -0.067676 0.992880 0.098031
vn -0.135770 0.971025 0.196667
vn -0.208743 0.930052 0.302373
vn -0.288642 0.861319 0.418110
vn -0.375716 0.750093 0.544240
vn -0.464628 0.575455 0.673032
vn -0.538204 0.320224 0.779610
vn -0.568121 0.000000 0.822945
vn -0.520055 0.715164 0.466994
vn -0.628179 0.535908 0.564087
vn -0.711691 0.291675 0.639078
vn -0.744044 0.000000 0.668130
vn -0.098091 0.991272 0.088083
vn -0.195831 0.964742 0.175851
vn -0.298473 0.916013 0.268020
vn -0.407191 0.836958 0.365646
vn -0.124608 0.989385 0.074766
vn -0.247371 0.957485 0.148424
vn -0.373344 0.900241 0.224008
vn -0.502008 0.810717 0.301207
vn -0.629017 0.679630 0.377413
vn -0.743440 0.498318 0.446068
vn -0.826561 0.266156 0.495941
vn -0.857491 0.000000 0.514499
vn -0.706219 0.648916 0.283131
vn -0.820426 0.467669 0.328918
vn -0.899581 0.246343 0.360651
vn -0.928185 0.000000 0.372119
vn -0.146246 0.987509 0.058632
vn -0.288722 0.950390 0.115752
vn -0.431699 0.885258 0.173073
vn -0.572884 0.786800 0.229675
vn -0.318822 0.944497 0.079237
vn -0.473104 0.873125 0.117581
vn -0.621426 0.768100 0.154443
vn -0.756878 0.625901 0.188107
vn -0.868760 0.445687 0.215913
vn -0.943856 0.232615 0.234577
vn -0.970477 0.000000 0.241193
vn -0.162240 0.985927 0.040321
vn -0.895225 0.432617 0.106844
vn -0.967578 0.224625 0.115479
vn -0.992953 0.000000 0.118507
vn -0.172049 0.984874 0.020534
vn -0.337070 0.940620 0.040229
vn -0.497738 0.865291 0.059404
vn -0.649587 0.756324 0.077527
vn -0.785422 0.611821 0.093739
vn -0.505905 0.862589 -0.000000
vn -0.658803 0.752315 -0.000000
vn -0.794627 0.607098 -0.000000
vn -0.903640 0.428293 -0.000000
vn -0.975045 0.222009 -0.000000
vn -1.000000 -0.000000 -0.000000
vn -0.175354 0.984505 -0.000000
vn -0.343180 0.939270 -0.000000
vn -0.967578 0.224625 -0.115479
vn -0.992953 -0.000000 -0.118508
vn -0.172049 0.984874 -0.020534
vn -0.337070 0.940620 -0.040229
vn -0.497738 0.865291 -0.059405
vn -0.649587 0.756324 -0.077528
vn -0.785422 0.611821 -0.093739
vn -0.895224 0.432617 -0.106844
vn -0.473104 0.873125 -0.117581
vn -0.621425 0.768100 -0.154443
vn -0.756878 0.625901 -0.188107
vn -0.868760 0.445687 -0.215914
vn -0.943856 0.232614 -0.234577
vn -0.970477 -0.000000 -0.241194
vn -0.162240 0.985927 -0.040322
vn -0.318822 0.944497 -0.079237
vn -0.899581 0.246343 -0.360652
vn -0.928185 -0.000000 -0.372120
vn -0.146246 0.987509 -0.058632
vn -0.288722 0.950390 -0.115752
vn -0.431699 0.885258 -0.173073
vn -0.572883 0.786800 -0.229675
vn -0.706219 0.648916 -0.283131
vn -0.820426 0.467669 -0.328918
vn -0.502007 0.810717 -0.301208
vn -0.629017 0.679630 -0.377414
vn -0.743440 0.498318 -0.446068
vn -0.826561 0.266156 -0.495941
vn -0.857491 -0.000000 -0.514500
vn -0.124608 0.989385 -0.074766
vn -0.247371 0.957485 -0.148424
vn -0.373344 0.900241 -0.224009
vn -0.098091 0.991272 -0.088083
vn -0.195831 0.964742 -0.175851
vn -0.298473 0.916013 -0.268021
vn -0.407191 0.836958 -0.365646
vn -0.520055 0.715164 -0.466995
vn -0.628179 0.535908 -0.564087
vn -0.711691 0.291675 -0.639079
vn -0.744044 -0.000000 -0.668131
vn -0.288642 0.861319 -0.418110
vn -0.375716 0.750093 -0.544240
vn -0.464628 0.575455 -0.673033
vn -0.538204 0.320223 -0.779611
vn -0.568120 -0.000000 -0.822946
vn -0.067675 0.992880 -0.098031
vn -0.135769 0.971025 -0.196668
vn -0.208743 0.930052 -0.302373
vn -0.034539 0.993958 -0.104183
vn -0.069519 0.975292 -0.209699
vn -0.107532 0.939801 -0.324362
vn -0.150142 0.878834 -0.452889
vn -0.198283 0.776502 -0.598104
vn -0.249992 0.607343 -0.754081
vn -0.295387 0.344747 -0.891008
vn -0.314679 -0.000000 -0.949198
s 1
g Sphere1
usemtl initialShadingGroup
f 3811/4228/3555 3556/4242/3556 3563/4241/3557 3564/4224/3558
f 3557/4195/3559 3811/4228/3555 3564/4224/3558 3565/4194/3560
f 3558/4162/3561 3557/4195/3559 3565/4194/3560 3566/4161/3562
f 3808/4399/3563 3599/4425/3564 3559/4392/3565
f 3809/4360/3566 3808/4399/3563 3559/4392/3565 3560/4357/3567
f 3555/4312/3568 3809/4360/3566 3560/4357/3567 3561/4311/3569
f 3810/4294/3570 3555/4312/3568 3561/4311/3569 3562/4293/3571
f 3556/4242/3556 3810/4294/3570 3562/4293/3571 3563/4241/3557
f 3562/4293/3571 3561/4311/3569 3569/4310/3572 3570/4292/3573
f 3563/4241/3557 3562/4293/3571 3570/4292/3573 3571/4240/3574
f 3564/4224/3558 3563/4241/3557 3571/4240/3574 3572/4204/3575
f 3565/4194/3560 3564/4224/3558 3572/4204/3575 3573/4193/3576
f 3566/4161/3562 3565/4194/3560 3573/4193/3576 3574/4160/3577
f 3559/4392/3565 3599/4424/3564 3567/4391/3578
f 3560/4357/3567 3559/4392/3565 3567/4391/3578 3568/4356/3579
f 3561/4311/3569 3560/4357/3567 3568/4356/3579 3569/4310/3572
f 3574/4160/3577 3573/4193/3576 3581/4192/3580 3582/4159/3581
f 3567/4391/3578 3599/4423/3564 3575/4390/3582
f 3568/4356/3579 3567/4391/3578 3575/4390/3582 3576/4355/3583
f 3569/4310/3572 3568/4356/3579 3576/4355/3583 3577/4309/3584
f 3570/4292/3573 3569/4310/3572 3577/4309/3584 3578/4291/3585
f 3571/4240/3574 3570/4292/3573 3578/4291/3585 3579/4239/3586
f 3572/4204/3575 3571/4240/3574 3579/4239/3586 3580/4223/3587
f 3573/4193/3576 3572/4204/3575 3580/4223/3587 3581/4192/3580
f 3579/4239/3586 3578/4291/3585 3586/4270/3588 3587/4260/3589
f 3580/4223/3587 3579/4239/3586 3587/4260/3589 3588/4222/3590
f 3581/4192/3580 3580/4223/3587 3588/4222/3590 3589/4191/3591
f 3582/4159/3581 3581/4192/3580 3589/4191/3591 3590/4158/3592
f 3575/4390/3582 3599/4422/3564 3583/4389/3593
f 3576/4355/3583 3575/4390/3582 3583/4389/3593 3584/4354/3594
f 3577/4309/3584 3576/4355/3583 3584/4354/3594 3585/4308/3595
f 3578/4291/3585 3577/4309/3584 3585/4308/3595 3586/4270/3588
f 3584/4354/3594 3583/4389/3593 3591/4388/3596 3592/4353/3597
f 3585/4308/3595 3584/4354/3594 3592/4353/3597 3593/4307/3598
f 3586/4270/3588 3585/4308/3595 3593/4307/3598 3594/4290/3599
f 3587/4260/3589 3586/4270/3588 3594/4290/3599 3595/4238/3600
f 3588/4222/3590 3587/4260/3589 3595/4238/3600 3596/4221/3601
f 3589/4191/3591 3588/4222/3590 3596/4221/3601 3597/4190/3602
f 3590/4158/3592 3589/4191/3591 3597/4190/3602 3598/4157/3603
f 3583/4389/3593 3599/4421/3564 3591/4388/3596
f 3596/4221/3601 3595/4238/3600 3604/4237/3604 3605/4220/3605
f 3597/4190/3602 3596/4221/3601 3605/4220/3605 3606/4189/3606
f 3598/4157/3603 3597/4190/3602 3606/4189/3606 3607/4156/3607
f 3591/4388/3596 3599/4420/3564 3600/4387/3608
f 3592/4353/3597 3591/4388/3596 3600/4387/3608 3601/4352/3609
f 3593/4307/3598 3592/4353/3597 3601/4352/3609 3602/4306/3610
f 3594/4290/3599 3593/4307/3598 3602/4306/3610 3603/4289/3611
f 3595/4238/3600 3594/4290/3599 3603/4289/3611 3604/4237/3604
f 3601/4352/3609 3600/4387/3608 3608/4386/3612 3609/4351/3613
f 3602/4306/3610 3601/4352/3609 3609/4351/3613 3610/4305/3614
f 3603/4289/3611 3602/4306/3610 3610/4305/3614 3611/4288/3615
f 3604/4237/3604 3603/4289/3611 3611/4288/3615 3612/4259/3616
f 3605/4220/3605 3604/4237/3604 3612/4259/3616 3613/4219/3617
f 3606/4189/3606 3605/4220/3605 3613/4219/3617 3614/4188/3618
f 3607/4156/3607 3606/4189/3606 3614/4188/3618 3615/4155/3619
f 3600/4387/3608 3599/4419/3564 3608/4386/3612
f 3613/4219/3617 3612/4259/3616 3620/4258/3620 3621/4218/3621
f 3614/4188/3618 3613/4219/3617 3621/4218/3621 3622/4187/3622
f 3615/4155/3619 3614/4188/3618 3622/4187/3622 3623/4154/3623
f 3608/4386/3612 3599/4418/3564 3616/4385/3624
f 3609/4351/3613 3608/4386/3612 3616/4385/3624 3617/4350/3625
f 3610/4305/3614 3609/4351/3613 3617/4350/3625 3618/4304/3626
f 3611/4288/3615 3610/4305/3614 3618/4304/3626 3619/4287/3627
f 3612/4259/3616 3611/4288/3615 3619/4287/3627 3620/4258/3620
f 3618/4304/3626 3617/4350/3625 3625/4349/3628 3626/4303/3629
f 3619/4287/3627 3618/4304/3626 3626/4303/3629 3627/4286/3630
f 3620/4258/3620 3619/4287/3627 3627/4286/3630 3628/4257/3631
f 3621/4218/3621 3620/4258/3620 3628/4257/3631 3629/4217/3632
f 3622/4187/3622 3621/4218/3621 3629/4217/3632 3630/4186/3633
f 3623/4154/3623 3622/4187/3622 3630/4186/3633 3631/4153/3634
f 3616/4385/3624 3599/4417/3564 3624/4384/3635
f 3617/4350/3625 3616/4385/3624 3624/4384/3635 3625/4349/3628
f 3630/4186/3633 3629/4217/3632 3637/4216/3636 3638/4185/3637
f 3631/4153/3634 3630/4186/3633 3638/4185/3637 3639/4152/3638
f 3624/4384/3635 3599/4416/3564 3632/4383/3639
f 3625/4349/3628 3624/4384/3635 3632/4383/3639 3633/4348/3640
f 3626/4303/3629 3625/4349/3628 3633/4348/3640 3634/4321/3641
f 3627/4286/3630 3626/4303/3629 3634/4321/3641 3635/4285/3642
f 3628/4257/3631 3627/4286/3630 3635/4285/3642 3636/4256/3643
f 3629/4217/3632 3628/4257/3631 3636/4256/3643 3637/4216/3636
f 3634/4321/3641 3633/4348/3640 3641/4347/3644 3642/4320/3645
f 3635/4285/3642 3634/4321/3641 3642/4320/3645 3643/4284/3646
f 3636/4256/3643 3635/4285/3642 3643/4284/3646 3644/4255/3647
f 3637/4216/3636 3636/4256/3643 3644/4255/3647 3645/4215/3648
f 3638/4185/3637 3637/4216/3636 3645/4215/3648 3646/4184/3649
f 3639/4152/3638 3638/4185/3637 3646/4184/3649 3647/4151/3650
f 3632/4383/3639 3599/4415/3564 3640/4382/3651
f 3633/4348/3640 3632/4383/3639 3640/4382/3651 3641/4347/3644
f 3646/4184/3649 3645/4215/3648 3653/4214/3652 3654/4183/3653
f 3647/4151/3650 3646/4184/3649 3654/4183/3653 3655/4150/3654
f 3640/4382/3651 3599/4414/3564 3648/4381/3655
f 3641/4347/3644 3640/4382/3651 3648/4381/3655 3649/4346/3656
f 3642/4320/3645 3641/4347/3644 3649/4346/3656 3650/4319/3657
f 3643/4284/3646 3642/4320/3645 3650/4319/3657 3651/4283/3658
f 3644/4255/3647 3643/4284/3646 3651/4283/3658 3652/4254/3659
f 3645/4215/3648 3644/4255/3647 3652/4254/3659 3653/4214/3652
f 3651/4283/3658 3650/4319/3657 3658/4318/3660 3659/4282/3661
f 3652/4254/3659 3651/4283/3658 3659/4282/3661 3660/4253/3662
f 3653/4214/3652 3652/4254/3659 3660/4253/3662 3661/4213/3663
f 3654/4183/3653 3653/4214/3652 3661/4213/3663 3662/4182/3664
f 3655/4150/3654 3654/4183/3653 3662/4182/3664 3663/4149/3665
f 3648/4381/3655 3599/4413/3564 3656/4380/3666
f 3649/4346/3656 3648/4381/3655 3656/4380/3666 3657/4345/3667
f 3650/4319/3657 3649/4346/3656 3657/4345/3667 3658/4318/3660
f 3663/4149/3665 3662/4182/3664 3670/4181/3668 3671/4148/3669
f 3656/4380/3666 3599/4412/3564 3664/4379/3670
f 3657/4345/3667 3656/4380/3666 3664/4379/3670 3665/4344/3671
f 3658/4318/3660 3657/4345/3667 3665/4344/3671 3666/4317/3672
f 3659/4282/3661 3658/4318/3660 3666/4317/3672 3667/4281/3673
f 3660/4253/3662 3659/4282/3661 3667/4281/3673 3668/4252/3674
f 3661/4213/3663 3660/4253/3662 3668/4252/3674 3669/4212/3675
f 3662/4182/3664 3661/4213/3663 3669/4212/3675 3670/4181/3668
f 3668/4252/3674 3667/4281/3673 3675/4280/3676 3676/4251/3677
f 3669/4212/3675 3668/4252/3674 3676/4251/3677 3677/4211/3678
f 3670/4181/3668 3669/4212/3675 3677/4211/3678 3678/4180/3679
f 3671/4148/3669 3670/4181/3668 3678/4180/3679 3679/4147/3680
f 3664/4379/3670 3599/4411/3564 3672/4378/3681
f 3665/4344/3671 3664/4379/3670 3672/4378/3681 3673/4343/3682
f 3666/4317/3672 3665/4344/3671 3673/4343/3682 3674/4316/3683
f 3667/4281/3673 3666/4317/3672 3674/4316/3683 3675/4280/3676
f 3672/4378/3681 3599/4410/3564 3680/4377/3684
f 3673/4343/3682 3672/4378/3681 3680/4377/3684 3681/4342/3685
f 3674/4316/3683 3673/4343/3682 3681/4342/3685 3682/4315/3686
f 3675/4280/3676 3674/4316/3683 3682/4315/3686 3683/4279/3687
f 3676/4251/3677 3675/4280/3676 3683/4279/3687 3684/4250/3688
f 3677/4211/3678 3676/4251/3677 3684/4250/3688 3685/4210/3689
f 3678/4180/3679 3677/4211/3678 3685/4210/3689 3686/4179/3690
f 3679/4147/3680 3678/4180/3679 3686/4179/3690 3687/4146/3691
f 3684/4250/3688 3683/4279/3687 3691/4278/3692 3692/4249/3693
f 3685/4210/3689 3684/4250/3688 3692/4249/3693 3693/4209/3694
f 3686/4179/3690 3685/4210/3689 3693/4209/3694 3694/4178/3695
f 3687/4146/3691 3686/4179/3690 3694/4178/3695 3695/4145/3696
f 3680/4377/3684 3599/4409/3564 3688/4376/3697
f 3681/4342/3685 3680/4377/3684 3688/4376/3697 3689/4341/3698
f 3682/4315/3686 3681/4342/3685 3689/4341/3698 3690/4314/3699
f 3683/4279/3687 3682/4315/3686 3690/4314/3699 3691/4278/3692
f 3689/4341/3698 3688/4376/3697 3696/4375/3700 3697/4340/3701
f 3690/4314/3699 3689/4341/3698 3697/4340/3701 3698/4313/3702
f 3691/4278/3692 3690/4314/3699 3698/4313/3702 3699/4277/3703
f 3692/4249/3693 3691/4278/3692 3699/4277/3703 3700/4248/3704
f 3693/4209/3694 3692/4249/3693 3700/4248/3704 3701/4208/3705
f 3694/4178/3695 3693/4209/3694 3701/4208/3705 3702/4177/3706
f 3695/4145/3696 3694/4178/3695 3702/4177/3706 3703/4144/3707
f 3688/4376/3697 3599/4408/3564 3696/4375/3700
f 3701/4208/3705 3700/4248/3704 3708/4247/3708 3709/4207/3709
f 3702/4177/3706 3701/4208/3705 3709/4207/3709 3710/4176/3710
f 3703/4144/3707 3702/4177/3706 3710/4176/3710 3711/4143/3711
f 3696/4375/3700 3599/4407/3564 3704/4374/3712
f 3697/4340/3701 3696/4375/3700 3704/4374/3712 3705/4339/3713
f 3698/4313/3702 3697/4340/3701 3705/4339/3713 3706/4327/3714
f 3699/4277/3703 3698/4313/3702 3706/4327/3714 3707/4276/3715
f 3700/4248/3704 3699/4277/3703 3707/4276/3715 3708/4247/3708
f 3705/4339/3713 3704/4374/3712 3712/4373/3716 3713/4338/3717
f 3706/4327/3714 3705/4339/3713 3713/4338/3717 3714/4326/3718
f 3707/4276/3715 3706/4327/3714 3714/4326/3718 3715/4275/3719
f 3708/4247/3708 3707/4276/3715 3715/4275/3719 3716/4246/3720
f 3709/4207/3709 3708/4247/3708 3716/4246/3720 3717/4206/3721
f 3710/4176/3710 3709/4207/3709 3717/4206/3721 3718/4175/3722
f 3711/4143/3711 3710/4176/3710 3718/4175/3722 3719/4142/3723
f 3704/4374/3712 3599/4406/3564 3712/4373/3716
f 3717/4206/3721 3716/4246/3720 3724/4245/3724 3725/4227/3725
f 3718/4175/3722 3717/4206/3721 3725/4227/3725 3726/4174/3726
f 3719/4142/3723 3718/4175/3722 3726/4174/3726 3727/4141/3727
f 3712/4373/3716 3599/4405/3564 3720/4372/3728
f 3713/4338/3717 3712/4373/3716 3720/4372/3728 3721/4337/3729
f 3714/4326/3718 3713/4338/3717 3721/4337/3729 3722/4325/3730
f 3715/4275/3719 3714/4326/3718 3722/4325/3730 3723/4274/3731
f 3716/4246/3720 3715/4275/3719 3723/4274/3731 3724/4245/3724
f 3722/4325/3730 3721/4337/3729 3729/4336/3732 3730/4324/3733
f 3723/4274/3731 3722/4325/3730 3730/4324/3733 3731/4273/3734
f 3724/4245/3724 3723/4274/3731 3731/4273/3734 3732/4262/3735
f 3725/4227/3725 3724/4245/3724 3732/4262/3735 3733/4226/3736
f 3726/4174/3726 3725/4227/3725 3733/4226/3736 3734/4173/3737
f 3727/4141/3727 3726/4174/3726 3734/4173/3737 3735/4140/3738
f 3720/4372/3728 3599/4404/3564 3728/4371/3739
f 3721/4337/3729 3720/4372/3728 3728/4371/3739 3729/4336/3732
f 3734/4173/3737 3733/4226/3736 3741/4205/3740 3742/4172/3741
f 3735/4140/3738 3734/4173/3737 3742/4172/3741 3743/4139/3742
f 3728/4371/3739 3599/4403/3564 3736/4370/3743
f 3729/4336/3732 3728/4371/3739 3736/4370/3743 3737/4359/3744
f 3730/4324/3733 3729/4336/3732 3737/4359/3744 3738/4323/3745
f 3731/4273/3734 3730/4324/3733 3738/4323/3745 3739/4272/3746
f 3732/4262/3735 3731/4273/3734 3739/4272/3746 3740/4244/3747
f 3733/4226/3736 3732/4262/3735 3740/4244/3747 3741/4205/3740
f 3739/4272/3746 3738/4323/3745 3746/4322/3748 3747/4271/3749
f 3740/4244/3747 3739/4272/3746 3747/4271/3749 3748/4243/3750
f 3741/4205/3740 3740/4244/3747 3748/4243/3750 3749/4225/3751
f 3742/4172/3741 3741/4205/3740 3749/4225/3751 3750/4171/3752
f 3743/4139/3742 3742/4172/3741 3750/4171/3752 3751/4138/3753
f 3736/4370/3743 3599/4402/3564 3744/4369/3754
f 3737/4359/3744 3736/4370/3743 3744/4369/3754 3745/4358/3755
f 3738/4323/3745 3737/4359/3744 3745/4358/3755 3746/4322/3748
f 3751/4170/3753 3750/4197/3752 3758/4196/3756 3759/4169/3757
f 3744/4398/3754 3599/4433/3564 3752/4397/3758
f 3745/4368/3755 3744/4398/3754 3752/4397/3758 3753/4367/3759
f 3746/4332/3748 3745/4368/3755 3753/4367/3759 3754/4331/3760
f 3747/4302/3749 3746/4332/3748 3754/4331/3760 3755/4301/3761
f 3748/4261/3750 3747/4302/3749 3755/4301/3761 3756/4269/3762
f 3749/4236/3751 3748/4261/3750 3756/4269/3762 3757/4235/3763
f 3750/4197/3752 3749/4236/3751 3757/4235/3763 3758/4196/3756
f 3755/4301/3761 3754/4331/3760 3762/4330/3764 3763/4300/3765
f 3756/4269/3762 3755/4301/3761 3763/4300/3765 3764/4268/3766
f 3757/4235/3763 3756/4269/3762 3764/4268/3766 3765/4234/3767
f 3758/4196/3756 3757/4235/3763 3765/4234/3767 3766/4203/3768
f 3759/4169/3757 3758/4196/3756 3766/4203/3768 3767/4168/3769
f 3752/4397/3758 3599/4432/3564 3760/4396/3770
f 3753/4367/3759 3752/4397/3758 3760/4396/3770 3761/4366/3771
f 3754/4331/3760 3753/4367/3759 3761/4366/3771 3762/4330/3764
f 3767/4168/3769 3766/4203/3768 3774/4202/3772 3775/4167/3773
f 3760/4396/3770 3599/4431/3564 3768/4395/3774
f 3761/4366/3771 3760/4396/3770 3768/4395/3774 3769/4365/3775
f 3762/4330/3764 3761/4366/3771 3769/4365/3775 3770/4329/3776
f 3763/4300/3765 3762/4330/3764 3770/4329/3776 3771/4299/3777
f 3764/4268/3766 3763/4300/3765 3771/4299/3777 3772/4267/3778
f 3765/4234/3767 3764/4268/3766 3772/4267/3778 3773/4233/3779
f 3766/4203/3768 3765/4234/3767 3773/4233/3779 3774/4202/3772
f 3772/4267/3778 3771/4299/3777 3779/4298/3780 3780/4266/3781
f 3773/4233/3779 3772/4267/3778 3780/4266/3781 3781/4232/3782
f 3774/4202/3772 3773/4233/3779 3781/4232/3782 3782/4201/3783
f 3775/4167/3773 3774/4202/3772 3782/4201/3783 3783/4166/3784
f 3768/4395/3774 3599/4430/3564 3776/4394/3785
f 3769/4365/3775 3768/4395/3774 3776/4394/3785 3777/4364/3786
f 3770/4329/3776 3769/4365/3775 3777/4364/3786 3778/4328/3787
f 3771/4299/3777 3770/4329/3776 3778/4328/3787 3779/4298/3780
f 3776/4394/3785 3599/4429/3564 3784/4393/3788
f 3777/4364/3786 3776/4394/3785 3784/4393/3788 3785/4363/3789
f 3778/4328/3787 3777/4364/3786 3785/4363/3789 3786/4335/3790
f 3779/4298/3780 3778/4328/3787 3786/4335/3790 3787/4297/3791
f 3780/4266/3781 3779/4298/3780 3787/4297/3791 3788/4265/3792
f 3781/4232/3782 3780/4266/3781 3788/4265/3792 3789/4231/3793
f 3782/4201/3783 3781/4232/3782 3789/4231/3793 3790/4200/3794
f 3783/4166/3784 3782/4201/3783 3790/4200/3794 3791/4165/3795
f 3788/4265/3792 3787/4297/3791 3795/4296/3796 3796/4264/3797
f 3789/4231/3793 3788/4265/3792 3796/4264/3797 3797/4230/3798
f 3790/4200/3794 3789/4231/3793 3797/4230/3798 3798/4199/3799
f 3791/4165/3795 3790/4200/3794 3798/4199/3799 3799/4164/3800
f 3784/4393/3788 3599/4428/3564 3792/4401/3801
f 3785/4363/3789 3784/4393/3788 3792/4401/3801 3793/4362/3802
f 3786/4335/3790 3785/4363/3789 3793/4362/3802 3794/4334/3803
f 3787/4297/3791 3786/4335/3790 3794/4334/3803 3795/4296/3796
f 3793/4362/3802 3792/4401/3801 3800/4400/3804 3801/4361/3805
f 3794/4334/3803 3793/4362/3802 3801/4361/3805 3802/4333/3806
f 3795/4296/3796 3794/4334/3803 3802/4333/3806 3803/4295/3807
f 3796/4264/3797 3795/4296/3796 3803/4295/3807 3804/4263/3808
f 3797/4230/3798 3796/4264/3797 3804/4263/3808 3805/4229/3809
f 3798/4199/3799 3797/4230/3798 3805/4229/3809 3806/4198/3810
f 3799/4164/3800 3798/4199/3799 3806/4198/3810 3807/4163/3811
f 3792/4401/3801 3599/4427/3564 3800/4400/3804
f 3805/4229/3809 3804/4263/3808 3556/4242/3556 3811/4228/3555
f 3806/4198/3810 3805/4229/3809 3811/4228/3555 3557/4195/3559
f 3807/4163/3811 3806/4198/3810 3557/4195/3559 3558/4162/3561
f 3800/4400/3804 3599/4426/3564 3808/4399/3563
f 3801/4361/3805 3800/4400/3804 3808/4399/3563 3809/4360/3566
f 3802/4333/3806 3801/4361/3805 3809/4360/3566 3555/4312/3568
f 3803/4295/3807 3802/4333/3806 3555/4312/3568 3810/4294/3570
f 3804/4263/3808 3803/4295/3807 3810/4294/3570 3556/4242/3556
